pitcher,pitch_type,n,naive_in,inferred_in
A.J. Minter,ALL,504,10.33157903,9.363667681
A.J. Minter,CH,93,12.21932349,9.90302614
A.J. Minter,FC,170,10.84307669,9.971207274
A.J. Minter,FF,241,9.783789674,8.671469534
A.J. Puk,ALL,1119,10.67718301,9.824463782
A.J. Puk,CH,17,13.14854771,11.67550731
A.J. Puk,FF,486,9.793986549,9.302161853
A.J. Puk,FS,27,11.93895872,10.30100731
A.J. Puk,SI,166,10.19050038,9.931719808
A.J. Puk,SL,235,12.34356802,10.65792066
A.J. Puk,ST,188,11.39588517,10.51406858
AJ Smith-Shawver,ALL,111,13.09805997,11.30079308
AJ Smith-Shawver,CU,21,17.13290887,12.49620729
AJ Smith-Shawver,FF,58,11.38054553,9.319653402
AJ Smith-Shawver,FS,31,15.59481648,11.89343001
AJ Smith-Shawver,SL,1,20.14898104,20.09967417
Aaron Ashby,ALL,318,11.47521446,10.44788586
Aaron Ashby,CH,49,10.73091988,10.05426051
Aaron Ashby,CU,65,10.41295936,9.780179419
Aaron Ashby,FF,7,13.0538035,10.57394302
Aaron Ashby,SI,142,11.5082418,10.21224482
Aaron Ashby,SL,55,13.47951066,13.24032917
Aaron Brooks,ALL,391,8.726131316,7.908112925
Aaron Brooks,CH,53,10.27965081,8.901875969
Aaron Brooks,FF,107,9.290882484,8.491751437
Aaron Brooks,KC,7,11.86430704,13.62767235
Aaron Brooks,SI,96,7.513530839,7.58392709
Aaron Brooks,SL,128,8.510492539,7.626492712
Aaron Bummer,ALL,952,11.72759498,9.905067793
Aaron Bummer,CH,11,16.4731343,11.03103824
Aaron Bummer,CU,22,22.14814627,13.99498497
Aaron Bummer,FC,47,9.315588237,9.801223354
Aaron Bummer,FF,92,9.581409064,9.390969734
Aaron Bummer,SI,377,10.27137272,9.075204931
Aaron Bummer,ST,403,12.94205828,10.6674292
Aaron Civale,ALL,2555,9.839465064,8.799469997
Aaron Civale,CU,411,12.3970746,11.22339331
Aaron Civale,FC,826,8.091854495,7.437572287
Aaron Civale,FF,249,9.461960577,8.198703154
Aaron Civale,FS,51,12.36704568,9.291828168
Aaron Civale,SI,605,10.48259367,8.770613428
Aaron Civale,SL,37,10.63777707,7.104022263
Aaron Civale,ST,376,10.4849534,9.208150345
Aaron Hicks,ALL,18,21.61270146,11.38905999
Aaron Hicks,FA,18,21.61270146,11.38905999
Aaron Nola,ALL,3019,9.564870843,7.987160238
Aaron Nola,CH,291,10.75989075,8.990704635
Aaron Nola,FC,271,8.362758366,8.117194072
Aaron Nola,FF,844,9.9126181,7.803988747
Aaron Nola,KC,987,9.711916868,8.335006144
Aaron Nola,SI,626,8.995567232,7.664557072
Abner Uribe,ALL,240,12.32646621,11.46816299
Abner Uribe,FF,3,17.54974212,20.85586556
Abner Uribe,SI,154,12.88425184,11.37863719
Abner Uribe,SL,83,11.91924327,11.22017601
Adam Cimber,ALL,377,11.7089288,10.032393
Adam Cimber,FF,112,11.17644947,9.73099188
Adam Cimber,SI,140,10.51168639,9.579496437
Adam Cimber,SL,125,14.33869226,11.21893105
Adam Mazur,ALL,548,11.68113154,9.971395497
Adam Mazur,CH,56,15.64958388,11.8474182
Adam Mazur,CU,69,11.67678552,9.817375283
Adam Mazur,FF,221,11.13719363,9.091641201
Adam Mazur,SI,21,15.59194849,10.18431769
Adam Mazur,SL,180,11.60054425,9.935407809
Adam Mazur,ST,1,13.59776037,11.89861955
Adam Oller,ALL,683,11.64456046,10.14929583
Adam Oller,CH,49,13.60983502,11.02632019
Adam Oller,CU,104,12.27263969,11.08555918
Adam Oller,FF,286,12.53062127,9.505366888
Adam Oller,SI,66,9.48221176,9.612577807
Adam Oller,SL,6,11.42511076,10.59162656
Adam Oller,SV,172,11.42922088,11.01809033
Adam Ottavino,ALL,969,11.05130206,10.49399661
Adam Ottavino,CH,48,14.01436914,12.23769221
Adam Ottavino,CU,8,20.94997264,12.38720254
Adam Ottavino,FC,104,10.65834896,8.988546085
Adam Ottavino,FF,96,10.88599459,11.15272417
Adam Ottavino,SI,324,9.874459524,10.05446837
Adam Ottavino,SL,20,11.80411577,10.56764948
Adam Ottavino,ST,369,11.76239375,10.78988325
Adbert Alzolay,ALL,306,12.63022878,10.5070095
Adbert Alzolay,CH,2,19.39874234,12.54502542
Adbert Alzolay,FC,25,13.17847823,9.937461349
Adbert Alzolay,FF,61,11.56998786,10.07008289
Adbert Alzolay,SI,77,14.14511111,11.03009123
Adbert Alzolay,SL,141,12.99581856,10.44896346
Adrian Houser,ALL,1063,9.475398134,9.006383989
Adrian Houser,CH,138,12.96421698,9.919315909
Adrian Houser,CU,89,15.26956922,12.00017246
Adrian Houser,FF,179,8.92814405,9.753116344
Adrian Houser,SI,473,8.390222428,7.944366366
Adrian Houser,SL,184,10.03362267,9.133572765
Adrian Morejon,ALL,1026,11.03689457,9.671690411
Adrian Morejon,CU,8,18.32318896,11.96534029
Adrian Morejon,FF,237,10.18231181,9.025578547
Adrian Morejon,KN,81,13.60785393,12.91128723
Adrian Morejon,SI,368,10.32287361,9.274688265
Adrian Morejon,SL,311,13.01915219,9.879124062
Adrian Morejon,ST,21,15.57790261,10.38911185
Alan Busenitz,ALL,66,9.295593241,8.494711979
Alan Busenitz,CH,4,12.42410985,7.310502703
Alan Busenitz,CU,9,13.35664088,10.81422571
Alan Busenitz,FC,13,5.912338136,6.297599343
Alan Busenitz,FF,14,12.08206579,9.306406865
Alan Busenitz,SI,16,6.74414042,7.6904786
Alan Busenitz,SL,8,8.816394283,9.920571922
Alan Busenitz,ST,2,12.95358696,11.97274279
Albert Suárez,ALL,2148,10.48484129,9.337052721
Albert Suárez,CH,376,10.90462332,9.495441114
Albert Suárez,CU,289,12.26054997,11.85056981
Albert Suárez,FC,414,11.16161074,10.41056957
Albert Suárez,FF,1065,9.800650705,8.534718092
Albert Suárez,SV,4,17.41291877,17.10996572
Alec Marsh,ALL,2006,11.60321318,10.80913785
Alec Marsh,CH,197,12.45891762,10.37678332
Alec Marsh,CU,327,11.65823768,11.48115398
Alec Marsh,FF,741,11.87024846,10.7209962
Alec Marsh,SI,280,10.66558439,9.806805594
Alec Marsh,SL,372,11.08508362,11.24416916
Alec Marsh,ST,89,12.09182235,11.45989589
Alek Jacob,ALL,225,13.64289317,9.070328369
Alek Jacob,CH,71,13.74828174,10.4688845
Alek Jacob,FF,48,13.30978139,7.46672587
Alek Jacob,SI,73,14.40738708,8.379055938
Alek Jacob,ST,33,13.81006099,8.300039386
Alek Manoah,ALL,382,12.89620508,11.19681483
Alek Manoah,CH,56,12.32561101,10.71996139
Alek Manoah,FF,105,12.89884741,11.91311028
Alek Manoah,SI,105,14.73081851,11.41948449
Alek Manoah,SL,116,12.3894838,10.05097946
Alex Cobb,ALL,318,10.96007051,8.89281447
Alex Cobb,FF,3,15.18899514,13.99629369
Alex Cobb,FS,134,11.70551037,8.314637588
Alex Cobb,KC,41,11.36754099,11.52218958
Alex Cobb,SI,140,10.21369807,8.913049022
Alex Faedo,ALL,961,12.64073266,10.01702804
Alex Faedo,CH,188,14.58144439,9.891381499
Alex Faedo,FF,340,11.1963904,10.44992096
Alex Faedo,SI,52,12.08483427,9.404509749
Alex Faedo,SL,381,12.62201824,9.806051395
Alex Lange,ALL,360,13.4289494,10.83503806
Alex Lange,CH,27,18.24719927,13.10435972
Alex Lange,FF,43,12.17574606,10.80065101
Alex Lange,SI,86,10.25801348,9.914122458
Alex Lange,SL,204,14.3291468,11.21244474
Alex Speas,ALL,37,13.89085356,11.62303858
Alex Speas,FC,5,12.25435774,12.7359279
Alex Speas,FF,7,12.28328002,10.54352614
Alex Speas,SL,22,15.06718983,12.16075121
Alex Speas,ST,3,13.89085356,9.41922301
Alex Vesia,ALL,1094,11.90947078,10.12769217
Alex Vesia,CH,55,11.5093199,11.17694263
Alex Vesia,FF,693,13.00787381,10.08977071
Alex Vesia,SI,1,14.77730445,5.362305358
Alex Vesia,SL,345,9.955761846,10.19865288
Alex Wood,ALL,637,10.14902741,9.04742748
Alex Wood,CH,147,8.065058328,8.231983305
Alex Wood,FF,1,3.615966616,2.486913977
Alex Wood,SI,297,10.04358666,8.797458027
Alex Wood,SL,192,12.25345587,10.44055209
Alex Young,ALL,257,13.95959092,9.546566516
Alex Young,CH,119,18.93856762,9.935311635
Alex Young,CU,37,10.28389418,7.099592396
Alex Young,FF,2,8.000389036,4.341740162
Alex Young,SI,98,11.06587176,9.810088757
Alex Young,SL,1,2.173138373,13.51177567
Alexis Díaz,ALL,917,13.31232057,10.60163802
Alexis Díaz,FF,542,14.84744798,10.44717097
Alexis Díaz,SL,375,11.71386102,10.77412616
Allan Winans,ALL,145,11.57911293,9.860128426
Allan Winans,CH,59,9.913783996,7.540531616
Allan Winans,FF,23,10.56802492,10.98051004
Allan Winans,SI,34,12.02173935,8.505166573
Allan Winans,ST,29,14.07894897,13.96126616
Amir Garrett,ALL,96,12.71925752,10.76017329
Amir Garrett,FF,34,13.88091416,13.01276524
Amir Garrett,SI,1,10.09351048,7.866957651
Amir Garrett,SL,61,12.27609935,10.36242249
Amos Willingham,ALL,19,9.499503853,8.287616431
Amos Willingham,FC,4,8.801279815,6.076816192
Amos Willingham,FF,12,16.63860989,9.444981457
Amos Willingham,SL,3,8.175540499,7.657102331
Andre Pallante,ALL,1715,10.96186574,10.4227287
Andre Pallante,FF,850,10.0695476,10.0688654
Andre Pallante,KC,215,16.64828408,13.61503386
Andre Pallante,SI,347,10.93504159,9.996237313
Andre Pallante,SL,303,10.16201598,10.4227287
Andrew Abbott,ALL,2210,10.91441259,9.930266175
Andrew Abbott,CH,357,10.35281646,10.63868305
Andrew Abbott,CU,250,10.69071858,10.12308416
Andrew Abbott,FF,1200,11.07756274,9.521181688
Andrew Abbott,SL,5,16.09016555,15.31539853
Andrew Abbott,ST,398,10.52820502,10.53795316
Andrew Chafin,ALL,941,12.78508722,9.674630458
Andrew Chafin,FF,140,10.66041793,10.16563278
Andrew Chafin,SI,373,8.765217418,7.560067382
Andrew Chafin,SL,428,18.5355958,10.7179759
Andrew Heaney,ALL,2620,9.887915494,9.072943551
Andrew Heaney,CH,440,9.934295047,9.40089855
Andrew Heaney,CS,3,5.138523129,3.90621674
Andrew Heaney,CU,90,10.91625412,10.14241161
Andrew Heaney,FC,4,8.627963983,9.032219867
Andrew Heaney,FF,1337,9.565746092,8.699262045
Andrew Heaney,SI,12,14.30963563,12.7150928
Andrew Heaney,SL,718,10.3399045,9.072696442
Andrew Heaney,SV,16,11.11769553,10.93254787
Andrew Kittredge,ALL,968,9.618562394,9.070714178
Andrew Kittredge,CH,1,19.58348645,23.14725437
Andrew Kittredge,FF,120,8.393068438,7.756100633
Andrew Kittredge,SI,355,10.07782922,9.604912685
Andrew Kittredge,SL,492,9.562995178,8.974466852
Andrew Knizner,ALL,21,26.46151977,10.71088351
Andrew Knizner,EP,20,26.8322547,10.57909473
Andrew Knizner,FA,1,25.05258682,33.18102733
Andrew Nardi,ALL,863,10.54122635,9.517791303
Andrew Nardi,CH,7,17.49588149,11.82785562
Andrew Nardi,FF,529,9.858524484,8.905332722
Andrew Nardi,SL,6,12.55247322,8.122044298
Andrew Nardi,ST,321,12.00875715,10.86062575
Andrew Saalfrank,ALL,26,15.01754537,15.03248581
Andrew Saalfrank,CU,7,24.5812669,25.69726468
Andrew Saalfrank,SI,19,11.69083954,9.516778811
Andrew Walters,ALL,178,12.04426773,11.38647634
Andrew Walters,FF,122,11.43346236,11.16144651
Andrew Walters,SL,56,13.1197214,12.82691272
Andrew Wantz,ALL,35,15.14387298,9.746823807
Andrew Wantz,FC,8,10.44719054,10.47881281
Andrew Wantz,FF,7,16.27815991,15.26323607
Andrew Wantz,SI,10,13.0913977,8.82710565
Andrew Wantz,ST,10,13.90958727,9.675659324
Andrés Muñoz,ALL,864,14.00582309,9.729404403
Andrés Muñoz,FF,276,10.74571759,9.89088021
Andrés Muñoz,SI,178,17.34238615,10.37387549
Andrés Muñoz,SL,410,14.31676772,9.624078888
Angel Chivilli,ALL,496,10.23922472,9.750073675
Angel Chivilli,CH,199,9.290589784,9.016368561
Angel Chivilli,FF,207,11.37277959,10.86052074
Angel Chivilli,SL,90,10.22521177,9.426201482
Angel Zerpa,ALL,991,10.82426868,9.908164055
Angel Zerpa,CH,101,11.05371424,10.3571387
Angel Zerpa,CU,4,28.44923704,24.43590124
Angel Zerpa,FF,187,12.00154417,10.86914685
Angel Zerpa,SI,443,10.56903452,8.920074595
Angel Zerpa,SL,256,10.20014689,9.819555058
Anthony Banda,ALL,740,12.09295868,9.753693981
Anthony Banda,CH,90,8.569981028,8.427913894
Anthony Banda,CU,5,14.90606589,11.31106873
Anthony Banda,FF,250,12.79875329,9.367223886
Anthony Banda,SI,175,13.06163394,9.60097779
Anthony Banda,SL,219,11.35925863,11.26311005
Anthony Banda,ST,1,22.2330535,23.60312167
Anthony Bender,ALL,938,11.81265988,10.46463503
Anthony Bender,CH,35,16.10736367,12.01259397
Anthony Bender,FC,21,12.08439789,10.28907716
Anthony Bender,FF,18,10.55432455,9.405501264
Anthony Bender,SI,423,12.42085342,10.74657925
Anthony Bender,SL,15,11.23382887,8.047803482
Anthony Bender,ST,426,11.14369284,10.30112915
Anthony Gose,ALL,73,10.0560395,8.976077538
Anthony Gose,FF,39,9.873960932,7.799884115
Anthony Gose,SL,34,11.06074271,9.514258387
Anthony Maldonado,ALL,286,11.38047014,10.25927853
Anthony Maldonado,FC,14,12.63657165,12.56868712
Anthony Maldonado,FF,94,12.04025664,10.83398375
Anthony Maldonado,SL,178,10.80672407,9.876072733
Anthony Misiewicz,ALL,30,11.35155162,11.02960888
Anthony Misiewicz,CU,12,15.85873681,13.21927634
Anthony Misiewicz,FC,16,11.35155162,10.61098623
Anthony Misiewicz,FF,2,6.590957475,7.266343792
Anthony Molina,ALL,938,10.32640017,9.503282845
Anthony Molina,CH,210,11.28307878,10.85577172
Anthony Molina,CU,69,13.82177851,11.36184528
Anthony Molina,FC,10,5.459851895,5.934960293
Anthony Molina,FF,460,9.820532568,8.649552682
Anthony Molina,KC,1,5.353623324,1.058029231
Anthony Molina,SL,188,10.29482978,10.07216484
Anthony Veneziano,ALL,237,10.90692745,10.10193797
Anthony Veneziano,CH,15,8.231481216,9.042694337
Anthony Veneziano,FF,111,11.3489921,9.956029645
Anthony Veneziano,SI,1,20.21963335,24.84707426
Anthony Veneziano,SL,55,11.12497213,11.98209993
Anthony Veneziano,ST,55,9.785291077,9.278831595
Antonio Senzatela,ALL,197,9.66375492,8.936273928
Antonio Senzatela,CH,25,12.96740115,10.25547309
Antonio Senzatela,CU,13,13.63573033,12.6237378
Antonio Senzatela,FF,113,8.925367425,8.45893941
Antonio Senzatela,SI,3,13.96152279,12.76178833
Antonio Senzatela,SL,43,6.877294281,6.487411247
Aroldis Chapman,ALL,1090,10.77323816,10.3628439
Aroldis Chapman,FF,363,10.13956793,9.979892876
Aroldis Chapman,FS,132,15.38207182,11.34960631
Aroldis Chapman,SI,305,9.983526903,10.14991229
Aroldis Chapman,SL,290,11.07165706,10.61055904
Austin Adams,ALL,766,11.73991086,11.8786321
Austin Adams,FF,181,10.40460822,10.66549593
Austin Adams,SI,21,13.67686992,12.31911862
Austin Adams,SL,564,12.51201817,12.07057838
Austin Davis,ALL,138,14.30452813,11.71294944
Austin Davis,FC,53,13.18030442,10.90882357
Austin Davis,SI,52,14.33544204,11.15472749
Austin Davis,ST,33,15.55886829,12.47876584
Austin Gomber,ALL,2476,10.9098158,9.930038297
Austin Gomber,CH,504,10.78155585,10.01293206
Austin Gomber,FF,993,10.97432059,9.598420919
Austin Gomber,KC,559,11.22151752,10.59445901
Austin Gomber,SI,1,7.151742589,11.85974659
Austin Gomber,SL,419,10.13071647,9.987162413
Austin Hedges,ALL,16,10.79910663,8.500083061
Austin Hedges,EP,6,18.17554151,12.2197588
Austin Hedges,FA,10,10.29248683,7.91545135
Austin Kitchen,ALL,152,10.79962235,8.855899465
Austin Kitchen,CH,26,8.114172293,7.165500531
Austin Kitchen,CU,16,9.102608773,9.541034557
Austin Kitchen,FF,12,14.38679186,7.983826229
Austin Kitchen,SI,62,11.1177812,9.668066725
Austin Kitchen,ST,36,11.42625262,9.608879959
Austin Pruitt,ALL,76,8.461850806,7.830870313
Austin Pruitt,CH,10,8.56559679,7.357339361
Austin Pruitt,CU,7,5.918575923,6.861136716
Austin Pruitt,FF,22,7.894627196,8.824014314
Austin Pruitt,SI,10,9.574091127,5.730137461
Austin Pruitt,SL,27,8.539368413,8.672328395
Austin Voth,ALL,853,10.85002993,9.783063938
Austin Voth,CU,155,13.48713345,12.04781079
Austin Voth,FC,286,9.870049307,9.295599073
Austin Voth,FF,203,8.943108988,8.850672719
Austin Voth,ST,209,11.77408303,10.31703824
Austin Warren,ALL,160,10.25809118,9.634417253
Austin Warren,FC,22,9.655390262,7.805772578
Austin Warren,FF,30,10.93179831,10.94524204
Austin Warren,SI,43,10.56814018,9.059327982
Austin Warren,ST,65,9.73731993,10.01011876
Bailey Falter,ALL,2048,10.53200607,9.725788895
Bailey Falter,CU,310,12.10699529,10.94096379
Bailey Falter,FF,1000,10.1831625,9.433554483
Bailey Falter,FS,10,14.4291121,14.26666546
Bailey Falter,SI,284,8.895834638,9.254874934
Bailey Falter,SL,444,11.82501552,10.21591239
Bailey Horn,ALL,283,9.737868448,10.07674663
Bailey Horn,CU,20,10.37347809,11.33723043
Bailey Horn,FC,30,9.872326443,10.41256416
Bailey Horn,FF,68,9.655966369,9.773561709
Bailey Horn,ST,165,9.667613765,10.10766485
Bailey Ober,ALL,2487,9.64923326,8.333756155
Bailey Ober,CH,721,12.06145927,8.890657611
Bailey Ober,CU,26,11.41414022,12.21693624
Bailey Ober,FF,967,8.422934486,7.749309208
Bailey Ober,SL,486,8.147025276,7.667783128
Bailey Ober,ST,287,12.24123187,11.30464332
Beau Brieske,ALL,1204,12.12874029,10.11112239
Beau Brieske,CH,325,13.18922294,9.67661338
Beau Brieske,FF,478,10.923499,10.2825985
Beau Brieske,SI,198,11.5739733,8.776328993
Beau Brieske,SL,203,14.38948061,11.76343978
Ben Brown,ALL,806,12.70791746,11.09760055
Ben Brown,CH,14,10.00722158,9.453107995
Ben Brown,FF,506,12.3771815,10.39986433
Ben Brown,KC,286,13.98661774,12.80235737
Ben Casparius,ALL,148,17.20862407,11.21779935
Ben Casparius,CU,16,14.27620437,12.5928754
Ben Casparius,FC,6,6.13733636,10.30092404
Ben Casparius,FF,72,19.31057265,10.61260958
Ben Casparius,SI,1,4.907261824,11.96405554
Ben Casparius,ST,53,14.52348586,12.32424653
Ben Heller,ALL,226,11.68890688,10.62030578
Ben Heller,CH,44,14.35263066,9.394715092
Ben Heller,FC,46,12.8947221,12.01140866
Ben Heller,FF,27,10.10236687,9.89147944
Ben Heller,SI,59,10.24228764,10.01051036
Ben Heller,SL,41,12.39438485,11.9045301
Ben Heller,ST,9,18.80065,19.1364995
Ben Joyce,ALL,488,12.00242828,10.35878806
Ben Joyce,CH,20,13.55939513,13.50217908
Ben Joyce,FF,221,12.10725726,10.26375868
Ben Joyce,SI,168,10.91508846,9.624062291
Ben Joyce,SL,79,12.71498227,11.31562422
Ben Lively,ALL,2333,8.802207764,8.48307361
Ben Lively,CH,207,10.46290346,9.03339963
Ben Lively,CU,199,11.44604119,10.89803101
Ben Lively,FC,2,11.78744155,12.22916186
Ben Lively,FF,719,8.355710132,7.780933355
Ben Lively,SI,700,7.611540728,7.628040687
Ben Lively,SL,113,8.845016069,8.486644393
Ben Lively,ST,393,10.15769576,9.709981624
Ben Rortvedt,ALL,33,14.79819951,12.77187848
Ben Rortvedt,CH,5,18.71697852,17.55057353
Ben Rortvedt,EP,9,18.65885423,12.05012154
Ben Rortvedt,FA,19,13.26843633,12.10025406
Blair Henley,ALL,38,10.0663656,10.96244115
Blair Henley,CH,2,21.08526619,18.99419215
Blair Henley,CU,9,11.4754329,12.60890108
Blair Henley,FC,1,23.77832336,22.21806631
Blair Henley,FF,15,7.682376145,9.127843371
Blair Henley,SI,6,10.91051314,11.5748715
Blair Henley,ST,5,7.229204857,7.670213932
Blake Snell,ALL,1654,10.20827997,9.032107462
Blake Snell,CH,293,9.227750984,8.091061347
Blake Snell,CU,426,14.30086907,11.50405089
Blake Snell,FF,767,8.986271875,8.26179519
Blake Snell,SI,1,5.443032836,5.266663708
Blake Snell,SL,167,12.95287782,10.26219381
Blake Treinen,ALL,698,12.19747364,9.480563426
Blake Treinen,FC,111,11.3001522,8.799060824
Blake Treinen,FF,76,11.90516222,8.683085321
Blake Treinen,SI,236,12.71000719,9.121420579
Blake Treinen,ST,275,12.32461821,9.903886253
Blake Walston,ALL,330,11.15926481,10.77781838
Blake Walston,CH,55,13.213529,13.2125501
Blake Walston,CU,44,11.30715832,11.0505987
Blake Walston,FC,54,9.115882419,9.128039649
Blake Walston,FF,109,12.64324458,11.53673945
Blake Walston,SI,12,15.93413204,11.516715
Blake Walston,ST,56,11.09901047,10.03239083
Bobby Miller,ALL,836,13.21202936,11.00969253
Bobby Miller,CH,166,13.6896651,13.99164274
Bobby Miller,CU,163,12.15369147,11.17643844
Bobby Miller,FF,301,13.98004399,9.992088708
Bobby Miller,SI,131,12.29726477,10.68063966
Bobby Miller,SL,75,13.25540596,12.35777824
Bowden Francis,ALL,1446,10.56257587,9.77657002
Bowden Francis,CU,259,12.31399209,11.38986106
Bowden Francis,FF,745,9.521834152,8.740049388
Bowden Francis,FS,261,12.19853915,10.43889881
Bowden Francis,SI,43,8.791377029,9.327880271
Bowden Francis,SL,138,11.84942741,11.86352405
Brad Keller,ALL,667,10.66817473,9.742718568
Brad Keller,CH,88,12.88442658,10.09341301
Brad Keller,FF,250,10.75088898,10.32799879
Brad Keller,KC,9,14.75508543,10.29519303
Brad Keller,SI,35,10.22782643,10.19565461
Brad Keller,SL,244,9.349253234,8.415467042
Brad Keller,ST,41,12.12604926,11.69132731
Bradley Blalock,ALL,516,11.67516777,10.48066488
Bradley Blalock,CU,56,10.7993532,9.64012982
Bradley Blalock,FC,20,8.679221607,8.784647869
Bradley Blalock,FF,245,11.48490453,10.09701349
Bradley Blalock,FS,76,12.82014031,12.78606425
Bradley Blalock,SL,119,11.8611897,11.28078701
Brady Basso,ALL,324,9.743249864,8.68209502
Brady Basso,CH,38,12.0276573,8.093095916
Brady Basso,CU,71,12.99502662,11.07690214
Brady Basso,FC,57,7.798502212,8.204997197
Brady Basso,FF,152,8.530215122,7.888570959
Brady Basso,SI,6,14.79019598,11.48448012
Brady Feigl,ALL,41,8.44780878,8.396373953
Brady Feigl,CH,5,22.6657745,24.01736895
Brady Feigl,CU,10,8.865277099,9.413023931
Brady Feigl,FF,26,6.34179748,6.792707586
Brady Singer,ALL,2833,9.714549827,8.98750755
Brady Singer,CH,50,13.58418586,11.33691492
Brady Singer,FC,1,10.46647816,8.978427626
Brady Singer,FF,317,12.16327048,10.64753062
Brady Singer,SI,1174,8.963441334,8.630571614
Brady Singer,SL,1142,9.52884857,8.658460389
Brady Singer,ST,149,10.96927345,9.887890449
Brandon Bielak,ALL,479,11.80565665,10.28747319
Brandon Bielak,CH,128,12.56151241,10.85337349
Brandon Bielak,CU,46,16.12434168,12.30589732
Brandon Bielak,FF,111,11.440156,8.309495123
Brandon Bielak,SI,119,9.607925044,8.765101795
Brandon Bielak,SL,3,14.35471861,11.67882528
Brandon Bielak,ST,72,13.19749967,11.65340695
Brandon Crawford,ALL,35,16.46750459,15.40338501
Brandon Crawford,CH,2,26.97898894,26.63817765
Brandon Crawford,CU,1,24.69239483,23.91516811
Brandon Crawford,FF,32,16.19923177,14.5075107
Brandon Eisert,ALL,103,11.31306055,9.908908649
Brandon Eisert,CH,24,14.48304009,10.66477945
Brandon Eisert,CU,2,4.746518543,5.063461035
Brandon Eisert,FF,38,10.92017513,9.982934826
Brandon Eisert,SL,39,11.77242175,9.760627013
Brandon Hughes,ALL,330,11.86205335,10.15593089
Brandon Hughes,FF,109,12.33363319,9.952345608
Brandon Hughes,SI,90,11.71567933,9.871878437
Brandon Hughes,SL,131,11.49777903,10.6895531
Brandon Leibrandt,ALL,99,8.899211923,8.283472191
Brandon Leibrandt,CH,33,8.899211923,8.022011784
Brandon Leibrandt,FF,22,8.007656816,7.38293541
Brandon Leibrandt,SI,10,7.465069896,7.230333181
Brandon Leibrandt,SL,26,8.249304993,7.365850262
Brandon Leibrandt,ST,8,17.46556843,15.97321866
Brandon Pfaadt,ALL,2570,9.268958928,8.290577532
Brandon Pfaadt,CH,295,11.39194438,9.581715772
Brandon Pfaadt,CU,129,10.60724583,9.750124418
Brandon Pfaadt,FF,838,8.457139488,7.853596065
Brandon Pfaadt,FS,15,11.75846519,9.536697129
Brandon Pfaadt,SI,581,8.671493767,7.619191661
Brandon Pfaadt,ST,712,9.767733654,8.570056672
Brandon Williamson,ALL,244,12.14281476,9.991979341
Brandon Williamson,CH,51,14.37618041,14.38941858
Brandon Williamson,CU,17,12.37380946,13.24107236
Brandon Williamson,FC,114,11.78333859,9.274349465
Brandon Williamson,FF,61,12.31203291,9.077057199
Brandon Williamson,ST,1,4.386727647,5.42241136
Brant Hurter,ALL,662,10.37458485,9.323872293
Brant Hurter,CH,71,13.61598627,11.77286375
Brant Hurter,FF,46,13.10973731,9.960194101
Brant Hurter,SI,339,8.535938876,7.543654651
Brant Hurter,ST,206,11.89067139,10.89702043
Braxton Garrett,ALL,568,10.59254882,9.329328325
Braxton Garrett,CH,70,10.19307901,10.55383526
Braxton Garrett,CU,25,8.876936593,9.380905025
Braxton Garrett,FF,84,12.38298398,10.38165565
Braxton Garrett,SI,181,9.753108587,7.899712147
Braxton Garrett,SL,55,10.91983801,8.819502972
Braxton Garrett,ST,153,10.78804624,10.34374838
Brayan Bello,ALL,2459,10.24956902,9.098957014
Brayan Bello,CH,666,11.55830603,9.328178003
Brayan Bello,FF,122,10.56364972,9.003154268
Brayan Bello,SI,992,9.171632255,8.699390694
Brayan Bello,SL,3,22.13748616,15.97963922
Brayan Bello,ST,676,10.45968496,9.648886102
Brenan Hanifee,ALL,444,12.3648589,10.08138822
Brenan Hanifee,CH,44,15.32528971,10.98191162
Brenan Hanifee,FF,65,9.028079582,8.401894142
Brenan Hanifee,SI,235,12.05293383,9.74663103
Brenan Hanifee,SL,100,14.69775794,10.92793895
Brendon Little,ALL,644,13.38865707,11.10337769
Brendon Little,FC,68,11.84872181,9.171094444
Brendon Little,FF,4,24.22079183,17.91048155
Brendon Little,KC,206,20.78563658,12.69898288
Brendon Little,SI,366,11.35732523,10.66351562
Brennan Bernardino,ALL,810,11.0893767,9.755703342
Brennan Bernardino,CU,284,12.27938875,11.71644937
Brennan Bernardino,FC,93,10.66727314,9.491648868
Brennan Bernardino,SI,381,10.56933578,8.80304326
Brennan Bernardino,SL,52,10.55377099,10.45884313
Brent Headrick,ALL,43,15.26989719,10.4496739
Brent Headrick,FF,16,10.6133611,9.15071547
Brent Headrick,FS,2,22.92557169,8.822877012
Brent Headrick,SL,25,22.57389101,10.63133623
Brent Honeywell,ALL,516,11.47140613,9.629739553
Brent Honeywell,CH,3,17.58313311,16.86955807
Brent Honeywell,FF,256,12.94782834,9.088083455
Brent Honeywell,SC,120,11.46473489,10.87849401
Brent Honeywell,SI,10,9.472752347,8.722930679
Brent Honeywell,SL,116,9.026895934,9.182191696
Brent Honeywell,ST,11,15.11418153,10.65700069
Brent Suter,ALL,920,10.96388631,9.65961466
Brent Suter,CH,179,12.05066196,12.09267169
Brent Suter,FF,396,11.5270422,9.143278067
Brent Suter,SI,196,9.158154929,9.0442896
Brent Suter,SL,149,10.24200149,9.818959532
Brett de Geus,ALL,154,11.99506114,9.938299442
Brett de Geus,FC,34,8.865104092,8.404973339
Brett de Geus,FF,1,15.50700084,13.9169067
Brett de Geus,FS,8,12.96955524,4.915011827
Brett de Geus,KC,46,14.81221257,12.16249252
Brett de Geus,SI,65,12.91965321,11.4323813
Brock Burke,ALL,556,11.69731948,10.53712298
Brock Burke,CH,95,12.60108095,10.70617252
Brock Burke,FF,277,12.36162418,10.63686822
Brock Burke,SI,40,9.629109377,9.584596685
Brock Burke,SL,144,10.60334897,10.70646654
Brock Stewart,ALL,259,11.21097725,10.23196284
Brock Stewart,CH,3,15.04466141,7.582750767
Brock Stewart,FC,47,10.60284318,10.05975046
Brock Stewart,FF,117,9.690836604,9.283768783
Brock Stewart,SI,27,13.93255453,10.74731071
Brock Stewart,ST,65,14.59678961,11.62255384
Brooks Raley,ALL,116,13.14171927,10.8422495
Brooks Raley,CH,22,18.53380913,11.6839886
Brooks Raley,FC,28,13.29838954,10.18656478
Brooks Raley,SI,11,7.231979762,8.771855263
Brooks Raley,ST,55,13.2384085,11.23060981
Brusdar Graterol,ALL,87,10.40213679,7.797873915
Brusdar Graterol,FC,10,10.34065406,8.148826909
Brusdar Graterol,FF,13,14.18760098,11.70136202
Brusdar Graterol,SI,41,9.016811436,7.538009478
Brusdar Graterol,SL,23,10.40213679,7.426936934
Bryan Abreu,ALL,1234,11.38342139,10.67516185
Bryan Abreu,CH,7,22.80513061,19.56864397
Bryan Abreu,FF,579,10.70624787,10.39398074
Bryan Abreu,SI,1,9.137576517,9.68780909
Bryan Abreu,SL,647,11.84158707,11.07395779
Bryan Baker,ALL,362,10.23264524,10.26458797
Bryan Baker,CH,51,12.30635916,13.3691316
Bryan Baker,CU,33,7.994889524,7.834837283
Bryan Baker,FF,177,10.75108614,11.12600392
Bryan Baker,SL,101,8.771382833,8.526966528
Bryan Hoeing,ALL,743,12.11320125,9.642677129
Bryan Hoeing,FF,31,11.23419426,10.06947744
Bryan Hoeing,FS,157,14.68589978,11.05720966
Bryan Hoeing,SI,385,11.58772207,9.103201142
Bryan Hoeing,SL,170,11.58713509,10.62321096
Bryan Hudson,ALL,828,10.0149656,9.119208445
Bryan Hudson,FC,201,9.596113262,9.255059553
Bryan Hudson,FF,432,8.412338093,8.216670589
Bryan Hudson,ST,195,15.41001304,10.84611181
Bryan King,ALL,392,10.49795006,9.138611913
Bryan King,CU,26,7.544409743,8.008693292
Bryan King,FF,215,10.4234415,8.659603416
Bryan King,SI,24,10.75045872,11.13052338
Bryan King,ST,127,10.74498847,9.400668749
Bryan Sammons,ALL,352,9.904284979,9.571038964
Bryan Sammons,CH,31,15.81183684,10.5837398
Bryan Sammons,CU,25,11.98912595,8.940757911
Bryan Sammons,FC,90,8.900640575,9.628403333
Bryan Sammons,FF,137,9.556316342,8.985733037
Bryan Sammons,ST,69,11.45831492,9.806266918
Bryan Shaw,ALL,86,14.35835656,11.98458915
Bryan Shaw,CH,4,13.73597569,15.33479513
Bryan Shaw,CU,11,16.35726795,15.07623534
Bryan Shaw,FC,54,12.48646336,10.81325976
Bryan Shaw,SI,6,12.61003064,13.40261211
Bryan Shaw,ST,11,15.73847625,15.07584162
Bryan Woo,ALL,1632,9.757334814,8.823432924
Bryan Woo,CH,152,15.35799583,9.835787631
Bryan Woo,FF,801,8.648134194,8.326140557
Bryan Woo,SI,382,9.723340801,8.421802692
Bryan Woo,SL,151,12.22645276,9.071341693
Bryan Woo,ST,146,12.81255057,10.91618323
Bryce Elder,ALL,806,10.32102798,9.294435677
Bryce Elder,CH,108,12.91562916,11.60267027
Bryce Elder,FC,1,17.1547502,16.24969905
Bryce Elder,FF,102,10.61204826,9.970267443
Bryce Elder,SI,344,9.344453281,9.067060079
Bryce Elder,SL,251,10.60453701,9.216686659
Bryce Jarvis,ALL,949,10.98043091,10.29021871
Bryce Jarvis,CH,121,13.99296109,11.70046598
Bryce Jarvis,CU,7,9.887574381,12.69434295
Bryce Jarvis,FC,121,10.98043091,10.43998679
Bryce Jarvis,FF,329,9.367939303,9.207593929
Bryce Jarvis,SI,140,10.59450596,10.2370931
Bryce Jarvis,SL,231,12.55799914,10.67187423
Bryce Miller,ALL,2440,10.92141532,9.924766167
Bryce Miller,FC,52,8.743143725,8.308633797
Bryce Miller,FF,1032,9.256533369,9.242514811
Bryce Miller,FS,397,14.17812366,11.63885933
Bryce Miller,KC,112,14.82642331,9.629670176
Bryce Miller,SI,440,11.19082355,9.038082535
Bryce Miller,SL,203,11.62932666,11.11664103
Bryce Miller,ST,204,12.06871083,10.55137848
Bryse Wilson,ALL,1430,10.82044502,9.521251483
Bryse Wilson,CH,61,15.07025247,9.607299159
Bryse Wilson,CU,199,11.87233472,10.6514553
Bryse Wilson,FC,488,9.808527906,10.07313197
Bryse Wilson,FF,224,11.9193449,9.616934929
Bryse Wilson,SI,458,10.74573639,8.820649885
Buck Farmer,ALL,1075,10.98265785,9.561435938
Buck Farmer,CH,229,12.82877535,10.32198265
Buck Farmer,FF,216,12.06106841,10.02030575
Buck Farmer,SI,263,10.70742582,9.407365847
Buck Farmer,SL,367,9.604327428,9.355681778
Burch Smith,ALL,869,10.23121872,9.800479436
Burch Smith,CH,7,9.649802172,9.608682074
Burch Smith,CU,160,10.18032598,9.811296574
Burch Smith,FC,186,10.47901921,10.46698189
Burch Smith,FF,436,9.993647324,9.358984381
Burch Smith,SI,2,17.16667895,18.63222329
Burch Smith,ST,78,10.8936277,9.890527985
Cade Povich,ALL,1320,10.64813482,10.10901097
Cade Povich,CH,141,11.77413554,10.75425422
Cade Povich,CU,257,10.81505975,10.53705255
Cade Povich,FC,98,9.506331441,9.694561499
Cade Povich,FF,538,10.07106758,9.891283559
Cade Povich,SI,110,11.19790988,9.245728046
Cade Povich,SL,85,9.633518696,10.32176564
Cade Povich,ST,91,11.75377844,11.01532144
Cade Smith,ALL,1194,9.965726317,9.053372781
Cade Smith,FF,845,8.76977974,8.42198489
Cade Smith,FS,238,14.93608348,10.48342904
Cade Smith,ST,111,11.06792547,10.37715875
Caden Dana,ALL,198,11.3406872,11.13795001
Caden Dana,CH,17,16.52462517,11.97805841
Caden Dana,CU,14,17.78820982,18.01117832
Caden Dana,FC,10,19.22979169,18.93163715
Caden Dana,FF,102,10.29531768,8.982936729
Caden Dana,SL,55,12.15402096,11.59790246
Cal Quantrill,ALL,2544,12.02724239,9.954219351
Cal Quantrill,CH,55,13.8684412,11.94473758
Cal Quantrill,CS,1,25.95425921,14.78386203
Cal Quantrill,CU,296,11.94411017,10.34162645
Cal Quantrill,FC,325,11.29915888,10.57177706
Cal Quantrill,FF,409,14.77607775,9.829656081
Cal Quantrill,FS,826,11.84437664,10.54158889
Cal Quantrill,SI,617,10.81232464,8.789602678
Cal Quantrill,SL,15,13.13315422,11.95666887
Caleb Boushley,ALL,62,11.0713447,8.902402826
Caleb Boushley,CH,7,12.44267202,9.944558591
Caleb Boushley,CU,10,16.1785234,11.30170779
Caleb Boushley,FC,12,10.88512642,8.275673435
Caleb Boushley,FF,11,8.926669106,7.429566898
Caleb Boushley,SI,12,7.62665059,8.110888622
Caleb Boushley,SL,3,12.36388532,10.72440134
Caleb Boushley,ST,7,16.32888652,16.65883599
Caleb Ferguson,ALL,862,11.06538259,10.09334174
Caleb Ferguson,FC,229,11.66000895,10.27425347
Caleb Ferguson,FF,372,10.4806499,9.288298921
Caleb Ferguson,SI,86,11.84606699,9.376527419
Caleb Ferguson,ST,2,34.58994786,28.33183318
Caleb Ferguson,SV,173,11.44749446,11.44503536
Caleb Kilian,ALL,156,12.50888823,11.85659217
Caleb Kilian,CH,2,7.42744984,9.533603294
Caleb Kilian,FC,60,13.73944487,13.51021735
Caleb Kilian,FF,70,12.28087479,10.6106726
Caleb Kilian,KC,8,9.72272132,12.26386474
Caleb Kilian,SI,4,13.12716945,12.26483737
Caleb Kilian,ST,12,15.40834105,15.43746848
Caleb Thielbar,ALL,868,10.88856922,10.28017355
Caleb Thielbar,CU,214,13.45038238,12.06881955
Caleb Thielbar,FF,377,9.986489416,9.15382787
Caleb Thielbar,SL,8,9.174661007,7.088499639
Caleb Thielbar,ST,269,10.98772329,10.15496071
Calvin Faucher,ALL,944,12.41623963,11.14749635
Calvin Faucher,CU,207,12.75784376,12.55944024
Calvin Faucher,FC,358,12.08506369,10.36710887
Calvin Faucher,FF,313,12.8385572,11.60394431
Calvin Faucher,ST,66,11.40363926,10.25586664
Cam Booser,ALL,633,11.22846935,10.44271896
Cam Booser,FC,228,11.32272633,10.65482781
Cam Booser,FF,259,10.03675897,9.983261407
Cam Booser,ST,146,13.05590846,11.15312379
Camilo Doval,ALL,1033,12.36790333,10.4557433
Camilo Doval,FC,356,11.82844921,11.30167096
Camilo Doval,FF,3,3.892087893,5.130235892
Camilo Doval,SI,146,11.2832473,10.08170273
Camilo Doval,SL,528,12.9218574,9.920576648
Carl Edwards Jr.,ALL,11,17.5872873,14.52317653
Carl Edwards Jr.,CU,5,7.70227386,11.28580937
Carl Edwards Jr.,FF,6,18.74070859,17.78110511
Carlos Carrasco,ALL,1614,11.33387357,9.970874901
Carlos Carrasco,CH,374,13.46372242,10.01498686
Carlos Carrasco,CU,111,14.89863214,11.77029093
Carlos Carrasco,FF,407,9.215510157,9.299146836
Carlos Carrasco,SI,276,11.46626767,10.28144474
Carlos Carrasco,SL,395,10.59049185,9.909257079
Carlos Carrasco,ST,51,12.94053131,12.03461988
Carlos Estévez,ALL,778,10.46356646,9.863669691
Carlos Estévez,CH,82,10.4368958,10.06878776
Carlos Estévez,CU,3,26.25276347,25.69985525
Carlos Estévez,FF,483,10.09983013,9.624389537
Carlos Estévez,SL,210,11.25424952,10.35994957
Carlos Hernández,ALL,529,11.93719507,10.00799302
Carlos Hernández,FC,1,11.76308937,8.637444596
Carlos Hernández,FF,289,10.99426739,9.405587222
Carlos Hernández,FS,60,15.5506756,11.53885154
Carlos Hernández,KC,81,14.36472057,12.37778393
Carlos Hernández,SL,84,10.65320797,9.558249849
Carlos Hernández,ST,14,12.09068457,9.46014228
Carlos Rodriguez,ALL,206,13.2295238,10.53101836
Carlos Rodriguez,CH,29,11.92024613,9.794770385
Carlos Rodriguez,CU,21,12.66582082,11.40298493
Carlos Rodriguez,FC,39,12.19845023,11.88722684
Carlos Rodriguez,FF,42,18.56059228,8.260856324
Carlos Rodriguez,SI,41,11.90161691,9.365420976
Carlos Rodriguez,SL,30,8.857956043,11.07623603
Carlos Rodriguez,ST,4,16.48982516,13.982511
Carlos Rodón,ALL,3172,10.98133917,9.716384986
Carlos Rodón,CH,396,13.10331972,10.80500248
Carlos Rodón,CU,249,14.92646611,13.17173106
Carlos Rodón,FC,113,13.74011999,11.79055578
Carlos Rodón,FF,1574,8.753634316,8.240546769
Carlos Rodón,SL,840,14.2562373,10.83241812
Carmen Mlodzinski,ALL,807,10.42625013,9.688538945
Carmen Mlodzinski,CH,2,12.64683379,12.47615442
Carmen Mlodzinski,FC,163,7.923038142,7.682632211
Carmen Mlodzinski,FF,326,9.580407231,9.127128232
Carmen Mlodzinski,SL,210,12.66114065,11.31109263
Carmen Mlodzinski,ST,106,11.39002816,10.6184694
Carson Fulmer,ALL,1404,11.05169984,9.802085478
Carson Fulmer,CH,379,12.67506606,9.384367155
Carson Fulmer,CU,82,11.37590448,10.68623204
Carson Fulmer,FF,322,10.68015437,9.679037282
Carson Fulmer,SI,340,10.39196443,9.632981926
Carson Fulmer,SL,228,10.05314639,9.512941958
Carson Fulmer,ST,53,14.00860324,11.58162502
Carson Spiers,ALL,1444,9.810056369,9.253461977
Carson Spiers,CH,173,10.08690176,9.956441007
Carson Spiers,FC,229,8.590257298,8.526791623
Carson Spiers,FF,443,10.41867164,9.427087908
Carson Spiers,SI,248,9.092394214,8.63033628
Carson Spiers,SL,12,6.887715309,6.784835888
Carson Spiers,ST,339,10.94376845,10.00439806
Casey Kelly,ALL,76,9.125136314,9.397632694
Casey Kelly,CH,15,8.702147203,7.589175782
Casey Kelly,CU,8,9.77677264,7.880095623
Casey Kelly,FF,20,8.650862186,10.2967532
Casey Kelly,SI,13,12.53641829,10.75752624
Casey Kelly,SL,20,8.064834947,8.714385495
Casey Legumina,ALL,153,10.75525954,8.92637891
Casey Legumina,CH,41,11.68773454,9.067602278
Casey Legumina,FF,77,11.35911994,8.95229782
Casey Legumina,SL,34,7.215275671,7.867889249
Casey Legumina,ST,1,15.4939009,15.71732033
Casey Mize,ALL,1711,11.18108834,9.802992868
Casey Mize,FC,14,9.40777053,8.70007115
Casey Mize,FF,660,10.98232195,9.493850908
Casey Mize,FS,309,13.56527609,10.58797905
Casey Mize,KC,128,14.62768121,13.30760529
Casey Mize,SI,140,10.2697027,8.883966512
Casey Mize,SL,445,10.22109625,9.48396607
Casey Mize,SV,15,12.33513479,9.930019664
Chad Green,ALL,803,10.46412048,9.19877474
Chad Green,FC,6,11.97961092,9.441028808
Chad Green,FF,483,9.364209135,8.905231273
Chad Green,SL,314,12.00822222,10.23344807
Chad Kuhl,ALL,879,12.05624757,10.92779819
Chad Kuhl,CH,110,10.28412186,10.50629209
Chad Kuhl,FC,81,12.41743432,11.28790059
Chad Kuhl,FF,89,14.50495292,12.21151286
Chad Kuhl,SI,195,10.41688408,10.34703812
Chad Kuhl,SL,311,11.21779866,10.45685256
Chad Kuhl,ST,93,15.03546118,13.28488389
Charlie Morton,ALL,2703,10.97285831,9.940607745
Charlie Morton,CH,300,10.63894455,9.720731268
Charlie Morton,CU,1155,11.95995229,10.3031767
Charlie Morton,FC,208,10.49401637,9.911255587
Charlie Morton,FF,767,10.00966547,9.706584295
Charlie Morton,SI,273,10.17963654,9.856361027
Chase Anderson,ALL,884,10.37601705,9.559750978
Chase Anderson,CH,265,9.69419419,9.264493191
Chase Anderson,CU,33,11.25550266,9.500269144
Chase Anderson,FC,295,9.52080522,9.202265634
Chase Anderson,FF,149,12.46988993,10.04252369
Chase Anderson,SI,11,11.26839342,7.548322143
Chase Anderson,ST,131,13.32034136,11.89759869
Chase Shugart,ALL,97,9.203954835,8.312259572
Chase Shugart,CH,19,12.16564688,9.796842995
Chase Shugart,FC,23,5.831451933,5.994946921
Chase Shugart,FF,15,9.300875531,7.18001306
Chase Shugart,SI,14,8.493415317,8.431781861
Chase Shugart,ST,26,9.762783848,10.02831917
Chase Silseth,ALL,161,11.9978743,10.29217637
Chase Silseth,CU,5,16.81629487,16.17964735
Chase Silseth,FF,72,10.36762794,9.272424406
Chase Silseth,FS,29,9.796845523,10.02328132
Chase Silseth,SI,13,8.738617942,9.160479203
Chase Silseth,ST,42,15.73356924,13.83791282
Chasen Shreve,ALL,8,10.90004489,10.21493067
Chasen Shreve,FF,1,5.444177065,7.135358988
Chasen Shreve,FS,4,14.63169101,12.5156215
Chasen Shreve,ST,3,8.921786374,9.231418714
Chayce McDermott,ALL,81,12.02623123,11.07558582
Chayce McDermott,CH,16,19.26708251,12.6017371
Chayce McDermott,CU,8,10.46054015,7.561438635
Chayce McDermott,FF,33,9.646907289,11.06364463
Chayce McDermott,SL,19,13.89376728,14.74832737
Chayce McDermott,ST,5,5.510134312,9.804075184
Chris Bassitt,ALL,2724,11.07904921,9.783968781
Chris Bassitt,CH,140,13.25726613,10.76757831
Chris Bassitt,CU,372,12.73600934,11.2463097
Chris Bassitt,FC,545,9.839080388,9.423653633
Chris Bassitt,FF,121,10.22595998,9.958009543
Chris Bassitt,FS,122,17.22303773,12.72608499
Chris Bassitt,SI,1114,9.80512081,8.936962668
Chris Bassitt,SL,111,12.29330455,10.66564933
Chris Bassitt,ST,199,13.36106233,9.969669537
Chris Devenski,ALL,505,12.22604809,9.86630121
Chris Devenski,CH,238,15.34457334,10.17739648
Chris Devenski,FC,70,9.533167262,9.469205705
Chris Devenski,FF,145,8.878782768,8.928052347
Chris Devenski,SI,15,7.915414961,8.714360794
Chris Devenski,ST,37,15.27763627,12.48183617
Chris Flexen,ALL,2509,11.1355408,10.33082338
Chris Flexen,CH,400,11.84186965,11.52975993
Chris Flexen,CU,323,11.72747212,10.86204465
Chris Flexen,FC,651,9.613795937,9.357124267
Chris Flexen,FF,925,11.46160993,10.14913419
Chris Flexen,SI,1,17.93000937,19.21132193
Chris Flexen,SL,29,12.5191826,10.0538108
Chris Flexen,ST,180,12.15545963,11.20308338
Chris Martin,ALL,572,9.797866545,8.37818842
Chris Martin,FC,258,9.129265301,8.065232014
Chris Martin,FF,185,10.60134366,8.426856717
Chris Martin,FS,71,10.87305214,9.248821878
Chris Martin,SI,52,8.789957845,8.506933134
Chris Martin,ST,6,9.251761926,8.797596565
Chris Paddack,ALL,1358,10.00296725,8.332534708
Chris Paddack,CH,354,13.21163377,8.34619018
Chris Paddack,CU,181,15.32567471,12.42421373
Chris Paddack,FF,592,7.217101184,7.110747237
Chris Paddack,SL,231,11.34349526,11.32740494
Chris Roycroft,ALL,560,10.50568569,9.905626125
Chris Roycroft,FF,182,10.96054874,10.11359979
Chris Roycroft,SI,260,9.973827833,9.029230471
Chris Roycroft,ST,118,11.51946127,11.14896549
Chris Sale,ALL,2628,11.48019487,9.610035275
Chris Sale,CH,382,10.15324852,8.579744626
Chris Sale,FF,1008,12.83520387,9.535393674
Chris Sale,SI,194,10.33881005,8.945278447
Chris Sale,SL,1044,11.15146804,10.18360554
Chris Stratton,ALL,972,10.747533,10.17936186
Chris Stratton,CH,98,10.68985485,10.00213827
Chris Stratton,CU,218,12.67363802,11.15724429
Chris Stratton,FF,366,10.45074503,9.867561125
Chris Stratton,SI,91,10.18236153,8.662704015
Chris Stratton,SL,196,10.17000008,9.968915316
Chris Stratton,ST,3,16.54900892,12.7231383
Christian Scott,ALL,739,10.45004467,9.134236749
Christian Scott,FC,2,20.43750932,22.42267594
Christian Scott,FF,387,9.819647908,8.542762114
Christian Scott,FS,81,17.78732674,12.35610481
Christian Scott,SL,134,9.750228194,9.557663794
Christian Scott,ST,135,9.800365418,9.372146158
Cionel Pérez,ALL,794,11.51198969,10.40227868
Cionel Pérez,CU,1,15.21218695,7.77479834
Cionel Pérez,FF,190,9.968844565,9.850681554
Cionel Pérez,SI,308,11.22529829,10.09645501
Cionel Pérez,SV,295,14.02933706,11.0958827
Clarke Schmidt,ALL,1387,10.31407705,9.350335503
Clarke Schmidt,CH,7,6.507161525,7.130238638
Clarke Schmidt,FC,506,8.51267459,8.401246893
Clarke Schmidt,FF,1,14.39889755,16.85100598
Clarke Schmidt,KC,246,15.1262571,11.94839437
Clarke Schmidt,SI,275,10.7424813,9.792282052
Clarke Schmidt,SL,19,10.53287203,10.34701124
Clarke Schmidt,ST,333,9.762363676,8.382446912
Clay Holmes,ALL,1025,11.44689734,10.29261706
Clay Holmes,FF,9,9.66718789,10.07371531
Clay Holmes,SI,601,11.83129098,10.46985758
Clay Holmes,SL,235,10.78039553,9.657590887
Clay Holmes,ST,180,11.52024641,10.5875336
Clayton Andrews,ALL,15,13.27958003,13.57930697
Clayton Andrews,CH,9,13.27958003,13.57930697
Clayton Andrews,FF,1,15.58299414,12.45794656
Clayton Andrews,SI,2,11.15254122,9.474004779
Clayton Andrews,SL,3,12.0972597,14.32418721
Clayton Beeter,ALL,49,12.94624443,10.81021155
Clayton Beeter,FF,33,12.94624443,11.08466271
Clayton Beeter,SL,16,11.62054165,10.7230307
Clayton Kershaw,ALL,476,12.77459963,10.21055355
Clayton Kershaw,CH,2,6.550222332,6.639811037
Clayton Kershaw,CU,72,15.17027393,12.17644895
Clayton Kershaw,FF,166,16.31653119,10.28673635
Clayton Kershaw,FS,20,19.88654401,13.11231019
Clayton Kershaw,SI,5,11.52478842,16.30748664
Clayton Kershaw,SL,211,9.847799243,9.317013642
Cody Bolton,ALL,276,11.79321968,9.643143974
Cody Bolton,CH,35,16.30882014,10.87757146
Cody Bolton,FC,87,12.93818063,11.27890014
Cody Bolton,FF,11,7.446838341,8.409410734
Cody Bolton,SI,77,11.39915381,9.164878749
Cody Bolton,ST,66,9.283833145,8.151629397
Cody Bradford,ALL,1134,8.955252268,7.995193481
Cody Bradford,CH,312,9.455943665,9.022408093
Cody Bradford,CU,146,9.882718,8.744047598
Cody Bradford,FC,4,9.348192078,9.168156927
Cody Bradford,FF,593,8.274705358,7.428325625
Cody Bradford,SL,79,8.674944758,9.08806809
Cody Poteet,ALL,359,10.66732713,10.51344883
Cody Poteet,CH,72,12.80272964,10.54279234
Cody Poteet,CU,37,13.44949538,10.94217139
Cody Poteet,FF,103,11.12459522,11.15673982
Cody Poteet,SI,87,9.687456951,9.466860742
Cody Poteet,ST,60,8.926947271,9.428181363
Cole Irvin,ALL,1587,11.03587248,9.684993225
Cole Irvin,CH,208,11.66248623,9.008674911
Cole Irvin,CU,61,11.58577162,9.516036851
Cole Irvin,FC,188,9.9502217,9.424486508
Cole Irvin,FF,364,11.24335279,9.533796862
Cole Irvin,SI,365,11.49457377,9.330981633
Cole Irvin,SV,401,10.57373462,10.81674638
Cole Ragans,ALL,3143,11.60639543,10.4393137
Cole Ragans,CH,731,11.18968647,10.25705007
Cole Ragans,FC,359,10.95163223,10.5662212
Cole Ragans,FF,1326,11.33181592,9.670343835
Cole Ragans,KC,325,13.47245291,12.56754199
Cole Ragans,SI,4,15.2825899,10.12222678
Cole Ragans,SL,398,13.39764166,12.28480345
Cole Sands,ALL,1093,10.62477812,9.737317075
Cole Sands,CU,151,12.49580106,10.56384744
Cole Sands,FC,327,8.785507367,8.744108177
Cole Sands,FF,317,9.077027896,9.311359558
Cole Sands,FS,189,16.00841709,11.58613258
Cole Sands,SI,109,10.91199965,9.837058601
Cole Sulser,ALL,227,10.8357611,8.713546582
Cole Sulser,CH,49,21.12747124,11.863606
Cole Sulser,FC,37,8.140300403,7.872401055
Cole Sulser,FF,120,7.772597521,6.971809297
Cole Sulser,ST,21,13.36522178,12.11416771
Cole Tucker,ALL,9,23.77539818,12.50660356
Cole Tucker,EP,8,23.01155723,10.88915313
Cole Tucker,FA,1,28.41611993,29.77443216
Cole Winn,ALL,272,11.80217201,10.92257843
Cole Winn,CU,8,11.57461478,9.08714787
Cole Winn,FF,111,11.3877865,9.923123048
Cole Winn,FS,59,11.41250521,11.35735198
Cole Winn,SI,19,14.92183649,13.36584028
Cole Winn,SL,75,11.85187822,11.61556072
Colin Holderman,ALL,803,11.08432108,10.67085407
Colin Holderman,FC,207,11.4934572,11.0031666
Colin Holderman,FF,8,11.99831974,15.01266014
Colin Holderman,SI,205,9.575955235,9.411263284
Colin Holderman,ST,383,11.53702274,11.23113232
Colin Poche,ALL,499,12.61239303,11.36404269
Colin Poche,FF,341,11.4571529,11.36404269
Colin Poche,SL,158,15.12869048,11.31301897
Colin Rea,ALL,2270,10.5177736,9.06792651
Colin Rea,CH,214,13.98839845,10.04131864
Colin Rea,CU,98,12.19469263,9.639164647
Colin Rea,FC,433,8.821682489,8.530517658
Colin Rea,FF,452,9.726851326,8.866481474
Colin Rea,SI,696,9.76183977,8.798310337
Colin Rea,ST,377,12.80200365,10.93386979
Colin Selby,ALL,110,13.47917587,11.82431603
Colin Selby,FF,30,11.16100492,11.76306416
Colin Selby,KC,24,19.53960732,14.95861087
Colin Selby,SI,35,12.322338,10.0649885
Colin Selby,SL,21,12.36705898,11.96349636
Collin Snider,ALL,575,10.21549365,9.634218318
Collin Snider,FC,96,9.876894235,9.37182026
Collin Snider,FF,244,9.271702135,8.993022353
Collin Snider,SI,29,8.90266863,8.29940251
Collin Snider,ST,206,12.11763605,10.16775033
Colten Brewer,ALL,366,11.84545628,10.69294447
Colten Brewer,CU,105,16.87753105,15.79380321
Colten Brewer,FC,6,9.15245149,6.603059001
Colten Brewer,FF,147,10.49666354,9.025531791
Colten Brewer,SI,7,8.332219469,7.542151464
Colten Brewer,SL,98,9.261382883,10.13183921
Colten Brewer,ST,3,14.75316087,13.42859143
Connor Brogdon,ALL,92,12.95367097,9.766262834
Connor Brogdon,CH,35,11.67276118,9.821390949
Connor Brogdon,FC,17,14.62604865,12.09193303
Connor Brogdon,FF,40,12.93832869,9.647320263
Connor Gillispie,ALL,134,10.88351606,10.43702301
Connor Gillispie,CH,30,10.90926147,11.62866862
Connor Gillispie,FC,28,9.368450487,9.747882791
Connor Gillispie,FF,57,10.47032158,8.62313821
Connor Gillispie,ST,19,12.07330072,13.04892129
Cooper Criswell,ALL,1422,10.0134823,8.909325808
Cooper Criswell,CH,357,10.82398547,8.773582918
Cooper Criswell,FC,219,10.46315988,9.249470718
Cooper Criswell,SI,426,8.627991951,7.870166626
Cooper Criswell,SL,21,10.89522355,8.789246273
Cooper Criswell,ST,399,11.62767678,10.26136216
Corbin Burnes,ALL,2768,10.28360076,9.294397669
Corbin Burnes,CH,313,12.04784079,10.504739
Corbin Burnes,CU,605,11.00735481,10.31516619
Corbin Burnes,FC,1245,9.178541397,8.623085226
Corbin Burnes,FF,3,3.374891862,8.824802352
Corbin Burnes,SI,187,10.62207903,9.371602522
Corbin Burnes,SL,347,11.17604733,9.188911154
Corbin Burnes,ST,68,8.187974864,8.01822014
Craig Kimbrel,ALL,918,11.79946203,9.780973431
Craig Kimbrel,CH,5,8.127026187,11.60728969
Craig Kimbrel,FF,603,10.16350877,9.523276255
Craig Kimbrel,KC,271,13.92311144,10.2307745
Craig Kimbrel,ST,39,18.63018216,12.47018959
Cristian Javier,ALL,557,12.73328374,10.66942228
Cristian Javier,CH,151,12.73328374,9.980037592
Cristian Javier,FF,217,12.76391925,11.06970376
Cristian Javier,KC,23,13.46575424,13.22262857
Cristian Javier,ST,166,12.41418669,11.06446109
Cristian Mena,ALL,70,12.56487695,11.82306528
Cristian Mena,CH,8,13.2697382,10.48340129
Cristian Mena,CU,22,13.73223174,11.98026761
Cristian Mena,FF,27,9.622662106,11.83711604
Cristian Mena,SI,6,11.29438842,11.30849391
Cristian Mena,ST,7,11.74210069,10.1926706
Cristopher Sánchez,ALL,2472,10.40497949,9.545400417
Cristopher Sánchez,CH,881,11.73188187,10.27867579
Cristopher Sánchez,FC,5,22.79734055,18.61224161
Cristopher Sánchez,SI,1169,9.029604642,8.603495592
Cristopher Sánchez,SL,417,11.97527518,10.61602195
DJ Herz,ALL,1487,11.57199844,11.04120161
DJ Herz,CH,368,11.8911741,11.38035603
DJ Herz,FF,796,11.3486148,10.62720979
DJ Herz,KC,50,10.57273299,13.37734859
DJ Herz,SL,273,12.74286053,11.76229032
DL Hall,ALL,705,10.50345622,9.640346785
DL Hall,CH,147,11.4774532,10.12637979
DL Hall,CU,137,10.97875758,10.82287354
DL Hall,FC,2,10.91077099,9.808605353
DL Hall,FF,321,9.809162116,9.065059332
DL Hall,SI,3,5.929520953,5.16392023
DL Hall,SL,95,13.04238733,9.736506799
Dakota Hudson,ALL,1452,11.49538004,10.21914708
Dakota Hudson,CH,145,12.09153758,11.76205807
Dakota Hudson,CU,247,12.62406263,11.62877692
Dakota Hudson,FC,5,8.769698609,8.352741852
Dakota Hudson,FF,231,12.73602417,10.43131331
Dakota Hudson,SI,473,11.06450235,9.463791351
Dakota Hudson,SL,351,9.972841138,9.73927762
Dallas Keuchel,ALL,271,8.27732967,8.602347359
Dallas Keuchel,CH,80,12.54642028,10.671494
Dallas Keuchel,FC,35,8.030413266,6.315387738
Dallas Keuchel,SI,153,7.162949608,7.988011073
Dallas Keuchel,SL,3,13.81250204,8.927300062
Dan Altavilla,ALL,82,12.28605063,10.27700513
Dan Altavilla,CH,4,7.516944781,8.579141352
Dan Altavilla,FF,48,11.76205129,9.554203666
Dan Altavilla,SL,30,12.75253684,10.80327439
Dane Dunning,ALL,1603,10.95137599,9.812756903
Dane Dunning,CH,199,12.00392704,10.30367059
Dane Dunning,FC,304,10.01764706,9.451613882
Dane Dunning,FF,45,13.55445164,10.67661606
Dane Dunning,FO,1,19.41888008,20.4023128
Dane Dunning,KC,71,14.93761371,11.87323728
Dane Dunning,SI,608,9.913965397,9.21150312
Dane Dunning,SL,375,11.63593763,10.2414045
Daniel Duarte,ALL,54,10.83311242,8.623314876
Daniel Duarte,CH,8,15.06106651,7.020189657
Daniel Duarte,FC,8,10.71850564,7.704549053
Daniel Duarte,FF,14,8.099921766,9.752582454
Daniel Duarte,SI,4,10.69805974,10.07682446
Daniel Duarte,SL,3,8.274326763,6.272857545
Daniel Duarte,ST,17,12.19935742,8.924456807
Daniel Hudson,ALL,982,13.38188862,9.650698984
Daniel Hudson,CH,36,13.47504285,11.97697785
Daniel Hudson,FF,495,16.21798661,9.311809907
Daniel Hudson,SI,48,8.63667658,8.482015428
Daniel Hudson,SL,403,10.82501923,10.0542873
Daniel Lynch IV,ALL,574,10.9916655,9.761894039
Daniel Lynch IV,CH,121,10.57854179,9.653583979
Daniel Lynch IV,CU,1,18.26256512,13.81666104
Daniel Lynch IV,FC,3,7.364203738,6.616440921
Daniel Lynch IV,FF,206,10.82168234,9.636545342
Daniel Lynch IV,KC,31,9.932524455,9.534275523
Daniel Lynch IV,SI,58,10.77919944,8.578273698
Daniel Lynch IV,SL,154,11.47247492,10.90333435
Daniel Palencia,ALL,236,11.96398632,9.915231654
Daniel Palencia,FF,139,9.477023394,8.781880007
Daniel Palencia,FS,25,17.7844452,10.98425907
Daniel Palencia,SI,20,14.53301525,12.93480225
Daniel Palencia,SL,52,13.36920686,10.43169702
Daniel Robert,ALL,103,10.91358449,11.51894785
Daniel Robert,CH,1,25.78827462,23.37145143
Daniel Robert,FC,4,5.770989188,6.642784053
Daniel Robert,FF,46,11.10805597,11.60607013
Daniel Robert,SI,2,15.91913166,16.74963296
Daniel Robert,ST,50,10.87202973,11.39250963
Danny Coulombe,ALL,439,12.8601976,11.07408825
Danny Coulombe,FC,131,11.26912984,10.79039494
Danny Coulombe,FF,65,11.14860117,9.319722718
Danny Coulombe,KC,53,14.12340838,14.55840008
Danny Coulombe,SI,66,13.53939023,9.99844665
Danny Coulombe,ST,124,14.07978251,12.35608659
Danny Mendick,ALL,7,11.72508998,11.45858647
Danny Mendick,EP,1,17.72023334,9.550536862
Danny Mendick,FA,6,11.42494334,11.91572282
Danny Young,ALL,610,15.11730724,11.4585115
Danny Young,FC,4,12.78741954,17.47116263
Danny Young,SI,282,12.07487638,10.03413116
Danny Young,ST,324,17.70139629,12.8113855
Dany Jiménez,ALL,420,12.1013138,11.67164937
Dany Jiménez,CH,17,11.60769049,14.72532694
Dany Jiménez,FF,163,12.07222945,11.34039692
Dany Jiménez,SL,240,12.46579534,11.94578513
Darius Vines,ALL,244,10.27537057,9.777249654
Darius Vines,CH,77,8.798829701,9.423048645
Darius Vines,CU,14,15.06245631,15.49830768
Darius Vines,FC,31,10.92701414,8.275412236
Darius Vines,FF,90,9.783403101,10.11094313
Darius Vines,SL,32,8.391201934,10.65307486
Darren McCaughan,ALL,691,12.27299591,10.51070901
Darren McCaughan,CH,73,15.37205458,12.16203975
Darren McCaughan,FF,134,11.33868044,9.259661878
Darren McCaughan,SI,217,12.74664756,10.93516905
Darren McCaughan,ST,267,11.47577302,10.51070901
Daulton Jefferies,ALL,274,8.999280191,8.418656668
Daulton Jefferies,CH,40,15.21134944,9.614987674
Daulton Jefferies,FC,40,8.310238696,8.042390015
Daulton Jefferies,FF,26,6.254930377,7.194723927
Daulton Jefferies,SI,101,7.76749197,7.917666959
Daulton Jefferies,SL,67,9.826058783,8.605708486
David Bednar,ALL,1003,11.10724371,10.09675283
David Bednar,CU,201,13.47502787,11.99255588
David Bednar,FF,562,9.558393641,9.772991014
David Bednar,FS,240,13.5046434,9.978262554
David Bote,ALL,12,15.62801581,14.00273499
David Bote,EP,1,12.54338282,6.048741446
David Bote,FA,11,16.22885506,15.98560308
David Festa,ALL,1002,11.90501425,10.32143098
David Festa,CH,278,14.19217469,10.00259138
David Festa,FF,404,10.40116201,10.44663055
David Festa,SL,320,11.21509846,10.56765751
David Hensley,ALL,24,14.35494364,9.828140548
David Hensley,CU,1,31.10282078,30.93419651
David Hensley,FA,23,13.95654275,9.033873695
David Peterson,ALL,1789,11.92145318,9.434730618
David Peterson,CH,295,15.98918707,10.22748659
David Peterson,CU,131,16.73619636,11.11525084
David Peterson,FF,475,9.672028671,8.668735166
David Peterson,SI,558,10.08740878,8.599346394
David Peterson,SL,330,14.87853091,11.25749637
David Robertson,ALL,1182,11.50968092,9.9707426
David Robertson,CH,21,11.30135725,14.83978299
David Robertson,CU,2,18.14531557,20.44417194
David Robertson,FC,748,10.20486001,9.338721652
David Robertson,FF,2,19.2425886,18.3978516
David Robertson,KC,313,14.28918643,10.86538475
David Robertson,SI,17,13.74760115,12.22705036
David Robertson,SL,79,13.47304165,10.5649319
Davis Daniel,ALL,494,10.72000018,9.031593975
Davis Daniel,CH,85,10.75618663,9.152617413
Davis Daniel,CU,38,13.60077162,13.8963324
Davis Daniel,FF,234,10.69601337,9.012389447
Davis Daniel,FS,18,8.140576229,7.886185561
Davis Daniel,SL,119,10.45748047,8.289017861
Davis Martin,ALL,822,10.90663106,9.726667201
Davis Martin,CH,158,10.6300464,10.37115367
Davis Martin,CU,60,13.99891358,12.2985393
Davis Martin,FF,236,12.05455974,9.639600892
Davis Martin,SL,149,9.645540007,8.708274529
Davis Martin,ST,219,9.628856954,9.605703142
Daysbel Hernández,ALL,294,12.08802213,10.25885429
Daysbel Hernández,FF,128,11.47401521,10.20325232
Daysbel Hernández,SI,5,11.80155486,6.575491121
Daysbel Hernández,SL,161,12.95310615,10.51912564
Dean Kremer,ALL,1912,11.02530608,9.879745654
Dean Kremer,CU,215,12.37961632,12.14110297
Dean Kremer,FC,444,10.36358411,9.310144089
Dean Kremer,FF,617,10.35415673,9.342946774
Dean Kremer,FS,336,12.39861071,11.2589833
Dean Kremer,SI,300,10.75895441,8.845293008
Declan Cronin,ALL,1040,11.51512573,10.33078568
Declan Cronin,CH,1,9.345398697,6.872342851
Declan Cronin,FF,73,11.72392015,9.567915624
Declan Cronin,SI,428,10.93903956,9.862753924
Declan Cronin,SL,530,11.82454808,10.69269219
Declan Cronin,ST,8,24.24325775,17.32817424
Dedniel Núñez,ALL,499,11.19215213,9.638740198
Dedniel Núñez,CH,16,13.15944854,9.680518918
Dedniel Núñez,CU,1,9.333881556,16.51109087
Dedniel Núñez,FF,238,8.626038764,8.352602216
Dedniel Núñez,SL,244,14.23416881,10.48109013
Deivi García,ALL,261,14.14680933,13.10490758
Deivi García,CH,32,12.61173287,12.61634871
Deivi García,CU,39,16.53418688,15.83539392
Deivi García,FF,145,13.28732281,11.86387283
Deivi García,ST,45,16.41158932,14.57576033
Dennis Santana,ALL,1094,11.14054711,10.42806389
Dennis Santana,CH,92,13.3297489,10.92830733
Dennis Santana,CU,2,7.245083421,8.510461687
Dennis Santana,FC,214,10.02663693,9.808741414
Dennis Santana,FF,290,11.10375631,11.07003691
Dennis Santana,SI,144,10.83608242,9.846314243
Dennis Santana,SL,352,11.7252805,10.53354228
Derek Law,ALL,1258,10.72231352,10.15425412
Derek Law,CH,60,9.235948823,8.565557925
Derek Law,CU,47,16.33498113,14.08841542
Derek Law,FC,468,9.918509857,9.486032443
Derek Law,FF,174,11.54713222,9.852750775
Derek Law,SI,126,11.74675869,10.73527437
Derek Law,SL,383,10.91086499,10.32046636
Devin Williams,ALL,364,12.85568228,9.789623375
Devin Williams,CH,168,13.36917318,9.832541841
Devin Williams,FF,196,11.85700855,9.674841196
Diego Castillo,ALL,136,11.97609983,11.26282282
Diego Castillo,CH,1,32.18367748,33.54190152
Diego Castillo,FF,8,11.25229116,10.70716678
Diego Castillo,SI,36,10.68050208,9.766738206
Diego Castillo,SL,91,12.77667284,11.69602693
Dillon Tate,ALL,571,11.05578123,10.44176943
Dillon Tate,CH,74,13.28020477,11.55399928
Dillon Tate,FF,1,16.01413167,19.8844294
Dillon Tate,SI,307,9.40066588,8.950390449
Dillon Tate,ST,189,12.75538395,12.78456469
Dinelson Lamet,ALL,68,16.80808078,12.81628164
Dinelson Lamet,CH,1,8.854970347,11.31832766
Dinelson Lamet,FF,33,17.8582092,12.799807
Dinelson Lamet,SI,3,12.50989237,13.25300524
Dinelson Lamet,SL,31,14.83350279,13.70252576
Domingo Germán,ALL,343,11.9892729,10.77822883
Domingo Germán,CH,77,9.455434049,9.649916227
Domingo Germán,CU,111,12.96473587,10.77822883
Domingo Germán,FF,141,12.54022408,11.09254358
Domingo Germán,SI,14,14.3669396,13.1547089
Dominic Leone,ALL,329,12.88985085,9.688529702
Dominic Leone,CH,86,13.12043325,9.152987933
Dominic Leone,FC,51,11.75248696,9.487455305
Dominic Leone,FF,85,14.81175503,11.44370995
Dominic Leone,SI,29,9.174750225,6.378522343
Dominic Leone,SL,64,14.55860993,11.53260867
Dominic Leone,ST,14,11.70635332,8.723010373
Dominic Smith,ALL,29,16.43517076,15.39207057
Dominic Smith,EP,28,16.25561511,14.883482
Dominic Smith,FA,1,31.89635483,24.76054217
Donovan Walton,ALL,12,11.35987141,10.11392505
Donovan Walton,FA,12,11.35987141,10.11392505
Drew Rasmussen,ALL,423,10.44673129,8.777276433
Drew Rasmussen,FC,113,13.49616569,9.798171402
Drew Rasmussen,FF,163,8.243918726,8.161353441
Drew Rasmussen,SI,123,10.44437448,8.350884416
Drew Rasmussen,ST,24,18.35227586,12.81616812
Drew Smith,ALL,307,10.76025671,10.4107445
Drew Smith,CH,15,18.01134186,14.02892584
Drew Smith,CU,24,16.17841759,13.41265523
Drew Smith,FC,83,10.39253383,10.44996907
Drew Smith,FF,141,10.03924952,9.881828479
Drew Smith,SL,44,10.17963938,10.0989176
Drew Smyly,ALL,928,12.09115575,10.39437756
Drew Smyly,FC,30,13.34438281,8.537304394
Drew Smyly,FF,3,17.71176936,14.61334617
Drew Smyly,KC,455,15.11176738,11.73711712
Drew Smyly,SI,439,9.960438509,9.314070651
Drew Smyly,ST,1,9.700985326,9.148261564
Drew Thorpe,ALL,659,10.44548632,9.492393116
Drew Thorpe,CH,237,10.25303757,9.124309146
Drew Thorpe,FC,95,9.850482807,10.27477682
Drew Thorpe,FF,209,10.64708246,10.19412147
Drew Thorpe,SL,95,9.807329654,7.988470818
Drew Thorpe,ST,23,13.06050859,10.56864402
Dylan Cease,ALL,2990,11.56489218,10.27995828
Dylan Cease,CH,23,19.72444794,17.62833372
Dylan Cease,FC,19,6.990175563,7.770286232
Dylan Cease,FF,1317,10.12274266,9.781923546
Dylan Cease,KC,223,13.30527257,11.25913025
Dylan Cease,SI,2,7.223498395,7.464791637
Dylan Cease,SL,1283,12.62596564,10.45676927
Dylan Cease,ST,123,12.99722165,11.59648142
Dylan Coleman,ALL,16,13.28251913,14.30583054
Dylan Coleman,FC,5,7.454299039,8.18356842
Dylan Coleman,FF,10,13.28251913,14.30583054
Dylan Coleman,ST,1,33.12392236,27.80333571
Dylan Dodd,ALL,33,8.651784177,8.681092247
Dylan Dodd,CH,5,21.24986794,18.09390183
Dylan Dodd,FC,7,11.57849622,11.72915368
Dylan Dodd,FF,14,7.025391714,7.228259388
Dylan Dodd,SL,7,6.633807997,4.982522833
Dylan Floro,ALL,979,10.23798437,8.956347756
Dylan Floro,CH,94,10.65850793,8.560045303
Dylan Floro,FF,139,12.17099419,9.849850432
Dylan Floro,SI,486,9.081165094,8.494900016
Dylan Floro,SL,260,11.09229486,9.438879479
Dylan Lee,ALL,797,10.73910663,8.922304078
Dylan Lee,CH,97,8.906911043,8.134022208
Dylan Lee,FF,256,10.13471878,8.629601396
Dylan Lee,SL,444,11.43372999,9.51569665
Easton Lucas,ALL,241,11.13380107,10.51118029
Easton Lucas,CH,12,15.1716374,12.95222996
Easton Lucas,FC,51,10.13917014,10.00126798
Easton Lucas,FF,129,10.69791922,10.50547227
Easton Lucas,SL,5,10.52929391,7.777552753
Easton Lucas,ST,44,12.66552682,11.26818482
Eddy Alvarez,ALL,11,13.22435645,16.14592894
Eddy Alvarez,CH,2,12.02386407,10.48551128
Eddy Alvarez,CU,2,30.53791594,30.90731669
Eddy Alvarez,SL,7,13.22435645,16.14592894
Edgardo Henriquez,ALL,59,12.92282827,12.53976466
Edgardo Henriquez,FC,3,5.250941729,7.86097672
Edgardo Henriquez,FF,38,14.46632918,12.98745893
Edgardo Henriquez,SL,18,14.20413804,15.32314399
Eduard Bazardo,ALL,415,11.83497456,9.828748776
Eduard Bazardo,FF,115,10.08038236,10.25653372
Eduard Bazardo,FS,32,13.96198016,10.28608318
Eduard Bazardo,SI,75,10.41101946,10.17497967
Eduard Bazardo,ST,193,12.72713372,9.57731134
Eduardo Rodriguez,ALL,840,9.319583919,8.679608015
Eduardo Rodriguez,CH,190,11.3687726,9.376755831
Eduardo Rodriguez,FC,162,8.869299551,7.733258965
Eduardo Rodriguez,FF,359,8.657220465,8.458634558
Eduardo Rodriguez,SI,71,8.824639424,8.283849338
Eduardo Rodriguez,SL,58,10.36871517,9.506624707
Eduardo Salazar,ALL,414,11.46648288,10.80620364
Eduardo Salazar,FF,31,12.76436145,9.085439057
Eduardo Salazar,SI,209,10.31329012,10.03804497
Eduardo Salazar,SL,174,13.64166081,11.45625918
Edward Cabrera,ALL,1614,11.2028935,10.26779923
Edward Cabrera,CH,520,11.1709361,9.838180588
Edward Cabrera,CU,357,11.88072013,10.99223235
Edward Cabrera,FF,453,10.62324632,10.21136745
Edward Cabrera,SI,149,10.9011057,9.128311747
Edward Cabrera,SL,135,12.07495574,10.97654163
Edwin Díaz,ALL,867,12.53195559,11.10369167
Edwin Díaz,FF,450,11.97285866,10.93631339
Edwin Díaz,SL,417,13.13363415,11.43361663
Edwin Uceta,ALL,637,11.22461754,9.667845289
Edwin Uceta,CH,214,15.72860124,10.42311181
Edwin Uceta,CU,4,22.07925572,14.12487286
Edwin Uceta,FC,138,8.891437803,8.98927559
Edwin Uceta,FF,255,9.519124035,9.471135578
Edwin Uceta,SI,1,9.821596644,11.12340949
Edwin Uceta,ST,25,8.191402764,10.95549077
Eli Morgan,ALL,675,10.75412809,9.599040223
Eli Morgan,CH,159,10.23873551,9.160344626
Eli Morgan,FF,279,11.77238428,9.493399568
Eli Morgan,SL,237,10.3878183,9.872183384
Eli Villalobos,ALL,70,14.41748528,11.66242573
Eli Villalobos,FF,38,12.02889034,10.87580351
Eli Villalobos,FS,10,16.1515474,12.49586964
Eli Villalobos,SL,22,15.74122078,14.74495566
Elieser Hernández,ALL,145,11.53202092,10.40720379
Elieser Hernández,CH,21,11.43612817,10.72449331
Elieser Hernández,FC,38,14.22642341,12.96820161
Elieser Hernández,FF,68,12.45442341,10.03215019
Elieser Hernández,SI,12,9.85420301,10.7812733
Elieser Hernández,SL,6,8.272175577,6.541294584
Elvis Peguero,ALL,741,12.37464804,10.10431756
Elvis Peguero,SI,366,11.35632225,10.08108693
Elvis Peguero,SL,375,13.28766836,10.17604581
Emerson Hancock,ALL,923,10.71129859,9.140143749
Emerson Hancock,CH,204,12.67090601,9.923952624
Emerson Hancock,FC,54,10.29607213,7.156819076
Emerson Hancock,FF,301,9.18203362,9.021466614
Emerson Hancock,SI,263,10.39729597,8.993721567
Emerson Hancock,SL,100,13.11110163,9.530333753
Emerson Hancock,ST,1,31.86232921,27.76078465
Emilio Pagán,ALL,576,10.39473169,9.707340246
Emilio Pagán,FC,158,9.646069521,9.770978081
Emilio Pagán,FF,332,9.882095721,9.158832715
Emilio Pagán,FS,86,13.13452488,11.77421179
Emmanuel Clase,ALL,1090,9.807451355,9.459427613
Emmanuel Clase,FC,851,9.57205662,9.339295345
Emmanuel Clase,SI,20,6.830775959,7.367201797
Emmanuel Clase,SL,219,11.05224972,10.57899617
Emmanuel Ramirez,ALL,359,12.46964829,10.60788089
Emmanuel Ramirez,FF,192,10.28098947,9.637182133
Emmanuel Ramirez,FS,132,16.31155742,11.95518693
Emmanuel Ramirez,SL,35,16.9323603,15.3926825
Emmanuel Rivera,ALL,49,11.75036552,10.48558606
Emmanuel Rivera,CH,12,12.50108234,13.60165778
Emmanuel Rivera,EP,25,11.17880947,9.834285112
Emmanuel Rivera,FA,12,11.04400795,11.85190116
Enoli Paredes,ALL,244,12.88334284,12.0099643
Enoli Paredes,FF,97,12.93196525,12.16287907
Enoli Paredes,SI,52,16.15273514,11.57991123
Enoli Paredes,SL,95,11.45008481,11.90775738
Enrique Hernández,ALL,39,16.11558464,13.08267946
Enrique Hernández,CS,3,13.15781124,14.70596633
Enrique Hernández,EP,35,16.11558464,12.06386673
Enrique Hernández,FA,1,41.33446732,26.41159586
Enyel De Los Santos,ALL,1069,11.64042885,9.432071684
Enyel De Los Santos,CH,84,13.02048058,11.83834901
Enyel De Los Santos,FF,525,11.13124021,8.772613787
Enyel De Los Santos,SI,1,10.03017832,5.711869362
Enyel De Los Santos,SL,459,11.78172122,9.582847129
Erasmo Ramírez,ALL,285,12.27679155,10.79565163
Erasmo Ramírez,CH,19,21.54927911,15.03848835
Erasmo Ramírez,CU,28,14.69468731,11.16072238
Erasmo Ramírez,FC,114,12.11787971,11.67297834
Erasmo Ramírez,FF,14,8.634754008,9.505824673
Erasmo Ramírez,SI,110,11.25860873,9.516929891
Eric Orze,ALL,40,15.03532268,11.11821424
Eric Orze,FF,17,18.31428368,13.95097489
Eric Orze,FS,19,11.49830046,8.980309526
Eric Orze,SL,4,19.00971427,18.3758769
Erick Fedde,ALL,2693,10.12352847,9.005096091
Erick Fedde,CH,450,12.03130806,9.162045228
Erick Fedde,FC,863,9.427461076,8.830085315
Erick Fedde,FF,17,10.28147795,9.147704545
Erick Fedde,SI,816,9.995724243,8.912117476
Erick Fedde,ST,547,10.16078895,9.228840504
Erik Miller,ALL,1162,11.12981128,10.28687878
Erik Miller,CH,392,11.26633249,10.05196322
Erik Miller,CU,1,2.40581925,2.079789789
Erik Miller,FF,582,10.72761498,10.04614651
Erik Miller,ST,187,12.54941016,12.31598174
Erik Sabrowski,ALL,284,11.4037684,10.13817138
Erik Sabrowski,CU,69,12.70625599,11.17765387
Erik Sabrowski,FF,150,11.21293817,10.41747747
Erik Sabrowski,SL,65,11.17428649,9.527313813
Erik Swanson,ALL,637,11.73900185,10.26808406
Erik Swanson,FF,315,9.922199941,9.729942356
Erik Swanson,FS,198,13.80790364,10.52494131
Erik Swanson,SL,124,11.92585678,11.46944034
Ernie Clement,ALL,9,10.39364362,8.545666491
Ernie Clement,FA,9,10.39364362,8.545666491
Ethan Roberts,ALL,458,11.28411614,10.21239692
Ethan Roberts,FC,149,11.53921196,9.692922584
Ethan Roberts,SI,38,10.43203912,10.13968969
Ethan Roberts,ST,271,11.35365617,10.43962811
Evan Justice,ALL,8,16.0869808,12.73095295
Evan Justice,FF,7,16.9500422,14.36194951
Evan Justice,SL,1,3.651823634,2.856159373
Evan Kravetz,ALL,4,11.66772833,10.54479149
Evan Kravetz,FF,2,16.53345237,16.55145376
Evan Kravetz,FS,1,1.780806747,6.949923155
Evan Kravetz,KC,1,18.67488644,14.13965983
Evan Phillips,ALL,875,12.36303244,9.674045307
Evan Phillips,FC,129,10.59873034,10.05816256
Evan Phillips,FF,324,13.98843757,8.981602009
Evan Phillips,SI,83,11.71425866,9.446642567
Evan Phillips,ST,339,11.99063835,10.25762386
Fernando Cruz,ALL,1052,12.07044363,11.26184364
Fernando Cruz,CH,1,13.12251714,7.415797767
Fernando Cruz,FC,268,10.41722042,10.40972977
Fernando Cruz,FF,344,11.17085327,10.45114631
Fernando Cruz,FS,435,14.35546137,13.36850069
Fernando Cruz,SI,2,12.36159789,13.7736461
Fernando Cruz,SL,2,20.71833503,18.26214239
Forrest Whitley,ALL,94,11.99280619,10.97080637
Forrest Whitley,CH,2,26.96941246,24.81678891
Forrest Whitley,CU,17,10.42360826,10.07612276
Forrest Whitley,FC,5,8.464785264,6.753263864
Forrest Whitley,FF,14,13.06570632,11.45300588
Forrest Whitley,FS,2,22.06253639,18.61791777
Forrest Whitley,SI,50,12.1322584,10.67732917
Forrest Whitley,SV,4,16.28604395,12.15065499
Framber Valdez,ALL,2467,11.5337759,10.2255545
Framber Valdez,CH,427,12.16802951,9.919964189
Framber Valdez,CU,786,13.47258873,11.16973796
Framber Valdez,FF,18,12.91986424,13.59515861
Framber Valdez,SI,1124,9.950080232,9.589785907
Framber Valdez,SL,112,13.96602309,12.13001681
Frankie Montas,ALL,2450,10.37873513,9.343554386
Frankie Montas,FC,443,9.178656511,9.092008078
Frankie Montas,FF,814,10.40008233,9.304653877
Frankie Montas,FS,460,14.06258644,10.57363514
Frankie Montas,SI,475,8.407540976,8.625229326
Frankie Montas,SL,151,10.02415957,8.730735545
Frankie Montas,ST,107,10.61486387,8.876649471
Fraser Ellard,ALL,404,11.44073289,11.20958575
Fraser Ellard,CH,15,12.9873712,10.79333286
Fraser Ellard,FC,36,9.605511066,10.58035917
Fraser Ellard,FF,227,11.04321737,10.77390395
Fraser Ellard,SI,34,8.520406263,8.253446199
Fraser Ellard,SL,92,15.32542626,14.02143265
Freddy Peralta,ALL,2691,12.97832206,10.51382021
Freddy Peralta,CH,482,14.09533431,10.45321288
Freddy Peralta,CU,175,13.59342594,13.48589183
Freddy Peralta,FF,1462,12.97406789,10.21880762
Freddy Peralta,SI,2,12.11307894,11.05288788
Freddy Peralta,SL,555,11.90375995,10.60164027
Freddy Peralta,ST,15,11.49818099,13.57138851
Gabe Speier,ALL,380,11.91347838,10.23357867
Gabe Speier,CH,3,11.96398502,9.270112082
Gabe Speier,FF,132,9.61734095,9.892375497
Gabe Speier,SI,131,12.26961024,10.36507101
Gabe Speier,SL,108,14.69887413,10.78135664
Gabe Speier,ST,6,19.82531016,12.96579052
Garrett Cleavinger,ALL,1004,11.77698338,10.31239942
Garrett Cleavinger,FC,254,11.33461705,9.431370122
Garrett Cleavinger,FF,248,11.46566698,11.21215845
Garrett Cleavinger,SI,96,9.684612722,9.977749105
Garrett Cleavinger,SL,237,11.91667728,9.334795224
Garrett Cleavinger,ST,169,14.25498708,11.50497817
Garrett Crochet,ALL,2173,11.39671686,9.983303171
Garrett Crochet,CH,135,12.57247683,11.06085421
Garrett Crochet,FC,611,10.40002807,10.44882861
Garrett Crochet,FF,1170,11.63900784,9.576624654
Garrett Crochet,SI,47,10.56596208,9.493398229
Garrett Crochet,ST,210,12.50586458,11.19120136
Garrett Hampson,ALL,13,19.93286953,17.39140877
Garrett Hampson,CU,8,19.64188567,17.76482272
Garrett Hampson,SL,5,21.22417177,16.77342427
Garrett Stubbs,ALL,42,13.93035446,10.95095306
Garrett Stubbs,CS,2,23.21235132,9.894753369
Garrett Stubbs,EP,33,13.22355529,10.86753104
Garrett Stubbs,FA,7,14.3139523,12.36920045
Garrett Whitlock,ALL,216,9.662631865,8.678985489
Garrett Whitlock,CH,58,8.763443631,8.83375209
Garrett Whitlock,FC,34,10.55967505,8.983974285
Garrett Whitlock,SI,49,8.373557482,7.517692001
Garrett Whitlock,SL,36,10.49072942,9.521917662
Garrett Whitlock,ST,39,9.721642525,9.659587911
Gavin Hollowell,ALL,28,12.06084764,10.29418273
Gavin Hollowell,FF,14,12.06084764,9.311509303
Gavin Hollowell,SI,2,15.82324339,11.59375249
Gavin Hollowell,ST,12,10.45412044,8.9543322
Gavin Stone,ALL,2027,10.58176663,9.266238244
Gavin Stone,CH,545,10.08114485,9.806802446
Gavin Stone,CU,84,10.86954564,9.900225175
Gavin Stone,FC,108,9.331007837,8.862487555
Gavin Stone,FF,527,11.71053443,9.512367661
Gavin Stone,SI,435,10.37624605,8.127965302
Gavin Stone,SL,295,10.5920935,9.029550179
Gavin Stone,ST,33,9.532279293,10.77109768
Gavin Williams,ALL,1278,10.4990118,9.684477483
Gavin Williams,CH,68,14.19343494,11.49784893
Gavin Williams,CU,255,14.33510947,12.93947922
Gavin Williams,FC,166,9.761456347,8.960862019
Gavin Williams,FF,663,9.438840092,8.569333647
Gavin Williams,SL,126,11.05265618,10.47495053
Geoff Hartlieb,ALL,130,10.57222723,9.992859994
Geoff Hartlieb,FC,35,10.88827523,10.02306733
Geoff Hartlieb,FF,36,12.37888574,9.842664905
Geoff Hartlieb,SI,34,10.03863325,10.61968407
Geoff Hartlieb,SL,25,10.49478958,9.046788337
George Kirby,ALL,2800,9.774203377,8.616218052
George Kirby,FC,10,10.44911827,9.539508609
George Kirby,FF,962,8.834676787,8.148797624
George Kirby,FS,289,13.82215928,11.12614129
George Kirby,KC,226,12.3791197,10.15276959
George Kirby,KN,1,24.13655955,20.9630588
George Kirby,SI,640,9.24490703,7.997459942
George Kirby,ST,672,9.902937803,8.876420804
George Soriano,ALL,496,11.19681904,10.30849226
George Soriano,CH,89,11.29798819,10.60337822
George Soriano,FF,214,11.62066375,10.276048
George Soriano,SL,4,17.67374563,13.85204969
George Soriano,ST,189,10.2995363,10.10656434
Gerardo Reyes,ALL,78,12.35840004,11.45635243
Gerardo Reyes,FC,6,18.05060002,18.67439997
Gerardo Reyes,FF,48,9.904476954,10.4594819
Gerardo Reyes,SL,24,14.83539737,12.01332191
Germán Márquez,ALL,67,11.07811294,10.05794824
Germán Márquez,CH,2,19.976476,18.66869648
Germán Márquez,FF,27,11.07811294,9.814939964
Germán Márquez,KC,13,14.53024366,8.152488945
Germán Márquez,SI,6,8.373227609,9.597907707
Germán Márquez,SL,19,10.6737315,10.96467121
Gerrit Cole,ALL,1635,10.02719839,8.752134641
Gerrit Cole,CH,66,11.88027412,11.04092071
Gerrit Cole,FC,254,7.794445467,7.999790076
Gerrit Cole,FF,747,10.75106801,8.409514173
Gerrit Cole,KC,307,11.51915179,10.41271383
Gerrit Cole,SI,29,9.829424627,10.00000227
Gerrit Cole,SL,232,9.074959329,8.691816911
Gerson Garabito,ALL,480,11.09284025,10.21204192
Gerson Garabito,CH,57,15.35225809,10.92540909
Gerson Garabito,CU,160,10.58187523,9.828332235
Gerson Garabito,FF,185,11.0556292,10.26240667
Gerson Garabito,SI,54,9.722806122,8.82104906
Gerson Garabito,SL,24,15.16099073,14.04389479
Giovanny Gallegos,ALL,366,12.0323225,11.02994607
Giovanny Gallegos,CH,25,13.90919236,12.11904842
Giovanny Gallegos,FF,164,11.26691606,9.99765142
Giovanny Gallegos,SI,1,10.56778263,11.80790646
Giovanny Gallegos,SL,176,13.11404366,11.40297723
Gordon Graceffo,ALL,103,12.52631659,9.906552645
Gordon Graceffo,CH,24,10.33823648,8.47678154
Gordon Graceffo,CU,16,12.203632,10.62785726
Gordon Graceffo,FF,43,14.4028643,10.71081981
Gordon Graceffo,SL,20,11.91671706,9.356837052
Grae Kessinger,ALL,11,8.481336037,8.500040629
Grae Kessinger,FA,11,8.481336037,8.500040629
Graham Ashcraft,ALL,1206,11.08418545,10.61120835
Graham Ashcraft,CH,59,15.23748828,13.60951858
Graham Ashcraft,FC,590,9.938656311,9.387284228
Graham Ashcraft,SI,178,11.85071755,11.64613677
Graham Ashcraft,SL,379,11.62165146,11.69680394
Grant Anderson,ALL,470,9.167513576,8.525934378
Grant Anderson,CH,35,13.65277942,10.9850981
Grant Anderson,FC,14,10.54878294,9.273892152
Grant Anderson,FF,132,9.734943046,9.350009026
Grant Anderson,SI,112,8.774489841,8.421654103
Grant Anderson,SL,177,7.538344623,6.933131546
Grant Hartwig,ALL,110,12.81693189,11.62668
Grant Hartwig,CH,6,23.36151102,21.30050903
Grant Hartwig,FC,23,12.94933059,10.56773016
Grant Hartwig,FF,5,10.60072158,11.5926593
Grant Hartwig,SI,38,11.21248817,10.98173969
Grant Hartwig,ST,38,13.06896725,12.34618121
Grant Holman,ALL,284,10.80859408,9.901319415
Grant Holman,FF,150,8.701236105,9.010077746
Grant Holman,FS,95,12.73569753,10.77088667
Grant Holman,SL,39,11.37867292,9.215391067
Grant Holmes,ALL,992,10.60344876,9.301299347
Grant Holmes,CH,11,14.8868221,7.613411263
Grant Holmes,CU,205,11.01838608,9.495271461
Grant Holmes,FC,79,11.14756971,10.17971735
Grant Holmes,FF,377,10.53589799,8.949252594
Grant Holmes,SL,320,9.964127483,9.449099978
Grayson Rodriguez,ALL,1700,10.42543956,9.54972053
Grayson Rodriguez,CH,357,10.83103441,9.558386663
Grayson Rodriguez,CU,253,11.79373159,11.31130877
Grayson Rodriguez,FF,821,10.00958496,8.990876466
Grayson Rodriguez,SL,269,10.1544815,9.869865625
Greg Weissert,ALL,969,10.42498684,9.269197276
Greg Weissert,CH,89,17.33692177,11.27549724
Greg Weissert,FC,16,10.0864598,9.958331834
Greg Weissert,FF,207,11.10691009,8.947144788
Greg Weissert,SI,325,9.13720012,8.888807749
Greg Weissert,SL,55,9.558674613,9.68809849
Greg Weissert,ST,277,9.897890877,9.067008539
Gregory Santos,ALL,102,10.29945173,9.998696698
Gregory Santos,CH,5,7.687798503,11.13281746
Gregory Santos,FF,2,13.52286532,13.07440186
Gregory Santos,SI,36,11.07149001,9.27824071
Gregory Santos,SL,59,10.24124174,10.2619505
Gregory Soto,ALL,858,11.73310537,11.28495975
Gregory Soto,FC,7,9.472697905,10.66527225
Gregory Soto,FF,99,12.79370547,13.11984091
Gregory Soto,SI,409,11.31732616,10.23651879
Gregory Soto,SL,282,12.9381207,11.71306864
Gregory Soto,ST,61,12.4665474,12.17077372
Griffin Canning,ALL,2699,11.46315329,10.0614342
Griffin Canning,CH,723,9.816026905,9.170963873
Griffin Canning,FF,968,11.82051064,10.12420353
Griffin Canning,KC,292,13.63093405,11.71755829
Griffin Canning,SI,38,10.28271474,10.54316788
Griffin Canning,SL,678,11.86013973,10.5448925
Griffin Jax,ALL,977,10.4339989,8.93821872
Griffin Jax,CH,168,12.27906572,9.973943004
Griffin Jax,CU,61,14.41705516,11.7975173
Griffin Jax,FF,295,7.563085901,7.160632958
Griffin Jax,SI,92,8.954226028,8.064885308
Griffin Jax,ST,361,11.18632276,9.540756291
Guillo Zuñiga,ALL,248,12.4405679,10.90117253
Guillo Zuñiga,CH,30,13.27100165,11.74383814
Guillo Zuñiga,FF,78,12.30295291,8.913661408
Guillo Zuñiga,SI,82,9.323311989,9.789079008
Guillo Zuñiga,SL,58,15.91199907,13.74611811
Gus Varland,ALL,434,11.74318861,10.20482838
Gus Varland,CH,23,18.49569997,18.40871323
Gus Varland,FF,246,11.28213689,9.78740449
Gus Varland,SI,5,14.17863535,10.99757563
Gus Varland,SL,160,11.58533791,10.08154625
Génesis Cabrera,ALL,992,11.85240609,10.18146006
Génesis Cabrera,CH,77,14.69394618,12.12802537
Génesis Cabrera,CU,121,14.1319376,11.66420049
Génesis Cabrera,FC,390,13.46618396,10.5031159
Génesis Cabrera,FF,188,10.01002499,8.806283231
Génesis Cabrera,SI,216,9.466580586,10.01977537
Hans Crouse,ALL,409,11.76309198,10.98884869
Hans Crouse,CH,48,13.28473719,12.83679591
Hans Crouse,FF,1,32.13632661,37.43010163
Hans Crouse,SI,194,11.81279282,10.6432319
Hans Crouse,SL,166,11.487538,11.02279896
Hayden Birdsong,ALL,1342,12.66152139,11.34915154
Hayden Birdsong,CH,250,12.81412474,12.20332141
Hayden Birdsong,CU,246,14.05815501,13.06839063
Hayden Birdsong,FF,599,12.49455522,10.43305798
Hayden Birdsong,SL,247,11.78199777,11.75194583
Hayden Wesneski,ALL,1024,11.1351648,9.971468558
Hayden Wesneski,CH,30,10.09815272,9.773781513
Hayden Wesneski,FC,92,9.508343999,9.049245565
Hayden Wesneski,FF,365,11.0741897,9.793651848
Hayden Wesneski,SI,122,8.604695515,8.711370291
Hayden Wesneski,ST,415,12.64152088,11.63805653
Hoby Milner,ALL,836,9.282435748,8.389511967
Hoby Milner,CH,110,8.801145242,7.711188813
Hoby Milner,FF,192,10.29695698,8.147264482
Hoby Milner,SI,268,8.873286879,8.266714731
Hoby Milner,ST,261,9.7763015,8.815154022
Hoby Milner,SV,5,7.157907259,9.398518819
Hogan Harris,ALL,1052,10.84664012,10.25473732
Hogan Harris,CH,176,11.58175008,10.77430802
Hogan Harris,CU,158,13.41669089,11.12180049
Hogan Harris,FC,2,7.680482464,8.289857415
Hogan Harris,FF,593,10.32315373,9.555601665
Hogan Harris,SI,2,9.156407342,11.35110092
Hogan Harris,ST,121,11.03907544,10.82982719
Huascar Brazobán,ALL,849,13.84686006,10.80310698
Huascar Brazobán,CH,252,15.51619413,10.92942174
Huascar Brazobán,FC,207,11.7622208,10.41030059
Huascar Brazobán,FF,183,12.79434018,11.10369998
Huascar Brazobán,SI,207,15.04828643,10.50193788
Humberto Castellanos,ALL,180,10.40856859,10.10054339
Humberto Castellanos,CH,21,9.962663212,8.089752676
Humberto Castellanos,CU,26,10.74990276,12.57732498
Humberto Castellanos,FC,48,8.971294159,8.974579559
Humberto Castellanos,FF,27,9.59273757,8.232041148
Humberto Castellanos,SI,58,14.51875844,10.761622
Hunter Bigge,ALL,266,11.99183122,11.50893661
Hunter Bigge,CU,21,13.60881666,14.73291559
Hunter Bigge,FF,157,11.0135762,11.44343964
Hunter Bigge,SI,1,11.36791997,10.60612282
Hunter Bigge,SL,78,14.09580116,11.17255979
Hunter Bigge,ST,9,13.93314136,15.7208113
Hunter Brown,ALL,2694,10.96290354,9.96695198
Hunter Brown,CH,326,10.72326399,10.59488515
Hunter Brown,FC,393,10.40852009,9.73467322
Hunter Brown,FF,944,11.42692351,9.67904776
Hunter Brown,KC,322,13.85604823,12.65797144
Hunter Brown,SI,515,10.17757923,9.025116624
Hunter Brown,SL,194,9.718965166,9.800615267
Hunter Gaddis,ALL,1201,9.019837062,8.75989246
Hunter Gaddis,CH,214,11.48965418,11.9297072
Hunter Gaddis,FF,454,8.375293286,8.062740938
Hunter Gaddis,SL,533,8.664372265,8.311639938
Hunter Greene,ALL,2301,10.45634862,9.830040653
Hunter Greene,CU,45,12.31777006,11.73837003
Hunter Greene,FF,1292,10.14312832,9.170806426
Hunter Greene,FS,183,12.20686812,11.82675154
Hunter Greene,SL,781,10.73483948,10.30887065
Hunter Harvey,ALL,864,10.68199127,9.546569129
Hunter Harvey,CU,78,10.61227675,11.70859059
Hunter Harvey,FF,545,10.39270108,8.929678608
Hunter Harvey,FS,200,11.30283856,10.56095423
Hunter Harvey,SL,41,11.78179387,12.28785432
Hunter Stratton,ALL,558,10.73579225,10.07567159
Hunter Stratton,FC,208,10.15470428,9.361538439
Hunter Stratton,FF,209,11.07295712,10.71484764
Hunter Stratton,SI,6,5.947601875,3.981681381
Hunter Stratton,SL,135,11.05563787,11.0604373
Hunter Strickland,ALL,1064,10.99679489,9.610879271
Hunter Strickland,CH,68,13.09660014,11.71257769
Hunter Strickland,FC,339,10.35157993,9.490275607
Hunter Strickland,FF,320,12.23163747,9.330309567
Hunter Strickland,SI,103,9.357041553,9.225322187
Hunter Strickland,SL,140,9.830076816,8.427012041
Hunter Strickland,ST,94,13.43413204,10.93388279
Hurston Waldrep,ALL,128,12.90285999,11.34906417
Hurston Waldrep,CU,5,20.13777987,19.55048395
Hurston Waldrep,FF,51,14.5144135,11.17301173
Hurston Waldrep,FS,44,13.79871972,11.22466537
Hurston Waldrep,SL,28,11.1880116,10.99319519
Héctor Neris,ALL,925,12.61400909,10.24551636
Héctor Neris,FF,451,11.51416022,9.78723848
Héctor Neris,FS,375,15.52534438,11.10334828
Héctor Neris,SI,67,10.50200462,9.835076703
Héctor Neris,SL,32,13.0168657,11.12277598
Ian Gibaut,ALL,39,13.05562426,9.810818388
Ian Gibaut,CH,3,20.28444648,16.79823486
Ian Gibaut,FC,13,13.65082515,11.18208789
Ian Gibaut,FF,17,11.6692029,8.351468184
Ian Gibaut,SL,2,12.19622941,14.62185008
Ian Gibaut,ST,4,13.57992357,12.69081788
Ian Hamilton,ALL,549,11.36588342,10.11162669
Ian Hamilton,FF,126,12.28015801,11.32143442
Ian Hamilton,SI,136,11.11982882,11.16785043
Ian Hamilton,SL,287,11.16216287,9.557970939
Ildemaro Vargas,ALL,16,23.62156526,14.0872318
Ildemaro Vargas,CS,3,27.18902019,15.0523501
Ildemaro Vargas,EP,5,30.52890177,14.34012954
Ildemaro Vargas,FA,8,21.62695672,13.77480899
Isaac Mattson,ALL,96,11.13762716,9.728013121
Isaac Mattson,CH,22,7.969410488,8.887664155
Isaac Mattson,FF,67,10.95951711,9.473523349
Isaac Mattson,SL,7,18.2558217,19.80646006
Isaiah Campbell,ALL,56,10.63074242,10.05884505
Isaiah Campbell,FF,9,12.19250769,13.24067407
Isaiah Campbell,SL,36,11.27512765,10.88023971
Isaiah Campbell,ST,11,8.346290738,8.806201085
Isiah Kiner-Falefa,ALL,13,18.09493634,17.2622783
Isiah Kiner-Falefa,FA,13,18.09493634,17.2622783
J.B. Bukauskas,ALL,63,11.48335675,9.493746387
J.B. Bukauskas,SI,30,10.31546086,7.307152549
J.B. Bukauskas,SL,33,12.80521785,11.8431969
J.P. Feyereisen,ALL,169,11.52479773,9.617616564
J.P. Feyereisen,CH,50,11.22101421,10.25044914
J.P. Feyereisen,FF,78,12.93499697,9.345293104
J.P. Feyereisen,SI,2,3.70838197,7.044129763
J.P. Feyereisen,SL,39,9.790630682,9.068764557
J.P. France,ALL,449,12.94396029,11.46743741
J.P. France,CH,102,12.98739038,12.24652843
J.P. France,CU,87,15.66814888,12.98124587
J.P. France,FC,109,11.10839374,9.816357258
J.P. France,FF,129,13.31881027,12.23383628
J.P. France,SI,8,19.899817,14.84060588
J.P. France,ST,14,6.513790273,6.024915933
J.T. Ginn,ALL,482,10.3038648,9.278880166
J.T. Ginn,CH,66,12.40298188,9.91702303
J.T. Ginn,FC,3,12.32993606,12.27191365
J.T. Ginn,FF,15,17.79162221,14.09339851
J.T. Ginn,SI,243,9.31653858,8.019800045
J.T. Ginn,SL,155,10.79935462,10.10779135
JP Sears,ALL,2693,10.08409155,9.261586883
JP Sears,CH,515,10.25463766,9.245560257
JP Sears,CU,16,13.00305015,13.36840218
JP Sears,FF,979,9.759973821,8.726011742
JP Sears,SI,283,8.856752294,8.436100436
JP Sears,SL,223,10.49037718,10.43044023
JP Sears,ST,677,10.30131014,10.06296082
JT Chargois,ALL,502,12.80077638,10.04426696
JT Chargois,CH,2,11.83756068,13.62922708
JT Chargois,FF,28,11.82747596,8.339439394
JT Chargois,SI,254,13.16452882,9.48723735
JT Chargois,SL,218,12.80077638,10.70173628
Jack Flaherty,ALL,2442,11.13467732,8.893228165
Jack Flaherty,CH,66,12.84524555,11.45330033
Jack Flaherty,FF,1077,10.54103742,8.784306705
Jack Flaherty,KC,533,12.84869383,9.657321662
Jack Flaherty,SI,56,11.8937734,10.72453561
Jack Flaherty,SL,710,10.94723651,8.093708881
Jack Kochanowicz,ALL,735,10.56228873,9.968400953
Jack Kochanowicz,CH,22,11.74792134,12.28329087
Jack Kochanowicz,FF,43,14.58630454,11.63144043
Jack Kochanowicz,SI,524,9.723951534,9.03734797
Jack Kochanowicz,SL,109,11.52506665,11.02701582
Jack Kochanowicz,ST,37,17.17753757,14.71797904
Jack Leiter,ALL,658,10.81697223,9.977170949
Jack Leiter,CH,39,15.9116593,12.69988109
Jack Leiter,CU,75,18.10758312,14.08831378
Jack Leiter,FC,12,11.06712446,11.34547711
Jack Leiter,FF,338,10.20770014,8.980073214
Jack Leiter,SI,3,11.87327536,10.7061062
Jack Leiter,SL,191,10.89519816,9.877701089
Jack Neely,ALL,97,12.63135266,12.15988042
Jack Neely,FF,52,10.12140252,11.00517608
Jack Neely,SL,45,14.52936157,12.76034486
Jack O'Loughlin,ALL,169,11.10650608,9.841320922
Jack O'Loughlin,CH,17,12.1795678,8.722801109
Jack O'Loughlin,CU,26,14.66700951,11.6566226
Jack O'Loughlin,FF,87,9.943231484,9.688104242
Jack O'Loughlin,SL,38,10.89355323,11.5677201
Jack O'Loughlin,ST,1,15.78323419,20.87840281
Jackson Jobe,ALL,72,10.51351403,10.23372097
Jackson Jobe,CH,12,16.80686517,15.92042013
Jackson Jobe,FC,5,9.227769671,7.921008306
Jackson Jobe,FF,39,9.526154777,9.827516537
Jackson Jobe,SL,8,9.887014565,9.288099609
Jackson Jobe,ST,8,8.695247597,8.890387303
Jackson Rutledge,ALL,123,11.58645482,10.37674671
Jackson Rutledge,CU,3,15.20965563,15.94886046
Jackson Rutledge,FC,19,13.03155304,11.02633218
Jackson Rutledge,FF,19,9.95480826,8.106394477
Jackson Rutledge,FS,13,20.64055568,18.82502399
Jackson Rutledge,SI,41,7.535825428,7.395539642
Jackson Rutledge,SL,28,13.12460446,14.48923783
Jackson Stephens,ALL,48,11.13779429,8.372433227
Jackson Stephens,CH,4,7.633048474,6.925899949
Jackson Stephens,CU,11,10.86034366,8.619901591
Jackson Stephens,FC,5,5.284561028,7.779497176
Jackson Stephens,FF,13,11.41524491,8.124964864
Jackson Stephens,SI,13,13.22592345,9.907095952
Jackson Stephens,SL,2,12.59423923,10.13374873
Jacob Barnes,ALL,1036,11.22096009,9.930972821
Jacob Barnes,FC,511,10.44788622,9.557639716
Jacob Barnes,FF,487,12.12494598,10.13034804
Jacob Barnes,SL,38,15.33514703,11.65950713
Jacob Latz,ALL,797,11.28758919,9.807016669
Jacob Latz,CH,182,10.01052858,9.918858725
Jacob Latz,CU,40,13.71783889,12.23084316
Jacob Latz,FF,392,11.12019179,9.483939185
Jacob Latz,SL,183,12.15700936,10.08528873
Jacob Lopez,ALL,176,12.4860044,10.6209198
Jacob Lopez,CH,13,18.32720388,15.63670317
Jacob Lopez,FC,24,11.38997405,10.57180569
Jacob Lopez,FF,73,12.80313187,11.21919252
Jacob Lopez,SL,66,11.64505561,8.894033634
Jacob Waguespack,ALL,216,11.14118134,10.63903583
Jacob Waguespack,CH,26,17.04916135,12.3365544
Jacob Waguespack,CU,30,16.49038794,13.00856723
Jacob Waguespack,FC,76,8.927505612,8.931646072
Jacob Waguespack,FF,84,10.79427085,10.22124423
Jacob Webb,ALL,882,11.10770628,9.785122436
Jacob Webb,CH,244,10.61194317,9.897523822
Jacob Webb,FF,395,11.0645578,9.017329573
Jacob Webb,ST,243,11.60461176,10.54182371
Jacob deGrom,ALL,162,8.668061095,7.397504432
Jacob deGrom,CH,10,12.56876063,8.635364264
Jacob deGrom,CU,4,5.752823393,8.913919764
Jacob deGrom,FF,77,8.239817639,7.874392591
Jacob deGrom,SL,71,8.930510839,6.656868163
Jaden Hill,ALL,150,9.546480309,9.018378996
Jaden Hill,CH,42,9.272716608,10.13376155
Jaden Hill,FF,15,8.703138483,8.893041689
Jaden Hill,SI,67,9.54801863,7.809982943
Jaden Hill,SL,26,12.57804291,10.28695625
Jairo Iriarte,ALL,107,15.11846705,13.77553744
Jairo Iriarte,CH,16,16.4462307,14.31611844
Jairo Iriarte,FF,48,12.99164413,11.64606513
Jairo Iriarte,SL,43,17.39648109,16.53791561
Jake Bauers,ALL,65,17.55180859,14.68976983
Jake Bauers,EP,6,19.75336494,13.90165736
Jake Bauers,FA,58,17.21111196,13.96000412
Jake Bauers,FF,1,39.15626645,29.0000049
Jake Bird,ALL,648,12.17049966,10.47712972
Jake Bird,CH,1,7.755864924,10.71700047
Jake Bird,CU,116,11.96596039,10.79076045
Jake Bird,FC,46,10.64877245,10.10346655
Jake Bird,FF,6,14.85640308,11.46197442
Jake Bird,SI,286,12.71119808,10.66751785
Jake Bird,SL,185,10.98160791,10.33432237
Jake Bird,ST,8,14.87432659,11.18325455
Jake Bloss,ALL,232,11.15549827,10.14035234
Jake Bloss,CH,18,10.24935528,10.15826439
Jake Bloss,CU,30,14.24306774,8.837824757
Jake Bloss,FF,101,8.919469423,8.475504057
Jake Bloss,SI,5,13.74792108,11.58060414
Jake Bloss,SL,53,11.94843634,12.43113864
Jake Bloss,ST,25,12.33396574,13.43485405
Jake Cousins,ALL,654,12.71708398,10.6980156
Jake Cousins,FF,5,18.01742439,13.45939462
Jake Cousins,SI,220,12.85022852,10.53825031
Jake Cousins,SL,41,13.21483295,9.837938358
Jake Cousins,ST,388,12.3030681,10.9550661
Jake Diekman,ALL,579,11.44068807,11.46058185
Jake Diekman,CH,60,13.76143436,10.88219691
Jake Diekman,FF,273,10.77704359,10.2731011
Jake Diekman,SI,79,11.15779111,10.95590862
Jake Diekman,ST,167,14.53569361,13.16652417
Jake Eder,ALL,45,15.5338122,12.74556128
Jake Eder,CH,11,7.485535034,7.170065688
Jake Eder,CU,1,39.08361871,36.48140568
Jake Eder,FF,22,17.99400596,13.78593948
Jake Eder,SL,11,12.01136112,14.85856786
Jake Irvin,ALL,2638,11.69359024,10.27817743
Jake Irvin,CH,92,11.41075608,11.82661915
Jake Irvin,CU,830,11.11505557,10.35556674
Jake Irvin,FC,165,11.09354678,9.300784244
Jake Irvin,FF,999,12.63895174,10.20199535
Jake Irvin,SI,543,10.96058991,10.15403811
Jake Irvin,SL,9,18.60407662,14.6991861
Jake Woodford,ALL,570,9.902803942,9.20878384
Jake Woodford,CH,30,15.93339539,15.36755764
Jake Woodford,FC,112,9.169586594,8.396166456
Jake Woodford,FF,15,12.04660713,10.71012323
Jake Woodford,SI,255,8.847689248,8.10130345
Jake Woodford,ST,158,11.81794491,10.45108336
Jakob Junis,ALL,822,10.19154675,9.178814187
Jakob Junis,CH,70,10.54311531,8.813329345
Jakob Junis,FC,2,3.641324342,2.941131096
Jakob Junis,FF,88,9.104572555,10.06601995
Jakob Junis,SI,285,10.29726678,8.848938812
Jakob Junis,ST,377,10.24184594,9.394471688
Jalen Beeks,ALL,1093,11.88097852,10.54584795
Jalen Beeks,CH,280,13.68929402,12.82039679
Jalen Beeks,CU,12,14.3107197,12.91281606
Jalen Beeks,FC,198,12.36983633,10.25855534
Jalen Beeks,FF,596,11.14795817,9.560809753
Jalen Beeks,SC,1,31.59798904,
Jalen Beeks,SI,3,8.204814552,9.678268518
Jalen Beeks,SL,3,12.27950042,12.80577783
James McArthur,ALL,882,10.92799933,9.969032068
James McArthur,CU,300,12.56780322,10.34698729
James McArthur,FF,81,12.15766378,9.123893868
James McArthur,SI,313,9.883489954,9.607481632
James McArthur,SL,188,11.14379248,10.10115014
James McCann,ALL,7,17.96959899,10.6093908
James McCann,EP,5,14.20425668,9.734111781
James McCann,KN,2,20.01004263,11.21433128
James Meeker,ALL,10,11.82217931,11.71750147
James Meeker,FC,3,11.15245751,10.05204605
James Meeker,FF,5,9.060880721,8.034682987
James Meeker,SL,2,17.49117439,14.02274596
James Paxton,ALL,1638,11.72148108,9.829955038
James Paxton,CH,105,13.25239255,13.02723806
James Paxton,FC,49,11.66623936,13.47640794
James Paxton,FF,896,11.99127905,9.091970034
James Paxton,KC,492,11.19663784,10.9880697
James Paxton,SI,96,10.02361202,9.071282097
Jameson Taillon,ALL,2321,9.951313421,8.642171538
Jameson Taillon,CH,102,9.562681576,9.086457969
Jameson Taillon,CU,344,12.35018207,10.51444376
Jameson Taillon,FC,571,8.240262271,7.989735135
Jameson Taillon,FF,696,10.26765152,8.437425068
Jameson Taillon,SI,252,9.372781636,8.095960767
Jameson Taillon,ST,356,11.34091191,9.330577524
Janson Junk,ALL,167,11.30542507,9.500659101
Janson Junk,CU,22,13.07817868,8.510356025
Janson Junk,FF,78,10.78783679,9.468464203
Janson Junk,SI,14,14.00523218,9.700119309
Janson Junk,SL,41,10.95301162,9.86547258
Janson Junk,ST,12,11.6713648,11.84613713
Jared Jones,ALL,1817,10.8308782,10.18587343
Jared Jones,CH,117,12.79222451,10.90722775
Jared Jones,CU,165,12.25888481,12.33563921
Jared Jones,FF,900,9.964395926,9.6630828
Jared Jones,SI,1,1.795050068,4.572565816
Jared Jones,SL,634,11.35680136,10.32852147
Jared Koenig,ALL,900,10.69831533,9.882822998
Jared Koenig,CH,37,11.90436953,10.7712668
Jared Koenig,CU,123,15.33940433,10.80392822
Jared Koenig,FC,219,11.36739863,10.25385101
Jared Koenig,FF,10,8.503880423,12.2269365
Jared Koenig,SI,511,9.825690615,9.429630302
Jared Shuster,ALL,1163,10.93811826,9.682145603
Jared Shuster,CH,340,11.69839794,9.143722188
Jared Shuster,FF,435,10.77310857,9.555741302
Jared Shuster,SI,57,10.75147325,9.739598933
Jared Shuster,SL,331,10.42056484,10.36866799
Jason Adam,ALL,1108,13.09784228,10.6549869
Jason Adam,CH,283,14.44857026,11.1447354
Jason Adam,FC,16,10.49058052,8.354176677
Jason Adam,FF,412,11.77630321,10.15895463
Jason Adam,SI,4,2.81493247,5.223100591
Jason Adam,SL,214,12.43103635,10.2473794
Jason Adam,ST,179,14.56522199,12.46307838
Jason Foley,ALL,902,11.61529531,9.828421485
Jason Foley,CH,49,16.35259225,10.19910868
Jason Foley,FF,68,11.52983396,8.410328861
Jason Foley,SI,503,11.79258457,10.08863484
Jason Foley,SL,282,10.16832278,9.180362608
Javier Assad,ALL,2272,11.76346744,10.00747875
Javier Assad,CH,111,13.77098782,11.15753124
Javier Assad,CU,266,15.23114189,12.27952894
Javier Assad,FC,490,10.22021977,9.025683223
Javier Assad,FF,371,10.58532378,9.522987908
Javier Assad,SI,797,11.42370436,9.624709356
Javier Assad,SL,37,15.72093324,10.26091424
Javier Assad,ST,200,14.96513286,11.27138794
Jay Jackson,ALL,439,9.830136975,9.109894326
Jay Jackson,CH,58,12.12500109,12.54960494
Jay Jackson,FF,114,9.508335809,9.765269664
Jay Jackson,SI,25,7.010323191,7.357541047
Jay Jackson,SL,241,9.432826389,9.081030826
Jay Jackson,ST,1,9.261319558,5.48965355
Jeff Criswell,ALL,347,11.06392308,10.61442783
Jeff Criswell,CH,50,11.73051037,9.684177073
Jeff Criswell,CU,5,23.31250864,20.70170183
Jeff Criswell,FF,151,10.5394394,9.162108994
Jeff Criswell,SL,141,11.1930081,12.08171881
Jeff Hoffman,ALL,954,11.49537663,10.68665502
Jeff Hoffman,FF,349,10.20959257,9.676413061
Jeff Hoffman,FS,118,13.1400061,11.78273801
Jeff Hoffman,SI,106,10.68065181,9.470591223
Jeff Hoffman,SL,381,13.30294704,11.94998079
Jeffrey Springs,ALL,550,12.56707018,9.649785106
Jeffrey Springs,CH,175,15.20196606,9.421189281
Jeffrey Springs,FC,14,13.75286373,12.31158873
Jeffrey Springs,FF,234,10.93388457,9.25810692
Jeffrey Springs,SL,109,10.88520938,9.930401017
Jeffrey Springs,ST,18,15.84777327,12.59955725
Jeremiah Estrada,ALL,992,12.10895736,11.09431997
Jeremiah Estrada,FF,559,11.199406,10.68950569
Jeremiah Estrada,FS,199,15.01805639,12.65946384
Jeremiah Estrada,SI,1,14.42413887,11.65632974
Jeremiah Estrada,SL,233,12.28552804,10.94452579
Jesse Chavez,ALL,991,9.587744707,8.260580532
Jesse Chavez,CH,133,9.248653872,9.263462065
Jesse Chavez,CU,72,13.39042056,10.99672585
Jesse Chavez,FC,506,9.529783899,7.824557707
Jesse Chavez,SI,264,9.204755154,7.800450722
Jesse Chavez,SL,16,13.72798781,9.819906336
Jesus Tinoco,ALL,610,11.02368011,9.550484794
Jesus Tinoco,CH,23,13.52900584,13.70159763
Jesus Tinoco,FC,4,11.53842194,10.61025521
Jesus Tinoco,FF,81,10.49714463,9.214277635
Jesus Tinoco,SI,187,10.6262793,9.037743358
Jesus Tinoco,SL,315,11.09793411,9.951546203
Jesús Luzardo,ALL,1030,9.805155488,9.183396892
Jesús Luzardo,CH,239,9.804538837,8.522780705
Jesús Luzardo,FF,369,9.109518155,8.352716813
Jesús Luzardo,SI,120,9.415063927,8.683715796
Jesús Luzardo,SL,302,11.01365055,10.9614085
Jhoan Duran,ALL,843,10.48425284,9.724689623
Jhoan Duran,FF,342,9.336854572,9.308168628
Jhoan Duran,FS,263,8.766580725,8.500427063
Jhoan Duran,KC,237,14.60690744,11.84858956
Jhoan Duran,ST,1,25.42088568,22.37171203
Jhonathan Díaz,ALL,159,11.76719879,9.481940532
Jhonathan Díaz,CH,25,15.19055126,9.166657742
Jhonathan Díaz,CU,20,9.766676685,10.77931521
Jhonathan Díaz,FF,49,9.677899489,9.015014963
Jhonathan Díaz,SI,34,9.656528325,7.738567078
Jhonathan Díaz,ST,31,16.97707921,13.10576481
Jhonny Pereda,ALL,4,20.6222141,15.95801329
Jhonny Pereda,EP,1,9.094200633,1.281198482
Jhonny Pereda,FA,3,32.15022757,22.40071792
Jhony Brito,ALL,580,11.29823838,9.221606349
Jhony Brito,CH,200,9.659330564,8.664334577
Jhony Brito,FF,145,11.53642906,10.25276148
Jhony Brito,KC,7,16.17688166,16.05080344
Jhony Brito,SI,152,12.59129721,8.64604034
Jhony Brito,SL,53,13.20946739,10.59302772
Jhony Brito,ST,23,12.41066664,9.334136624
Jimmy Herget,ALL,160,9.932568381,9.746394564
Jimmy Herget,CH,11,10.40676917,10.85597649
Jimmy Herget,FF,28,8.438966609,9.558069901
Jimmy Herget,SI,41,10.56367603,9.420877487
Jimmy Herget,SL,14,8.469776928,7.597146954
Jimmy Herget,ST,66,11.09094468,9.859358528
JoJo Romero,ALL,852,11.25914612,9.825015337
JoJo Romero,CH,145,11.38091409,10.6194665
JoJo Romero,FC,1,12.94570171,12.47513396
JoJo Romero,FF,79,10.08311342,9.169588644
JoJo Romero,SI,336,10.07273392,8.864645846
JoJo Romero,ST,291,14.11930934,10.42863376
Joan Adon,ALL,169,11.73938903,10.35932455
Joan Adon,CH,33,12.29382232,9.994915828
Joan Adon,CU,19,11.28379667,11.79008629
Joan Adon,FF,62,12.84145528,11.33399248
Joan Adon,SI,38,11.20456136,10.05025772
Joan Adon,SL,17,9.222021999,7.787470293
Joe Boyle,ALL,915,12.32415567,12.07011963
Joe Boyle,CU,35,15.76855832,14.82975847
Joe Boyle,FF,526,11.99526286,11.61533852
Joe Boyle,SL,326,12.1698454,12.32564281
Joe Boyle,ST,28,13.13230899,14.58755923
Joe Jacques,ALL,49,11.38835455,12.42780916
Joe Jacques,SI,32,10.4128822,9.65950244
Joe Jacques,SL,5,5.897658781,6.98542355
Joe Jacques,ST,12,13.27751708,15.65561451
Joe Jiménez,ALL,1035,10.51963224,9.284807392
Joe Jiménez,CH,42,9.787005302,9.693653218
Joe Jiménez,FF,483,11.99825762,9.521145664
Joe Jiménez,SL,510,9.240607624,8.838972808
Joe Kelly,ALL,510,13.08451952,10.47617798
Joe Kelly,CH,34,12.46674726,10.09113526
Joe Kelly,FF,125,14.62692002,9.655558337
Joe Kelly,KC,84,11.1525344,10.86695742
Joe Kelly,SI,154,13.9903845,10.65601493
Joe Kelly,SL,113,12.1073078,10.65520864
Joe La Sorsa,ALL,203,10.78310813,9.910486204
Joe La Sorsa,CH,47,11.63957745,10.74681819
Joe La Sorsa,FC,1,14.37451617,16.52567777
Joe La Sorsa,FF,11,11.54836062,9.763444115
Joe La Sorsa,SI,104,9.588241316,9.202493541
Joe La Sorsa,ST,40,12.04465392,12.69008021
Joe Mantiply,ALL,843,11.14189314,9.786352652
Joe Mantiply,CH,224,11.8285474,10.00880514
Joe Mantiply,CU,222,13.68047781,10.97023044
Joe Mantiply,FF,38,12.32594234,10.33888993
Joe Mantiply,SI,359,9.280610547,8.753449137
Joe Musgrove,ALL,1491,12.35332006,9.382486004
Joe Musgrove,CH,116,13.54153459,11.77371224
Joe Musgrove,CU,338,14.33705623,12.00192574
Joe Musgrove,FC,302,11.27299052,8.269326369
Joe Musgrove,FF,347,11.76422284,8.481087343
Joe Musgrove,SI,89,10.2835194,8.303858039
Joe Musgrove,SL,3,12.90187229,15.51912016
Joe Musgrove,ST,296,12.6473884,9.450774673
Joe Ross,ALL,1120,10.14496353,8.824685009
Joe Ross,CH,91,9.753452294,8.403784848
Joe Ross,CU,19,15.50331744,13.57566099
Joe Ross,FF,183,11.19554492,8.703856113
Joe Ross,SI,414,10.21771214,9.242644476
Joe Ross,SL,413,9.8403941,8.32800751
Joe Ryan,ALL,1972,9.694970881,8.52071145
Joe Ryan,FF,954,8.562143836,8.058968608
Joe Ryan,FS,442,13.52302777,9.157584094
Joe Ryan,SI,115,9.431623046,8.394405581
Joe Ryan,SL,144,6.495321478,6.919844198
Joe Ryan,ST,317,10.93675715,10.36748961
Joel Kuhnel,ALL,153,10.95594071,9.710294696
Joel Kuhnel,CH,20,17.38430966,11.83552796
Joel Kuhnel,CU,2,8.829309325,7.710034522
Joel Kuhnel,FC,62,11.35456089,10.70984559
Joel Kuhnel,FF,45,8.485734352,8.082250354
Joel Kuhnel,SI,22,7.757756075,5.942016386
Joel Kuhnel,SL,2,23.54576069,17.99438513
Joel Payamps,ALL,758,10.91896724,9.342960297
Joel Payamps,CH,60,9.662911286,8.415526867
Joel Payamps,FF,256,12.07956575,9.837895705
Joel Payamps,SI,135,11.07030179,9.073881504
Joel Payamps,SL,155,10.191951,9.170631755
Joel Payamps,ST,152,10.03514666,9.13463943
Joely Rodríguez,ALL,203,11.33243267,9.233022844
Joely Rodríguez,CH,69,11.07912239,9.145379001
Joely Rodríguez,SI,106,10.77591511,8.946240079
Joely Rodríguez,ST,28,13.40340895,12.02952025
Joey Cantillo,ALL,639,12.1955922,11.28046154
Joey Cantillo,CH,186,13.10250032,11.81071327
Joey Cantillo,CU,99,12.45930436,11.16642143
Joey Cantillo,FF,299,11.1455603,11.22498448
Joey Cantillo,SL,55,10.47846919,10.86055743
Joey Estes,ALL,1882,10.0724461,9.188680089
Joey Estes,CH,206,11.38368368,10.33946929
Joey Estes,FC,12,14.31547344,12.69308295
Joey Estes,FF,968,9.739749709,8.705754519
Joey Estes,SI,72,11.05451594,9.442302165
Joey Estes,SL,254,9.708634396,9.353762406
Joey Estes,ST,370,10.09968788,10.14304107
Joey Lucchesi,ALL,169,10.99394664,10.75407758
Joey Lucchesi,CU,44,19.59359872,14.78973624
Joey Lucchesi,FC,6,8.931966774,10.70579398
Joey Lucchesi,FF,41,8.741991039,8.282136306
Joey Lucchesi,FS,1,19.19693131,25.01481222
Joey Lucchesi,SI,77,9.612598341,8.952932468
Joey Wentz,ALL,1197,12.15243022,10.33748976
Joey Wentz,CH,228,13.89264788,11.59192689
Joey Wentz,CU,157,13.80070787,10.64729138
Joey Wentz,FC,375,11.88538162,9.152708693
Joey Wentz,FF,436,10.98846246,10.64230776
Joey Wentz,SL,1,1.667685945,9.914261359
John Brebbia,ALL,937,11.100277,9.925282123
John Brebbia,FF,457,11.74723822,9.67431695
John Brebbia,SL,480,10.55568951,10.37394176
John Curtiss,ALL,36,12.44922215,8.140374122
John Curtiss,CH,1,6.927955134,4.96422126
John Curtiss,FC,15,11.92061167,8.981663382
John Curtiss,FF,16,13.03621728,7.153521831
John Curtiss,SL,4,11.06655245,9.791744287
John King,ALL,801,10.05667309,8.860537144
John King,CH,217,11.17189551,8.304735054
John King,FF,11,9.040681291,8.335654286
John King,SI,482,9.58421794,8.791043155
John King,SL,91,10.54922591,10.96337527
John McMillon,ALL,176,14.59189712,11.95151158
John McMillon,FC,1,44.34895714,35.81437958
John McMillon,FF,67,21.20690703,13.67955824
John McMillon,SL,108,12.09478322,11.00464109
John Means,ALL,312,11.02705502,8.942330429
John Means,CH,90,9.405928668,9.722052556
John Means,FF,117,12.92079358,8.07140988
John Means,KC,34,11.1094708,9.928163676
John Means,SL,71,10.83142278,8.900270839
John Schreiber,ALL,947,10.57120926,9.896481919
John Schreiber,CH,52,9.235976279,9.40447014
John Schreiber,FC,161,9.967501851,9.110504711
John Schreiber,FF,232,10.47413004,10.06940019
John Schreiber,SI,247,8.493751679,8.605095608
John Schreiber,ST,255,12.69331321,11.3870076
Johnny Cueto,ALL,156,11.16044391,9.187194331
Johnny Cueto,CH,44,12.32372255,10.35666607
Johnny Cueto,CU,1,22.40100888,20.51851536
Johnny Cueto,FC,8,8.563053482,6.864112477
Johnny Cueto,FF,15,16.54593432,8.288629038
Johnny Cueto,SI,55,10.81683908,7.755934445
Johnny Cueto,SL,33,10.71109339,9.297125771
Jon Gray,ALL,1594,9.567012656,9.070101731
Jon Gray,CH,111,10.15748797,8.980240389
Jon Gray,CU,74,12.00647088,11.31559419
Jon Gray,FF,707,9.035509593,8.983326
Jon Gray,SL,702,9.766101123,9.043809432
Jonathan Bermúdez,ALL,116,11.90322702,10.77076809
Jonathan Bermúdez,CH,13,13.47212735,10.84522053
Jonathan Bermúdez,FF,57,12.02821659,10.69631566
Jonathan Bermúdez,SL,12,10.9192291,10.40332492
Jonathan Bermúdez,ST,34,12.37547852,11.04706741
Jonathan Bowlan,ALL,64,11.33816928,9.714521839
Jonathan Bowlan,CH,3,9.751411733,7.299972492
Jonathan Bowlan,CU,7,15.49313015,11.3814206
Jonathan Bowlan,FF,28,12.26108553,9.916876015
Jonathan Bowlan,SI,14,8.506283386,8.345737017
Jonathan Bowlan,SL,12,11.03152478,9.492722474
Jonathan Cannon,ALL,1889,10.94520121,9.688039866
Jonathan Cannon,CH,347,12.08204739,11.10001501
Jonathan Cannon,FC,367,11.0319778,9.127743472
Jonathan Cannon,FF,241,12.26757609,9.346257665
Jonathan Cannon,SI,525,9.684769246,8.659781142
Jonathan Cannon,ST,409,10.94869061,10.69435409
Jonathan Heasley,ALL,101,9.617726478,9.609666336
Jonathan Heasley,CU,23,7.348375075,7.909924438
Jonathan Heasley,FF,21,6.863007926,8.338152782
Jonathan Heasley,SL,22,12.96186131,10.31173804
Jonathan Heasley,ST,35,12.76995644,12.26669961
Jonathan Hernández,ALL,737,11.6100102,9.698486435
Jonathan Hernández,CH,87,11.85170352,11.14365251
Jonathan Hernández,FF,11,13.65784617,17.33315263
Jonathan Hernández,SI,277,12.27580018,10.34061145
Jonathan Hernández,SL,362,11.12086535,9.20028101
Jonathan Loáisiga,ALL,61,10.03481565,8.877002355
Jonathan Loáisiga,CH,10,9.097252613,7.919929522
Jonathan Loáisiga,CU,9,18.69022064,12.12733807
Jonathan Loáisiga,FF,1,25.94650393,23.17985599
Jonathan Loáisiga,SI,41,9.847056713,8.693951764
Jordan Hicks,ALL,1729,11.28545304,10.58075665
Jordan Hicks,FF,87,13.35618144,10.71680955
Jordan Hicks,FS,339,13.48185241,11.34029299
Jordan Hicks,SI,889,9.802038289,9.727885258
Jordan Hicks,ST,414,12.19973165,11.38802438
Jordan Leasure,ALL,520,12.11168851,10.04930334
Jordan Leasure,CU,63,12.64811187,10.85057687
Jordan Leasure,FF,302,12.73072985,10.41917141
Jordan Leasure,SL,155,10.44050437,9.315213011
Jordan Lyles,ALL,72,11.26225081,10.33848117
Jordan Lyles,CH,13,11.78294982,11.44174207
Jordan Lyles,CU,9,16.93441899,17.82399293
Jordan Lyles,FC,13,9.168065371,8.025255504
Jordan Lyles,FF,19,11.30573223,8.663089947
Jordan Lyles,SI,7,9.36409334,8.469211907
Jordan Lyles,ST,11,10.48626033,10.00781064
Jordan Montgomery,ALL,1807,11.15655186,9.984561451
Jordan Montgomery,CH,346,11.13671077,10.3985139
Jordan Montgomery,CU,557,13.47321012,10.7518424
Jordan Montgomery,FF,319,10.07740142,9.396893847
Jordan Montgomery,SI,554,9.801031793,9.524304398
Jordan Montgomery,SL,31,14.20313423,12.01480801
Jordan Romano,ALL,187,11.69421252,9.735985572
Jordan Romano,FF,90,10.72273637,9.89485714
Jordan Romano,SL,97,12.1650506,9.575421533
Jordan Weems,ALL,702,12.06661429,10.32509518
Jordan Weems,CU,6,17.34165551,15.89824195
Jordan Weems,FF,430,12.76487433,10.52032375
Jordan Weems,FS,20,13.3153488,15.19027124
Jordan Weems,SL,246,10.71141083,9.553127663
Jordan Wicks,ALL,810,11.1296064,9.676855036
Jordan Wicks,CH,203,12.87446579,10.43667632
Jordan Wicks,CU,50,15.30547082,12.87954889
Jordan Wicks,FF,365,10.1693714,9.266237166
Jordan Wicks,SI,110,9.261834688,8.748027894
Jordan Wicks,SL,50,15.60566352,10.66419341
Jordan Wicks,ST,32,15.84434964,9.832475033
Jorge Alcala,ALL,883,11.12353689,10.85184513
Jorge Alcala,CH,88,11.06491182,10.51370238
Jorge Alcala,FF,393,10.91081064,10.91419836
Jorge Alcala,SI,67,12.02772048,10.58293062
Jorge Alcala,SL,335,11.44361696,10.88693289
Jorge López,ALL,742,10.4593553,9.751180453
Jorge López,CH,87,12.10164465,10.15152374
Jorge López,FF,154,9.909542844,9.490390911
Jorge López,KC,100,10.30083224,10.20647134
Jorge López,SI,269,10.34080409,9.538712551
Jorge López,SL,132,10.42199891,10.24635324
Jose Cuas,ALL,298,13.76756129,10.10099984
Jose Cuas,CH,9,18.09773952,15.55567847
Jose Cuas,FF,99,12.34221511,9.636031248
Jose Cuas,SI,122,13.28947885,8.713360379
Jose Cuas,ST,68,16.7157386,15.45060444
Jose E. Hernandez,ALL,68,13.09721112,12.38054881
Jose E. Hernandez,FF,19,11.85429923,12.09527265
Jose E. Hernandez,SL,49,13.5077071,13.01544801
Jose Quintana,ALL,2670,12.01324696,9.325695459
Jose Quintana,CH,541,16.75822806,9.656899239
Jose Quintana,CU,571,14.46939191,9.764117458
Jose Quintana,FF,599,10.3876869,9.647100686
Jose Quintana,SI,805,9.053491559,8.598300435
Jose Quintana,SV,154,13.78918316,10.17383044
Jose Trevino,ALL,42,12.46821552,10.21391335
Jose Trevino,FA,28,8.115878747,9.649136855
Jose Trevino,KN,14,16.94349717,14.04764478
Josh Fleming,ALL,505,10.40820101,9.333440385
Josh Fleming,CH,154,10.61645764,9.476316022
Josh Fleming,CU,33,14.60008023,11.85448141
Josh Fleming,FC,124,10.74425183,9.359342813
Josh Fleming,SI,194,9.066607035,9.199972292
Josh Hader,ALL,1106,9.877594063,9.107319952
Josh Hader,CH,12,19.46213674,16.85371889
Josh Hader,FF,2,4.88148251,3.264183928
Josh Hader,SI,789,9.201231283,8.917241569
Josh Hader,SL,303,12.86250455,9.637519119
Josh Maciejewski,ALL,95,11.49102537,10.56423804
Josh Maciejewski,CH,44,12.58508236,11.80571728
Josh Maciejewski,FF,8,9.42391081,10.13162218
Josh Maciejewski,SI,32,10.07006307,8.627098714
Josh Maciejewski,SL,11,10.54964745,12.25008396
Josh Rogers,ALL,164,11.23602023,8.952228989
Josh Rogers,CH,8,11.23119222,8.8468814
Josh Rogers,FC,10,8.679819404,6.452321275
Josh Rogers,FF,58,11.00899811,8.592635315
Josh Rogers,SI,6,8.687485375,7.192406475
Josh Rogers,SL,20,15.04883876,13.27696701
Josh Rogers,ST,62,12.05759186,8.919989618
Josh Rojas,ALL,26,13.12550729,10.3542741
Josh Rojas,CS,7,9.632941827,10.32534114
Josh Rojas,EP,2,12.24243962,11.25456481
Josh Rojas,FA,17,13.83432709,10.38320706
Josh Sborz,ALL,270,9.843853384,9.712803089
Josh Sborz,CU,60,15.12748543,12.51417591
Josh Sborz,FF,125,8.69680436,8.377551156
Josh Sborz,SL,85,10.31879234,10.26264498
Josh Staumont,ALL,405,12.1515029,10.99439062
Josh Staumont,CU,6,10.86133439,11.1358704
Josh Staumont,FF,33,12.7656543,10.86988117
Josh Staumont,SI,119,12.71398507,11.72526532
Josh Staumont,SL,247,11.8946617,10.85692189
Josh Walker,ALL,208,11.70540079,10.09750513
Josh Walker,CH,1,29.17497678,28.4270356
Josh Walker,FF,71,10.5786811,8.927986825
Josh Walker,SI,58,9.67793073,9.348568811
Josh Walker,SL,78,13.78042132,13.88816247
Josh Winckowski,ALL,1190,10.23999616,9.77788835
Josh Winckowski,CH,150,9.429988217,9.383723163
Josh Winckowski,FC,416,9.838964373,9.835918294
Josh Winckowski,FF,64,10.48409912,8.020866386
Josh Winckowski,SI,400,10.35476647,9.721825209
Josh Winckowski,SL,160,10.91768426,10.88661162
Josh Winder,ALL,132,11.32622103,8.42257789
Josh Winder,CH,30,18.09527778,10.65599038
Josh Winder,FF,40,6.127421809,7.247971987
Josh Winder,SI,7,11.83746986,7.751089299
Josh Winder,SL,27,10.9201276,8.104375496
Josh Winder,ST,28,15.69151155,8.517383702
Josiah Gray,ALL,176,14.31750134,11.42476418
Josiah Gray,CH,12,12.39956764,14.27368542
Josiah Gray,CU,15,8.374792589,7.879548781
Josiah Gray,FF,38,17.11704274,11.28298447
Josiah Gray,SI,21,11.19732181,12.14599544
Josiah Gray,SL,66,14.58164934,10.53128525
Josiah Gray,ST,24,13.52113945,14.17590827
José A. Ferrer,ALL,425,10.17964429,9.344981237
José A. Ferrer,CH,79,12.00111181,11.55614643
José A. Ferrer,FF,85,9.440102989,8.824741997
José A. Ferrer,SI,237,9.087059824,8.855806707
José A. Ferrer,SL,24,16.19241557,15.50129786
José Alvarado,ALL,999,11.85481776,10.28535722
José Alvarado,CU,2,9.255969153,9.961229343
José Alvarado,FC,407,14.53610178,10.62783968
José Alvarado,FF,2,15.21388273,11.79774494
José Alvarado,SI,588,10.47877836,10.02205041
José Berríos,ALL,2841,11.50179237,8.889213539
José Berríos,CH,458,13.70315364,9.359981824
José Berríos,FC,96,10.92653172,8.057430886
José Berríos,FF,529,9.085027821,8.523891033
José Berríos,SI,946,10.16204401,8.339835929
José Berríos,SV,812,14.05108699,9.871027161
José Buttó,ALL,1212,13.25990492,10.84840025
José Buttó,CH,270,17.22360878,11.6684794
José Buttó,FF,382,10.53064359,10.18400532
José Buttó,SI,269,13.17336693,9.708629741
José Buttó,SL,160,12.1263467,11.63043773
José Buttó,ST,131,15.43913162,13.90828611
José Cisnero,ALL,308,12.17276315,10.57083731
José Cisnero,CH,41,16.50147671,11.23480161
José Cisnero,FC,2,19.07856147,15.98065388
José Cisnero,FF,99,10.98313573,9.77365766
José Cisnero,SI,77,11.65054475,10.48591756
José Cisnero,SL,89,11.46435621,11.6078471
José Leclerc,ALL,1159,11.13659961,10.06045036
José Leclerc,CH,120,12.84582366,9.913237473
José Leclerc,CU,5,11.56676521,9.033756204
José Leclerc,FC,184,10.31112019,9.751471329
José Leclerc,FF,406,11.72212339,10.64894737
José Leclerc,SI,82,11.15527823,8.00362162
José Leclerc,SL,362,10.72881018,9.765156894
José Marte,ALL,299,11.93457237,11.24107229
José Marte,CH,27,10.07467558,9.787830884
José Marte,FF,70,13.04760803,10.20008815
José Marte,SI,87,11.77932703,11.67292268
José Marte,SL,115,12.5746308,12.05998685
José Quijada,ALL,353,14.66721763,10.67215049
José Quijada,CH,15,14.3688103,13.17708874
José Quijada,FF,332,14.64646334,10.60132789
José Quijada,SI,1,7.542287898,7.003973242
José Quijada,SL,5,20.45351993,25.51110541
José Ruiz,ALL,746,11.01795336,9.980729734
José Ruiz,CH,21,13.5335267,11.51801413
José Ruiz,CU,307,11.74832256,10.36822477
José Ruiz,FF,210,10.98538831,10.1917816
José Ruiz,SI,177,9.594464879,8.633684648
José Ruiz,SL,31,11.62629658,10.24501015
José Soriano,ALL,1632,11.40894442,10.13541782
José Soriano,FF,240,10.10443597,9.999883752
José Soriano,FS,134,12.49689499,12.12239009
José Soriano,KC,419,12.57599162,11.73138196
José Soriano,SI,749,10.81346215,9.255482977
José Soriano,SL,90,13.38449062,12.20360903
José Suarez,ALL,956,12.04497772,10.591452
José Suarez,CH,239,14.34991785,11.52417633
José Suarez,CU,3,19.04320696,19.02754474
José Suarez,FC,10,9.641171485,10.55565704
José Suarez,FF,381,11.08221513,10.12790338
José Suarez,SI,83,9.828077215,9.579327951
José Suarez,SL,126,11.26487713,10.06402924
José Suarez,ST,114,13.09321736,11.23342602
José Ureña,ALL,1670,9.473093786,8.964736365
José Ureña,CH,307,11.19105768,9.43716898
José Ureña,FF,87,9.752434393,9.918701893
José Ureña,SI,709,8.699896447,8.372782619
José Ureña,SL,567,9.614374899,9.114087886
Julian Aguiar,ALL,492,9.61772461,9.345520544
Julian Aguiar,CH,90,11.31670646,10.57338898
Julian Aguiar,CU,45,15.30143088,14.18531195
Julian Aguiar,FF,178,7.3410416,7.719998276
Julian Aguiar,SI,91,9.636928163,8.492701093
Julian Aguiar,SL,88,11.10074445,10.67502925
Julian Merryweather,ALL,267,12.64772873,10.91370734
Julian Merryweather,CH,32,15.97089125,13.02557703
Julian Merryweather,FF,117,12.11341991,10.61777694
Julian Merryweather,SL,115,12.551595,10.91370734
Julian Merryweather,ST,3,22.38268542,26.79050972
Julio Teheran,ALL,66,10.02524852,10.10658904
Julio Teheran,CH,6,13.64309664,11.67237222
Julio Teheran,CU,7,12.13599975,8.63229302
Julio Teheran,FC,19,9.659866096,9.611290178
Julio Teheran,FF,5,10.51266498,10.4877808
Julio Teheran,SI,29,8.180572619,9.8054354
Justin Anderson,ALL,861,12.1496124,10.49140005
Justin Anderson,FC,66,9.306961321,9.313063295
Justin Anderson,FF,294,12.29606263,9.959640525
Justin Anderson,SI,111,12.02019766,10.74903506
Justin Anderson,SL,390,12.33989171,10.96640565
Justin Bruihl,ALL,95,11.9343731,9.403677302
Justin Bruihl,FC,27,12.20564773,8.775583334
Justin Bruihl,SI,29,9.41900565,8.645011141
Justin Bruihl,ST,39,16.8121051,12.801603
Justin Lawrence,ALL,1004,12.34610036,10.77954419
Justin Lawrence,CH,1,30.31656152,29.244924
Justin Lawrence,FF,8,9.215778198,12.69424993
Justin Lawrence,SI,584,11.59936128,10.15791477
Justin Lawrence,ST,411,13.96705785,11.77664299
Justin Martinez,ALL,1067,11.80386677,11.0856166
Justin Martinez,FF,125,12.29593022,10.59990079
Justin Martinez,FS,238,15.15966142,13.32967475
Justin Martinez,SI,467,10.40458473,10.18587101
Justin Martinez,SL,237,11.42173914,11.33084283
Justin Slaten,ALL,733,11.79124618,10.78999366
Justin Slaten,CU,60,16.43452957,12.50808102
Justin Slaten,FC,282,10.74920253,10.23454969
Justin Slaten,FF,207,11.70628784,10.54227929
Justin Slaten,ST,184,12.73656019,11.55721431
Justin Steele,ALL,1744,9.919173921,9.530265657
Justin Steele,CH,57,11.88562233,9.64593765
Justin Steele,CU,35,15.55892898,10.18803157
Justin Steele,FF,1038,9.279160919,8.966767406
Justin Steele,SI,90,9.158127731,9.175536102
Justin Steele,SL,524,11.50743584,10.61006752
Justin Sterner,ALL,63,10.82009051,9.177532618
Justin Sterner,FC,20,12.61071615,11.14196697
Justin Sterner,FF,40,8.165048871,8.592310954
Justin Sterner,ST,3,35.15772926,37.3100556
Justin Topa,ALL,13,11.63352088,9.914419614
Justin Topa,CH,4,13.57106579,10.96978309
Justin Topa,FC,1,1.347595699,1.029882484
Justin Topa,SI,4,8.074364648,5.768661193
Justin Topa,ST,4,10.72484526,11.57554511
Justin Verlander,ALL,1524,10.42495276,9.359527651
Justin Verlander,CH,153,12.18515774,11.9702574
Justin Verlander,CU,330,11.06155737,10.58096559
Justin Verlander,FF,750,10.44811639,8.586108617
Justin Verlander,SI,1,10.39962573,6.490730547
Justin Verlander,SL,290,9.336716283,9.330779057
Justin Wilson,ALL,752,10.900396,10.45167263
Justin Wilson,FC,178,10.02657055,10.27283264
Justin Wilson,FF,374,11.34579306,10.43138718
Justin Wilson,FS,9,15.41512197,13.26422877
Justin Wilson,SL,191,10.96530158,10.90068161
Justin Wrobleski,ALL,468,12.43548776,10.40162536
Justin Wrobleski,CH,24,11.12207525,8.959491584
Justin Wrobleski,CU,58,13.988326,10.52795327
Justin Wrobleski,FF,275,12.33577589,10.1400645
Justin Wrobleski,SI,7,14.33496065,9.87916309
Justin Wrobleski,SL,69,10.76959149,9.626127395
Justin Wrobleski,ST,35,13.51305649,12.15399571
Kai-Wei Teng,ALL,200,12.39121559,11.75480457
Kai-Wei Teng,CH,7,14.21098854,12.13003885
Kai-Wei Teng,CU,37,15.31900098,14.24552634
Kai-Wei Teng,FF,12,12.63236943,10.67616175
Kai-Wei Teng,SI,87,10.07131967,10.66422716
Kai-Wei Teng,SL,22,12.76311285,11.36520306
Kai-Wei Teng,ST,35,15.29498103,13.86959487
Kaleb Ort,ALL,342,10.86547922,9.8532897
Kaleb Ort,CH,26,13.23135874,13.73616348
Kaleb Ort,FC,68,10.45659454,10.50432564
Kaleb Ort,FF,187,9.761104863,8.701105147
Kaleb Ort,ST,61,13.36433336,11.62199558
Keaton Winn,ALL,789,10.47230572,9.930170951
Keaton Winn,FF,200,10.8917262,10.41096749
Keaton Winn,FS,325,10.15521015,9.827170261
Keaton Winn,SI,151,10.46268977,10.09407849
Keaton Winn,SL,113,9.869995958,9.281311508
Keegan Akin,ALL,1109,10.51478539,9.669901913
Keegan Akin,CH,122,12.95125282,11.12228469
Keegan Akin,FF,629,9.718876433,9.216593471
Keegan Akin,SL,358,11.25215608,10.17759825
Keegan Thompson,ALL,510,13.82603843,11.0734763
Keegan Thompson,CH,12,15.80882927,11.02770456
Keegan Thompson,CU,79,17.07890694,13.25435278
Keegan Thompson,FC,156,11.28846504,9.821474102
Keegan Thompson,FF,192,12.66133221,9.644698063
Keegan Thompson,SI,1,22.08119389,18.07879513
Keegan Thompson,ST,70,15.2746979,12.23481099
Keider Montero,ALL,1483,10.86975111,10.15991418
Keider Montero,CH,159,12.7009375,10.76622952
Keider Montero,FF,618,10.45528795,9.587713315
Keider Montero,KC,167,11.38519537,11.2035946
Keider Montero,SI,114,11.35890717,10.55619334
Keider Montero,SL,425,11.12310982,10.4979051
Kenley Jansen,ALL,686,12.3878345,10.48216067
Kenley Jansen,FC,578,12.24177101,10.14979303
Kenley Jansen,SI,57,14.46542813,12.85038469
Kenley Jansen,SL,37,11.0129105,12.45642251
Kenley Jansen,ST,14,13.94775601,12.79342774
Kenny Rosenberg,ALL,386,10.10442727,10.30548689
Kenny Rosenberg,CH,128,9.969986787,10.61242397
Kenny Rosenberg,CU,20,11.81124001,9.596061729
Kenny Rosenberg,FC,53,11.61953751,10.5583245
Kenny Rosenberg,FF,185,10.03807542,9.912461736
Kent Emanuel,ALL,271,10.6568866,9.991029957
Kent Emanuel,CH,32,10.71542079,10.23018691
Kent Emanuel,SI,162,9.862488002,8.865137005
Kent Emanuel,SL,1,31.48747352,27.31593605
Kent Emanuel,ST,76,15.44061544,15.3138147
Kenta Maeda,ALL,1818,11.8226562,9.504791179
Kenta Maeda,CU,29,16.71560893,14.76943485
Kenta Maeda,FC,33,8.082955214,6.999095797
Kenta Maeda,FF,409,10.9023781,10.2954268
Kenta Maeda,FS,562,15.38759213,9.544496016
Kenta Maeda,SI,133,9.491013742,8.153039706
Kenta Maeda,SL,411,10.72318521,9.225878977
Kenta Maeda,ST,241,10.10310876,9.552268805
Kevin Gausman,ALL,2664,13.04342811,8.78202828
Kevin Gausman,FF,1383,10.80928034,8.361788594
Kevin Gausman,FS,895,17.1734627,9.224849426
Kevin Gausman,SI,163,12.24338035,8.488724545
Kevin Gausman,SL,223,14.45707848,10.70292817
Kevin Ginkel,ALL,1106,11.03148306,9.43289002
Kevin Ginkel,FF,592,9.673673424,9.075157891
Kevin Ginkel,SI,96,10.69281603,9.210170984
Kevin Ginkel,SL,418,13.53458122,10.02909877
Kevin Herget,ALL,123,11.24281237,9.750363218
Kevin Herget,CH,48,13.78283562,10.991817
Kevin Herget,FC,18,8.730941482,8.766448596
Kevin Herget,FF,57,9.659207776,9.285211853
Kevin Kelly,ALL,987,10.76802023,9.200987593
Kevin Kelly,FC,83,11.26385083,9.963339808
Kevin Kelly,FF,22,13.61711479,11.04847648
Kevin Kelly,SI,605,9.810287297,8.677962963
Kevin Kelly,ST,277,12.61893746,10.8803508
Kirby Snead,ALL,185,12.06318292,9.394333607
Kirby Snead,CH,35,13.99882788,10.61694836
Kirby Snead,FF,36,12.34901643,10.8117791
Kirby Snead,SI,72,8.240183842,8.339570692
Kirby Snead,SL,42,13.95336981,11.10169256
Kirby Yates,ALL,1015,10.79957686,9.364288061
Kirby Yates,FF,614,9.193469303,8.988974445
Kirby Yates,FS,395,13.66130762,10.20199596
Kirby Yates,SL,6,9.706461422,8.130008266
Kodai Senga,ALL,88,13.92800706,8.62402832
Kodai Senga,CU,1,36.10206156,32.86351463
Kodai Senga,FC,13,7.889704989,7.497695271
Kodai Senga,FF,35,11.34011666,8.109065991
Kodai Senga,FO,26,18.42210061,8.480196217
Kodai Senga,SL,5,23.12223914,14.42315131
Kodai Senga,ST,8,13.54677043,17.49329108
Kody Clemens,ALL,14,17.12495377,18.35578269
Kody Clemens,EP,14,17.12495377,18.35578269
Kody Funderburk,ALL,577,12.41962344,10.89843816
Kody Funderburk,CH,20,15.56978531,13.41775304
Kody Funderburk,FC,253,12.41962344,10.45054288
Kody Funderburk,SI,111,9.892177812,9.862595384
Kody Funderburk,ST,193,14.34339759,12.32520347
Kolby Allard,ALL,381,10.27848649,9.236898573
Kolby Allard,CH,94,10.64414854,9.488835613
Kolby Allard,CU,44,11.09060215,10.3949839
Kolby Allard,FC,66,10.24044898,9.342517648
Kolby Allard,FF,155,10.29099382,8.783768705
Kolby Allard,SI,22,7.954872649,10.00162553
Kris Bubic,ALL,533,11.02128058,10.31474649
Kris Bubic,CH,87,10.76116192,9.434167006
Kris Bubic,FF,228,10.94696787,10.56131936
Kris Bubic,SI,17,11.7189321,9.284930097
Kris Bubic,SL,1,19.08919943,17.39665796
Kris Bubic,ST,200,11.12772892,10.60199305
Kumar Rocker,ALL,215,12.15922228,10.14065064
Kumar Rocker,CH,3,16.15001053,11.66668743
Kumar Rocker,CU,2,11.47891559,14.90361817
Kumar Rocker,FF,91,9.928899245,7.649107403
Kumar Rocker,SI,36,10.95699696,8.537956887
Kumar Rocker,SL,83,16.11882841,12.96662565
Kutter Crawford,ALL,2548,10.86088384,9.933414076
Kutter Crawford,FC,819,9.345365158,9.330747558
Kutter Crawford,FF,866,11.16255729,9.369245864
Kutter Crawford,FS,213,12.90218075,10.8270226
Kutter Crawford,KC,179,13.78111703,11.76925641
Kutter Crawford,ST,471,11.68406793,11.13132859
Ky Bush,ALL,313,12.42613159,11.4673389
Ky Bush,CH,30,10.29914423,11.09844193
Ky Bush,CU,45,11.98147848,12.41493091
Ky Bush,FF,162,13.45776941,11.25318168
Ky Bush,SL,76,12.14709703,13.29373156
Kyle Bradish,ALL,649,11.79114085,9.472191771
Kyle Bradish,CU,115,10.8519796,9.233170486
Kyle Bradish,FF,86,14.58148997,10.78694857
Kyle Bradish,SI,254,12.84718328,9.638433069
Kyle Bradish,SL,194,10.42743596,9.227573539
Kyle Farmer,ALL,25,12.78289038,13.16900324
Kyle Farmer,EP,25,12.78289038,13.16900324
Kyle Finnegan,ALL,1016,11.8407588,10.32106689
Kyle Finnegan,FF,682,11.86645355,9.841980581
Kyle Finnegan,FS,277,11.37469245,11.02886352
Kyle Finnegan,SL,57,14.82198182,13.8823449
Kyle Freeland,ALL,1665,9.501588816,8.31735688
Kyle Freeland,CH,197,9.254225539,8.588711143
Kyle Freeland,FC,376,8.331672178,7.655436378
Kyle Freeland,FF,333,9.127208957,7.565778621
Kyle Freeland,KC,318,12.8839401,10.11535655
Kyle Freeland,SI,441,9.194097027,7.820208228
Kyle Gibson,ALL,2657,10.17984381,9.16150505
Kyle Gibson,CH,264,11.58994986,9.757293267
Kyle Gibson,CU,230,12.0505867,10.27369283
Kyle Gibson,FC,556,9.946747539,8.670117427
Kyle Gibson,FF,353,11.14130878,10.4603569
Kyle Gibson,SI,704,8.812120049,8.697948646
Kyle Gibson,ST,550,10.74786371,9.187578599
Kyle Harrison,ALL,1811,10.41360572,9.701978063
Kyle Harrison,CH,361,11.40150729,11.12709199
Kyle Harrison,CU,1,15.81529058,13.59112314
Kyle Harrison,FC,6,11.96859149,10.84678892
Kyle Harrison,FF,1038,9.989137624,9.269938857
Kyle Harrison,SI,1,15.39071227,10.3555067
Kyle Harrison,SV,404,10.44085046,10.16889129
Kyle Hendricks,ALL,1881,9.910470487,8.630865922
Kyle Hendricks,CH,732,9.478650307,8.65652617
Kyle Hendricks,CU,230,9.91087973,9.629971671
Kyle Hendricks,FF,235,12.24694933,9.167399872
Kyle Hendricks,SI,684,9.422449108,8.252246871
Kyle Hurt,ALL,84,15.04194971,10.05178657
Kyle Hurt,CH,46,14.3887992,11.42505456
Kyle Hurt,CU,1,14.97199125,14.65963816
Kyle Hurt,FF,33,18.75540184,8.798363308
Kyle Hurt,SI,3,9.011822049,8.313442258
Kyle Hurt,SL,1,11.29373521,6.986319498
Kyle Leahy,ALL,661,10.90543358,10.1429233
Kyle Leahy,CH,62,10.93241417,9.531220917
Kyle Leahy,CU,43,15.00794196,14.26630178
Kyle Leahy,FF,292,10.88425068,9.362373775
Kyle Leahy,SL,164,9.688007571,9.539564582
Kyle Leahy,ST,100,13.27057605,12.30692775
Kyle Muller,ALL,672,10.34881929,9.554181403
Kyle Muller,CH,49,16.85263836,12.64558097
Kyle Muller,CU,85,16.01434694,13.32056031
Kyle Muller,FF,364,9.001158181,8.449625163
Kyle Muller,SL,174,10.37445824,9.516233745
Kyle Nelson,ALL,106,11.16729474,8.539237991
Kyle Nelson,FC,24,13.43956044,8.657293512
Kyle Nelson,FF,30,7.975021784,7.030595202
Kyle Nelson,SL,52,10.95376589,8.946792198
Kyle Nicolas,ALL,884,12.02025304,11.16007518
Kyle Nicolas,CU,200,15.27682058,13.7427525
Kyle Nicolas,FF,491,10.53566126,9.801298174
Kyle Nicolas,SI,2,15.50950058,17.71301301
Kyle Nicolas,SL,191,13.97546961,12.20174771
Kyle Tyler,ALL,538,11.36498049,9.893656642
Kyle Tyler,CH,6,18.25896616,16.28329504
Kyle Tyler,CU,161,15.76129014,11.25778391
Kyle Tyler,FC,229,8.833217503,8.462307431
Kyle Tyler,FF,77,14.12922599,9.938871923
Kyle Tyler,SI,2,14.86703979,14.04613528
Kyle Tyler,SL,63,14.17814469,11.31940599
Lake Bachar,ALL,156,10.50678629,8.96482319
Lake Bachar,FF,76,9.986255669,8.88797659
Lake Bachar,FS,33,15.70693809,8.454239006
Lake Bachar,ST,47,10.71411635,9.402312449
Lance Lynn,ALL,1917,10.75572407,9.648513401
Lance Lynn,CH,121,15.51699373,11.16592203
Lance Lynn,CU,119,13.72627827,11.63722652
Lance Lynn,FC,419,9.765911424,9.578286531
Lance Lynn,FF,914,10.57733591,9.466696498
Lance Lynn,SI,320,10.48063088,9.397415106
Lance Lynn,ST,24,9.470460219,8.187135628
Landen Roupp,ALL,845,10.52544734,9.106928607
Landen Roupp,CH,82,15.52212482,10.36383808
Landen Roupp,CU,374,11.27167816,9.490458139
Landen Roupp,FF,23,11.55744669,7.533668367
Landen Roupp,SI,331,8.798166848,8.211439573
Landen Roupp,SL,35,9.806731751,9.402180721
Landon Knack,ALL,1073,14.93935542,10.71668727
Landon Knack,CH,158,15.45184719,12.91306779
Landon Knack,CU,25,12.22046961,11.75472074
Landon Knack,FF,492,15.90551348,9.667582763
Landon Knack,KC,149,13.75874784,13.54501776
Landon Knack,SL,242,12.80318108,10.60320966
Landon Knack,ST,7,19.00817487,18.62974763
Leo Rivas,ALL,15,17.93759702,16.90320429
Leo Rivas,EP,15,17.93759702,16.90320429
Logan Allen,ALL,454,10.55270788,9.680339691
Logan Allen,ALL,1551,9.674756486,9.33083157
Logan Allen,CH,285,10.87897213,10.92992023
Logan Allen,CU,5,12.30074518,10.06694024
Logan Allen,FC,103,9.62589907,9.608927773
Logan Allen,FC,227,9.286314548,8.983378623
Logan Allen,FF,84,14.96935415,11.01510017
Logan Allen,FF,577,8.899894695,8.526423045
Logan Allen,FS,91,10.76561868,10.87078293
Logan Allen,SI,77,9.733780415,8.415326332
Logan Allen,SI,167,8.731534099,8.177773594
Logan Allen,ST,94,9.655248709,8.564817345
Logan Allen,ST,295,11.11925531,10.2353709
Logan Gilbert,ALL,2726,11.92790991,10.49882942
Logan Gilbert,FC,290,9.62877544,9.953562596
Logan Gilbert,FF,842,10.19347104,9.885788117
Logan Gilbert,FS,366,20.48335826,13.43310994
Logan Gilbert,SI,41,11.59396989,9.944407635
Logan Gilbert,SL,872,11.44244836,9.798043343
Logan Gilbert,ST,314,13.46296193,11.27634543
Logan Gilbert,UN,1,33.03473562,
Logan Gillaspie,ALL,139,11.60957469,10.66449701
Logan Gillaspie,CH,21,13.57146518,10.66449701
Logan Gillaspie,CU,27,14.44295847,12.2040218
Logan Gillaspie,FC,13,12.69250784,12.61571575
Logan Gillaspie,FF,58,10.30969585,10.40230594
Logan Gillaspie,SI,3,7.621673835,9.767486423
Logan Gillaspie,SL,2,8.764577611,8.6534596
Logan Gillaspie,ST,15,14.34389439,9.236347585
Logan Webb,ALL,2847,10.3579081,8.312432501
Logan Webb,CH,897,12.18522448,8.2477931
Logan Webb,FC,75,9.964617471,7.866360327
Logan Webb,FF,164,9.920218682,9.604912648
Logan Webb,SI,1113,8.866132177,8.078265638
Logan Webb,ST,598,10.35410122,8.600873601
Louis Varland,ALL,772,10.44109527,9.705113593
Louis Varland,CH,78,12.26973462,10.84329752
Louis Varland,FF,321,9.103071645,8.835623064
Louis Varland,KC,130,13.11974426,11.24868151
Louis Varland,SI,31,11.99048456,10.78551093
Louis Varland,SL,212,10.81992383,10.01838753
Lucas Erceg,ALL,983,10.13079183,9.651660178
Lucas Erceg,CH,202,9.679157446,8.92868444
Lucas Erceg,FF,309,10.02988706,9.584254411
Lucas Erceg,SI,212,9.472479145,9.683406992
Lucas Erceg,SL,260,11.48762052,10.53430958
Lucas Gilbreath,ALL,47,11.65694483,10.85470845
Lucas Gilbreath,FF,31,11.65694483,10.68152108
Lucas Gilbreath,SL,16,10.71899857,11.3920931
Lucas Sims,ALL,808,11.47634897,10.63168874
Lucas Sims,CU,63,11.37732085,11.12878493
Lucas Sims,FC,121,8.95383383,9.01349081
Lucas Sims,FF,257,12.66993925,11.21263948
Lucas Sims,FS,2,19.35360485,18.63448314
Lucas Sims,SI,1,13.25175221,9.248938254
Lucas Sims,SL,19,9.758525534,8.73442163
Lucas Sims,ST,345,11.2842038,10.74700368
Luis Castillo,ALL,2312,10.60905444,9.022177901
Luis Castillo,CH,335,13.64621206,9.213211506
Luis Castillo,FF,1050,9.012974494,8.611942813
Luis Castillo,SI,422,10.45070583,9.043862331
Luis Castillo,SL,505,12.24462441,9.752315007
Luis Contreras,ALL,104,13.13527791,11.32371041
Luis Contreras,CH,9,14.09329347,13.03327229
Luis Contreras,CU,4,15.42350487,14.69913622
Luis Contreras,FF,47,13.08069399,8.922355542
Luis Contreras,SI,1,15.9846057,19.30596228
Luis Contreras,SL,25,12.24618385,12.65662836
Luis Contreras,ST,18,11.74179829,13.29304135
Luis Frías,ALL,214,13.18650596,10.84042469
Luis Frías,FC,96,13.90486875,11.02410461
Luis Frías,FF,59,10.75911445,11.24431027
Luis Frías,SI,24,9.5531206,6.992517044
Luis Frías,SL,35,15.70146726,12.56713611
Luis García,ALL,880,11.30259629,9.783615038
Luis García,FC,16,24.98901028,18.8656192
Luis García,FF,48,13.55523611,11.23259465
Luis García,FS,162,11.60458714,10.2976579
Luis García,SI,467,9.97726526,9.109858003
Luis García,SL,114,14.71570083,10.99984042
Luis García,ST,73,12.56940855,10.95072384
Luis Gil,ALL,2608,11.54213203,10.44182665
Luis Gil,CH,664,12.14841905,10.85858678
Luis Gil,FF,1270,11.24475281,9.972872903
Luis Gil,SL,674,11.29375906,11.15770722
Luis Guerrero,ALL,124,11.07813843,10.17052883
Luis Guerrero,CH,32,14.85852022,10.99585983
Luis Guerrero,FF,58,10.3265226,9.963646663
Luis Guerrero,ST,34,10.19609296,10.05400874
Luis Guillorme,ALL,31,17.48505206,12.83545442
Luis Guillorme,FA,31,17.48505206,12.83545442
Luis Medina,ALL,684,11.4026731,10.71603598
Luis Medina,CH,52,8.660583061,9.240773664
Luis Medina,CU,68,15.13065279,11.18425535
Luis Medina,FF,284,10.58526183,10.43000271
Luis Medina,SI,102,10.76778305,10.16726601
Luis Medina,SL,178,12.40999402,12.24985934
Luis Ortiz,ALL,6,10.57600601,10.4774195
Luis Ortiz,ALL,2072,10.60098141,9.518633992
Luis Ortiz,CH,21,17.67348443,10.15335776
Luis Ortiz,FC,407,9.301357495,8.829982385
Luis Ortiz,FF,558,9.628684604,9.171753265
Luis Ortiz,SI,2,10.57600601,11.82245415
Luis Ortiz,SI,534,10.16705538,9.319020463
Luis Ortiz,SL,552,13.09500722,10.49239668
Luis Ortiz,ST,4,10.36266922,8.708949056
Luis Peralta,ALL,171,11.65004122,10.29437612
Luis Peralta,CH,1,9.704918376,10.4459836
Luis Peralta,CU,39,15.56708659,15.68061371
Luis Peralta,FF,131,11.27984779,9.597073602
Luis Severino,ALL,2615,10.92182323,9.996794039
Luis Severino,CH,190,14.21793996,11.82902235
Luis Severino,FC,222,10.08718276,8.815199646
Luis Severino,FF,919,9.989831125,9.374010261
Luis Severino,SI,653,9.876738555,9.325299163
Luis Severino,SL,182,14.52846772,10.67852221
Luis Severino,ST,449,14.06140098,12.06549352
Luis Torrens,ALL,1,0.07446175,0.920217357
Luis Torrens,FA,1,0.07446175,0.920217357
Luke Jackson,ALL,893,11.14451011,10.37627472
Luke Jackson,CU,142,12.55276876,11.61623719
Luke Jackson,FC,9,15.42424539,16.38587375
Luke Jackson,FF,280,11.13083536,10.31296901
Luke Jackson,SL,462,10.94043789,9.954323474
Luke Little,ALL,419,13.02212243,11.80522587
Luke Little,FF,304,12.18200433,10.83781505
Luke Little,FS,5,10.92322337,13.41204416
Luke Little,SI,1,11.5324463,14.49471244
Luke Little,ST,109,17.95831242,14.24705877
Luke Maile,ALL,59,11.68411423,10.06375214
Luke Maile,EP,2,22.84399481,8.643607634
Luke Maile,FA,47,10.32000812,10.06375214
Luke Maile,KN,10,13.71096282,11.5741511
Luke Weaver,ALL,1445,10.72603055,9.37599369
Luke Weaver,CH,415,12.03067181,9.20971399
Luke Weaver,FC,296,8.824585437,8.790698546
Luke Weaver,FF,710,10.77152517,9.494337194
Luke Weaver,KC,15,19.13880208,14.24514749
Luke Weaver,SI,1,11.70489803,8.736573221
Luke Weaver,SL,8,9.130419737,8.993048428
Luke Williams,ALL,52,19.52194059,11.12689642
Luke Williams,EP,42,19.80245958,12.1759865
Luke Williams,FA,10,14.29527903,8.954308247
Lyon Richardson,ALL,24,12.43383065,10.77535612
Lyon Richardson,CH,8,13.9678664,13.22188922
Lyon Richardson,FF,6,6.820332733,4.235197877
Lyon Richardson,SI,5,8.788668675,8.437059313
Lyon Richardson,SL,5,14.41826846,10.79972598
MacKenzie Gore,ALL,2864,12.41665041,10.81494031
MacKenzie Gore,CH,260,12.45437911,12.31818674
MacKenzie Gore,CU,555,11.73476762,11.8929787
MacKenzie Gore,FC,403,11.21628394,10.40472514
MacKenzie Gore,FF,1596,12.79496631,10.37615381
MacKenzie Gore,SL,35,11.34077589,10.74383618
MacKenzie Gore,ST,15,15.76405974,12.41407769
Manuel Rodríguez,ALL,544,11.95007803,10.98959814
Manuel Rodríguez,FF,116,11.78734273,11.23338799
Manuel Rodríguez,SI,173,11.06979134,9.79361446
Manuel Rodríguez,SL,251,13.11335635,11.68291909
Manuel Rodríguez,ST,4,16.11494217,15.70369496
Marc Church,ALL,15,11.14833382,10.58589045
Marc Church,FF,7,10.57192588,9.82817627
Marc Church,SL,8,13.30484523,10.96994078
Marco Gonzales,ALL,435,9.241508302,8.513663795
Marco Gonzales,CH,120,10.67134714,7.149538791
Marco Gonzales,CU,47,7.665323563,6.999081657
Marco Gonzales,FC,96,10.18090325,8.756317578
Marco Gonzales,FF,141,8.907139495,9.817743479
Marco Gonzales,SI,31,6.648745474,7.733495894
Marcus Stroman,ALL,2243,10.06920548,8.781901194
Marcus Stroman,CU,61,13.74133818,11.84126852
Marcus Stroman,FC,397,8.965176081,8.518708788
Marcus Stroman,FF,63,11.34112281,9.435970277
Marcus Stroman,FS,252,12.44513684,10.7363623
Marcus Stroman,SI,774,9.775721144,8.299941939
Marcus Stroman,SL,372,10.05455747,8.622784226
Marcus Stroman,SV,324,10.04492219,8.762180144
Mark Leiter Jr.,ALL,996,12.8209875,10.83342271
Mark Leiter Jr.,CU,176,12.88639759,11.46907025
Mark Leiter Jr.,FC,78,8.895342095,8.538305924
Mark Leiter Jr.,FF,20,13.76415905,11.64134899
Mark Leiter Jr.,FS,360,16.68167673,11.3367611
Mark Leiter Jr.,SI,269,10.34359096,9.457432041
Mark Leiter Jr.,SL,1,3.861863051,7.886995809
Mark Leiter Jr.,ST,92,12.17130294,11.38342938
Martín Pérez,ALL,2043,9.950217094,8.783782371
Martín Pérez,CH,459,11.40738169,8.889070673
Martín Pérez,CU,279,12.76523237,9.86663072
Martín Pérez,FC,462,10.03530613,8.853040122
Martín Pérez,FF,85,8.624081329,8.528694939
Martín Pérez,SI,757,8.562983402,8.347937445
Martín Pérez,SL,1,4.679561971,10.58961526
Mason Black,ALL,579,10.11531501,9.578677662
Mason Black,CH,13,10.68212472,10.41046747
Mason Black,FC,22,10.36488766,10.81929674
Mason Black,FF,185,9.971104728,8.748493302
Mason Black,SI,165,11.06901743,9.705311712
Mason Black,SL,44,10.02356052,10.44963731
Mason Black,ST,150,9.97130442,10.01842734
Mason Englert,ALL,350,11.75973856,9.395293009
Mason Englert,CH,103,14.80451795,9.34715286
Mason Englert,FC,46,9.006771373,8.50504543
Mason Englert,FF,95,10.07357972,9.6564055
Mason Englert,SI,35,11.56699593,9.222207454
Mason Englert,SL,59,11.37190007,9.644439658
Mason Englert,SV,12,13.26562018,9.895851165
Mason Miller,ALL,1009,11.1122379,10.6145499
Mason Miller,CH,18,15.30650778,10.05070375
Mason Miller,FF,635,10.68463058,10.0883272
Mason Miller,FS,2,26.61347781,28.57976369
Mason Miller,SL,354,11.83048014,11.24064319
Mason Montgomery,ALL,147,11.73908769,10.49431822
Mason Montgomery,FF,107,10.77450843,10.09597924
Mason Montgomery,SL,40,16.95176707,11.27786828
Matt Andriese,ALL,82,12.0209272,11.15327922
Matt Andriese,CH,1,30.72054966,24.58118436
Matt Andriese,CU,13,14.37155571,11.35373831
Matt Andriese,FC,22,12.46637634,13.47691397
Matt Andriese,FF,35,9.73577824,9.651667753
Matt Andriese,SI,11,11.10395772,10.62846817
Matt Barnes,ALL,232,11.72955226,10.84087
Matt Barnes,FF,92,12.51626661,10.38402292
Matt Barnes,FS,41,10.45187726,9.883976174
Matt Barnes,KC,99,10.252995,11.49772004
Matt Bowman,ALL,451,11.24574498,10.20206253
Matt Bowman,FC,84,12.01546867,11.30519976
Matt Bowman,FF,1,2.879296072,6.234564566
Matt Bowman,FS,74,12.61753096,11.12479797
Matt Bowman,SI,179,10.45343829,8.695681046
Matt Bowman,ST,113,11.35447805,10.86625911
Matt Carasiti,ALL,168,11.07174943,9.417252232
Matt Carasiti,FC,30,10.74594606,8.385117862
Matt Carasiti,FF,29,7.583564027,6.822325276
Matt Carasiti,FO,52,13.50657828,12.52922738
Matt Carasiti,SI,57,10.4340448,9.605516347
Matt Festa,ALL,374,10.2517902,9.67630833
Matt Festa,FC,106,10.26957467,9.418180554
Matt Festa,FF,144,9.254681754,8.949580717
Matt Festa,ST,124,10.90541145,11.20161189
Matt Foster,ALL,102,11.32092761,10.16928657
Matt Foster,CH,18,9.535946468,9.105217431
Matt Foster,CU,8,22.05273514,15.43470256
Matt Foster,FF,45,10.65795411,10.08475772
Matt Foster,SL,31,11.51063931,10.39254037
Matt Koch,ALL,23,13.90892136,9.489394739
Matt Koch,FC,13,13.90892136,11.86231438
Matt Koch,FF,7,15.86375677,7.740246482
Matt Koch,SL,3,2.314262299,4.78586668
Matt Krook,ALL,24,9.671768354,9.925447786
Matt Krook,CH,1,21.8603709,16.67551506
Matt Krook,FC,2,5.339211423,7.069831282
Matt Krook,SI,16,12.25364819,12.21916421
Matt Krook,ST,5,9.332913712,8.277452907
Matt Manning,ALL,405,11.2114438,10.64728599
Matt Manning,CU,42,14.40343275,13.20173372
Matt Manning,FF,191,10.55572418,10.11626898
Matt Manning,FS,17,14.20590321,13.92571613
Matt Manning,SL,18,12.5791189,10.40744335
Matt Manning,ST,137,10.82329832,10.51954622
Matt Mervis,ALL,33,15.02050165,11.49222665
Matt Mervis,EP,30,14.82990897,13.10980405
Matt Mervis,FA,3,18.19594753,8.335177195
Matt Moore,ALL,811,12.95739709,10.83898789
Matt Moore,CH,256,12.15041778,10.97282399
Matt Moore,FC,6,15.03296229,14.00604461
Matt Moore,FF,403,13.37296529,10.28717662
Matt Moore,KC,146,13.68065303,12.85337443
Matt Sauer,ALL,323,12.23297241,10.37956523
Matt Sauer,CU,51,14.64391316,11.71573722
Matt Sauer,FF,147,12.53665698,11.30032659
Matt Sauer,FS,20,15.52539692,15.42483011
Matt Sauer,SI,28,11.25975067,8.889339343
Matt Sauer,ST,77,10.42901625,8.935445908
Matt Strahm,ALL,964,10.29004176,9.944996658
Matt Strahm,CH,1,15.07200155,12.05638147
Matt Strahm,FC,117,9.85884907,9.903794949
Matt Strahm,FF,512,9.955257257,9.337670405
Matt Strahm,SI,148,10.26850198,9.359879749
Matt Strahm,SL,186,12.22801791,12.24887174
Matt Waldron,ALL,2352,11.24806426,9.142748797
Matt Waldron,FC,205,10.18226789,7.980203983
Matt Waldron,FF,441,10.83920784,8.153144087
Matt Waldron,KN,892,12.33928872,11.54365298
Matt Waldron,SI,347,10.39044721,7.089974331
Matt Waldron,ST,467,10.85573051,8.568026382
Matt Wallner,ALL,16,25.82641389,9.688189631
Matt Wallner,EP,14,26.85807586,9.688189631
Matt Wallner,FA,2,14.71938588,14.84580299
Matthew Boyd,ALL,823,11.72647835,9.925524324
Matthew Boyd,CH,217,9.915755618,9.553231435
Matthew Boyd,CU,71,12.69772561,10.55161825
Matthew Boyd,FF,306,14.2200505,10.07909908
Matthew Boyd,SI,80,9.606257875,9.293041597
Matthew Boyd,SL,149,10.89812478,10.96360564
Matthew Liberatore,ALL,1302,10.49217767,9.939102617
Matthew Liberatore,CH,60,10.39809024,10.58371901
Matthew Liberatore,CU,85,14.33482952,13.73402445
Matthew Liberatore,FC,169,10.91778206,10.71695105
Matthew Liberatore,FF,359,10.06197313,8.904498062
Matthew Liberatore,SI,267,9.16613018,8.494843279
Matthew Liberatore,SL,362,10.45195865,10.31119067
Max Fried,ALL,2497,11.83132095,10.25815382
Max Fried,CH,335,10.28511432,9.60256875
Max Fried,CU,522,11.70736796,11.60417868
Max Fried,FC,119,13.31885706,10.8263073
Max Fried,FF,799,13.11661079,9.509383227
Max Fried,SI,425,10.64420081,10.01347315
Max Fried,SL,144,11.81252903,11.75842877
Max Fried,ST,153,12.4580235,12.4339445
Max Lazar,ALL,204,11.70691443,10.82421648
Max Lazar,FC,44,9.97993285,10.28997859
Max Lazar,FF,117,11.6391182,10.83404686
Max Lazar,KC,42,12.8579967,12.46839673
Max Lazar,SL,1,26.39061201,27.41119461
Max Meyer,ALL,924,11.53381788,10.17195495
Max Meyer,CH,166,13.63363085,11.73784923
Max Meyer,FF,358,11.00878807,10.14207552
Max Meyer,SI,17,11.05209599,10.71826321
Max Meyer,SL,382,11.18220042,9.540084612
Max Meyer,ST,1,11.4895997,8.558626734
Max Scherzer,ALL,656,9.760322737,8.940508059
Max Scherzer,CH,91,10.57446623,10.23973166
Max Scherzer,CU,92,9.729079842,8.835462545
Max Scherzer,FC,40,10.43883273,8.765793224
Max Scherzer,FF,284,10.54121626,9.017784815
Max Scherzer,SL,149,8.890916375,8.656441768
Merrill Kelly,ALL,1101,9.93172817,8.222344253
Merrill Kelly,CH,230,12.11130954,8.843511513
Merrill Kelly,CU,85,12.0320907,8.142625021
Merrill Kelly,FC,280,8.611204859,8.206372794
Merrill Kelly,FF,226,9.089872368,8.425186616
Merrill Kelly,SI,151,10.00674299,8.137175954
Merrill Kelly,SL,129,10.06526413,7.284974331
Michael Grove,ALL,768,12.28302828,10.10047062
Michael Grove,FC,129,10.84498493,10.12078032
Michael Grove,FF,7,14.43037605,17.26954533
Michael Grove,KC,53,13.42114236,12.44539937
Michael Grove,SI,167,15.0610514,10.24706371
Michael Grove,SL,412,11.24883663,9.674806107
Michael Kelly,ALL,408,10.12367063,9.533858188
Michael Kelly,CH,1,33.31868536,35.75937813
Michael Kelly,FF,128,9.749253851,9.146890702
Michael Kelly,SI,3,13.44192432,12.53761053
Michael Kelly,SL,53,10.14809547,10.48478998
Michael Kelly,ST,223,10.094335,9.64509375
Michael King,ALL,2825,11.3145924,9.324517195
Michael King,CH,689,11.55132586,9.211397328
Michael King,FF,685,11.35286827,9.354797068
Michael King,SI,779,10.3468529,8.80265394
Michael King,SL,160,11.95516182,9.124163033
Michael King,ST,512,12.30331655,10.33637043
Michael Kopech,ALL,1114,14.33314308,10.88057912
Michael Kopech,FA,1,123.319312,81.02778519
Michael Kopech,FC,120,10.81375954,11.39690576
Michael Kopech,FF,874,15.14444482,10.65940295
Michael Kopech,SL,119,12.91696099,12.4187601
Michael Lorenzen,ALL,1956,10.66952165,9.898762089
Michael Lorenzen,CH,368,10.92123944,9.830388875
Michael Lorenzen,CU,154,13.55740217,11.3372026
Michael Lorenzen,FC,201,9.023858959,9.465402975
Michael Lorenzen,FF,522,10.36680067,9.73715163
Michael Lorenzen,SI,414,9.926606505,9.26924351
Michael Lorenzen,SL,169,11.38532927,10.69276673
Michael Lorenzen,ST,128,12.95707362,12.49672551
Michael McGreevy,ALL,298,9.452224885,8.38129779
Michael McGreevy,CH,26,9.720548067,5.926562792
Michael McGreevy,CU,16,17.26873647,15.79158582
Michael McGreevy,FC,31,10.45884907,8.661094183
Michael McGreevy,FF,58,8.609419862,8.837272283
Michael McGreevy,SI,111,8.212357147,8.160900492
Michael McGreevy,ST,56,10.12047743,8.78818066
Michael Mercado,ALL,238,11.49965772,9.949125773
Michael Mercado,CH,4,13.1052662,11.05608071
Michael Mercado,CU,53,11.62225596,11.12498742
Michael Mercado,FC,60,12.10320006,8.903713975
Michael Mercado,FF,113,11.26088233,8.89992793
Michael Mercado,FS,8,13.46117698,14.41621776
Michael Petersen,ALL,358,12.48181636,11.31038046
Michael Petersen,CH,9,9.811426243,9.687342486
Michael Petersen,FF,229,12.2850512,10.2993736
Michael Petersen,SI,8,15.72691592,11.76834323
Michael Petersen,SL,112,13.65324237,12.81169449
Michael Soroka,ALL,1317,12.09920054,10.49571191
Michael Soroka,CH,124,14.63056661,12.24410382
Michael Soroka,FF,427,12.32483612,10.01075337
Michael Soroka,SI,280,9.966878926,9.551751589
Michael Soroka,SL,412,12.77521385,11.39268403
Michael Soroka,SV,74,11.92739585,10.84067126
Michael Stefanic,ALL,11,18.11861316,13.82667792
Michael Stefanic,CU,1,37.17182009,34.89116273
Michael Stefanic,FA,10,17.69848292,13.6781948
Michael Tonkin,ALL,1283,12.44659041,9.826625454
Michael Tonkin,FF,496,10.08638435,9.089652167
Michael Tonkin,SI,211,13.08410055,8.710622568
Michael Tonkin,SL,458,15.07113143,11.17057132
Michael Tonkin,ST,118,12.15086796,11.87060359
Michael Wacha,ALL,2627,10.31217703,9.880891683
Michael Wacha,CH,844,10.51988641,10.33320994
Michael Wacha,CU,211,14.15392424,13.40057039
Michael Wacha,FC,313,10.20402005,9.377619475
Michael Wacha,FF,612,9.432308779,8.557737218
Michael Wacha,SI,416,9.37897434,9.021303384
Michael Wacha,SL,231,12.15664916,12.05747808
Michel Otañez,ALL,585,11.62993284,11.04177392
Michel Otañez,FF,241,10.63777217,10.56910929
Michel Otañez,SI,106,9.642619155,9.637677607
Michel Otañez,SL,238,15.18226313,13.114847
Miguel Castro,ALL,193,11.72714947,10.47740722
Miguel Castro,CH,31,13.98314897,10.60926128
Miguel Castro,FF,61,10.16422449,9.971997825
Miguel Castro,SI,27,12.16459422,11.25066494
Miguel Castro,SL,74,12.80206637,11.52145462
Miguel Díaz,ALL,9,11.69205714,9.337416913
Miguel Díaz,CH,4,9.38209304,13.60822901
Miguel Díaz,FF,3,8.628067083,9.337416913
Miguel Díaz,SL,2,15.25034583,10.04703641
Miguel Rojas,ALL,14,18.49956546,9.978127142
Miguel Rojas,EP,12,19.41805186,12.69598703
Miguel Rojas,FA,2,7.945373818,8.817627086
Miguel Sanó,ALL,3,14.16818234,12.48661988
Miguel Sanó,CU,1,12.28532324,13.36305907
Miguel Sanó,FA,2,14.43158224,9.305072897
Mike Baumann,ALL,986,11.97700487,10.90788569
Mike Baumann,CH,16,12.96887553,10.59347957
Mike Baumann,FF,392,11.52395893,10.75544812
Mike Baumann,KC,335,12.05618554,10.9539432
Mike Baumann,SI,2,19.2054445,17.34041581
Mike Baumann,SL,241,12.48797394,11.21237625
Mike Burrows,ALL,68,11.59579877,10.36015035
Mike Burrows,CH,18,14.05082854,10.54533436
Mike Burrows,CU,7,11.6815999,9.573019786
Mike Burrows,FF,37,11.25402033,10.77766917
Mike Burrows,SL,6,11.69110549,11.60544545
Mike Clevinger,ALL,292,11.35860058,9.766358559
Mike Clevinger,CH,61,10.23248229,10.2836841
Mike Clevinger,CU,10,17.16187331,12.68332582
Mike Clevinger,FC,32,10.04743929,9.016016223
Mike Clevinger,FF,106,11.92001784,8.741237207
Mike Clevinger,SI,27,9.303619492,9.149224034
Mike Clevinger,ST,56,11.90439909,10.82805947
Mike Yastrzemski,ALL,26,23.18823781,16.70744286
Mike Yastrzemski,EP,23,20.9379997,15.66903513
Mike Yastrzemski,FA,1,23.95493062,25.94564996
Mike Yastrzemski,KN,2,32.52407119,21.57823344
Miles Mikolas,ALL,2536,9.263319009,8.695473265
Miles Mikolas,CH,207,10.0505812,9.3278671
Miles Mikolas,CS,14,11.71860405,12.71013001
Miles Mikolas,CU,298,11.31702757,11.15468956
Miles Mikolas,FF,716,8.974377971,8.287643154
Miles Mikolas,SI,582,9.048237251,8.202118641
Miles Mikolas,SL,614,8.578099904,8.473680537
Miles Mikolas,ST,105,11.18063931,10.15349428
Mitch Keller,ALL,2678,10.77876038,9.324435465
Mitch Keller,CH,28,13.66514437,12.7735575
Mitch Keller,CU,252,13.74290928,9.79693118
Mitch Keller,FC,324,8.584942914,8.486053757
Mitch Keller,FF,802,9.693370902,8.737701794
Mitch Keller,SI,605,10.68982889,9.27433111
Mitch Keller,SL,252,10.76104383,10.0810257
Mitch Keller,ST,415,12.32334386,10.65785536
Mitch Spence,ALL,2395,10.7238244,9.883720072
Mitch Spence,CH,28,10.71969208,10.59453886
Mitch Spence,CU,290,12.30119878,10.36634948
Mitch Spence,FC,942,10.20607459,9.905581077
Mitch Spence,SI,350,12.20344927,11.78035717
Mitch Spence,SL,785,10.34151822,9.167504546
Mitch White,ALL,391,11.71660515,10.30360877
Mitch White,CU,54,13.84015847,12.94524979
Mitch White,FF,136,11.75782743,9.843020119
Mitch White,SI,67,12.69133757,10.43427121
Mitch White,SL,47,10.03541888,9.500423224
Mitch White,ST,87,10.87918468,9.548973769
Mitchell Parker,ALL,2245,11.8038758,10.45053997
Mitchell Parker,CU,520,11.36111474,10.95017874
Mitchell Parker,FF,1088,12.20515639,9.805538124
Mitchell Parker,FS,432,11.73212302,11.9482823
Mitchell Parker,SL,205,11.63439721,10.196003
Nabil Crismatt,ALL,81,11.81113505,9.382301345
Nabil Crismatt,CH,56,10.23701991,10.98167163
Nabil Crismatt,CU,3,5.428992219,3.041962065
Nabil Crismatt,FF,18,14.72568129,8.30001392
Nabil Crismatt,SI,1,9.365657921,1.244714778
Nabil Crismatt,SL,3,9.305904164,7.602268768
Naoyuki Uwasawa,ALL,61,14.33341385,11.86473633
Naoyuki Uwasawa,CU,5,15.85553962,15.09470514
Naoyuki Uwasawa,FC,6,8.898402628,9.566579783
Naoyuki Uwasawa,FF,14,14.95566306,14.0882061
Naoyuki Uwasawa,FS,35,14.33341385,10.93529597
Naoyuki Uwasawa,SL,1,16.98905872,15.23476005
Nate Pearson,ALL,985,11.38323725,10.67868531
Nate Pearson,CU,119,16.90185689,13.70367824
Nate Pearson,FC,1,11.61887961,9.291704339
Nate Pearson,FF,450,10.83821179,10.34303378
Nate Pearson,FS,1,16.96003728,8.681944302
Nate Pearson,SI,18,9.024365243,8.8226112
Nate Pearson,SL,394,10.96701126,10.67510068
Nate Pearson,ST,2,8.710522665,8.794551465
Nathan Eovaldi,ALL,2559,9.457531534,8.782878348
Nathan Eovaldi,CU,346,10.92769316,10.16738947
Nathan Eovaldi,FC,394,7.765154473,7.590535159
Nathan Eovaldi,FF,942,8.651783041,8.497008304
Nathan Eovaldi,FS,790,10.72751265,9.190875754
Nathan Eovaldi,SI,11,8.408568934,5.525428537
Nathan Eovaldi,SL,76,8.41744594,8.112000655
Nestor Cortes,ALL,2446,9.620060304,9.208494567
Nestor Cortes,CH,213,11.11947765,11.16599709
Nestor Cortes,FC,689,9.167289546,8.519032479
Nestor Cortes,FF,1103,9.489784726,9.162283426
Nestor Cortes,SI,30,10.9119505,11.39859231
Nestor Cortes,SL,25,19.8045835,15.22908228
Nestor Cortes,ST,386,10.02223101,9.287457199
Nick Anderson,ALL,555,10.67760537,10.07613339
Nick Anderson,CH,34,14.52441787,10.32372802
Nick Anderson,CU,256,10.13557549,9.998409951
Nick Anderson,FF,125,9.909603267,9.850654033
Nick Anderson,SI,140,11.62184064,10.31057587
Nick Avila,ALL,219,10.41098645,10.35868162
Nick Avila,FC,66,11.5362994,11.41695604
Nick Avila,FF,77,8.81581003,8.571117333
Nick Avila,KC,38,16.02881915,13.45546864
Nick Avila,SI,29,8.271866941,7.292432178
Nick Avila,SL,9,10.32379314,9.970589038
Nick Burdi,ALL,206,12.05491511,11.65444114
Nick Burdi,FF,123,11.63010202,12.00322391
Nick Burdi,SI,3,13.24220338,12.21103575
Nick Burdi,SL,80,12.40235122,10.9072735
Nick Hernandez,ALL,137,9.838633675,9.564512196
Nick Hernandez,FF,50,10.14089934,10.1912
Nick Hernandez,FS,6,14.05293785,12.12830284
Nick Hernandez,SL,81,9.171561577,9.432936345
Nick Lodolo,ALL,1736,9.415307699,9.254433518
Nick Lodolo,CH,282,9.156251865,8.722284427
Nick Lodolo,CU,473,12.0950742,11.86385611
Nick Lodolo,FF,487,8.925387725,8.542660137
Nick Lodolo,SI,494,8.188936639,8.188277148
Nick Loftin,ALL,8,12.66789949,6.838391046
Nick Loftin,CU,1,18.55569386,22.34707568
Nick Loftin,FA,5,8.264509329,4.477839166
Nick Loftin,SL,2,21.92897053,15.81471769
Nick Martinez,ALL,2031,9.290642819,8.514499433
Nick Martinez,CH,443,12.39863489,9.734306437
Nick Martinez,CU,242,10.35200561,10.47679696
Nick Martinez,FC,413,7.260421154,7.345622248
Nick Martinez,FF,461,8.535986923,7.863510422
Nick Martinez,SI,347,8.876656455,8.201198737
Nick Martinez,SL,125,8.612718076,8.759420972
Nick Mears,ALL,957,10.58127146,9.472447692
Nick Mears,CU,166,12.12036934,12.2341357
Nick Mears,FF,565,10.74226706,9.351456233
Nick Mears,SL,226,9.456997589,8.997523873
Nick Nastrini,ALL,681,12.90883813,11.78806295
Nick Nastrini,CH,67,16.10875608,12.91372505
Nick Nastrini,CU,63,13.97438267,10.96619052
Nick Nastrini,FF,296,13.46384767,12.35121649
Nick Nastrini,SL,255,11.34358743,11.36222654
Nick Nelson,ALL,96,10.65590062,9.17190908
Nick Nelson,CH,17,11.63088906,8.985151279
Nick Nelson,FF,25,7.015190231,9.104500848
Nick Nelson,KN,2,28.22895263,16.88272161
Nick Nelson,SI,29,12.35711984,11.08258885
Nick Nelson,SL,23,10.17991792,8.913337542
Nick Pivetta,ALL,2116,10.43097579,9.709872626
Nick Pivetta,CU,332,10.89714647,10.93804282
Nick Pivetta,FC,129,10.33011362,9.82702346
Nick Pivetta,FF,1022,9.917051018,8.794839879
Nick Pivetta,SI,2,15.2831691,9.89760534
Nick Pivetta,SL,77,15.70110204,10.04828339
Nick Pivetta,ST,554,10.40270069,10.52015657
Nick Pratto,ALL,14,17.11630124,10.01840917
Nick Pratto,FA,14,17.11630124,10.01840917
Nick Ramirez,ALL,182,11.22483636,9.155645494
Nick Ramirez,CH,49,9.079310181,8.627325468
Nick Ramirez,FF,2,23.43422968,16.05133969
Nick Ramirez,SI,89,11.89796143,8.566991128
Nick Ramirez,ST,42,13.72576967,10.84377507
Nick Robertson,ALL,206,10.87821208,10.51616435
Nick Robertson,CH,49,11.7786804,10.8051051
Nick Robertson,FC,3,3.419228238,2.868115019
Nick Robertson,FF,91,10.14819586,10.40316842
Nick Robertson,SL,34,10.05907658,8.717724696
Nick Robertson,ST,29,11.76269023,11.30141139
Nick Sandlin,ALL,937,11.61593036,10.21950725
Nick Sandlin,FF,286,11.17512117,9.682313015
Nick Sandlin,FS,252,11.99707216,10.07387111
Nick Sandlin,SI,79,11.73283529,9.683712474
Nick Sandlin,SL,320,11.47341995,11.31673721
Nick Vespi,ALL,147,11.24122423,9.665337578
Nick Vespi,CU,29,13.92162515,10.9135605
Nick Vespi,FC,87,10.12452619,10.49564672
Nick Vespi,SL,31,11.24122423,7.96354189
Noah Davis,ALL,348,12.75964262,10.3888386
Noah Davis,CH,17,14.95673523,13.72161189
Noah Davis,CU,12,16.04577384,14.15782785
Noah Davis,FC,71,11.98953171,10.48741146
Noah Davis,FF,23,14.39998561,13.32935802
Noah Davis,SC,9,20.60865961,12.12965595
Noah Davis,SI,144,12.26801656,9.158813693
Noah Davis,ST,72,11.92698825,10.76661658
Orion Kerkering,ALL,1013,10.24595601,9.349065246
Orion Kerkering,FF,296,10.56048716,9.661942132
Orion Kerkering,SI,154,10.63198291,9.613235481
Orion Kerkering,ST,563,10.00914741,9.107849059
Orlando Ribalta,ALL,95,11.23078751,9.354953224
Orlando Ribalta,CH,31,11.70552812,11.28732377
Orlando Ribalta,FF,45,11.35995922,7.625094781
Orlando Ribalta,SL,19,9.964866278,9.707911692
Osvaldo Bido,ALL,954,10.91626415,10.69252295
Osvaldo Bido,CH,143,11.77691604,10.7625008
Osvaldo Bido,FC,139,11.4855895,10.38636941
Osvaldo Bido,FF,372,10.37858707,10.78684916
Osvaldo Bido,SI,93,9.026818412,9.9787027
Osvaldo Bido,SL,207,12.11971077,10.88576383
Oswaldo Cabrera,ALL,10,20.11119108,12.18330506
Oswaldo Cabrera,EP,3,26.84874757,18.29992363
Oswaldo Cabrera,FA,7,18.83780291,10.9846126
Owen Miller,ALL,35,11.70128513,10.62537356
Owen Miller,FA,35,11.70128513,10.62537356
Owen White,ALL,68,10.00010834,8.663752473
Owen White,CH,4,12.93836439,7.484603116
Owen White,CU,9,11.04943073,14.6808383
Owen White,FC,8,9.921172614,7.580088449
Owen White,FF,34,9.624705937,9.366398464
Owen White,SI,1,1.199102697,2.117941431
Owen White,SL,12,10.25948825,8.405219773
Pablo López,ALL,2826,10.8976773,9.209004438
Pablo López,CH,574,12.36554728,8.717691039
Pablo López,CU,285,16.11454486,10.99861617
Pablo López,FF,1145,9.406083118,8.865384653
Pablo López,SI,224,10.43182696,8.419488688
Pablo López,ST,598,10.70595422,9.707673148
Pablo Reyes,ALL,17,16.12188246,12.7629697
Pablo Reyes,CS,3,5.555244212,11.24859192
Pablo Reyes,EP,3,21.91391361,23.61266158
Pablo Reyes,FA,11,18.15497481,11.23750999
Paolo Espino,ALL,151,10.62840986,9.639946424
Paolo Espino,CH,36,9.76377359,8.639057147
Paolo Espino,CU,47,13.58234794,10.3534648
Paolo Espino,FF,50,9.220149238,8.075802586
Paolo Espino,ST,18,10.64327779,10.53007677
Parker Dunshee,ALL,46,11.80073827,11.94948485
Parker Dunshee,CU,4,13.16316021,11.84944031
Parker Dunshee,FF,18,12.48768241,10.3956986
Parker Dunshee,SL,24,11.80073827,12.21585372
Parker Mushinski,ALL,175,10.99283474,9.436824217
Parker Mushinski,CU,42,17.59310542,9.999994561
Parker Mushinski,FC,73,8.389749901,8.600631154
Parker Mushinski,FF,27,12.60364347,12.10098057
Parker Mushinski,SI,19,9.09136869,10.24035374
Parker Mushinski,ST,14,10.17966845,11.26647047
Patrick Corbin,ALL,2610,10.58513344,9.462201184
Patrick Corbin,CH,94,10.95746776,9.61862249
Patrick Corbin,CS,1,10.11079681,9.762404281
Patrick Corbin,CU,37,8.162919577,9.130777959
Patrick Corbin,FC,493,10.90026677,9.781690027
Patrick Corbin,FF,149,13.77931011,9.286154531
Patrick Corbin,FS,1,10.8040088,13.75779095
Patrick Corbin,SI,944,9.808353674,8.912970584
Patrick Corbin,SL,891,10.89442696,9.848807485
Patrick Sandoval,ALL,1414,11.40219245,10.8004243
Patrick Sandoval,CH,400,12.81752408,11.04881071
Patrick Sandoval,CU,129,11.27158221,10.85625471
Patrick Sandoval,FF,224,10.92232862,11.02564059
Patrick Sandoval,SI,246,11.4711045,10.47116672
Patrick Sandoval,SL,350,9.616892369,9.64793452
Patrick Sandoval,ST,65,13.77682227,13.8706465
Patrick Wisdom,ALL,12,16.90790371,19.05994068
Patrick Wisdom,EP,10,14.27553597,18.28051492
Patrick Wisdom,FA,2,32.42229449,24.23488255
Paul Blackburn,ALL,1147,9.466494755,8.911832279
Paul Blackburn,CH,214,9.329962668,8.29982132
Paul Blackburn,CU,112,10.93703405,10.457812
Paul Blackburn,FC,249,8.183512587,7.876491358
Paul Blackburn,FF,223,8.771747785,9.059760232
Paul Blackburn,SI,158,8.654808763,8.297002758
Paul Blackburn,ST,191,11.61694714,10.35963217
Paul Sewald,ALL,605,11.0929473,9.152697455
Paul Sewald,CH,4,29.2726513,21.73458901
Paul Sewald,FF,361,9.173151077,9.114636415
Paul Sewald,ST,240,13.9370424,9.32650562
Paul Skenes,ALL,2025,11.53251996,9.205895131
Paul Skenes,CH,111,17.3335747,10.03750084
Paul Skenes,CU,219,12.40151741,11.05397564
Paul Skenes,FF,797,9.872889712,9.104049459
Paul Skenes,FS,565,12.19061083,8.02583767
Paul Skenes,SL,128,12.40519079,10.69114667
Paul Skenes,ST,205,11.55159846,11.17751061
Pavin Smith,ALL,16,18.73999114,11.83079201
Pavin Smith,EP,1,26.97277361,28.63751465
Pavin Smith,FA,15,18.63010229,11.46161659
Pedro Avila,ALL,1393,10.94971114,10.31249936
Pedro Avila,CH,309,11.33821366,9.715769508
Pedro Avila,CU,219,12.00626938,12.35907795
Pedro Avila,FF,551,9.872932134,9.892651778
Pedro Avila,SI,168,9.865109006,9.973226639
Pedro Avila,SL,92,11.27576715,10.30385651
Pedro Avila,ST,54,15.21768746,15.0312867
Pete Fairbanks,ALL,668,13.07489415,10.80786556
Pete Fairbanks,CH,18,18.36442808,11.83073159
Pete Fairbanks,FF,351,12.79760895,10.97214303
Pete Fairbanks,SL,299,13.48377146,10.09307673
Peter Lambert,ALL,976,12.73821507,10.85452977
Peter Lambert,CH,249,11.7211561,11.28049552
Peter Lambert,CU,38,13.39032189,13.78677563
Peter Lambert,FC,10,5.821341581,8.177888059
Peter Lambert,FF,374,12.80060242,9.577152424
Peter Lambert,SI,25,12.72652224,11.4371747
Peter Lambert,SL,175,13.5592253,11.13868404
Peter Lambert,SV,105,13.53612313,12.92807677
Peter Strzelecki,ALL,185,11.07896755,10.4463334
Peter Strzelecki,CH,37,16.6881167,10.22578444
Peter Strzelecki,FC,26,10.8223333,11.72574892
Peter Strzelecki,FF,77,9.931778262,9.909706568
Peter Strzelecki,SI,11,10.38515689,10.4463334
Peter Strzelecki,ST,34,10.76681726,11.449
Phil Bickford,ALL,136,10.16346114,10.17656605
Phil Bickford,FF,105,9.687617172,10.45816996
Phil Bickford,SI,1,14.66601702,11.52474184
Phil Bickford,SL,30,11.48312097,9.642865634
Phil Maton,ALL,1007,12.24336408,10.61268825
Phil Maton,CU,293,16.81770752,12.05618592
Phil Maton,FC,348,10.23150821,9.327624181
Phil Maton,SI,97,11.4222845,10.26993441
Phil Maton,SL,41,9.211092135,9.936798661
Phil Maton,ST,228,11.43598248,10.76092811
Pierce Johnson,ALL,844,11.6775414,10.30420879
Pierce Johnson,CU,599,10.82412356,10.59321507
Pierce Johnson,FC,36,10.38807934,10.23315511
Pierce Johnson,FF,209,13.9944032,9.850194267
Porter Hodge,ALL,587,13.41375809,11.39192942
Porter Hodge,FF,360,13.22366926,11.46931553
Porter Hodge,FS,7,19.80565011,12.05987791
Porter Hodge,SL,1,19.10747991,21.35046664
Porter Hodge,ST,219,13.81512878,11.12033147
Prelander Berroa,ALL,323,12.61651884,11.99421298
Prelander Berroa,CH,1,24.87450412,22.22938618
Prelander Berroa,FF,137,13.01883185,13.41882821
Prelander Berroa,SL,185,12.36936357,11.41174502
Quinn Priester,ALL,770,11.32117856,9.382546123
Quinn Priester,CH,100,13.13157078,10.83419831
Quinn Priester,CU,111,12.91734704,10.11432518
Quinn Priester,FC,9,8.580947507,4.599290471
Quinn Priester,FF,107,10.36362313,10.73129403
Quinn Priester,SI,227,9.871156005,8.548036184
Quinn Priester,SL,216,11.37907772,9.7602456
Rafael Montero,ALL,633,10.61647663,8.603004509
Rafael Montero,CH,150,10.70446115,7.934553293
Rafael Montero,FF,283,10.59708668,8.835648153
Rafael Montero,SI,150,10.01627913,8.070939693
Rafael Montero,SL,50,13.87292287,11.1964485
Raisel Iglesias,ALL,873,8.62678465,8.182278348
Raisel Iglesias,CH,276,8.883814864,7.807610818
Raisel Iglesias,FF,259,9.088833134,9.002725372
Raisel Iglesias,SI,164,8.216706925,7.997134043
Raisel Iglesias,SL,174,8.10506537,7.846925497
Randy Dobnak,ALL,150,11.95276505,10.72483689
Randy Dobnak,CH,50,12.98475325,10.23924427
Randy Dobnak,FF,18,11.79173651,11.15232458
Randy Dobnak,SI,31,9.827666619,10.73519567
Randy Dobnak,SL,1,20.5926309,13.73348181
Randy Dobnak,ST,50,12.09818017,10.59197112
Randy Rodríguez,ALL,815,11.39080031,10.42324927
Randy Rodríguez,CH,44,16.17965952,12.75770677
Randy Rodríguez,FF,402,10.48359767,9.930609267
Randy Rodríguez,SI,49,15.51142551,11.46677102
Randy Rodríguez,SL,320,11.61001171,10.65999808
Randy Vásquez,ALL,1617,11.66282642,10.06731663
Randy Vásquez,CH,201,13.13269595,11.42267296
Randy Vásquez,CU,267,11.76800988,10.8345109
Randy Vásquez,FC,221,11.27609696,9.675239283
Randy Vásquez,FF,449,10.55504377,9.365252414
Randy Vásquez,SI,260,11.31671361,9.946828879
Randy Vásquez,SL,3,13.19044561,12.37812713
Randy Vásquez,ST,216,13.33883623,10.98196077
Ranger Suarez,ALL,2129,9.527389624,8.706028157
Ranger Suarez,CH,347,12.82973008,10.61702769
Ranger Suarez,CU,443,13.57358417,10.09384032
Ranger Suarez,FC,249,8.461094496,8.356375364
Ranger Suarez,FF,416,8.107560066,7.88545172
Ranger Suarez,SI,672,7.805560962,7.58965755
Ranger Suarez,SL,2,5.685953295,4.423995074
Ray Kerr,ALL,306,11.99437843,10.80333493
Ray Kerr,CU,143,14.79612805,12.39325204
Ray Kerr,FC,13,15.8719332,11.62890487
Ray Kerr,FF,136,10.18883276,10.21606513
Ray Kerr,FS,14,9.719998889,9.713548376
Raymond Burgos,ALL,25,8.420000019,7.246024785
Raymond Burgos,CH,6,14.01127274,9.882335794
Raymond Burgos,FF,3,8.522497226,4.553658311
Raymond Burgos,SI,12,8.344813998,8.180725314
Raymond Burgos,ST,4,7.550238127,4.902971629
Reed Garrett,ALL,952,13.40207584,10.61180251
Reed Garrett,FC,217,10.38175178,9.281472378
Reed Garrett,FF,155,11.4850755,11.09291056
Reed Garrett,FS,264,19.4143348,12.4348106
Reed Garrett,SI,125,12.67964498,10.30837173
Reed Garrett,ST,191,12.22343832,10.50960139
Reese Olson,ALL,1898,12.84492717,9.444066104
Reese Olson,CH,418,17.41327387,9.442086974
Reese Olson,CU,124,17.49235379,13.74151862
Reese Olson,FF,476,9.638966716,9.362223302
Reese Olson,SI,368,10.94496028,8.736802788
Reese Olson,SL,512,13.27098336,9.609346465
Reid Detmers,ALL,1495,12.12097398,10.56379443
Reid Detmers,CH,216,10.04206112,10.49687299
Reid Detmers,CU,219,11.99881818,11.3916736
Reid Detmers,FF,622,13.20578787,9.836332822
Reid Detmers,SI,68,13.06979046,9.860741756
Reid Detmers,SL,370,11.48372131,11.55631352
Reynaldo López,ALL,2031,10.55708817,9.054895534
Reynaldo López,CH,73,11.52421917,10.6522442
Reynaldo López,CU,237,11.25095127,10.06413162
Reynaldo López,FF,1126,9.529415459,8.532246089
Reynaldo López,SL,595,12.18655751,9.964917565
Rhett Lowder,ALL,458,11.3730744,9.66790538
Rhett Lowder,CH,88,12.65549069,9.589137531
Rhett Lowder,FF,131,11.90206703,10.66578158
Rhett Lowder,SI,116,9.789561208,8.57694729
Rhett Lowder,SL,123,9.939148201,10.1724066
Ricardo Pinto,ALL,199,10.55609097,10.25406048
Ricardo Pinto,FF,16,5.252480901,6.771549943
Ricardo Pinto,FS,58,11.32685169,11.3725494
Ricardo Pinto,SI,88,9.627441082,9.56973611
Ricardo Pinto,SL,22,11.00802042,10.33485585
Ricardo Pinto,ST,15,17.92304419,15.33701292
Rich Hill,ALL,69,14.30396466,10.89966253
Rich Hill,CH,1,36.35300386,32.18805447
Rich Hill,CU,7,14.39766488,13.54940763
Rich Hill,FC,9,14.33326559,10.6898619
Rich Hill,FF,12,11.87488799,9.962954499
Rich Hill,SI,14,12.81214273,11.04563874
Rich Hill,ST,26,14.51905975,11.13975993
Richard Fitts,ALL,292,9.900872069,8.869534099
Richard Fitts,FF,131,10.37048822,9.725339546
Richard Fitts,FS,31,12.2607215,8.994430463
Richard Fitts,SL,90,9.871234979,8.147655911
Richard Fitts,ST,40,7.183520963,7.237597499
Richard Lovelady,ALL,464,11.91165473,10.57044544
Richard Lovelady,FF,95,10.55905155,10.35251768
Richard Lovelady,SI,157,13.06971012,10.87343993
Richard Lovelady,SL,173,12.26112279,10.07421121
Richard Lovelady,ST,39,13.26166673,11.61752922
Ricky Vanasco,ALL,43,13.68263892,11.33863454
Ricky Vanasco,CU,9,15.95779917,11.26917832
Ricky Vanasco,FC,1,7.96808626,15.56545604
Ricky Vanasco,FF,28,13.68053979,11.43656128
Ricky Vanasco,SL,5,15.26032488,11.57301485
Riley O'Brien,ALL,190,12.40550157,11.38660391
Riley O'Brien,FF,4,13.66894892,11.571327
Riley O'Brien,SI,87,11.3766411,10.80043326
Riley O'Brien,SL,50,11.82184154,11.73620717
Riley O'Brien,ST,49,14.20456634,11.33285325
Riley Pint,ALL,95,15.49612821,12.10254772
Riley Pint,FF,28,17.31423899,13.85627726
Riley Pint,SI,1,25.10871248,28.57877724
Riley Pint,SL,66,15.0901409,11.23033134
River Ryan,ALL,287,12.67320592,10.15384848
River Ryan,CH,25,9.309815602,9.686771411
River Ryan,CU,44,11.76192459,10.19636326
River Ryan,FC,9,8.900627062,7.898323339
River Ryan,FF,114,13.91056759,10.35055853
River Ryan,SI,29,13.73125795,8.011847993
River Ryan,SL,66,11.7970932,10.32449117
Roansy Contreras,ALL,1015,11.27509897,10.49717984
Roansy Contreras,CH,106,12.63477019,12.53893688
Roansy Contreras,CU,93,12.72339772,11.1929434
Roansy Contreras,FF,372,10.66781539,9.617074779
Roansy Contreras,SI,110,10.44367696,9.489240041
Roansy Contreras,SL,260,11.64704364,11.21325683
Roansy Contreras,ST,74,11.27258168,11.13233909
Rob Zastryzny,ALL,112,11.54526496,9.626318273
Rob Zastryzny,CH,5,4.661535649,5.249692393
Rob Zastryzny,FC,53,13.03591753,10.0428846
Rob Zastryzny,FF,46,11.08806549,9.275358404
Rob Zastryzny,ST,8,12.6084904,11.67026678
Robbie Ray,ALL,534,13.41102787,9.734779948
Robbie Ray,FF,282,15.02661341,9.513710329
Robbie Ray,KC,82,13.56735341,10.9976364
Robbie Ray,SL,170,9.930868652,9.607637414
Robert Garcia,ALL,906,11.06801732,9.729250354
Robert Garcia,CH,282,10.86107974,10.40521122
Robert Garcia,FF,476,10.92932625,9.056903473
Robert Garcia,SI,1,23.29223722,17.55353569
Robert Garcia,SL,147,12.34775988,11.2286105
Robert Gasser,ALL,337,10.58092798,9.529219919
Robert Gasser,CH,46,10.57211993,9.345583378
Robert Gasser,FC,35,9.685816408,9.862216207
Robert Gasser,FF,73,9.223009738,9.242954259
Robert Gasser,SI,76,10.71815335,8.503813277
Robert Gasser,ST,107,11.66921592,10.10415663
Robert Suarez,ALL,950,11.30413178,10.15175223
Robert Suarez,CH,121,11.37044231,10.42504586
Robert Suarez,FC,4,14.77450967,13.45555727
Robert Suarez,FF,653,11.26739377,10.02716364
Robert Suarez,SI,172,10.92758889,10.02061566
Roddery Muñoz,ALL,1426,11.69886051,10.53322973
Roddery Muñoz,CH,130,13.91542977,11.08810489
Roddery Muñoz,FC,296,11.35115647,9.892150447
Roddery Muñoz,FF,387,11.0831621,10.21924198
Roddery Muñoz,SI,323,11.08446267,10.40455167
Roddery Muñoz,SL,290,13.03563096,12.06953733
Ron Marinaccio,ALL,380,11.87681256,10.42414109
Ron Marinaccio,CH,131,12.52645254,11.85941874
Ron Marinaccio,FF,189,10.9536042,9.276223322
Ron Marinaccio,SI,1,14.80534644,20.47298744
Ron Marinaccio,ST,59,12.77587623,10.88952856
Ronel Blanco,ALL,2486,11.10090618,10.34889067
Ronel Blanco,CH,561,11.91920281,10.9855171
Ronel Blanco,CU,238,11.96957247,11.81538411
Ronel Blanco,FF,950,10.55029519,9.686495142
Ronel Blanco,SL,737,10.66891236,10.41795185
Ronny Henriquez,ALL,283,10.73876591,9.150775012
Ronny Henriquez,CH,97,10.80225496,8.976169844
Ronny Henriquez,FF,86,9.763424254,9.239496167
Ronny Henriquez,SI,8,11.83176036,8.975928119
Ronny Henriquez,SL,92,10.86258448,10.28350917
Ross Stripling,ALL,1272,9.367608415,8.629530707
Ross Stripling,CH,225,9.510240636,8.75657936
Ross Stripling,FC,198,8.432618632,8.244088801
Ross Stripling,FF,398,9.978627768,8.387058537
Ross Stripling,KC,102,8.791792105,8.345382203
Ross Stripling,SI,180,9.127381466,7.950871895
Ross Stripling,SL,169,9.501788098,9.765011204
Rowdy Tellez,ALL,34,17.13657802,13.33802767
Rowdy Tellez,EP,31,17.67797036,13.94473247
Rowdy Tellez,FA,3,10.11206059,5.753146375
Ryan Borucki,ALL,160,10.03629482,9.873786473
Ryan Borucki,CH,21,13.13197456,10.19648315
Ryan Borucki,SI,42,8.915334151,8.792021244
Ryan Borucki,SL,83,9.229970455,9.256791116
Ryan Borucki,ST,14,20.11053075,15.00526099
Ryan Brasier,ALL,328,10.31553862,9.224117056
Ryan Brasier,FC,45,8.727030327,8.613806593
Ryan Brasier,FF,91,12.99478062,8.662909712
Ryan Brasier,SI,54,11.21281337,11.46856536
Ryan Brasier,SL,138,9.70418962,9.667629307
Ryan Burr,ALL,535,11.58779182,9.899703501
Ryan Burr,FF,210,9.734518806,9.535144459
Ryan Burr,SI,1,13.42648234,14.62981427
Ryan Burr,SL,324,13.47530648,10.31626637
Ryan Feltner,ALL,2483,11.37394829,10.11687877
Ryan Feltner,CH,364,12.05177168,11.54922167
Ryan Feltner,CU,251,10.94015069,10.69868635
Ryan Feltner,FF,899,11.7326465,9.79267507
Ryan Feltner,SI,341,12.12329382,10.40574041
Ryan Feltner,SL,504,10.57174196,9.596524535
Ryan Feltner,ST,124,9.649101307,10.06180795
Ryan Fernandez,ALL,1134,11.38665136,10.32904105
Ryan Fernandez,FC,118,10.416878,9.719761834
Ryan Fernandez,FF,467,11.11992081,10.56065414
Ryan Fernandez,SI,7,11.7002531,5.792006681
Ryan Fernandez,SL,542,11.81094933,10.30080026
Ryan Helsley,ALL,873,11.45583185,10.92627826
Ryan Helsley,CU,55,15.48189023,13.64026621
Ryan Helsley,FF,401,10.83895816,10.3435291
Ryan Helsley,SL,417,11.80286091,11.30620237
Ryan Loutos,ALL,34,14.29298574,9.634357517
Ryan Loutos,CH,1,15.22868461,13.28947993
Ryan Loutos,FF,18,15.38202229,10.10289441
Ryan Loutos,SL,4,10.9926527,7.458129783
Ryan Loutos,ST,11,11.35679047,9.609027486
Ryan Miller,ALL,209,10.16963414,9.967737361
Ryan Miller,FF,84,10.74122347,8.614924852
Ryan Miller,SL,88,9.163226511,10.18414916
Ryan Miller,ST,37,13.85476956,11.55583495
Ryan Pepiot,ALL,2052,12.47660327,10.40660473
Ryan Pepiot,CH,472,17.51853337,10.45776844
Ryan Pepiot,CU,53,19.12380046,18.20480881
Ryan Pepiot,FC,113,9.272112922,9.663557329
Ryan Pepiot,FF,1041,11.05911861,10.02997928
Ryan Pepiot,SI,5,3.562182283,8.661929052
Ryan Pepiot,SL,368,11.24482472,11.10979988
Ryan Pressly,ALL,917,10.88306371,10.01072195
Ryan Pressly,CH,104,12.63816933,11.0790728
Ryan Pressly,CU,228,11.99183888,10.77387795
Ryan Pressly,FF,308,10.21587394,9.106708363
Ryan Pressly,SI,20,12.4336763,10.3135502
Ryan Pressly,SL,257,10.39072817,9.344401983
Ryan Thompson,ALL,916,10.6179814,9.691964121
Ryan Thompson,FF,91,11.07358065,10.5343942
Ryan Thompson,SI,585,9.922632921,9.065310294
Ryan Thompson,SL,240,11.21926159,10.53482029
Ryan Walker,ALL,1143,10.27533662,9.645672512
Ryan Walker,FF,7,15.40045837,13.14425528
Ryan Walker,SI,627,10.04936137,9.081068249
Ryan Walker,SL,509,10.53233491,10.29554679
Ryan Weathers,ALL,1332,11.2063876,10.03238379
Ryan Weathers,CH,349,11.19797434,10.91046204
Ryan Weathers,FF,519,10.38761839,9.186085158
Ryan Weathers,SI,166,13.0856279,9.094850298
Ryan Weathers,SL,9,11.34518867,10.92533696
Ryan Weathers,ST,289,12.41809688,11.89464231
Ryan Yarbrough,ALL,1499,12.08773374,9.096114492
Ryan Yarbrough,CH,225,12.16813655,8.170154947
Ryan Yarbrough,FC,151,12.6940764,9.339864341
Ryan Yarbrough,FF,264,12.01289838,8.401807251
Ryan Yarbrough,SI,447,11.32567025,8.448550052
Ryan Yarbrough,ST,407,12.21308535,10.9795221
Ryan Yarbrough,SV,5,17.015913,16.29177781
Ryan Zeferjahn,ALL,188,11.61419438,10.77915851
Ryan Zeferjahn,CH,3,9.389292074,10.35168334
Ryan Zeferjahn,FC,84,10.04459675,9.244403688
Ryan Zeferjahn,FF,63,12.17048994,11.37279857
Ryan Zeferjahn,SL,3,14.88525472,13.83576794
Ryan Zeferjahn,ST,34,15.76945271,14.60929494
Ryan Zeferjahn,UN,1,57.09807497,
Ryder Ryan,ALL,326,10.6929441,9.630373503
Ryder Ryan,CH,1,10.16215042,8.971394097
Ryder Ryan,FF,46,8.339825959,8.848335258
Ryder Ryan,SI,137,10.90784991,8.924262505
Ryder Ryan,SL,142,11.04743053,10.15602371
Ryne Nelson,ALL,2158,10.27091003,9.523320806
Ryne Nelson,CH,211,12.50050282,11.48774351
Ryne Nelson,CU,129,13.05751309,12.07366142
Ryne Nelson,FC,389,9.007971635,8.863550973
Ryne Nelson,FF,1210,9.836402507,9.182264903
Ryne Nelson,SL,183,11.24838297,9.58865553
Ryne Nelson,ST,36,11.8121327,11.31650058
Ryne Stanek,ALL,920,13.20028673,11.12016927
Ryne Stanek,FF,542,11.88081206,11.3455827
Ryne Stanek,FS,202,17.76998519,11.41691557
Ryne Stanek,SI,27,7.91426481,8.192195973
Ryne Stanek,SL,149,13.1014976,10.36060907
Sam Aldegheri,ALL,195,12.67936938,11.06873517
Sam Aldegheri,CH,42,17.39340516,11.84935608
Sam Aldegheri,CU,18,12.15566963,12.20596835
Sam Aldegheri,FF,106,11.34510899,10.02354009
Sam Aldegheri,SL,29,11.81435376,15.77172895
Sam Hentges,ALL,342,9.424072718,8.98220174
Sam Hentges,CU,109,10.41160347,8.868114665
Sam Hentges,FF,112,9.314561859,9.551878998
Sam Hentges,SI,46,7.375514393,6.775091146
Sam Hentges,SL,75,11.40945005,9.742658335
Sam Long,ALL,736,12.71352962,11.22784044
Sam Long,CU,157,14.54808679,12.85599559
Sam Long,FF,282,12.20860651,10.78404672
Sam Long,FS,66,11.48279481,11.83817142
Sam Long,SI,1,16.58207621,14.93355441
Sam Long,SL,230,12.01800323,11.44930621
Sam Moll,ALL,606,11.17836335,10.27868502
Sam Moll,CH,56,13.102585,12.5764104
Sam Moll,FF,233,10.94992538,9.470921655
Sam Moll,SI,171,10.70503415,9.327042399
Sam Moll,ST,146,11.17836335,11.15295545
Sammy Peralta,ALL,262,11.30661238,9.706773646
Sammy Peralta,CH,58,12.003824,9.311706353
Sammy Peralta,FF,127,10.86984205,9.491481792
Sammy Peralta,SL,15,11.36025461,11.86909387
Sammy Peralta,ST,62,10.95664265,10.94491063
Scott Alexander,ALL,551,11.43915864,10.12440871
Scott Alexander,CH,71,14.73901957,11.85524349
Scott Alexander,SI,357,10.97694167,9.289052709
Scott Alexander,SL,123,11.44318292,11.23340743
Scott Barlow,ALL,990,12.217149,10.48852831
Scott Barlow,CU,213,14.8237034,12.14253012
Scott Barlow,FF,208,10.43758894,10.12878413
Scott Barlow,SI,130,9.420163246,9.41704009
Scott Barlow,SL,15,15.54224894,10.32922112
Scott Barlow,ST,424,12.50049634,10.54057369
Scott Blewett,ALL,310,11.65653331,9.560367755
Scott Blewett,FF,129,10.31585138,8.992993931
Scott Blewett,FS,70,11.74181491,11.71186196
Scott Blewett,SL,111,13.7401353,9.56552935
Scott Effross,ALL,54,9.045281362,8.406521244
Scott Effross,CH,7,7.785539666,9.175161498
Scott Effross,FF,10,8.616071212,5.990502351
Scott Effross,SI,18,8.900894696,7.07403957
Scott Effross,ST,19,9.052581223,10.16745066
Scott McGough,ALL,524,11.23525935,10.23685461
Scott McGough,FF,264,9.554711232,9.662209283
Scott McGough,FS,166,12.5328009,10.58695018
Scott McGough,KC,1,14.6229811,15.27524617
Scott McGough,SI,20,12.29207832,9.806466104
Scott McGough,SL,73,12.7733227,11.4931182
Sean Burke,ALL,290,12.79649048,10.8772228
Sean Burke,CH,19,16.65198405,14.60933203
Sean Burke,FF,117,13.93932438,9.72516768
Sean Burke,KC,69,13.32976988,13.76766847
Sean Burke,SL,85,11.76035293,10.65622827
Sean Guenther,ALL,252,10.38957738,9.279025008
Sean Guenther,FF,8,11.93340377,12.84503821
Sean Guenther,FS,79,12.49915174,9.76437841
Sean Guenther,SI,98,9.645656454,8.616812269
Sean Guenther,SL,67,9.340918168,9.253927751
Sean Hjelle,ALL,1091,9.01731486,7.943597064
Sean Hjelle,FC,113,8.829439544,8.072641249
Sean Hjelle,FF,2,15.03856951,13.73246942
Sean Hjelle,KC,370,11.22434107,9.004693252
Sean Hjelle,SI,606,7.857171425,7.539420421
Sean Manaea,ALL,2843,11.59468113,10.02385783
Sean Manaea,CH,326,13.24759726,10.8758862
Sean Manaea,FC,194,11.25578518,10.97038322
Sean Manaea,FF,894,10.87187338,9.238665087
Sean Manaea,SI,715,10.09992824,9.215501313
Sean Manaea,SL,174,11.80766656,11.25380233
Sean Manaea,ST,540,13.94163001,12.18098257
Sean Newcomb,ALL,166,12.34624414,11.13255922
Sean Newcomb,CH,7,15.2831803,15.40797107
Sean Newcomb,CU,28,16.80696275,14.07377489
Sean Newcomb,FF,76,10.3705034,9.367764232
Sean Newcomb,SI,19,10.94162963,9.386657881
Sean Newcomb,SV,36,13.32057931,11.50697741
Sean Reid-Foley,ALL,378,11.7972135,10.30995641
Sean Reid-Foley,CH,76,12.94254507,11.23428448
Sean Reid-Foley,FF,255,10.40087423,9.673341362
Sean Reid-Foley,SL,47,13.94490469,12.26989887
Sean Reynolds,ALL,209,13.77715763,11.21675264
Sean Reynolds,CH,12,9.620164859,8.712023949
Sean Reynolds,FF,102,13.6018658,10.96457351
Sean Reynolds,SL,90,15.15010279,12.56515818
Sean Reynolds,ST,5,11.58116231,11.32769862
Seranthony Domínguez,ALL,1014,11.68325282,10.94011343
Seranthony Domínguez,CH,15,14.43957654,10.47569336
Seranthony Domínguez,FF,411,11.34406994,10.64955662
Seranthony Domínguez,SI,176,10.4094415,9.822440912
Seranthony Domínguez,SL,218,11.99868175,11.75158279
Seranthony Domínguez,ST,194,12.88612423,12.20890008
Seth Halvorsen,ALL,174,10.86403438,9.674018108
Seth Halvorsen,FF,98,11.78343475,10.02530156
Seth Halvorsen,FS,50,10.79286376,9.693724088
Seth Halvorsen,SL,26,8.477493278,7.755182374
Seth Johnson,ALL,58,11.14488217,10.76484355
Seth Johnson,CH,2,6.560187205,7.411592705
Seth Johnson,CU,6,17.39160275,20.35007294
Seth Johnson,FF,28,11.14488217,10.0097012
Seth Johnson,FS,5,5.79377263,5.302451518
Seth Johnson,SL,17,13.18616617,13.86391144
Seth Lugo,ALL,3164,10.33993447,9.492500099
Seth Lugo,CH,214,10.98123257,9.885326924
Seth Lugo,CS,1,19.10618627,12.04669915
Seth Lugo,CU,509,11.19047101,10.30312944
Seth Lugo,FC,295,10.12455075,9.20160607
Seth Lugo,FF,754,9.684617807,9.120229192
Seth Lugo,FS,85,11.72457138,9.818840305
Seth Lugo,SI,584,9.996429472,8.842970715
Seth Lugo,SL,271,9.546109475,9.82837852
Seth Lugo,ST,112,12.69012734,10.6879664
Seth Lugo,SV,339,10.67741468,9.833781098
Seth Martinez,ALL,796,10.15020503,8.797880538
Seth Martinez,CH,113,14.69329836,10.24308633
Seth Martinez,FF,263,8.956371438,8.333754226
Seth Martinez,SI,173,8.45422571,8.746531426
Seth Martinez,ST,247,10.02886782,8.916169592
Shane Baz,ALL,1166,11.14529512,10.18697413
Shane Baz,CH,117,12.56363648,11.15820005
Shane Baz,FF,560,10.2218881,9.481358733
Shane Baz,KC,240,12.8284693,11.84199287
Shane Baz,SL,249,11.71775036,10.30601693
Shane Bieber,ALL,80,7.546157405,7.849779434
Shane Bieber,CH,9,5.923825603,5.930752019
Shane Bieber,FC,9,5.624786951,4.770881992
Shane Bieber,FF,31,10.24292286,9.343203676
Shane Bieber,KC,11,11.96182356,14.15503893
Shane Bieber,SL,20,6.163808821,5.754262767
Shaun Anderson,ALL,240,10.77894833,8.895845501
Shaun Anderson,CH,27,10.58742974,9.351250408
Shaun Anderson,FF,78,10.79763333,9.963203668
Shaun Anderson,SI,28,12.02124854,9.500654056
Shaun Anderson,SL,87,10.86456412,8.805922144
Shaun Anderson,ST,20,5.814853432,6.03445865
Shawn Armstrong,ALL,1080,10.68033366,9.574161525
Shawn Armstrong,FC,334,11.58051779,9.929736227
Shawn Armstrong,FF,360,9.580835166,9.482442134
Shawn Armstrong,SI,293,10.71114619,8.9782467
Shawn Armstrong,ST,63,11.80068889,10.16232802
Shawn Armstrong,SV,30,18.64552227,11.48314807
Shawn Dubin,ALL,792,11.33692272,10.15907638
Shawn Dubin,CH,116,11.23222152,10.39167697
Shawn Dubin,CU,126,11.48657233,10.79070142
Shawn Dubin,FC,125,11.04103392,10.15916944
Shawn Dubin,FF,351,11.19244288,9.716637455
Shawn Dubin,ST,74,13.41671474,13.16058807
Shelby Miller,ALL,815,11.45514202,9.662832915
Shelby Miller,FF,493,10.62331859,9.902778933
Shelby Miller,FS,157,13.90724285,10.19371242
Shelby Miller,SL,165,10.82896793,8.870885534
Shota Imanaga,ALL,2476,11.4674885,9.856167377
Shota Imanaga,CH,94,14.67395457,11.71877146
Shota Imanaga,CS,1,11.08057834,11.68170589
Shota Imanaga,CU,81,12.65904372,11.71586594
Shota Imanaga,FC,12,8.805071896,8.196658888
Shota Imanaga,FF,1288,10.89138195,9.30661749
Shota Imanaga,FS,755,12.2899816,9.994839089
Shota Imanaga,SI,54,9.73013162,9.397303531
Shota Imanaga,ST,191,13.7111162,11.27304103
Simeon Woods Richardson,ALL,2159,10.35403067,9.371440473
Simeon Woods Richardson,CH,417,13.79927222,10.01567009
Simeon Woods Richardson,CU,198,9.97398096,9.721980795
Simeon Woods Richardson,FF,875,9.336288663,9.002191189
Simeon Woods Richardson,SL,669,9.850241834,8.922235337
Sixto Sánchez,ALL,594,11.836563,10.03246982
Sixto Sánchez,CH,185,12.382188,9.830658938
Sixto Sánchez,FC,199,11.93885706,9.834834669
Sixto Sánchez,FF,179,11.06742906,10.65087719
Sixto Sánchez,SI,31,9.65616071,8.295180003
Slade Cecconi,ALL,1200,10.28743101,9.466215774
Slade Cecconi,CH,136,13.07104004,11.97799139
Slade Cecconi,CU,108,11.17633693,10.66492294
Slade Cecconi,FC,2,10.70494704,11.33216431
Slade Cecconi,FF,661,9.429392537,8.809004351
Slade Cecconi,SL,290,10.28139607,9.890252771
Slade Cecconi,ST,3,8.745685796,7.197223556
Sonny Gray,ALL,2377,10.75716735,9.379309839
Sonny Gray,CH,150,12.01836941,11.36875592
Sonny Gray,CS,2,9.584964424,9.370097858
Sonny Gray,CU,328,11.77533448,10.32789371
Sonny Gray,FC,425,10.26382017,8.766549872
Sonny Gray,FF,569,9.209071808,8.298494518
Sonny Gray,SI,426,10.00661029,8.846236891
Sonny Gray,ST,477,13.44145292,10.28544085
Spencer Arrighetti,ALL,2321,11.38565449,10.55693302
Spencer Arrighetti,CH,189,12.34418616,11.26113257
Spencer Arrighetti,CU,458,13.25008972,12.11116171
Spencer Arrighetti,FC,464,10.39201631,9.772757945
Spencer Arrighetti,FF,946,10.83604362,9.883964162
Spencer Arrighetti,SI,9,6.861596458,6.257425993
Spencer Arrighetti,SL,3,19.22870979,17.41206497
Spencer Arrighetti,ST,252,12.69756552,11.88698437
Spencer Bivens,ALL,739,10.2191147,8.917858655
Spencer Bivens,CH,95,11.8978254,9.646774603
Spencer Bivens,FC,70,9.354312924,8.142228503
Spencer Bivens,FF,41,10.25927229,8.935536062
Spencer Bivens,SI,352,10.1069972,9.068082932
Spencer Bivens,SL,3,14.18470683,11.36783656
Spencer Bivens,ST,178,9.84687397,8.807233501
Spencer Howard,ALL,495,9.696485998,8.919138677
Spencer Howard,CH,84,11.30423187,12.33584082
Spencer Howard,CU,33,11.34635339,10.76363036
Spencer Howard,FF,251,9.180033556,8.363970845
Spencer Howard,SL,127,9.066892592,8.55498253
Spencer Schwellenbach,ALL,1589,10.14801485,9.285803653
Spencer Schwellenbach,CU,223,10.78512742,9.435571479
Spencer Schwellenbach,FC,255,10.27880422,9.712486514
Spencer Schwellenbach,FF,479,9.763662812,8.893370489
Spencer Schwellenbach,FS,205,10.2818065,9.556734163
Spencer Schwellenbach,SI,118,10.52965116,9.317785481
Spencer Schwellenbach,SL,309,9.944056418,9.249021949
Spencer Strider,ALL,166,11.37682461,9.502192269
Spencer Strider,CH,8,6.373808998,6.504485312
Spencer Strider,CU,19,18.01037937,15.46913307
Spencer Strider,FF,84,10.61898654,9.235146519
Spencer Strider,SL,55,11.01497204,9.275953202
Spencer Turnbull,ALL,864,10.95148258,9.492558217
Spencer Turnbull,CH,44,12.31743275,9.491281193
Spencer Turnbull,CU,78,16.82054904,10.84909561
Spencer Turnbull,FF,307,10.77454834,9.448324843
Spencer Turnbull,SI,103,10.30278876,9.873939084
Spencer Turnbull,SL,42,8.297700787,8.589111994
Spencer Turnbull,ST,290,10.51132399,9.148447205
Stephen Kolek,ALL,737,11.32862373,9.266750442
Stephen Kolek,CH,49,13.09859132,10.33476043
Stephen Kolek,FC,146,9.647399611,8.47019824
Stephen Kolek,FF,96,11.13914678,9.661002047
Stephen Kolek,SI,299,10.80485854,8.968974951
Stephen Kolek,SL,74,13.54794711,9.144320685
Stephen Kolek,ST,73,14.58286145,12.20047993
Steven Cruz,ALL,82,10.87845874,10.16999115
Steven Cruz,FC,46,11.30005312,11.60851889
Steven Cruz,FF,34,9.913150979,9.381627047
Steven Cruz,SI,2,4.386342001,3.977544869
Steven Matz,ALL,682,10.57087808,8.943154336
Steven Matz,CH,172,12.30676193,10.17201181
Steven Matz,CU,53,11.15807383,11.21231526
Steven Matz,FF,1,3.486686016,9.130023827
Steven Matz,SI,409,9.785869145,8.152566429
Steven Matz,SL,47,10.64246838,8.964705716
Steven Okert,ALL,607,10.52638411,10.16543707
Steven Okert,CH,48,12.9716808,8.889741105
Steven Okert,FF,142,9.782523154,10.14094614
Steven Okert,SI,56,10.17547842,9.646354498
Steven Okert,SL,361,11.0050606,10.72222627
Steven Wilson,ALL,570,11.66976205,10.8189118
Steven Wilson,CH,46,13.58969486,13.57131801
Steven Wilson,FC,6,13.18187459,12.19571078
Steven Wilson,FF,223,11.9322277,10.31256076
Steven Wilson,ST,295,11.15077647,10.84094853
T.J. McFarland,ALL,754,10.53465236,9.17221317
T.J. McFarland,CH,95,13.98228595,8.061251665
T.J. McFarland,FC,1,3.217438504,3.070504275
T.J. McFarland,SI,375,9.988804639,8.755267991
T.J. McFarland,ST,283,10.75774877,9.836556557
Taijuan Walker,ALL,1161,11.06381311,10.26505602
Taijuan Walker,CU,130,10.5041447,10.87139239
Taijuan Walker,FC,109,10.50136276,11.0135746
Taijuan Walker,FF,149,13.70927558,11.55000176
Taijuan Walker,FS,265,11.33147612,10.00208303
Taijuan Walker,SI,304,10.78282221,9.778005488
Taijuan Walker,SL,23,14.43391717,13.35187604
Taijuan Walker,ST,181,9.29104526,9.263805728
Taj Bradley,ALL,2192,12.30280929,11.054272
Taj Bradley,CU,193,14.97035237,15.78191903
Taj Bradley,FC,492,13.52910373,11.31872025
Taj Bradley,FF,917,10.40984783,10.26680352
Taj Bradley,FS,590,13.74887002,11.23314858
Tanner Banks,ALL,1027,10.06782716,9.39554029
Tanner Banks,CH,120,11.57290583,9.48312252
Tanner Banks,FF,331,10.46445622,9.334782484
Tanner Banks,SI,85,10.73069992,10.60470337
Tanner Banks,SL,337,9.757297951,9.388575633
Tanner Banks,ST,154,9.234624244,8.93476224
Tanner Bibee,ALL,2964,10.0981156,9.432867513
Tanner Bibee,CH,526,12.4503207,11.36322862
Tanner Bibee,CU,182,11.51199489,10.8273493
Tanner Bibee,FC,770,9.785747311,9.654255614
Tanner Bibee,FF,1263,9.414075255,8.609113772
Tanner Bibee,SI,43,13.12219941,10.10167345
Tanner Bibee,ST,180,9.037335578,8.920843624
Tanner Gordon,ALL,573,11.29783044,9.245665521
Tanner Gordon,CH,113,11.91228258,8.683911844
Tanner Gordon,CU,23,13.5557146,12.12348216
Tanner Gordon,FF,288,11.64936939,8.746282146
Tanner Gordon,SL,149,10.27553207,9.871461089
Tanner Houck,ALL,2600,10.41469269,9.223655663
Tanner Houck,FC,39,12.03936922,10.22326526
Tanner Houck,FF,3,9.764539718,5.613862126
Tanner Houck,FS,644,10.66841786,9.109349632
Tanner Houck,SI,847,10.08833145,9.022765135
Tanner Houck,ST,1067,10.53533748,9.587283553
Tanner Rainey,ALL,896,11.86181956,10.66433971
Tanner Rainey,CH,13,20.76925916,15.536843
Tanner Rainey,FF,631,10.84317314,10.38034855
Tanner Rainey,SL,252,14.94570624,11.77306109
Tanner Scott,ALL,1115,10.84918453,10.13666192
Tanner Scott,CH,1,23.6045562,21.98194887
Tanner Scott,FF,663,10.44178072,10.30289143
Tanner Scott,SI,1,6.004482756,5.704265888
Tanner Scott,SL,450,11.57850388,9.876450414
Tarik Skubal,ALL,2861,10.5334377,9.509064706
Tarik Skubal,CH,778,11.93190742,10.01785649
Tarik Skubal,CU,109,11.5024366,11.8192492
Tarik Skubal,FF,938,10.30702036,9.572135763
Tarik Skubal,FS,3,17.47821389,9.049564552
Tarik Skubal,SI,615,8.678989764,8.347115683
Tarik Skubal,SL,418,10.62805204,10.10037346
Tayler Saucedo,ALL,526,12.33094984,10.36442545
Tayler Saucedo,CH,130,13.41225187,10.56587523
Tayler Saucedo,CU,15,13.016086,14.4903715
Tayler Saucedo,FF,25,8.241945272,8.352165583
Tayler Saucedo,SI,234,11.44947364,9.453758787
Tayler Saucedo,SL,74,14.81195641,14.34126438
Tayler Saucedo,ST,48,12.3809784,9.976834061
Tayler Scott,ALL,1112,11.73801157,9.366873772
Tayler Scott,FF,533,12.12490729,9.0860115
Tayler Scott,FS,267,12.69006479,10.21210643
Tayler Scott,SI,60,11.00656962,9.884959546
Tayler Scott,ST,252,10.69431409,8.815284776
Taylor Rogers,ALL,962,10.59152439,9.683981603
Taylor Rogers,SI,511,10.52035967,9.375469872
Taylor Rogers,ST,451,10.66339585,10.0189446
Tejay Antone,ALL,45,13.0337427,13.88981005
Tejay Antone,CU,7,12.08249817,10.57768845
Tejay Antone,FF,17,10.79920554,13.95205465
Tejay Antone,SI,9,13.06920094,11.62136316
Tejay Antone,SL,12,14.30479447,14.09187174
Thyago Vieira,ALL,663,12.46619738,11.34732892
Thyago Vieira,CH,6,19.74101084,13.78495138
Thyago Vieira,FF,156,12.25243566,10.8256002
Thyago Vieira,SI,267,12.03207609,11.25740642
Thyago Vieira,SL,234,13.44220787,11.88892758
Tim Herrin,ALL,1082,11.2933129,10.29322759
Tim Herrin,CU,354,12.44207945,10.83666567
Tim Herrin,FF,267,9.763061133,9.694459913
Tim Herrin,SI,156,10.88376414,10.22567552
Tim Herrin,SL,305,11.19670629,10.17301443
Tim Hill,ALL,860,10.39922362,9.309794846
Tim Hill,CH,2,10.89966951,13.77686775
Tim Hill,FF,229,12.98687416,9.937172889
Tim Hill,SI,582,9.173998787,8.963867538
Tim Hill,SL,47,13.27517337,12.31985371
Tim Mayza,ALL,720,10.47260958,9.751149414
Tim Mayza,FC,20,9.828015659,10.74153092
Tim Mayza,FF,1,8.01671989,8.439100213
Tim Mayza,SI,519,9.427619894,8.966027588
Tim Mayza,SL,180,15.76583048,11.78498091
Tobias Myers,ALL,1907,11.17146782,10.40386177
Tobias Myers,CH,219,17.84899735,14.86154962
Tobias Myers,CU,80,13.8719638,12.96033512
Tobias Myers,FC,424,10.33150833,10.03686259
Tobias Myers,FF,782,10.45555496,9.570858179
Tobias Myers,SI,1,3.402651133,5.946777249
Tobias Myers,SL,401,10.94690719,10.74549343
Tom Cosgrove,ALL,284,11.15315978,9.960629052
Tom Cosgrove,FF,66,11.29469661,10.21476218
Tom Cosgrove,SI,70,9.439684167,8.627211605
Tom Cosgrove,ST,148,11.60591778,10.14467744
Tommy Henry,ALL,667,11.05124131,10.34558012
Tommy Henry,CH,116,11.13335858,10.9177107
Tommy Henry,CU,162,11.14608156,10.6713401
Tommy Henry,FF,224,11.04158103,9.383067533
Tommy Henry,SI,116,9.419590676,9.380240588
Tommy Henry,SL,49,13.49458331,12.71482022
Tommy Kahnle,ALL,783,11.5126053,10.81001039
Tommy Kahnle,CH,581,11.28856604,10.77468632
Tommy Kahnle,FF,148,12.13098826,11.0217
Tommy Kahnle,SI,13,13.33478091,13.2151058
Tommy Kahnle,SL,41,12.42838012,9.481255593
Tommy Nance,ALL,314,11.16211994,9.819987213
Tommy Nance,CU,119,15.19467629,12.49146548
Tommy Nance,FF,2,6.824884235,7.792570758
Tommy Nance,SI,110,10.28803888,8.456017215
Tommy Nance,SL,83,9.826173024,9.172397402
Tony Santillan,ALL,456,10.4348285,9.522872452
Tony Santillan,CH,3,14.39993077,16.16133894
Tony Santillan,FF,275,10.25979871,8.954162237
Tony Santillan,SL,113,11.19228233,11.09151859
Tony Santillan,SV,65,9.818809607,9.667007696
Touki Toussaint,ALL,449,12.49540367,11.20341078
Touki Toussaint,CU,118,12.36897582,11.93240877
Touki Toussaint,FF,36,14.76379119,13.71450907
Touki Toussaint,FS,166,12.4290162,10.50769798
Touki Toussaint,SI,129,12.88708536,10.72109098
Trent Thornton,ALL,1025,10.16726493,8.989802937
Trent Thornton,CH,27,10.6865863,6.98110025
Trent Thornton,CU,120,14.2664483,11.34501476
Trent Thornton,FC,37,7.40441977,8.14593505
Trent Thornton,FF,212,8.85578889,8.542004614
Trent Thornton,SI,96,9.955420293,9.251559401
Trent Thornton,SL,218,9.847761323,8.925408442
Trent Thornton,ST,315,10.33654332,9.13936746
Trevor McDonald,ALL,37,12.41431187,10.22857643
Trevor McDonald,CH,4,12.21704088,11.26476789
Trevor McDonald,FF,1,16.5921113,9.990253805
Trevor McDonald,SI,18,12.52849514,11.00070123
Trevor McDonald,SL,14,8.557997588,8.453450694
Trevor Megill,ALL,608,12.32840597,10.3323565
Trevor Megill,FF,422,11.53179644,9.768209921
Trevor Megill,KC,184,14.75359308,11.78310018
Trevor Megill,SI,2,37.69823707,33.36940283
Trevor Richards,ALL,1098,12.40652084,10.87676494
Trevor Richards,CH,582,15.13974818,11.562556
Trevor Richards,FF,500,10.00213096,9.786902763
Trevor Richards,FS,3,13.75504851,15.08735717
Trevor Richards,SI,10,8.819318134,6.617109938
Trevor Richards,SL,3,14.73739572,11.13901435
Trevor Rogers,ALL,2111,10.26696525,9.135750309
Trevor Rogers,CH,496,10.10004305,8.606685177
Trevor Rogers,FC,431,12.00270689,10.26667584
Trevor Rogers,FF,678,10.32864012,9.582398399
Trevor Rogers,SI,506,9.247743652,8.292242439
Trevor Williams,ALL,985,9.495308248,8.198833597
Trevor Williams,CH,168,12.81277459,8.42387243
Trevor Williams,FF,353,8.400761414,8.106647696
Trevor Williams,SI,123,9.289728309,7.250470556
Trevor Williams,SL,130,8.599438521,6.271670284
Trevor Williams,ST,211,10.59933786,9.268801167
Trey Wingenter,ALL,162,11.75930279,9.812732643
Trey Wingenter,FF,83,9.673750006,9.473732689
Trey Wingenter,FS,7,20.25728705,11.05862035
Trey Wingenter,SL,72,14.60486477,10.67901624
Tristan Beck,ALL,230,11.11273073,10.07327341
Tristan Beck,CU,47,13.68407426,12.09918315
Tristan Beck,FF,115,10.40196436,9.140661227
Tristan Beck,SL,32,9.734121549,9.105905672
Tristan Beck,ST,36,14.73383511,14.57764187
Triston McKenzie,ALL,1249,11.91296523,11.68876517
Triston McKenzie,CU,321,12.12123591,11.69497816
Triston McKenzie,FF,669,11.12042952,10.94133353
Triston McKenzie,SL,259,14.14103532,13.96911341
Troy Taylor,ALL,267,10.99156305,10.14250193
Troy Taylor,CH,5,21.80769735,21.44183471
Troy Taylor,FF,154,9.938979619,9.555946719
Troy Taylor,ST,108,11.72657727,11.03857201
Tucker Barnhart,ALL,3,23.20398329,24.30908349
Tucker Barnhart,EP,3,23.20398329,24.30908349
Ty Adcock,ALL,77,12.13797492,10.59248945
Ty Adcock,FC,21,10.89671296,9.364841317
Ty Adcock,FF,28,13.24939037,10.53382855
Ty Adcock,SI,2,12.18054616,10.73600597
Ty Adcock,SL,26,13.33818154,13.11446738
Ty Blach,ALL,1022,9.823648948,8.829147723
Ty Blach,CH,249,10.72638515,9.188016182
Ty Blach,CU,113,12.45436529,12.87693605
Ty Blach,FC,145,9.034096705,9.189801424
Ty Blach,SI,515,9.007562931,8.161119781
Ty Madden,ALL,411,12.55574862,10.51623585
Ty Madden,FC,74,10.23017184,9.778310078
Ty Madden,FF,172,10.33501377,8.722547896
Ty Madden,FS,56,15.41795876,11.93091641
Ty Madden,KC,15,15.90192498,11.81816353
Ty Madden,SI,19,19.60813913,12.46376852
Ty Madden,SL,75,15.06340371,13.27686073
Tyler Alexander,ALL,1548,8.857642616,7.998614117
Tyler Alexander,CH,217,10.80062802,9.432298817
Tyler Alexander,FC,491,8.569500529,7.890803535
Tyler Alexander,FF,352,8.092353624,7.549595052
Tyler Alexander,SI,198,8.208152232,7.748396678
Tyler Alexander,SL,7,6.844852391,5.685273886
Tyler Alexander,ST,283,10.36739797,8.714668674
Tyler Anderson,ALL,2795,11.67817323,10.47054655
Tyler Anderson,CH,1049,11.31152907,10.84202376
Tyler Anderson,CU,2,17.18438462,17.59099593
Tyler Anderson,FC,503,11.90033688,11.09564489
Tyler Anderson,FF,1097,11.89215891,9.834773876
Tyler Anderson,SI,95,10.37399529,12.40126777
Tyler Anderson,SL,49,12.17716391,15.21765052
Tyler Beede,ALL,259,11.15709559,9.70537387
Tyler Beede,CU,61,11.64916576,10.60295625
Tyler Beede,FF,78,9.561793044,9.86782497
Tyler Beede,FS,102,11.84565163,8.890772657
Tyler Beede,SI,18,9.40716451,8.232645996
Tyler Duffey,ALL,181,11.69478213,10.97049192
Tyler Duffey,CH,15,12.77629259,12.10853005
Tyler Duffey,FF,53,11.09513961,9.660939888
Tyler Duffey,KC,51,14.0474665,10.34477777
Tyler Duffey,SI,30,9.450725385,9.928793825
Tyler Duffey,SL,32,12.73804933,13.48733834
Tyler Ferguson,ALL,786,11.28485434,9.658361075
Tyler Ferguson,CH,18,14.58103573,12.42324862
Tyler Ferguson,FC,100,12.58038009,10.95377822
Tyler Ferguson,FF,306,10.285885,9.184399353
Tyler Ferguson,SI,174,11.79324931,8.836789885
Tyler Ferguson,ST,188,11.3862637,10.623371
Tyler Fitzgerald,ALL,32,15.56338848,9.474902554
Tyler Fitzgerald,EP,3,14.19890281,8.604819996
Tyler Fitzgerald,FA,29,15.58334653,10.34498511
Tyler Gilbert,ALL,142,13.40779108,10.34471385
Tyler Gilbert,FC,19,16.55117288,11.3396464
Tyler Gilbert,FF,48,13.91710038,11.6218253
Tyler Gilbert,FS,1,19.46118338,22.54384719
Tyler Gilbert,KC,5,12.82909937,8.905706001
Tyler Gilbert,SI,50,9.375692723,9.914664929
Tyler Gilbert,ST,19,13.13623394,9.546526638
Tyler Glasnow,ALL,1907,11.19427137,10.1189941
Tyler Glasnow,CU,358,16.57461724,13.27735921
Tyler Glasnow,FF,857,10.08106582,9.393701774
Tyler Glasnow,SI,161,10.25435933,9.510215012
Tyler Glasnow,SL,531,11.41048602,10.14156872
Tyler Heineman,ALL,6,11.13958527,11.65407249
Tyler Heineman,EP,2,15.81684479,13.86253055
Tyler Heineman,FA,4,7.90775548,8.385134986
Tyler Holton,ALL,1390,11.07336561,10.27977601
Tyler Holton,CH,266,10.87210477,9.419311581
Tyler Holton,CU,22,18.36469754,11.20569672
Tyler Holton,FC,369,10.51805681,10.11874905
Tyler Holton,FF,203,10.73714715,10.50590562
Tyler Holton,SI,307,10.33483959,10.21966849
Tyler Holton,ST,223,13.03092785,12.0980801
Tyler Jay,ALL,142,14.10937102,12.25723404
Tyler Jay,FC,31,12.8968039,11.64158356
Tyler Jay,FF,11,12.16523636,16.25655311
Tyler Jay,SI,75,14.22536799,12.23023892
Tyler Jay,ST,25,15.5849833,12.28440038
Tyler Kinley,ALL,1159,11.44559626,10.7494225
Tyler Kinley,CH,36,17.82558373,15.33796602
Tyler Kinley,FF,384,12.46279101,11.15787841
Tyler Kinley,SI,6,10.92518902,10.40041036
Tyler Kinley,SL,733,10.68215375,10.29473736
Tyler Mahle,ALL,218,8.109486367,7.70795779
Tyler Mahle,FC,8,10.5329246,10.07599487
Tyler Mahle,FF,116,7.379377499,6.938736318
Tyler Mahle,FS,65,8.525384578,8.83473791
Tyler Mahle,SL,29,13.15214176,12.0641992
Tyler Matzek,ALL,155,10.75730605,10.62641844
Tyler Matzek,FC,1,34.21688638,32.97073825
Tyler Matzek,FF,101,10.52966902,10.56036334
Tyler Matzek,SI,2,6.612881623,4.071024116
Tyler Matzek,SL,51,11.18785945,11.05642267
Tyler Phillips,ALL,531,9.804649866,9.133453218
Tyler Phillips,CU,79,12.14753274,10.45917821
Tyler Phillips,FF,103,9.188755765,8.80653781
Tyler Phillips,FS,35,8.953611093,7.730390414
Tyler Phillips,SI,158,8.801154924,7.721769984
Tyler Phillips,ST,156,10.72132887,10.11082458
Tyler Rogers,ALL,393,9.223040957,7.865817858
Tyler Rogers,FF,1,5.299438313,4.404146534
Tyler Rogers,SI,279,9.393609698,7.375224737
Tyler Rogers,SL,113,8.436687076,9.003794801
Tyler Wells,ALL,238,10.37141842,8.716442505
Tyler Wells,CH,46,11.52201082,9.375780237
Tyler Wells,CU,41,10.43809406,8.485541163
Tyler Wells,FC,41,11.22867542,10.00917297
Tyler Wells,FF,87,10.27755724,8.364442568
Tyler Wells,SL,23,7.903681384,8.379049532
Tyler Zuber,ALL,71,10.13947971,9.28791621
Tyler Zuber,FC,11,11.9202614,8.784020812
Tyler Zuber,FF,31,8.362898691,9.515179429
Tyler Zuber,SL,7,12.98392124,4.468445196
Tyler Zuber,ST,22,9.987395091,10.83416007
Tylor Megill,ALL,1315,12.40842109,10.51979796
Tylor Megill,CH,18,15.97189369,13.65950159
Tylor Megill,CU,104,17.75300138,14.03609211
Tylor Megill,FC,189,12.44434293,10.61338116
Tylor Megill,FF,616,10.0603099,9.91025502
Tylor Megill,FS,99,20.12206303,14.82810609
Tylor Megill,SI,130,11.98758704,7.488586647
Tylor Megill,SL,139,15.41776399,10.36399563
Tylor Megill,ST,20,19.31980833,17.91183031
Tyson Miller,ALL,884,10.63883778,9.351061036
Tyson Miller,CH,21,12.84483089,10.99309915
Tyson Miller,CU,29,15.85804949,12.09287518
Tyson Miller,FF,418,10.37019875,8.863034624
Tyson Miller,FS,2,8.055974702,8.506515825
Tyson Miller,SI,31,7.347685435,7.923977693
Tyson Miller,ST,383,10.31052595,9.636236208
Valente Bellozo,ALL,1064,11.4769178,10.26468098
Valente Bellozo,CH,145,11.75679854,10.88082285
Valente Bellozo,CU,132,11.83329913,10.51682584
Valente Bellozo,FC,273,10.74094727,9.37569877
Valente Bellozo,FF,398,11.82802098,10.26912093
Valente Bellozo,FS,6,11.31464357,10.11517968
Valente Bellozo,ST,110,11.677294,9.873805494
Victor González,ALL,376,11.99727654,10.608666
Victor González,CH,86,12.83284637,10.13880705
Victor González,FF,2,15.86216482,13.7459607
Victor González,SI,181,10.63603298,10.27041629
Victor González,SL,107,13.04751307,12.4431135
Victor Mederos,ALL,89,11.71955564,10.34003578
Victor Mederos,CH,11,14.50282471,14.04988196
Victor Mederos,CU,17,11.71955564,13.19548039
Victor Mederos,FC,19,13.4762949,10.14502219
Victor Mederos,FF,25,10.4962314,10.73085033
Victor Mederos,SI,17,7.851708965,7.670357888
Victor Vodnik,ALL,1186,11.1009734,9.896970068
Victor Vodnik,CH,188,10.5174259,9.836369733
Victor Vodnik,FF,766,11.52703765,9.809848366
Victor Vodnik,SL,232,10.47190869,10.06633349
Vidal Bruján,ALL,48,14.81130615,11.17132369
Vidal Bruján,CS,4,16.73194824,14.35902416
Vidal Bruján,EP,4,40.07855305,19.04142716
Vidal Bruján,FA,40,13.99083224,9.469682843
Vinny Nittoli,ALL,172,10.69321879,10.06767212
Vinny Nittoli,CH,4,14.54087354,8.154775537
Vinny Nittoli,CU,15,11.13442338,13.2210137
Vinny Nittoli,FC,98,10.55960088,9.431661028
Vinny Nittoli,SI,3,16.41889705,14.90511125
Vinny Nittoli,ST,52,10.73009007,10.123357
Vladimir Gutierrez,ALL,79,11.61332061,9.967488534
Vladimir Gutierrez,CH,21,11.32257839,8.912464184
Vladimir Gutierrez,CU,9,4.744635466,6.94435439
Vladimir Gutierrez,FF,27,11.71724378,7.87272576
Vladimir Gutierrez,SL,22,12.90937227,13.35823273
Wade Miley,ALL,107,10.04794254,8.681148414
Wade Miley,CH,22,10.61595047,8.368189985
Wade Miley,CU,2,8.385709879,9.548669841
Wade Miley,FC,42,8.78420616,7.728038195
Wade Miley,FF,24,9.117874648,8.665249251
Wade Miley,SI,14,12.76857169,11.51048604
Wade Miley,ST,3,25.7789096,17.79815642
Walker Buehler,ALL,1275,12.12699303,9.634262159
Walker Buehler,CH,68,12.20735006,9.442903346
Walker Buehler,FC,269,9.711846701,8.752021329
Walker Buehler,FF,366,15.00265987,9.844413493
Walker Buehler,KC,247,11.98002602,10.87066479
Walker Buehler,SI,202,11.36575982,9.392982184
Walker Buehler,SL,11,11.02063445,11.14709373
Walker Buehler,ST,112,11.88600943,10.18305576
Walter Pennington,ALL,302,11.24649905,9.592925986
Walter Pennington,FC,84,11.29571134,9.101905732
Walter Pennington,FF,6,12.94829138,10.9891069
Walter Pennington,SI,91,10.23787399,9.652157264
Walter Pennington,SL,121,12.7397235,9.977618596
Wander Suero,ALL,2,19.06390325,16.30961774
Wander Suero,FC,2,19.06390325,16.30961774
Wandy Peralta,ALL,552,11.41852035,9.798013587
Wandy Peralta,CH,229,12.6766569,9.414989089
Wandy Peralta,FF,42,11.20243534,10.81299083
Wandy Peralta,SI,223,10.12113843,10.20838109
Wandy Peralta,SL,58,12.26806119,10.26123274
Wes Parsons,ALL,142,11.24695802,10.08579693
Wes Parsons,CH,8,11.43667596,8.139549063
Wes Parsons,CU,30,15.14426823,13.55760169
Wes Parsons,FF,52,10.75181952,9.971634149
Wes Parsons,SI,22,13.31116954,12.24380976
Wes Parsons,SL,30,9.549881692,8.247078467
Weston Wilson,ALL,7,11.95631973,13.48278478
Weston Wilson,EP,7,11.95631973,13.48278478
Will Klein,ALL,139,12.71726113,10.89468577
Will Klein,CU,31,17.02112638,10.86838097
Will Klein,FF,79,11.03949423,10.27030512
Will Klein,SL,29,14.40898474,12.46739781
Will Smith,ALL,661,10.5151592,9.292385489
Will Smith,CH,96,9.932604047,8.892837792
Will Smith,CU,75,10.95491615,9.303810512
Will Smith,FF,191,10.70386041,9.53736319
Will Smith,SL,299,10.49891892,9.292385489
Will Vest,ALL,1142,11.30026406,9.393733914
Will Vest,CH,111,16.91645834,9.215645202
Will Vest,FF,653,9.974284504,8.993357216
Will Vest,SI,142,11.88035112,8.489399274
Will Vest,SL,236,12.44943467,11.45479302
Will Warren,ALL,439,9.736342512,8.719107104
Will Warren,CH,55,13.06274013,9.051347104
Will Warren,FC,18,10.21558362,9.245113816
Will Warren,FF,133,9.47765075,9.512614343
Will Warren,SI,116,7.599102503,7.494295602
Will Warren,ST,117,11.19489221,9.216043374
Willi Castro,ALL,14,9.928059743,11.95892075
Willi Castro,EP,12,12.17469474,14.45540571
Willi Castro,FA,2,6.680651536,3.827041175
Xzavion Curry,ALL,575,11.39949725,10.29287533
Xzavion Curry,CH,5,11.39949725,13.66177925
Xzavion Curry,CU,83,13.03451995,12.1671801
Xzavion Curry,FF,285,11.63972695,10.00708977
Xzavion Curry,FS,6,15.59586298,15.51453058
Xzavion Curry,SL,195,10.09699544,10.28605516
Xzavion Curry,ST,1,9.892103053,7.893866115
Yariel Rodríguez,ALL,1446,11.23448384,10.53099811
Yariel Rodríguez,CU,156,12.73497193,11.9714137
Yariel Rodríguez,FF,594,10.51254926,9.785901353
Yariel Rodríguez,FS,136,15.6357293,11.09158131
Yariel Rodríguez,SI,157,11.28769749,9.937518537
Yariel Rodríguez,SL,403,10.64249433,10.77730373
Yency Almonte,ALL,240,13.46320089,10.30282623
Yency Almonte,CH,7,11.79056,12.2949266
Yency Almonte,FC,33,13.59723035,9.929382499
Yency Almonte,FF,30,11.62668398,11.50465767
Yency Almonte,SI,86,13.46320089,9.687168574
Yency Almonte,ST,84,14.50501027,10.60117257
Yennier Cano,ALL,950,9.668105518,8.661430049
Yennier Cano,CH,233,9.891475411,8.01605251
Yennier Cano,FF,114,8.991308643,8.708263084
Yennier Cano,SI,479,8.987899932,8.698065608
Yennier Cano,SL,95,12.89186712,9.966893289
Yennier Cano,ST,29,13.26463468,9.086286263
Yerry Rodríguez,ALL,425,11.64759162,10.27825596
Yerry Rodríguez,CH,48,10.13607874,9.526310754
Yerry Rodríguez,FF,240,11.63295076,10.37946966
Yerry Rodríguez,SI,7,17.76450644,17.44578934
Yerry Rodríguez,SL,130,11.76331602,10.47351895
Yilber Díaz,ALL,458,11.76744084,11.14768114
Yilber Díaz,FF,265,11.01739816,10.32012125
Yilber Díaz,KC,64,14.79526007,14.55156855
Yilber Díaz,SI,2,17.30200281,17.96736745
Yilber Díaz,SL,127,12.20161686,11.24430801
Yimi García,ALL,592,10.0316708,9.349398223
Yimi García,CH,57,15.78073689,14.90112356
Yimi García,CU,113,9.624265181,9.789831729
Yimi García,FF,222,9.888081468,8.597100353
Yimi García,SI,94,9.355679611,7.711856704
Yimi García,SL,27,7.935347421,8.972530415
Yimi García,ST,79,9.833858924,9.606457837
Yoendrys Gómez,ALL,210,11.17116294,9.539017512
Yoendrys Gómez,CH,17,11.01429409,8.46455553
Yoendrys Gómez,CU,22,10.5403558,7.205393959
Yoendrys Gómez,FC,1,14.80974213,13.00307743
Yoendrys Gómez,FF,74,10.51734746,8.892780291
Yoendrys Gómez,SL,24,10.43741738,9.594329159
Yoendrys Gómez,ST,72,13.54354119,10.98052144
Yohan Ramírez,ALL,715,12.61006918,10.93800601
Yohan Ramírez,CU,102,16.20719884,13.62545591
Yohan Ramírez,FF,123,10.76135479,8.448788129
Yohan Ramírez,SI,279,11.28495792,10.46826097
Yohan Ramírez,ST,211,14.50629328,12.57760961
Yonny Chirinos,ALL,498,10.77425091,9.664061095
Yonny Chirinos,FF,83,9.716300848,9.311051708
Yonny Chirinos,FS,74,14.57045864,12.96229756
Yonny Chirinos,SI,151,9.974817392,8.567375638
Yonny Chirinos,SL,190,11.04474517,9.647843209
Yoshinobu Yamamoto,ALL,1380,11.04500579,8.579723348
Yoshinobu Yamamoto,CU,315,10.88541746,9.335561352
Yoshinobu Yamamoto,FC,87,9.025667756,8.22713545
Yoshinobu Yamamoto,FF,560,12.6690747,7.921271284
Yoshinobu Yamamoto,FS,337,9.971363353,9.664592041
Yoshinobu Yamamoto,SI,38,7.302602539,6.817855592
Yoshinobu Yamamoto,SL,42,9.473260087,9.043800695
Yoshinobu Yamamoto,ST,1,9.840746009,9.871350275
Yosver Zulueta,ALL,258,11.51125108,10.86650451
Yosver Zulueta,CH,2,8.187521286,7.336998435
Yosver Zulueta,FF,10,14.51492134,12.82012218
Yosver Zulueta,SI,162,11.40142791,10.73133077
Yosver Zulueta,SL,82,11.37083615,10.88319171
Yosver Zulueta,ST,2,13.23832047,12.97596986
Yu Darvish,ALL,1214,11.53426928,9.744378083
Yu Darvish,CH,60,10.74709602,10.84994077
Yu Darvish,CU,104,11.49776438,10.86138086
Yu Darvish,FC,58,14.36392448,10.67699429
Yu Darvish,FF,225,11.87754793,10.46115735
Yu Darvish,FS,50,12.60556708,11.16885933
Yu Darvish,KC,59,10.64998573,9.428482745
Yu Darvish,SI,207,11.67950255,9.580465763
Yu Darvish,SL,280,10.51894014,8.812320449
Yu Darvish,ST,171,11.25285407,8.590396771
Yuki Matsui,ALL,1019,12.25702854,10.75295272
Yuki Matsui,CU,10,17.64994839,20.11112135
Yuki Matsui,FF,414,10.6370199,10.23415235
Yuki Matsui,FS,250,14.79732156,11.28892674
Yuki Matsui,SI,1,1.114386071,3.486864371
Yuki Matsui,SL,279,12.57272379,11.17846237
Yuki Matsui,ST,65,13.36696364,10.12881913
Yunior Marte,ALL,465,10.57456617,10.10547758
Yunior Marte,FC,4,18.24083318,16.90721534
Yunior Marte,FF,64,11.99058691,11.63386071
Yunior Marte,FS,29,14.69701872,15.00297824
Yunior Marte,SI,174,9.155724654,9.032590629
Yunior Marte,SL,194,10.43186448,10.2776579
Yusei Kikuchi,ALL,2690,10.63659393,9.894028108
Yusei Kikuchi,CH,294,15.08185959,12.30055653
Yusei Kikuchi,CU,484,12.01566961,10.42180912
Yusei Kikuchi,FF,1268,9.553145412,9.720919748
Yusei Kikuchi,SL,644,10.51326892,9.236901956
Zac Gallen,ALL,2182,10.65205559,8.8308606
Zac Gallen,CH,290,10.65381188,8.428131947
Zac Gallen,FC,81,10.20911387,10.26226197
Zac Gallen,FF,987,9.147123244,8.916417814
Zac Gallen,KC,627,13.61933948,8.676687573
Zac Gallen,SI,29,8.820469006,8.573669165
Zac Gallen,SL,168,10.00376269,8.802603897
Zac Kristofak,ALL,39,11.58257019,10.80933514
Zac Kristofak,CH,6,9.137160465,11.33475006
Zac Kristofak,CU,2,7.16045515,6.073824843
Zac Kristofak,FF,17,13.05513055,10.86406859
Zac Kristofak,SL,14,13.62013849,10.58167091
Zach Brzykcy,ALL,98,12.89414506,9.748382704
Zach Brzykcy,CH,21,14.13663702,11.72537339
Zach Brzykcy,CU,23,9.38412058,8.088540857
Zach Brzykcy,FF,54,13.27946152,9.980944294
Zach Eflin,ALL,2339,10.19102561,8.543104261
Zach Eflin,CH,133,11.09572068,8.88861396
Zach Eflin,CU,443,14.43718649,9.865202851
Zach Eflin,FC,668,8.120321607,7.591491843
Zach Eflin,FF,199,9.261371463,9.35200918
Zach Eflin,SI,661,10.66326179,8.016765933
Zach Eflin,SL,5,9.598221461,9.298742215
Zach Eflin,ST,230,10.14537649,9.530209778
Zach Logue,ALL,42,11.49311071,8.96756181
Zach Logue,CH,2,10.14905824,8.545718427
Zach Logue,CU,5,8.649525103,7.391056785
Zach Logue,FC,2,4.257980842,7.010531164
Zach Logue,FF,31,12.69333021,9.416791841
Zach Logue,SI,2,3.509019073,3.80690817
Zach McKinstry,ALL,17,22.2653726,15.45675198
Zach McKinstry,CS,9,25.86467821,10.04685109
Zach McKinstry,EP,3,20.58203295,33.75850865
Zach McKinstry,FA,5,16.65412633,15.45675198
Zach Penrod,ALL,84,13.65896556,11.66991975
Zach Penrod,CH,24,16.20280734,11.48020287
Zach Penrod,FF,39,12.22028931,12.40295283
Zach Penrod,SL,21,13.22648518,9.774332703
Zach Plesac,ALL,197,15.98570166,11.45419103
Zach Plesac,CH,46,15.26490445,12.08793819
Zach Plesac,CU,10,23.52386373,21.99009816
Zach Plesac,FF,89,15.22678888,10.46703596
Zach Plesac,SL,52,18.17160783,11.98647479
Zach Pop,ALL,717,12.01587013,9.72572305
Zach Pop,CH,1,15.00702669,21.96473487
Zach Pop,CU,1,0.837689489,7.407326309
Zach Pop,FC,87,11.5119661,10.6287298
Zach Pop,FF,3,17.10282626,17.20620617
Zach Pop,SI,519,11.81078988,9.417690131
Zach Pop,SL,106,14.85097614,10.16438343
Zack Kelly,ALL,921,11.16276152,10.70942115
Zack Kelly,CH,194,12.13917015,11.40614595
Zack Kelly,FC,200,9.753131349,9.238587774
Zack Kelly,FF,278,12.03575929,11.19147668
Zack Kelly,ST,249,11.07214305,11.1532404
Zack Littell,ALL,2303,11.27822799,9.121463801
Zack Littell,FF,520,8.993157499,8.416890227
Zack Littell,FS,528,16.75536626,10.10405238
Zack Littell,SI,327,11.53934406,8.712703494
Zack Littell,SL,810,9.604090289,8.96333777
Zack Littell,ST,118,13.48148052,11.50659638
Zack Thompson,ALL,223,12.55535765,10.83689899
Zack Thompson,CU,31,12.82081778,11.17604133
Zack Thompson,FF,86,12.15016341,9.521371283
Zack Thompson,FO,50,13.76097749,12.41876471
Zack Thompson,SL,56,11.0846707,11.6742773
Zack Wheeler,ALL,2935,9.83110092,8.610955451
Zack Wheeler,CU,296,15.89367906,10.23300785
Zack Wheeler,FC,287,9.641243859,9.702660755
Zack Wheeler,FF,1214,8.964573612,7.881802045
Zack Wheeler,FS,216,12.93688914,9.646658052
Zack Wheeler,SI,566,9.099143038,8.45925475
Zack Wheeler,ST,356,9.778906271,9.557037499
Zebby Matthews,ALL,545,9.942738753,9.247702123
Zebby Matthews,CH,49,16.34861203,13.76605005
Zebby Matthews,CU,32,11.93075815,9.631990093
Zebby Matthews,FC,88,8.032285493,8.725532525
Zebby Matthews,FF,243,9.044456423,8.549899203
Zebby Matthews,SL,133,11.02378444,9.293098166
