pitcher,pitch_type,n,naive_in,inferred_in
A.J. Minter,ALL,144,11.076046211191674,9.921095836384668
A.J. Minter,CH,12,20.105654438892834,18.472924777513626
A.J. Minter,FC,69,12.46542396982244,10.410502754527553
A.J. Minter,FF,63,7.838649036983078,8.194408271833954
A.J. Puk,ALL,138,9.297363897811707,8.372370507049489
A.J. Puk,FF,86,8.046516131819523,8.331532527631637
A.J. Puk,SI,2,18.833775684717928,18.23009511401728
A.J. Puk,SL,50,11.672745903079393,8.702065591586285
AJ Blubaugh,ALL,498,11.726761662919838,10.503233807603262
AJ Blubaugh,CH,95,11.757819653638293,10.560478516649116
AJ Blubaugh,CU,17,17.203351623062517,14.60114267725261
AJ Blubaugh,FC,7,14.106604210633334,16.48897230942259
AJ Blubaugh,FF,273,11.942291412215368,10.194910028162603
AJ Blubaugh,ST,106,9.840815997181249,10.12814808665631
AJ Smith-Shawver,ALL,649,10.99163559061717,9.86701719339133
AJ Smith-Shawver,CU,101,12.662098711472927,11.991115217078095
AJ Smith-Shawver,FF,295,9.634752672607007,8.815866406380028
AJ Smith-Shawver,FS,224,13.469065267845266,10.55367988079593
AJ Smith-Shawver,SL,29,9.292055948504684,9.76594211810607
Aaron Ashby,ALL,1024,12.194337471273212,10.840187147472916
Aaron Ashby,CH,116,11.47859719980844,10.726570292183673
Aaron Ashby,CU,247,14.288403666550874,11.83163816087198
Aaron Ashby,FF,46,13.47994050776876,9.472464785587665
Aaron Ashby,SI,530,10.710508093545581,10.502325097099448
Aaron Ashby,SL,85,19.441076548735904,12.258847992565645
Aaron Bummer,ALL,793,12.558276093213554,10.266257759543118
Aaron Bummer,CU,283,14.704123012609992,10.653868449830568
Aaron Bummer,FF,100,9.581583418110535,9.24152392654221
Aaron Bummer,SI,266,10.538686242709225,9.59819015525336
Aaron Bummer,SL,4,19.59433130637418,17.026622426663003
Aaron Bummer,ST,140,13.215421446262225,11.154494057193125
Aaron Civale,ALL,1724,10.342460322812748,8.886789414665014
Aaron Civale,CU,337,10.436318880320455,9.819482749831293
Aaron Civale,FC,601,10.097376535903695,8.147607987117102
Aaron Civale,FF,274,11.682630512742229,9.257800654598658
Aaron Civale,FS,97,10.419666054821795,10.54534086799155
Aaron Civale,SI,282,11.088780228069659,9.000477047078608
Aaron Civale,SL,128,8.08861627040551,8.011022732250401
Aaron Civale,ST,5,10.343846580231984,9.483949205108285
Aaron Nola,ALL,1527,9.555780161209826,7.74883966224953
Aaron Nola,CH,234,10.557321151794582,7.930246288715467
Aaron Nola,FC,110,8.207903134294298,8.344320101011919
Aaron Nola,FF,462,8.399223928948519,7.105595157843565
Aaron Nola,KC,448,12.348099681700006,8.810688745235263
Aaron Nola,SI,273,8.424705194274315,7.500959508701977
Abner Uribe,ALL,1150,10.882630328334809,10.686174295002537
Abner Uribe,FF,25,10.660067064167428,11.656626347615335
Abner Uribe,SI,591,10.507405391945309,10.271025937516004
Abner Uribe,SL,534,11.684700164652343,10.93325025253942
Abraham Toro,ALL,10,17.000646413199664,16.149897785570925
Abraham Toro,EP,8,15.153152381063526,12.362838701870746
Abraham Toro,FA,2,23.973718623449464,21.22640156748953
Adam Mazur,ALL,458,13.237051222399254,9.934193868307183
Adam Mazur,CH,40,15.902264762292635,11.855726594019087
Adam Mazur,CU,48,17.335809110676337,10.909351837781703
Adam Mazur,FF,111,9.785576885432924,9.69395976299769
Adam Mazur,SI,71,13.206117209720267,9.258400531176482
Adam Mazur,SL,132,13.979628612950354,9.844006326643791
Adam Mazur,ST,56,12.753425835015591,10.126921566330775
Adam Ottavino,ALL,41,12.709033553307245,11.519855365170406
Adam Ottavino,FC,3,11.384156638868808,11.836035626093706
Adam Ottavino,FF,10,16.567351165024608,17.63006762330817
Adam Ottavino,SI,14,12.541260283307102,11.049821662581284
Adam Ottavino,ST,14,11.824665591473963,10.722866360408164
Adrian Houser,ALL,1786,9.739071503841636,9.016148416956437
Adrian Houser,CH,274,11.006207771434607,9.717537618160389
Adrian Houser,CU,209,13.365258405239352,12.507060395471598
Adrian Houser,FF,204,8.671440350787396,8.841795064043055
Adrian Houser,SI,818,8.55536790767776,8.223407568139667
Adrian Houser,SL,281,9.025391228569426,8.971310088272958
Adrian Morejon,ALL,985,10.042926494501286,9.003086994003553
Adrian Morejon,CH,69,11.06076017670243,11.560692132139769
Adrian Morejon,FC,31,10.409788883918669,10.15493126198702
Adrian Morejon,FF,31,12.566911942386067,10.54509917788447
Adrian Morejon,KN,4,45.32889359998807,15.561379382775904
Adrian Morejon,SI,609,9.768057986297025,8.323169492137236
Adrian Morejon,SL,241,10.149112098128679,10.117265062014159
Alan Rangel,ALL,171,12.168938243474548,11.538874763445362
Alan Rangel,CH,54,14.996055156553538,12.9695765148331
Alan Rangel,CU,9,13.0650479911768,7.028286552899634
Alan Rangel,FF,75,10.76992790674186,11.500426340572153
Alan Rangel,SL,33,11.912716809982726,11.079280231649333
Alan Trejo,ALL,14,12.23616272482956,11.720383722287298
Alan Trejo,CH,1,29.96920785477182,30.015526127960598
Alan Trejo,FA,13,10.530413896382074,10.364865282273621
Albert Suárez,ALL,160,11.72558359087823,10.284877318861131
Albert Suárez,CH,18,10.926080330058978,7.501901813615554
Albert Suárez,CU,22,18.56225497440472,13.315992699496082
Albert Suárez,FC,29,10.575899158163594,9.671365804736718
Albert Suárez,FF,72,9.921418480348446,9.778240959696426
Albert Suárez,SV,19,16.113416257124108,13.859142336130137
Alec Burleson,ALL,6,18.476762282490206,9.29527095830264
Alec Burleson,CH,6,18.476762282490206,9.29527095830264
Alek Jacob,ALL,513,11.140383319267144,9.287900286069483
Alek Jacob,CH,170,11.019240337317079,10.698875102464772
Alek Jacob,FF,216,10.782902813255905,8.131434398617289
Alek Jacob,SI,74,11.129542965351458,7.686132227123755
Alek Jacob,ST,53,16.482200815007776,12.62603630081821
Alex Carrillo,ALL,81,13.676573568095902,11.28382951537491
Alex Carrillo,FF,33,9.711755421192777,8.44951110480022
Alex Carrillo,FS,22,20.01693823004478,12.321918834315994
Alex Carrillo,SL,26,15.927979790114232,11.298022516779884
Alex Jackson,ALL,10,17.155835923578522,13.477461480721786
Alex Jackson,EP,1,18.1615445349036,19.838611760386865
Alex Jackson,FA,9,16.150127312253442,12.693422007622752
Alex Lange,ALL,20,15.675180643307264,9.733658968785353
Alex Lange,CH,3,23.982907681938062,10.383994830427858
Alex Lange,FF,2,7.688059915860565,7.957475111062726
Alex Lange,SI,3,7.063084960420897,3.098432455663102
Alex Lange,SL,12,17.66282956732404,10.816251036665044
Alex Vesia,ALL,1046,11.911854980185804,10.598727902069026
Alex Vesia,CH,65,13.370021185158564,10.97938745871165
Alex Vesia,FF,606,12.474366541438837,10.088142524017163
Alex Vesia,SL,375,10.963379056215185,10.989598572345342
Alexis Díaz,ALL,325,13.564094133452018,11.3035213211517
Alexis Díaz,FF,194,14.406015274417495,11.39807557883369
Alexis Díaz,SL,131,11.943980101997722,11.190689750219796
Ali Sánchez,ALL,11,14.320116886481587,11.035347072219473
Ali Sánchez,CS,10,14.302304262873307,10.457871236787078
Ali Sánchez,FA,1,15.70339123996377,11.113207801724888
Allan Winans,ALL,161,10.572618211005004,9.382159271404863
Allan Winans,CH,54,12.06087141002757,10.915047576947149
Allan Winans,CU,5,12.495696401418966,6.905770882580114
Allan Winans,FF,24,11.19982622730122,8.788230651266552
Allan Winans,SI,50,8.847933806018435,8.020994471712047
Allan Winans,ST,28,10.226035409441014,11.452411663541792
Amed Rosario,ALL,19,15.636997770980653,15.994972658501691
Amed Rosario,EP,17,18.119645947037835,16.876107801772683
Amed Rosario,FA,2,5.9372621021444,6.296259749366401
Andre Granillo,ALL,307,11.143307138267785,9.84565264079858
Andre Granillo,CH,15,14.984904437992135,11.348362020427924
Andre Granillo,FF,84,9.695583606044522,8.088684816812634
Andre Granillo,SI,4,12.533182672932814,11.339237910184629
Andre Granillo,SL,204,11.366268748827562,10.502716448850329
Andre Pallante,ALL,2518,11.350319990199637,10.389245472707218
Andre Pallante,FF,1128,9.498365325168624,9.45590833121009
Andre Pallante,KC,344,18.14512000556868,13.994456551115343
Andre Pallante,SI,334,11.913701754552477,9.840955810704015
Andre Pallante,SL,709,11.893538739756291,10.848750865908906
Andre Pallante,ST,3,23.870227281204922,19.406474372048493
Andrew Abbott,ALL,2454,9.529379259399947,8.97892739662657
Andrew Abbott,CH,484,9.597514589886233,8.883350904379341
Andrew Abbott,CU,272,10.326055189114452,9.931373438092557
Andrew Abbott,FC,106,8.161034384241983,8.681230172543932
Andrew Abbott,FF,1164,9.235691036931486,8.823033268255461
Andrew Abbott,ST,428,9.89485285572591,9.16731863536496
Andrew Alvarez,ALL,379,11.7627427409705,10.751327569599173
Andrew Alvarez,CH,20,12.137371451396309,8.120137571152092
Andrew Alvarez,CU,102,12.715004707304377,11.663620968029228
Andrew Alvarez,FF,132,11.152868781556109,10.38394514581147
Andrew Alvarez,SI,15,9.55301984089513,11.618340147595863
Andrew Alvarez,SL,110,12.256535321653658,10.704781781825684
Andrew Chafin,ALL,581,11.037509941022725,9.611759325452011
Andrew Chafin,CH,4,10.103783910274666,10.824149972098724
Andrew Chafin,FF,120,10.062480314086201,9.622114512185117
Andrew Chafin,SI,234,9.9181949050131,9.203972695098077
Andrew Chafin,SL,223,13.67404112476313,9.944982860477605
Andrew Heaney,ALL,1931,10.026544751258516,9.265447654291414
Andrew Heaney,CH,329,11.592455222953891,10.21766303819415
Andrew Heaney,CS,103,12.855560477712293,11.89509558491926
Andrew Heaney,CU,107,10.1692415242617,10.020551545818478
Andrew Heaney,FF,857,8.655468734172933,8.33784447753414
Andrew Heaney,SI,210,8.890022411292065,8.807727717234808
Andrew Heaney,SL,325,12.209995626244263,9.792724571638558
Andrew Hoffmann,ALL,242,12.359529496678054,10.519178032070013
Andrew Hoffmann,CH,115,14.650019466751267,11.700210726958517
Andrew Hoffmann,CU,6,9.763298140442554,7.482655104647685
Andrew Hoffmann,FF,101,11.062394016282738,10.168652427769013
Andrew Hoffmann,SL,20,11.455138125546483,9.380429808243314
Andrew Kittredge,ALL,830,9.828215156607442,8.818621381002442
Andrew Kittredge,FF,90,8.458368578751418,8.35700951087914
Andrew Kittredge,FS,7,20.40908055120553,11.330106451682004
Andrew Kittredge,SI,303,9.839135927194826,9.63136694128615
Andrew Kittredge,SL,430,9.944807448203932,8.640709548810904
Andrew Saalfrank,ALL,411,11.159251885384766,9.841621407901163
Andrew Saalfrank,CU,185,13.571447095023057,10.676955538785345
Andrew Saalfrank,FF,41,9.62848952873723,9.421030755427077
Andrew Saalfrank,SI,185,9.849410065692641,8.669082690033827
Andrew Walters,ALL,25,10.809045738009255,9.332617653017676
Andrew Walters,FF,16,11.780138430848353,8.510772349103245
Andrew Walters,SL,9,10.349809106852437,10.840964077155519
Andry Lara,ALL,249,10.982087085714536,10.179461024479815
Andry Lara,FF,112,11.55512196219743,10.654424572661622
Andry Lara,FS,15,8.365619219525314,9.430967831137687
Andry Lara,SI,41,8.652810567536829,7.305956992609244
Andry Lara,SL,81,12.354780344386493,11.860145005361574
Andrés Muñoz,ALL,1009,14.24496296349498,10.415997387195912
Andrés Muñoz,CH,22,20.812466609225098,12.582519859346187
Andrés Muñoz,FF,353,10.545081604979336,9.513622217395113
Andrés Muñoz,SI,123,15.44139779824755,10.806112870957554
Andrés Muñoz,SL,511,16.81066412739808,10.903620157971849
Angel Chivilli,ALL,950,10.678569907883858,9.50672976105053
Angel Chivilli,CH,351,10.819687249387526,9.379168656535267
Angel Chivilli,FF,428,10.786439007622935,9.675757167810985
Angel Chivilli,SL,171,10.003616317692112,9.360207305768565
Angel Perdomo,ALL,58,10.788671105111163,11.307780183309795
Angel Perdomo,CH,3,10.693774406357424,6.211364638401192
Angel Perdomo,FF,38,11.078423088842381,12.165300839606463
Angel Perdomo,SL,17,11.088443061025174,8.384948183175363
Angel Zerpa,ALL,1018,10.271620517784985,9.695663510579895
Angel Zerpa,CH,37,12.710423603646499,10.307675290668387
Angel Zerpa,FF,208,10.403923445403937,9.374545215967242
Angel Zerpa,SI,439,8.97215927328624,8.579478695273412
Angel Zerpa,SL,334,12.54817807405005,11.387741202282132
Anthony Banda,ALL,1030,12.309759779694549,10.607184571255484
Anthony Banda,CH,40,12.593459265939874,10.056473846116205
Anthony Banda,FF,243,13.046350101148438,9.112687404934475
Anthony Banda,SI,235,11.789238438640993,10.12133750465226
Anthony Banda,SL,511,12.430445905005932,11.949841799624112
Anthony Banda,ST,1,13.975230609822566,16.70181115483032
Anthony Bender,ALL,743,12.829089889287243,10.05037623378503
Anthony Bender,CH,27,17.41094862223514,14.090517256243954
Anthony Bender,FF,7,14.57146039378764,10.364525548500175
Anthony Bender,SI,199,11.974481222908093,9.00337500289376
Anthony Bender,SL,170,14.47020598011159,10.725023648118489
Anthony Bender,ST,340,12.301394535500243,10.544298836813702
Anthony DeSclafani,ALL,605,10.636143991891068,9.536183239795875
Anthony DeSclafani,FF,111,8.390873808655462,8.602951286111857
Anthony DeSclafani,FS,118,15.434438991671184,10.926249029565103
Anthony DeSclafani,KC,130,11.191978696200431,11.366623189381858
Anthony DeSclafani,SI,108,8.725418350147432,8.93510446505671
Anthony DeSclafani,SL,136,9.644934209442102,8.897177713029343
Anthony DeSclafani,ST,2,12.750326129461753,15.637732039060591
Anthony Maldonado,ALL,116,14.240199293771184,11.465399979683385
Anthony Maldonado,FF,57,14.109790786903964,11.636096654916056
Anthony Maldonado,SL,59,14.92662021183153,10.66089158603571
Anthony Misiewicz,ALL,101,11.802768683167706,10.387152785371024
Anthony Misiewicz,CH,20,16.808647844881193,11.068604071988311
Anthony Misiewicz,CU,20,11.874665457339733,9.348655748725596
Anthony Misiewicz,FC,54,10.490209850440282,10.284282650367611
Anthony Misiewicz,FF,7,12.095754875191394,12.658089467374003
Anthony Molina,ALL,551,9.994706826052836,9.209250337826395
Anthony Molina,CH,104,11.773303710443026,10.322791039846217
Anthony Molina,CU,78,11.395670695884082,10.121778967171753
Anthony Molina,FC,19,10.600891543048101,10.701423237805718
Anthony Molina,FF,248,8.226906880560552,8.279547639950708
Anthony Molina,SI,26,11.762436566199884,10.302864538190207
Anthony Molina,SL,76,9.501983710104938,9.013213332724487
Anthony Seigler,ALL,9,11.007462549301936,10.235132267670147
Anthony Seigler,FA,9,11.007462549301936,10.235132267670147
Anthony Veneziano,ALL,413,12.585925447741793,10.351538428874855
Anthony Veneziano,CH,29,17.625684271107456,13.089021326462065
Anthony Veneziano,FF,124,10.088601990353343,8.917557009264678
Anthony Veneziano,SI,46,11.497783406211534,8.770026713476172
Anthony Veneziano,SL,98,14.162144031082548,10.992070404076244
Anthony Veneziano,ST,116,14.811773032167205,10.750718606787988
Antonio Senzatela,ALL,1935,9.503068054743947,8.773162645674581
Antonio Senzatela,CH,154,10.676703629180626,9.35330425070359
Antonio Senzatela,CU,288,11.805395157406787,10.961378504177091
Antonio Senzatela,FC,38,10.434621100871762,9.394028313322341
Antonio Senzatela,FF,1109,8.625823127589046,7.7831270548660765
Antonio Senzatela,SI,12,12.862265105957771,11.631161787789978
Antonio Senzatela,SL,334,10.687769646315429,9.731112688329294
Aroldis Chapman,ALL,857,10.922122087835998,10.148205857537265
Aroldis Chapman,FF,341,9.681355292421465,9.296529682250263
Aroldis Chapman,FS,99,14.828512355608304,11.474196577575523
Aroldis Chapman,SI,285,11.209897132709308,10.527114594488408
Aroldis Chapman,SL,132,11.108840982561027,10.537601518768042
Austin Cox,ALL,390,11.09726379173771,10.22765421036148
Austin Cox,CU,70,14.596084108027352,11.624685194443856
Austin Cox,FC,14,11.029277094044492,11.516339267283549
Austin Cox,FF,143,9.107190013909474,8.743373248210093
Austin Cox,FS,39,10.766742563299799,10.650384466913327
Austin Cox,SI,2,12.398226609971132,11.557434155422072
Austin Cox,SL,122,12.277552549462225,10.873198390044852
Austin Gomber,ALL,923,10.062342663665673,9.846693353582491
Austin Gomber,CH,159,9.187085626460403,9.277687120984893
Austin Gomber,FC,41,9.412311259777209,9.320381883589867
Austin Gomber,FF,317,9.50712133597325,8.547432378121425
Austin Gomber,FS,42,10.110354010918112,9.822126447543143
Austin Gomber,KC,216,10.11086289151672,10.38365081562978
Austin Gomber,SI,2,13.619697675670599,14.358179545449573
Austin Gomber,SL,146,12.774908102066275,11.27911063201067
Austin Hedges,ALL,42,15.846993629830857,12.89557000386366
Austin Hedges,EP,5,22.112818937479933,18.843529964175552
Austin Hedges,FA,37,12.587900000432356,12.28553150455515
Austin Nola,ALL,23,11.057387833024336,10.565278008597238
Austin Nola,EP,10,14.20950304049488,12.194029713151679
Austin Nola,FA,13,9.7581851194705,9.847273605023265
Austin Pope,ALL,36,12.769723222556227,8.767406677216183
Austin Pope,CU,6,2.9468782229537895,3.798841044475827
Austin Pope,FF,19,13.381594648319902,8.47857188858507
Austin Pope,SI,2,16.578503751757275,20.649890758128674
Austin Pope,SL,9,11.306225440765214,9.056241465847298
Austin Slater,ALL,2,5.473815247235389,5.956864902087279
Austin Slater,EP,2,5.473815247235389,5.956864902087279
Austin Warren,ALL,126,11.938005821951126,10.167414613454799
Austin Warren,CH,5,15.233638831822464,13.255376044352957
Austin Warren,FC,21,11.56333272342938,11.865270317286901
Austin Warren,FF,20,11.855433415010005,10.674669493919975
Austin Warren,SI,42,11.730154618420993,8.82122519421058
Austin Warren,ST,38,12.362511831967858,9.291464743239398
Bailey Falter,ALL,1873,10.39349011080785,9.87274459222954
Bailey Falter,CU,230,11.382649707869525,10.456546515615338
Bailey Falter,FF,956,10.005709327848452,9.474611911870262
Bailey Falter,FS,146,10.770778523466218,10.39300366521796
Bailey Falter,SI,183,9.328548091787317,9.404668648871661
Bailey Falter,SL,341,10.80560454849919,10.063387415965478
Bailey Falter,SV,17,13.254997863362213,11.840978532088318
Bailey Horn,ALL,222,11.912114644978928,10.75352801586972
Bailey Horn,FC,34,16.185401624105815,12.449671952941614
Bailey Horn,FF,71,11.880992090035978,9.614981779811293
Bailey Horn,SI,44,10.347535415957692,11.184949571612481
Bailey Horn,ST,73,12.166641510964467,10.73033716503786
Bailey Ober,ALL,1957,10.072583060443655,8.56749541953504
Bailey Ober,CH,544,12.7159589874699,9.543668826657125
Bailey Ober,CU,69,11.738954309702532,11.533403926832671
Bailey Ober,FF,719,8.725502933043808,7.418166915821453
Bailey Ober,SI,59,8.941632446995403,8.55589285352595
Bailey Ober,SL,350,8.709649060016362,8.47083572926784
Bailey Ober,ST,216,11.806421869265407,11.188600838758639
Beau Brieske,ALL,389,13.019169898632446,9.928701726261501
Beau Brieske,CH,97,16.798835496872936,9.146184615701637
Beau Brieske,FF,188,11.440558756249747,9.296265048311458
Beau Brieske,SI,64,12.460056732265535,10.466321400381203
Beau Brieske,SL,40,19.321904552724888,11.714503481165496
Ben Bowden,ALL,185,11.555289415657215,9.654407169736238
Ben Bowden,CH,22,12.549499845913761,9.542026743117582
Ben Bowden,CU,2,28.481195575151155,28.389003440045354
Ben Bowden,FF,108,11.480916722066517,9.414204391043373
Ben Bowden,SL,53,12.029506855854043,11.184779284418237
Ben Brown,ALL,1592,11.680423569439267,10.602836439582724
Ben Brown,CH,78,12.723077981976864,12.445465070177299
Ben Brown,FF,882,10.871914146269749,10.031253987266846
Ben Brown,KC,632,12.856888234197722,11.11343620384128
Ben Casparius,ALL,1205,12.510019603291207,10.447681706765284
Ben Casparius,CU,168,11.451296560009919,10.937564613802909
Ben Casparius,FC,256,11.21141318393019,9.595409120063088
Ben Casparius,FF,370,15.241521319444177,10.911536429529932
Ben Casparius,SI,16,12.850947042530368,9.317227399073658
Ben Casparius,ST,395,11.863934897554108,10.524006339600199
Ben Joyce,ALL,68,10.422100820322228,9.9117960410663
Ben Joyce,FF,33,10.790098575505366,10.786923405566862
Ben Joyce,SI,28,11.60607073211191,9.967585975974542
Ben Joyce,SL,7,8.531759609027288,8.33925173972338
Ben Lively,ALL,670,9.851601297072042,8.751863081415866
Ben Lively,CH,50,11.102242640755382,9.755089266304838
Ben Lively,CU,48,10.898663340462551,11.385076023063407
Ben Lively,FC,54,11.048027878237608,10.262854093220131
Ben Lively,FF,221,8.922993707998877,8.26825935816521
Ben Lively,SI,167,9.653997081272312,7.734957735507434
Ben Lively,SL,58,11.12259380244557,9.935822176496218
Ben Lively,ST,72,9.35866142836284,9.049639271815106
Bennett Sousa,ALL,682,11.331398044272742,10.420741625657751
Bennett Sousa,FC,5,11.392005056619453,13.723402420422323
Bennett Sousa,FF,277,10.807871271272148,10.221029984159276
Bennett Sousa,SI,10,12.390702848981729,7.620040577974609
Bennett Sousa,SL,390,11.630202126655888,10.643290471793296
Blade Tidwell,ALL,285,10.59990513121087,9.913375800129232
Blade Tidwell,CH,8,23.72764787211041,18.760841101986372
Blade Tidwell,CU,1,10.105255682160003,8.140081730705601
Blade Tidwell,FF,113,10.273598133427797,9.578668070138027
Blade Tidwell,SI,56,9.479298901860439,9.218407575761422
Blade Tidwell,SL,45,11.131229169606105,10.238865428658185
Blade Tidwell,ST,62,9.392906481998644,10.050518412931222
Blake Snell,ALL,1506,10.858017894599689,9.388156455767195
Blake Snell,CH,384,10.151543197305084,8.45976629146
Blake Snell,CU,315,12.23757878307105,10.739452804648717
Blake Snell,FF,597,11.065531712000153,9.30937080854801
Blake Snell,SL,210,10.455746226966504,9.178216383171627
Blake Treinen,ALL,598,12.105858633840194,9.822917292863313
Blake Treinen,FC,60,11.73360498484189,8.17672438593126
Blake Treinen,FF,79,12.298886322300147,11.322705197465918
Blake Treinen,SI,184,10.616096981345533,9.92127208441515
Blake Treinen,ST,275,13.584757809486948,9.79413612146722
Blas Castaño,ALL,45,13.471473961024541,9.568307997635378
Blas Castaño,CH,14,14.018178459563856,10.087093199128358
Blas Castaño,FC,18,10.404187353176269,7.183090987424171
Blas Castaño,FF,4,12.75286247340829,9.97353630634258
Blas Castaño,SI,3,18.036577742725967,11.904028828253141
Blas Castaño,ST,6,14.668775411345894,15.447734277330092
Bobby Miller,ALL,80,12.352850887686342,9.944334502001727
Bobby Miller,CH,9,14.143276174718883,11.687397494850856
Bobby Miller,CU,25,11.254081047559646,9.86486545746783
Bobby Miller,FF,27,16.441545836249947,9.679999808424327
Bobby Miller,SI,12,11.130284965962431,8.69967366949281
Bobby Miller,SL,7,13.677368955393973,12.41115525724239
Bowden Francis,ALL,1041,10.820212929364523,9.114283546429553
Bowden Francis,CU,152,11.718208600700102,10.939462204560213
Bowden Francis,FF,586,9.472067029091164,8.511054132718144
Bowden Francis,FS,231,13.036287691771246,9.651627171818607
Bowden Francis,SI,19,10.911129939264567,9.268375981642759
Bowden Francis,SL,53,12.892344861081083,8.741531715213727
Brad Keller,ALL,1045,10.798968438817065,10.049129106659809
Brad Keller,CH,126,11.326864880953693,9.613851261039414
Brad Keller,FF,429,10.204941358981852,9.696610644425743
Brad Keller,SI,157,10.177237749263485,10.278782784385177
Brad Keller,SL,189,11.311200741395574,10.44799101791045
Brad Keller,ST,144,12.55216614966912,10.867372218460204
Brad Lord,ALL,1942,10.745137369709209,9.454924131412454
Brad Lord,CH,253,11.074860035728888,10.346511412810273
Brad Lord,FF,946,10.285449639762986,9.243588424580643
Brad Lord,SI,346,9.752963905669379,8.50997908542829
Brad Lord,SL,393,12.29661095636308,10.84768625398555
Brad Lord,ST,3,19.601257425965837,17.23326718790441
Brad Lord,UN,1,30.217192258260507,
Bradgley Rodriguez,ALL,123,13.335756831628428,11.288120338235862
Bradgley Rodriguez,CH,30,10.981183589253568,8.297761217919977
Bradgley Rodriguez,FC,12,13.786600713291913,10.102062784021772
Bradgley Rodriguez,FF,49,11.530454511183418,10.686624689664917
Bradgley Rodriguez,SI,32,16.48101821606857,15.692708273939541
Bradley Blalock,ALL,867,10.739391066302309,10.312653788142754
Bradley Blalock,CU,115,13.97671464903457,13.620881887955377
Bradley Blalock,FC,75,9.569908088463214,9.914740883502274
Bradley Blalock,FF,412,10.04115544238551,9.774382199529056
Bradley Blalock,FS,128,10.198886549953656,9.79649463536762
Bradley Blalock,SL,137,11.62191106111021,10.732905396007201
Brady Basso,ALL,201,10.160486908667044,8.273165575252397
Brady Basso,CH,20,16.239774572298117,11.073129771353056
Brady Basso,CU,36,10.109815673891971,8.412011723899504
Brady Basso,FC,36,10.88153247635085,10.429124269180704
Brady Basso,FF,105,9.097235926802675,8.181772946879228
Brady Basso,SI,4,7.26376003339492,9.943364865211667
Brady Singer,ALL,2519,10.146347515790579,8.813654049297872
Brady Singer,FC,221,10.531008158200363,10.114127676143532
Brady Singer,FF,269,10.534043266916871,9.771494891046276
Brady Singer,SI,1009,8.176723634193575,8.19559047407043
Brady Singer,SL,742,12.062062731922413,8.941520595422158
Brady Singer,ST,278,12.331427439183702,9.025642515110361
Brandon Eisert,ALL,1123,11.266721734322797,9.294226304135224
Brandon Eisert,CH,328,11.749448381905536,9.330177171500964
Brandon Eisert,FF,358,12.529893640663794,9.664757669758336
Brandon Eisert,SI,40,15.232485685914824,9.343046663215816
Brandon Eisert,SL,397,9.601202521096145,8.850243124999446
Brandon Pfaadt,ALL,2792,9.681960896164362,8.590676913455678
Brandon Pfaadt,CH,444,11.228680213509026,8.863581112887358
Brandon Pfaadt,CU,260,13.393191324774058,9.70690494978936
Brandon Pfaadt,FC,255,7.859402970295115,8.061046740608727
Brandon Pfaadt,FF,658,9.292101169093783,8.794860593840474
Brandon Pfaadt,SI,661,9.128398349829485,7.726517648494102
Brandon Pfaadt,ST,514,9.34104041485973,9.087282767504078
Brandon Sproat,ALL,279,12.46059447077182,10.032646931037558
Brandon Sproat,CH,41,13.577590976184426,8.660595965686417
Brandon Sproat,CU,42,12.835374144193487,8.191471853872581
Brandon Sproat,FF,38,9.930861198675567,10.420115863470565
Brandon Sproat,SI,96,11.796959746028474,10.379880232408912
Brandon Sproat,SL,9,14.729846629766191,16.453423401112524
Brandon Sproat,ST,53,12.840010992109542,11.421438384361279
Brandon Waddell,ALL,446,11.17129330072255,10.110770371379676
Brandon Waddell,CH,68,14.77993855124454,10.417914370795177
Brandon Waddell,FF,96,10.607911315139503,9.526972322139294
Brandon Waddell,SI,102,9.62366381749505,9.371705637077186
Brandon Waddell,SL,79,12.344159569018329,10.37677894451605
Brandon Waddell,ST,101,12.207492098524897,11.083045022190698
Brandon Walter,ALL,775,11.160622895091695,9.377984911406829
Brandon Walter,CH,142,14.3244754401305,11.090397417402432
Brandon Walter,FC,210,9.262075157261739,8.366035318327558
Brandon Walter,FF,153,13.275959887587666,9.908670401646663
Brandon Walter,SI,97,10.38273602132749,8.321662481022697
Brandon Walter,ST,173,10.781991057417562,10.657106317769982
Brandon Woodruff,ALL,885,10.641539735134678,9.520181950153175
Brandon Woodruff,CH,159,12.984406662949503,10.83736553609079
Brandon Woodruff,CU,35,14.061112874570217,12.2708501751545
Brandon Woodruff,FC,143,8.190213463659466,8.301414633960416
Brandon Woodruff,FF,265,10.142469635003277,8.891232760228762
Brandon Woodruff,SI,273,10.964861497119974,10.015080130101751
Brandon Woodruff,ST,10,15.87087507054343,12.863180227281596
Brandon Young,ALL,813,10.179570036786686,9.26284718776797
Brandon Young,CH,36,10.984787035794325,11.162113399957267
Brandon Young,CU,130,10.65769912091319,10.92094401372836
Brandon Young,FC,82,10.352861847201623,11.03416063082182
Brandon Young,FF,356,10.041742575994107,8.37310282037076
Brandon Young,FS,152,9.741596545962047,8.528761579346334
Brandon Young,SL,57,9.195230040171266,8.954502288543853
Brandyn Garcia,ALL,260,11.822128380527696,11.053597411803171
Brandyn Garcia,CH,5,18.061854984910834,17.10906875019645
Brandyn Garcia,SI,136,11.377852839439267,10.898269277377905
Brandyn Garcia,SL,40,12.986935195677638,10.382083917319875
Brandyn Garcia,ST,79,12.07127191551031,11.832762234758514
Brant Hurter,ALL,973,12.38115798128991,10.55971139367577
Brant Hurter,CH,99,14.87633714854952,11.140615261732682
Brant Hurter,FF,53,14.16996727048312,13.249588843276467
Brant Hurter,SI,508,10.732370998881985,9.543635095249012
Brant Hurter,ST,313,14.234108321094991,11.892913083415701
Braxton Ashcraft,ALL,1045,10.590050556835603,10.021270186056777
Braxton Ashcraft,CH,33,13.901233716737325,10.95633676768693
Braxton Ashcraft,CU,220,12.134116457316146,11.594698761818448
Braxton Ashcraft,FF,306,9.94068138244042,10.307136485164971
Braxton Ashcraft,SI,159,10.301919169724368,9.715577647045873
Braxton Ashcraft,SL,327,9.7719911755442,9.505801861477739
Brayan Bello,ALL,2550,9.829667587792137,9.315683677648867
Brayan Bello,CH,391,11.347868707079035,10.665340615869262
Brayan Bello,FC,393,9.658892769529777,9.231533797873892
Brayan Bello,FF,378,10.351675178110673,8.888803151413404
Brayan Bello,SI,912,8.88309064649486,8.724422871944096
Brayan Bello,ST,476,10.536684619806444,10.270038715333797
Braydon Fisher,ALL,826,10.430698110279327,10.280444233188064
Braydon Fisher,CU,299,12.495630993124855,12.149237049365624
Braydon Fisher,FC,28,8.907353423101105,8.482921113744508
Braydon Fisher,FF,174,10.065422222639427,9.496863309980903
Braydon Fisher,SL,325,9.676605501813938,9.780455856365652
Brenan Hanifee,ALL,870,11.559115358396856,9.203619857577849
Brenan Hanifee,CH,36,19.323204499784694,11.119668245213159
Brenan Hanifee,FF,109,11.019205392238666,9.434550060026304
Brenan Hanifee,SI,547,10.442472191282851,9.066143830797921
Brenan Hanifee,SL,178,14.157147617879502,9.401363435715083
Brendon Little,ALL,1170,14.21755855481048,11.063917634719283
Brendon Little,FC,90,9.918946931545078,9.79628147177046
Brendon Little,KC,540,18.8993022093212,12.45717197022362
Brendon Little,SI,540,12.182108455184016,10.210491255481848
Brennan Bernardino,ALL,696,11.333058910188267,10.282528004374198
Brennan Bernardino,CH,85,11.93875757660578,9.791295903094797
Brennan Bernardino,CU,191,12.562722810606243,13.04582535946393
Brennan Bernardino,FC,91,10.568716369588085,10.624472465159531
Brennan Bernardino,FF,1,18.721972346213473,19.790291208067234
Brennan Bernardino,KC,1,19.582161543479714,13.085450987112933
Brennan Bernardino,SI,300,9.925631939212817,9.379436966463087
Brennan Bernardino,SL,27,11.547215912153554,10.866843970684178
Brent Headrick,ALL,300,10.758384030443995,9.773933724533563
Brent Headrick,FF,193,10.281037402019232,8.744740206060879
Brent Headrick,FS,33,12.014169722410214,11.807463493591948
Brent Headrick,SL,74,11.069650303849148,10.22637278390415
Brent Suter,ALL,960,10.30409556875977,9.428886869305344
Brent Suter,CH,214,13.945997252991342,11.596812659573802
Brent Suter,FF,399,8.901646707151103,8.638503395158383
Brent Suter,SI,233,10.14980266884236,9.085480077320279
Brent Suter,SL,114,11.466057945280667,10.671378049288052
Brett de Geus,ALL,45,12.987721161304457,11.004656523903954
Brett de Geus,FC,6,22.45885774127635,15.065495667153794
Brett de Geus,FS,4,9.2893327997792,9.686086399061875
Brett de Geus,KC,9,14.819686150363705,13.73419108675151
Brett de Geus,SI,26,12.705369616431756,10.660397224113979
Brian Van Belle,ALL,124,11.097846505525293,9.949273561910122
Brian Van Belle,CH,55,10.228818236469884,9.897713613508172
Brian Van Belle,FF,9,14.301476311528111,9.545127738199819
Brian Van Belle,SI,32,16.17018107892948,10.261992558804792
Brian Van Belle,SL,9,7.286846204187778,6.32547978577991
Brian Van Belle,ST,19,14.649834443276951,13.73435640182314
Brock Burke,ALL,972,11.056888093521387,10.292868832131525
Brock Burke,CH,213,11.284049069553932,10.816223752831572
Brock Burke,FF,416,11.193982976912523,10.30724633195161
Brock Burke,SI,79,9.289168083967592,9.25113359963861
Brock Burke,SL,264,10.907075575777679,10.50619539742943
Brock Stewart,ALL,565,11.109546899388063,9.774351956671556
Brock Stewart,CH,60,16.22953431498967,10.72319364634324
Brock Stewart,FC,55,10.174924457779538,9.340801611012544
Brock Stewart,FF,312,9.723463721616813,9.183402613087488
Brock Stewart,SI,61,10.505896414298018,11.119229512333053
Brock Stewart,ST,77,14.673427918336836,11.08221102673427
Brooks Kriske,ALL,287,13.028579447962779,11.769098817753806
Brooks Kriske,FC,33,13.991639003755603,9.760092359306539
Brooks Kriske,FF,97,12.673884969807988,12.001243540785273
Brooks Kriske,FS,156,13.016048723516676,11.780638875620713
Brooks Kriske,SL,1,13.29498827447504,17.097937291645465
Brooks Raley,ALL,334,10.48211606371338,9.454575387195053
Brooks Raley,CH,44,12.382639459450413,8.793487768053419
Brooks Raley,FC,63,9.477985758073851,9.220482070444298
Brooks Raley,SI,82,10.38134269095574,9.641185372233679
Brooks Raley,ST,145,10.38171052788076,10.066054236170574
Bruce Zimmermann,ALL,85,10.747033026682454,9.344395545658754
Bruce Zimmermann,CU,12,12.137985756951753,12.459986498265284
Bruce Zimmermann,FC,6,10.714769869159031,11.23878539671817
Bruce Zimmermann,FF,9,6.652398888038635,11.585223216879303
Bruce Zimmermann,FS,18,9.577700265552485,6.366420570599169
Bruce Zimmermann,SI,25,9.780223071583205,7.11497043034477
Bruce Zimmermann,SL,15,12.407200601812484,12.284476934582056
Bryan Abreu,ALL,1071,11.637963629420026,10.725177302489854
Bryan Abreu,CH,3,16.27674755737416,12.002994907157753
Bryan Abreu,FF,540,11.62876016812476,10.714843221205383
Bryan Abreu,SI,14,15.989610242187286,14.528315984137308
Bryan Abreu,SL,514,11.417859914598248,10.584837850106041
Bryan Baker,ALL,1032,10.677564045608378,10.304400681874554
Bryan Baker,CH,287,10.63304150853028,10.41014953373406
Bryan Baker,FF,489,10.411785139783365,9.859072713409004
Bryan Baker,SL,256,11.047677138914782,10.735330233511238
Bryan Hoeing,ALL,111,11.72852216829999,10.34891028188117
Bryan Hoeing,FF,4,10.956047578151722,11.4801664000038
Bryan Hoeing,FS,43,13.398988953345508,10.98358137334988
Bryan Hoeing,SI,54,10.183904490167155,9.965365406400128
Bryan Hoeing,SL,10,9.234870211940958,9.530745501556982
Bryan Hudson,ALL,297,12.2889022245826,10.75886654693892
Bryan Hudson,CH,2,12.65242600907388,11.737530153300993
Bryan Hudson,FC,8,13.564721011943789,17.635944226280373
Bryan Hudson,FF,198,10.543544591880941,10.158946553236948
Bryan Hudson,SI,22,14.602505295223452,10.884907186396198
Bryan Hudson,ST,67,17.298638695084517,12.64192934768922
Bryan King,ALL,881,9.534079784593855,8.832043033820655
Bryan King,CH,13,13.648941406860475,12.033708644501074
Bryan King,CU,2,10.89024297582868,10.195515547490775
Bryan King,FF,567,9.1859316954958,8.051906027070752
Bryan King,SI,44,9.281151143030002,8.772058895895361
Bryan King,ST,255,10.732653624614498,10.46862915491973
Bryan Woo,ALL,2534,10.360818781674578,9.026794950299507
Bryan Woo,CH,178,15.467873794847545,10.583784950106915
Bryan Woo,FF,1212,8.444388009182314,8.243297402730091
Bryan Woo,SI,650,10.608736527227837,8.555479728205594
Bryan Woo,SL,275,13.768668186662506,11.085240033954404
Bryan Woo,ST,219,15.166729766619488,11.647536865763419
Bryce Elder,ALL,2250,10.184586258472441,9.063033019639537
Bryce Elder,CH,238,11.634446756265966,10.621323480949322
Bryce Elder,FF,278,10.13226791808314,9.836836449938097
Bryce Elder,SI,941,9.886072827608366,8.885532095265834
Bryce Elder,SL,793,10.223586477834704,8.698885966049872
Bryce Jarvis,ALL,361,11.201628578201285,10.355584319420283
Bryce Jarvis,CH,78,11.158461487664702,10.905907824146283
Bryce Jarvis,CU,18,22.803664160649873,17.26394707783392
Bryce Jarvis,FC,15,11.864355379199896,12.110392744234593
Bryce Jarvis,FF,142,9.89319169493559,9.408547720285934
Bryce Jarvis,SI,37,10.356268236221355,11.121524238376814
Bryce Jarvis,SL,71,15.367080180849563,11.854637237767932
Bryce Miller,ALL,1435,11.00300404984853,9.835403227684763
Bryce Miller,FC,11,10.285253671618515,10.479926719399206
Bryce Miller,FF,602,9.203672078104532,9.309828220186114
Bryce Miller,FS,271,13.351315038537045,10.448331490413365
Bryce Miller,KC,151,15.923392922855488,10.802453008077869
Bryce Miller,SI,232,10.169142157237872,9.242090374290186
Bryce Miller,SL,106,9.239820728058813,10.295581532654712
Bryce Miller,ST,62,13.480535258676362,11.465032455987828
Bryse Wilson,ALL,804,10.348675036416992,8.908343492800688
Bryse Wilson,CH,141,12.194473437358003,9.555262873519533
Bryse Wilson,CU,134,9.944937119031898,8.739841816006555
Bryse Wilson,FC,194,9.494332452959338,8.732022750176355
Bryse Wilson,FF,143,10.46714018513409,8.6898693085518
Bryse Wilson,SI,192,10.239794394350362,9.277802798450708
Bubba Chandler,ALL,420,12.30174810902287,10.072017446128203
Bubba Chandler,CH,99,15.530259475680554,11.961320582144428
Bubba Chandler,CU,20,11.947103807369,9.815912018571126
Bubba Chandler,FF,229,11.19055109129783,9.781488858580932
Bubba Chandler,SL,72,13.728681426013633,9.8362974294377
Cade Cavalli,ALL,762,10.330883205417983,9.490185576911506
Cade Cavalli,CH,102,11.509694339661799,11.001654538202231
Cade Cavalli,FC,62,9.485134606957114,9.240177038007287
Cade Cavalli,FF,224,8.8472055511202,8.429638892407322
Cade Cavalli,KC,233,11.85000892454543,10.436579824826007
Cade Cavalli,SI,141,9.95220863114177,9.027125698458942
Cade Gibson,ALL,831,12.869124499540023,10.682725717903468
Cade Gibson,CH,120,10.807980485479757,10.101600023264737
Cade Gibson,CU,240,14.01371588024372,12.289962552564859
Cade Gibson,FF,83,13.293584962079539,10.601649759738581
Cade Gibson,SI,184,10.762124979919673,10.062849960981044
Cade Gibson,SL,82,12.387434380749195,9.533426866859035
Cade Gibson,ST,122,17.8123667404377,10.86227868976668
Cade Horton,ALL,1655,11.357596420006319,9.834550593245824
Cade Horton,CH,223,13.221069315791924,10.571921230159328
Cade Horton,CU,164,11.568235901447807,10.72529910058402
Cade Horton,FF,828,10.34762551315848,9.046087220114188
Cade Horton,SI,94,10.414180785613025,9.76197890542122
Cade Horton,ST,346,12.406427154313969,10.573497328937531
Cade Povich,ALL,1695,10.624399086529362,9.780837175682924
Cade Povich,CH,256,12.903717014945585,12.241910488081377
Cade Povich,CU,381,10.937287587290903,9.839773394682002
Cade Povich,FC,2,21.79069857411126,20.009481665122482
Cade Povich,FF,648,9.681451589642723,8.909232988548176
Cade Povich,SI,209,10.715301533715714,9.236604257042737
Cade Povich,SL,30,11.213978610689866,12.531859294013678
Cade Povich,ST,169,11.364587366626218,10.64642373346083
Cade Smith,ALL,1056,9.432616269657355,8.856729210129338
Cade Smith,FF,746,8.42232235940451,8.256873275065498
Cade Smith,FS,220,12.739883329083995,10.169536655236477
Cade Smith,ST,90,11.037660731514627,11.27631525095536
Caden Dana,ALL,518,12.945536978641044,11.337965507371283
Caden Dana,CH,108,13.998714015353492,11.533166914446564
Caden Dana,CU,42,15.194448383694457,13.320071887530677
Caden Dana,FF,219,13.138934093147821,11.391592812378395
Caden Dana,SL,149,11.747333431302666,9.93274789162765
Cal Quantrill,ALL,1836,13.444755148562878,10.09299606881551
Cal Quantrill,CH,6,17.819646639782576,9.923128985553248
Cal Quantrill,CS,1,11.445516655739434,10.725121954815783
Cal Quantrill,CU,218,14.65149669444531,11.23310607168644
Cal Quantrill,FC,406,10.915415619457466,9.296310655305328
Cal Quantrill,FF,271,14.414967556678889,9.43084108953481
Cal Quantrill,FS,376,16.689537157214524,11.360933535889194
Cal Quantrill,SI,414,12.931885380271929,9.522934657878713
Cal Quantrill,SL,144,14.131563375800127,10.54878668175471
Caleb Boushley,ALL,672,10.632736193193203,8.642570275176293
Caleb Boushley,CH,92,11.095512090489791,9.977902220585445
Caleb Boushley,CU,53,9.574295981414009,8.972185358711908
Caleb Boushley,FC,132,11.91840537343954,9.57473485693037
Caleb Boushley,FF,126,10.260267437749832,8.582086342850484
Caleb Boushley,SI,189,10.428210868769481,7.998354816989845
Caleb Boushley,SL,80,9.515997637284034,7.424945272999583
Caleb Ferguson,ALL,956,10.783147814243726,10.394544014136033
Caleb Ferguson,FC,217,11.002127419729128,9.843376035695034
Caleb Ferguson,FF,298,10.259981374244752,9.847371412840019
Caleb Ferguson,SI,226,9.712065148349165,9.688766083310753
Caleb Ferguson,SV,215,13.090771712529243,11.994444517941833
Caleb Freeman,ALL,69,10.590228617229652,10.15443607852385
Caleb Freeman,CU,21,8.174555906533435,10.089454521382812
Caleb Freeman,FF,33,10.244169862461485,9.699160284342287
Caleb Freeman,SL,15,13.742897874243452,12.839092849646057
Caleb Thielbar,ALL,829,11.142914864546748,10.705901860385108
Caleb Thielbar,CU,235,11.529375740667904,11.123668786633411
Caleb Thielbar,FF,344,10.552443489196015,9.79788193801524
Caleb Thielbar,SL,122,10.370884110485141,10.434823296564723
Caleb Thielbar,ST,128,12.205291779382238,11.496126467079392
Calvin Faucher,ALL,984,13.051384820357192,11.409129892574878
Calvin Faucher,CH,1,12.455626523410762,14.238414420228025
Calvin Faucher,CU,147,19.298615873920287,14.372683230325013
Calvin Faucher,FC,370,11.242044552620811,10.036035845581765
Calvin Faucher,FF,165,11.328598042083597,11.496259372002307
Calvin Faucher,SI,121,15.946617555295527,12.373576142529224
Calvin Faucher,ST,180,13.116178500035712,11.599087224970061
Cam Booser,ALL,540,11.428344492456436,10.457436742033511
Cam Booser,CH,13,17.174850968141282,12.84700455449157
Cam Booser,FC,105,11.713874080951365,11.415436440471888
Cam Booser,FF,247,11.2146228553411,9.49201011136515
Cam Booser,SL,2,13.21940993511053,13.667487736907933
Cam Booser,ST,173,11.455569630729409,10.888843957988193
Cam Sanders,ALL,140,14.290232483281127,10.541352110966475
Cam Sanders,CH,17,15.320704705922287,10.277792000037316
Cam Sanders,FF,74,14.012851582208953,10.11169020439729
Cam Sanders,SL,35,13.467615451488394,9.779309350757517
Cam Sanders,ST,14,17.15009780641906,16.062760379488072
Cam Schlittler,ALL,1289,12.080915044051483,9.610329254075074
Cam Schlittler,CU,186,11.119243592650426,10.585928963345847
Cam Schlittler,FC,254,11.683368565977982,10.557042899240063
Cam Schlittler,FF,713,12.68115497951846,9.335386185069149
Cam Schlittler,SI,94,11.576472798893764,9.6069443942001
Cam Schlittler,SL,14,8.579945578725837,9.759845354455033
Cam Schlittler,ST,28,8.684024095142632,7.86798564757256
Camilo Doval,ALL,1018,11.394295497176596,10.27176832986109
Camilo Doval,FC,408,10.323649824724924,9.937350598135925
Camilo Doval,SI,124,10.497035449458988,10.580114251897395
Camilo Doval,SL,485,12.658208960186936,10.404614940653152
Camilo Doval,UN,1,10.476446088691496,
Carl Edwards Jr.,ALL,57,13.210697940111205,11.166193842500734
Carl Edwards Jr.,CH,7,11.078828312782331,14.788040833872476
Carl Edwards Jr.,CU,23,9.819313434539932,10.511802607207617
Carl Edwards Jr.,FF,27,19.060990001642473,10.278027221531511
Carlos Carrasco,ALL,621,11.075039716661792,9.755821314109664
Carlos Carrasco,CH,135,13.573626046809103,9.635336327630647
Carlos Carrasco,CU,59,14.685592564890683,12.285564314131927
Carlos Carrasco,FF,131,8.890799193272896,8.863356499093157
Carlos Carrasco,SI,144,9.72459040405666,9.346427213972987
Carlos Carrasco,SL,152,10.860823576932749,9.970382849078174
Carlos Duran,ALL,27,12.86003673923639,11.855739072089834
Carlos Duran,FF,12,12.045208993008718,12.185527417445229
Carlos Duran,SI,9,13.768724194006095,13.278145286928687
Carlos Duran,SL,6,11.927344710474994,11.301894020131348
Carlos Estévez,ALL,987,11.138147958527204,10.72851982242733
Carlos Estévez,CH,155,11.414620309127512,11.005714966215207
Carlos Estévez,FF,524,11.173032735004309,10.747969189608533
Carlos Estévez,SL,308,11.02160144050597,10.327137129622223
Carlos Hernández,ALL,676,11.280747340322526,9.88415751807629
Carlos Hernández,FF,345,9.501112151648833,9.053495099311473
Carlos Hernández,FS,143,14.582841789189542,11.502854084184207
Carlos Hernández,KC,44,11.090298544656356,8.961342264737565
Carlos Hernández,SI,10,11.110270806966435,11.662184886232291
Carlos Hernández,SL,133,11.347430696327741,10.181713295226933
Carlos Hernández,ST,1,26.584114265755066,29.047643024677956
Carlos Rodriguez,ALL,144,12.467420112740175,10.463825044031223
Carlos Rodriguez,CH,38,17.010049695495784,11.826328598346322
Carlos Rodriguez,CU,7,23.751835403008197,13.846086893045635
Carlos Rodriguez,FC,25,8.177542076428965,8.690267547389773
Carlos Rodriguez,FF,36,9.655417774681053,10.29567811780224
Carlos Rodriguez,SI,11,14.305159922974797,12.593990379009888
Carlos Rodriguez,ST,27,7.470968548909042,8.683800764285982
Carlos Rodón,ALL,3044,11.047594614822765,10.08079652709823
Carlos Rodón,CH,511,11.40717250163068,11.223441153926851
Carlos Rodón,CU,116,15.41958417463649,15.075735743401196
Carlos Rodón,FC,5,9.60586699392481,8.878660007657315
Carlos Rodón,FF,1272,9.783835852544199,9.20924863118135
Carlos Rodón,SI,289,11.042997774421554,9.879433389212299
Carlos Rodón,SL,851,12.396921808440354,10.611231741414462
Carlos Vargas,ALL,1008,12.434036195194425,10.636135096394334
Carlos Vargas,CH,27,19.430167668642127,13.624945063116098
Carlos Vargas,FC,119,11.252357813912981,9.70642338724366
Carlos Vargas,FF,35,11.66421360002019,11.262020615226696
Carlos Vargas,SI,628,12.126894015882051,10.205654425172582
Carlos Vargas,SL,199,13.532930718438015,11.676247178728671
Carmen Mlodzinski,ALL,1551,10.71206016712761,9.74779238040435
Carmen Mlodzinski,CU,134,11.931782212046187,10.664380132416252
Carmen Mlodzinski,FC,1,4.264203397945536,2.248757848662857
Carmen Mlodzinski,FF,570,9.947855779928126,9.687688943389833
Carmen Mlodzinski,FS,229,16.08608458683747,11.04143465087305
Carmen Mlodzinski,SI,228,10.249793261154451,8.909168440422583
Carmen Mlodzinski,SL,226,10.477788544381319,8.879656228428937
Carmen Mlodzinski,ST,163,8.844420804827193,9.388266977290838
Carson Fulmer,ALL,435,10.641678961049301,9.407519467643501
Carson Fulmer,CH,123,8.33857899474748,8.1605135254689
Carson Fulmer,CU,23,11.518470573477252,7.701238204841528
Carson Fulmer,FF,107,11.8091506059371,10.29275545489135
Carson Fulmer,SI,105,11.305304994175957,10.224394143504036
Carson Fulmer,SL,77,11.439940227310043,9.460607456677613
Carson Palmquist,ALL,652,11.86626883824498,10.590528169325284
Carson Palmquist,CH,24,11.50635384348174,12.897355440666832
Carson Palmquist,FC,79,11.839920131716042,10.781746952114016
Carson Palmquist,FF,338,10.32210956531138,9.662916469173865
Carson Palmquist,ST,211,14.210949954805457,12.140097267189882
Carson Ragsdale,ALL,87,11.149062994124888,10.432618507078706
Carson Ragsdale,CU,29,11.635351555751692,12.380879883078569
Carson Ragsdale,FF,24,11.210429661300168,10.102720842368972
Carson Ragsdale,FS,7,12.025742607772386,6.877805517567416
Carson Ragsdale,SI,20,9.135219907521018,10.013125606869206
Carson Ragsdale,SL,7,13.5203225734868,13.50908101228084
Carson Seymour,ALL,535,11.194414734070612,10.34937437290891
Carson Seymour,CU,27,16.50103947541409,17.214915465103793
Carson Seymour,FC,51,10.210916624112874,10.827251823878024
Carson Seymour,FF,120,9.57330717366332,9.094350462860547
Carson Seymour,SI,225,10.194474216641114,8.837744441522974
Carson Seymour,SL,112,15.347863007470973,13.021858755128989
Carson Spiers,ALL,230,11.574090215939297,10.307526813607268
Carson Spiers,CH,50,14.922052514292307,11.847355953889304
Carson Spiers,FC,44,12.975128095257222,12.372980124455609
Carson Spiers,FF,32,8.97711115202865,10.307526813607268
Carson Spiers,SI,50,7.5690306963600715,7.667179131947044
Carson Spiers,ST,54,13.262669295470541,11.48669665866506
Carson Whisenhunt,ALL,382,11.093385393262407,9.45888244502908
Carson Whisenhunt,CH,139,13.510829620522733,9.420671655609013
Carson Whisenhunt,CU,4,6.077407232614149,9.417660952669141
Carson Whisenhunt,FF,184,8.61495967440162,8.998164084005214
Carson Whisenhunt,SL,55,13.357650249849854,11.812768145526682
Casey Kelly,ALL,22,13.914122640635814,12.30091985059033
Casey Kelly,CH,3,4.853158925630064,11.183956045854407
Casey Kelly,CU,1,32.95539032795432,35.24779656950529
Casey Kelly,FF,9,14.686540655964857,12.343548791397165
Casey Kelly,SI,4,13.914122640635814,15.915719464219691
Casey Kelly,SL,5,8.04560948155815,6.244794318279912
Casey Lawrence,ALL,260,10.591091653164316,7.790256177028445
Casey Lawrence,CH,57,13.443277401593209,7.751095077755752
Casey Lawrence,CU,2,22.658885874049695,16.578172172886795
Casey Lawrence,FC,4,13.913395663820415,12.95894679627235
Casey Lawrence,FF,18,10.41629344933377,8.134482900227477
Casey Lawrence,SI,105,9.255407343925405,7.8985381965736705
Casey Lawrence,SL,13,10.25815591365615,5.655849615395933
Casey Lawrence,ST,61,10.72916128913543,8.085662902210538
Casey Legumina,ALL,796,10.457048654135285,9.240695964528335
Casey Legumina,CH,83,11.756464952580652,10.366715483387996
Casey Legumina,FF,401,10.378537370923919,9.245273887309244
Casey Legumina,SI,177,8.962654097629509,8.576161215799225
Casey Legumina,ST,135,10.839625680846696,9.98025229103102
Casey Mize,ALL,2077,10.277705718712088,8.887697751045819
Casey Mize,FF,692,9.814774947858488,8.691805585879035
Casey Mize,FS,508,12.170005899909373,9.470374300801971
Casey Mize,SI,255,8.100034419578735,7.721519810702803
Casey Mize,SL,353,9.06445024413772,8.601684624031048
Casey Mize,SV,269,12.53946652148795,10.761704688328145
Chad Green,ALL,668,9.758516866044026,9.16387133682428
Chad Green,FF,338,8.939907497069033,8.716882969512934
Chad Green,SI,14,12.080902133756338,11.269053443602665
Chad Green,SL,316,10.484213193587628,9.604123122612744
Chad Patrick,ALL,1948,10.137183667952772,9.48747985840594
Chad Patrick,CH,120,15.898755693886105,13.148948589885155
Chad Patrick,FC,805,8.62921575920293,8.733429072896309
Chad Patrick,FF,429,10.870330489338565,9.158370439308598
Chad Patrick,SI,447,9.848188136781946,9.304108188638947
Chad Patrick,SL,95,11.10941627886278,10.621093206258461
Chad Patrick,SV,52,22.31784207506586,14.04283225385905
Charlie Morton,ALL,2261,11.335939276098228,9.968904889987904
Charlie Morton,CH,232,12.186713201799048,9.510550693835555
Charlie Morton,CU,852,11.842528423249586,10.234820372999515
Charlie Morton,FC,208,9.885991399689516,9.564092303936171
Charlie Morton,FF,628,11.107633488956496,10.03752105917047
Charlie Morton,SI,341,11.204065573336246,9.641138335486488
Chas McCormick,ALL,49,14.068126227687312,11.490220337070074
Chas McCormick,EP,4,16.66835994755893,11.543540678675885
Chas McCormick,FA,45,12.806412859210813,11.490220337070074
Chase Burns,ALL,706,11.13498062988162,9.498400103818526
Chase Burns,CH,42,12.579924347110111,9.70291479708822
Chase Burns,CU,10,13.193431070518507,11.492043885039372
Chase Burns,FF,418,10.945861907778983,9.334379834652463
Chase Burns,SI,5,12.540484327938723,7.212634129281089
Chase Burns,SL,231,11.17064994762093,9.681624734922854
Chase Dollander,ALL,1598,11.303221356997026,10.282059689922594
Chase Dollander,CH,123,11.77808970205227,11.065415984148194
Chase Dollander,CU,339,14.453804721130503,13.345904667808421
Chase Dollander,FF,769,10.628219022490454,9.397596754286488
Chase Dollander,SI,168,9.725503581482702,9.88785650072344
Chase Dollander,SL,199,10.600726618494155,9.674811783086524
Chase Lee,ALL,520,10.44217083568266,9.2170228098689
Chase Lee,CH,32,13.975198410811448,10.006771458919808
Chase Lee,FF,110,10.13316990413208,7.737036735775112
Chase Lee,SI,201,9.12536581709485,8.478780074707704
Chase Lee,ST,177,12.38578023049953,11.24738328330311
Chase Petty,ALL,161,11.679670791003756,10.58335872681941
Chase Petty,CH,19,9.613907529459212,9.195091012252458
Chase Petty,FF,36,12.603501166921344,11.590716302303509
Chase Petty,SI,37,10.24392352585861,8.54230895735395
Chase Petty,SL,51,9.972559779703232,9.415598367374997
Chase Petty,ST,18,13.210219247226222,12.600668669558402
Chase Shugart,ALL,653,10.934834428188086,10.087264335085116
Chase Shugart,CH,48,15.002453922077294,12.500144870509441
Chase Shugart,FC,165,9.424546415243979,8.99444803072451
Chase Shugart,FF,119,10.006325939207848,10.54600765087649
Chase Shugart,SI,134,9.931368897251831,9.260061622575895
Chase Shugart,ST,187,12.939561499293514,10.806115704973875
Chase Silseth,ALL,201,12.063260164662339,10.030307268308873
Chase Silseth,CH,1,1.044435176219224,1.9435980502133883
Chase Silseth,FF,67,11.852979481293751,9.496708167526187
Chase Silseth,FS,38,11.765434594930937,10.79260529468064
Chase Silseth,SI,26,8.042606861665364,8.24274560405538
Chase Silseth,ST,69,13.290566111048005,11.585693083946909
Chayce McDermott,ALL,168,13.58911587030816,13.055466904804375
Chayce McDermott,CU,2,19.347606684125935,17.548318445262723
Chayce McDermott,FC,9,6.675917581530814,7.721497919979474
Chayce McDermott,FF,93,14.861781985317872,12.389207204742537
Chayce McDermott,FS,9,14.187825652760385,11.041449088228788
Chayce McDermott,SL,50,12.671707006831806,13.42375477623479
Chayce McDermott,ST,5,18.07385740523922,16.773271788421898
Chris Bassitt,ALL,2753,10.222403221696549,9.4034421172489
Chris Bassitt,CH,96,12.934217169743594,11.302742030563486
Chris Bassitt,CU,449,11.880369627541059,11.250841010440169
Chris Bassitt,FC,456,9.850924331619112,8.985112524842496
Chris Bassitt,FF,262,9.63415773541265,8.212380234351766
Chris Bassitt,FS,94,14.39193286789024,11.500018250791886
Chris Bassitt,SI,1149,9.306081536928765,8.764204048758991
Chris Bassitt,SL,81,10.974901755713681,10.506855218785661
Chris Bassitt,ST,166,10.912571691329356,9.641571930888022
Chris Devenski,ALL,230,11.756107684897332,9.929586835136881
Chris Devenski,CH,93,13.85276797727778,9.788365655946794
Chris Devenski,FC,41,10.729070722168172,10.26902510028637
Chris Devenski,FF,49,10.18540069281294,10.246482619572738
Chris Devenski,SI,2,10.301313383315865,7.817730252664844
Chris Devenski,ST,45,8.783573836324772,8.854841096473383
Chris Flexen,ALL,652,11.180577758899357,10.02961623188003
Chris Flexen,CH,14,19.286654399848445,20.202181906830546
Chris Flexen,CU,112,10.899720542845145,10.936478128704312
Chris Flexen,FC,185,9.380937668886975,9.03753052264912
Chris Flexen,FF,267,11.805363545983278,9.643034906299247
Chris Flexen,SL,59,12.000756676230527,10.171780355561868
Chris Flexen,SV,15,15.636048549304375,11.934003010949654
Chris Martin,ALL,558,11.069124571780481,8.394566841988613
Chris Martin,FC,197,11.137729533873996,7.793944434887464
Chris Martin,FF,168,11.33884283865811,8.501186706490103
Chris Martin,FS,99,9.674106730721322,8.577770747762436
Chris Martin,KC,1,20.98797976857172,19.031038498755603
Chris Martin,SI,79,11.679532408374763,9.192183764282232
Chris Martin,ST,14,7.517275147735143,7.681832977293358
Chris Murphy,ALL,498,11.930664293460424,11.165140532946763
Chris Murphy,CH,23,12.210507014928847,10.967824657348247
Chris Murphy,CU,146,11.31601924107422,10.170067486385108
Chris Murphy,FF,165,12.325649443137142,11.353207621066801
Chris Murphy,FS,5,21.363566128547024,16.343926195202283
Chris Murphy,SI,26,11.171550272343318,11.094556681761166
Chris Murphy,SL,103,12.294891145703396,11.37258658851515
Chris Murphy,ST,30,12.939281698870065,9.749409695084196
Chris Paddack,ALL,2166,9.619783223254656,7.956886207276278
Chris Paddack,CH,492,12.550251774006979,8.61663426949448
Chris Paddack,CU,246,12.765124043677762,11.675171034006885
Chris Paddack,FC,308,8.607088037851284,8.36948027938474
Chris Paddack,FF,950,8.434459975672388,7.154488077482449
Chris Paddack,SI,120,8.125474542772068,6.975577076538011
Chris Paddack,SL,50,9.876403947006011,7.7928486719859755
Chris Roycroft,ALL,381,10.502598046992045,9.59130289164532
Chris Roycroft,FC,91,10.502598046992045,11.21010828083136
Chris Roycroft,FF,107,11.286331115627439,9.209425365320143
Chris Roycroft,SI,183,9.613845498573722,8.877813704038807
Chris Sale,ALL,1816,10.35101651909527,9.494744430762768
Chris Sale,CH,136,9.34861802164433,9.009066656458451
Chris Sale,FF,755,10.115940170842785,9.10354816701324
Chris Sale,SI,63,8.507620995905844,7.83086994546482
Chris Sale,SL,862,11.016443300962191,10.27244253445348
Chris Stratton,ALL,361,11.668514622447752,10.340085313677143
Chris Stratton,CH,66,12.150803448238253,9.335339088011773
Chris Stratton,CU,74,12.31244814765464,10.19720698484474
Chris Stratton,FF,143,10.817053122256791,10.357697591344143
Chris Stratton,SI,11,11.333480694048353,12.054711681530947
Chris Stratton,SL,63,11.489074984760244,11.01387308077603
Chris Stratton,ST,4,21.925695837222744,17.725365173441634
Christian Koss,ALL,28,11.1330094755669,12.100348187210244
Christian Koss,EP,24,10.03896806528283,11.715556991641275
Christian Koss,FA,2,17.731765483631012,16.235110658982414
Christian Koss,KN,2,25.602085744301927,25.961454200962848
Christian Montes De Oca,ALL,43,9.474442633417492,10.831222150959018
Christian Montes De Oca,CH,3,16.87030864455924,14.344297374324402
Christian Montes De Oca,FF,16,7.950615946100129,9.715672744791572
Christian Montes De Oca,SI,12,9.947014706066394,11.045497633219298
Christian Montes De Oca,SL,12,8.233735617265824,5.756535174725267
Christian Roa,ALL,37,11.46383060898241,10.181664728097223
Christian Roa,CH,3,14.01995681657979,11.261795728836514
Christian Roa,FF,8,8.75039192652893,9.795521665045609
Christian Roa,SI,16,11.600807694509244,9.718302633279649
Christian Roa,SL,10,12.344184765261236,14.160337529452114
Cionel Pérez,ALL,398,11.406596784646668,10.638758017478652
Cionel Pérez,FC,7,11.420508864637723,14.127275514893483
Cionel Pérez,FF,47,8.68074759792343,8.093037334619922
Cionel Pérez,SI,171,11.222284315215079,11.220315724278615
Cionel Pérez,SL,95,11.263066317704427,10.5812741028678
Cionel Pérez,SV,78,13.7913614389532,11.494977101285613
Clarke Schmidt,ALL,1193,11.021224897068072,9.863942461263308
Clarke Schmidt,FC,487,10.371062747722666,8.896750385725873
Clarke Schmidt,FF,90,8.429151725905722,8.927103862488842
Clarke Schmidt,KC,218,12.451843054182289,11.284019347972809
Clarke Schmidt,SI,99,11.591838784831797,10.109011586529176
Clarke Schmidt,SL,152,10.652579346999488,10.661317828558152
Clarke Schmidt,ST,147,11.345881144831319,10.269368148072848
Clay Holmes,ALL,2454,12.597734218170196,10.064128822364538
Clay Holmes,CH,387,17.18834365532061,10.278194866359353
Clay Holmes,FC,205,10.969353771128855,10.482249071052863
Clay Holmes,FF,136,10.271022441072272,9.520010829421425
Clay Holmes,SI,1009,12.275501897057275,9.912331608654743
Clay Holmes,SL,259,12.180011239011796,9.66237051966899
Clay Holmes,ST,458,11.5670175656015,10.25149785282326
Clayton Beeter,ALL,453,12.45157513253813,11.316565388269064
Clayton Beeter,FF,241,11.622610673204127,10.874113924392427
Clayton Beeter,SL,212,13.60614587289725,11.787062118430493
Clayton Kershaw,ALL,1630,11.764292374117083,9.724151373410312
Clayton Kershaw,CS,1,11.84798252343313,10.529499649992518
Clayton Kershaw,CU,289,14.641614959158886,13.377993290993153
Clayton Kershaw,EP,1,37.76856237143358,16.88596523750277
Clayton Kershaw,FF,563,13.417213509081964,9.944343500866026
Clayton Kershaw,FS,87,12.61734128329798,11.211468419906343
Clayton Kershaw,SI,8,12.146017915033081,6.694253748874107
Clayton Kershaw,SL,681,9.09101860493638,8.575615414619579
Codi Heuer,ALL,81,13.42086687774266,11.762091567181583
Codi Heuer,CH,5,10.263146961020812,12.731887493468411
Codi Heuer,FF,35,12.37292503696371,12.475321810848852
Codi Heuer,SL,41,15.233253723708035,10.402476300356458
Cody Bolton,ALL,40,9.499215070595742,8.555010207602775
Cody Bolton,FC,3,9.47539267922161,4.0781099809089225
Cody Bolton,FF,3,8.197545099902214,10.029511579526217
Cody Bolton,SI,19,13.529311136908126,9.489950382462602
Cody Bolton,ST,15,6.172924394568736,6.28347791899764
Cody Laweryson,ALL,83,10.897897659031056,8.84485230682708
Cody Laweryson,CH,22,12.067754102295348,9.105175288182298
Cody Laweryson,FC,10,11.703349693573163,9.157061303839296
Cody Laweryson,FF,51,9.284846499380802,8.84485230682708
Cody Poteet,ALL,65,11.362795642387265,10.413084922109745
Cody Poteet,CH,12,8.5839530518979,7.212536526720623
Cody Poteet,CU,2,8.63866362250872,11.311210360649797
Cody Poteet,FF,5,18.12462476657864,16.654312701250937
Cody Poteet,SI,19,11.221067963965472,9.212623438860174
Cody Poteet,SL,23,14.56539084989293,12.369925355430338
Cody Poteet,ST,4,11.09029038211378,10.803586782611948
Cole Henry,ALL,888,12.853448556672394,11.385240024605714
Cole Henry,CH,24,15.31651840428281,13.477506311392121
Cole Henry,FC,28,12.969148949889291,10.92456447926806
Cole Henry,FF,455,12.319379065833587,10.667496583377114
Cole Henry,SI,95,10.15692508917005,10.804401974774452
Cole Henry,ST,286,14.123726282000511,12.626846637428143
Cole Ragans,ALL,1024,11.84053218436523,9.94811826854337
Cole Ragans,CH,200,11.628312376479853,11.512620806763053
Cole Ragans,FC,51,9.421250073942996,8.777900994593542
Cole Ragans,FF,505,10.583233226526637,9.063843320253786
Cole Ragans,KC,131,14.653457348889297,12.956186713175262
Cole Ragans,SL,137,13.42027383146427,11.888264870347813
Cole Sands,ALL,1005,11.139462658126247,9.412858473163672
Cole Sands,CU,184,14.969005334786033,11.47848827008585
Cole Sands,FC,244,10.391176291065474,9.963449706781933
Cole Sands,FF,272,9.082749896894684,8.184571868563914
Cole Sands,FS,213,12.537939946473784,9.293965055316352
Cole Sands,SI,88,9.814503123019556,8.19386904219808
Cole Sands,SL,4,8.04634208100009,7.944396004862815
Cole Sulser,ALL,352,11.57830924360071,8.521489762139842
Cole Sulser,CH,137,16.110597461883923,9.357404935302423
Cole Sulser,FC,72,11.43176585136506,9.454771230352144
Cole Sulser,FF,141,9.381657954402309,7.15547247083428
Cole Sulser,ST,2,15.468979030949582,14.822317753389925
Cole Wilcox,ALL,39,14.955602813337858,11.402519879622753
Cole Wilcox,FF,9,15.025031118493015,14.183581665661801
Cole Wilcox,SI,14,13.309605748959411,11.055272466598485
Cole Wilcox,SL,10,14.043341257011093,8.630210902258746
Cole Wilcox,ST,6,18.206639024433947,17.96344142032786
Cole Winn,ALL,559,12.556846682086123,10.50337451140921
Cole Winn,CU,6,15.508299546246906,11.535928981544611
Cole Winn,FC,108,12.158789547050857,9.27582294017428
Cole Winn,FF,153,12.14412709712809,10.377671213445867
Cole Winn,FS,69,11.674239880799409,12.038588644634798
Cole Winn,SI,120,12.865420547269535,9.906765883067518
Cole Winn,SL,103,13.405263937303422,12.237235019830038
Colin Holderman,ALL,479,11.385575153746212,10.367754929843255
Colin Holderman,FC,117,9.92332008795896,9.58067380935484
Colin Holderman,FF,35,12.509985204073455,12.08449784811217
Colin Holderman,FS,19,12.651688217592747,12.01417713666286
Colin Holderman,SI,174,10.944783736495806,9.517621373184985
Colin Holderman,SL,4,10.57243125756884,9.846775926018374
Colin Holderman,ST,130,12.507370332956578,11.48841750521768
Colin Poche,ALL,237,12.796211715726223,11.177215403711564
Colin Poche,FF,170,11.982176557454606,10.444592179132684
Colin Poche,SL,67,15.789710295209199,14.23380342586917
Colin Rea,ALL,2189,10.362618725359937,9.088013612452645
Colin Rea,CH,265,12.357960930803706,10.72685315140775
Colin Rea,CU,215,10.369903359573362,9.678421236974204
Colin Rea,FC,171,9.559058156685424,9.344941473205608
Colin Rea,FF,925,9.932825112553804,8.528453931709642
Colin Rea,SI,214,9.536058822478434,9.20786872159594
Colin Rea,SL,212,10.386158168557895,9.086717942028319
Colin Rea,ST,187,10.643839949275744,10.120898898950365
Colin Selby,ALL,206,11.135912616302804,10.445478777399133
Colin Selby,FF,32,10.269311365759181,9.646427301179646
Colin Selby,KC,51,12.441619352646583,10.24189050551585
Colin Selby,SI,88,9.952653406887666,10.132297788028941
Colin Selby,SL,35,12.605064301679311,12.545452470836153
Collin Snider,ALL,420,10.076878443016316,9.182911675313854
Collin Snider,FC,98,9.827636776301743,8.684625297116101
Collin Snider,FF,104,8.49668540473638,8.199228627767118
Collin Snider,SI,47,9.05814771974866,9.323719841491881
Collin Snider,ST,134,10.455107032208806,9.82568103554805
Collin Snider,SV,37,13.66983585123236,9.905045672638025
Colton Gordon,ALL,1384,9.798271766223749,9.532518667288311
Colton Gordon,CH,109,10.664056386288527,10.09713992854458
Colton Gordon,CU,140,10.410582256953415,10.432233399654322
Colton Gordon,FF,566,9.482102682053263,9.238221842506249
Colton Gordon,SI,152,9.806114335261292,8.873215872781431
Colton Gordon,SL,39,9.803992977922736,9.559058886418855
Colton Gordon,ST,378,9.965130909322312,9.985570588493067
Connelly Early,ALL,394,10.683879639351561,10.399276638946215
Connelly Early,CH,73,13.704190169260883,11.963301784389067
Connelly Early,CU,70,15.968237240800207,12.918829733736427
Connelly Early,FF,114,8.639191775254258,9.255453388056916
Connelly Early,SI,57,7.842191664683308,7.940417286176495
Connelly Early,SL,42,11.08741608341841,9.515758725923439
Connelly Early,ST,38,10.5961616088006,9.976006534536051
Connor Brogdon,ALL,794,11.26835891250288,9.479616421928053
Connor Brogdon,CH,336,10.785412864766647,9.676574179343483
Connor Brogdon,FC,132,9.408002109002721,8.92540765905211
Connor Brogdon,FF,326,12.031045145020446,9.601809362303463
Connor Gillispie,ALL,415,12.2722109548357,10.371073225239503
Connor Gillispie,CH,67,15.314414818801053,9.757453072035686
Connor Gillispie,CU,5,28.268566547529723,26.006493528031587
Connor Gillispie,FC,102,9.587884389899628,8.994928079354706
Connor Gillispie,FF,123,12.908154382008341,11.478223316121216
Connor Gillispie,ST,118,12.009451008738214,11.080116443737204
Connor Phillips,ALL,361,12.526888338720676,11.183890429450162
Connor Phillips,CU,18,16.560317716190987,13.565875455637336
Connor Phillips,FF,177,11.714555030615443,11.357857986138999
Connor Phillips,ST,166,12.901018629175809,10.295693267289689
Connor Seabold,ALL,180,11.531798279278902,9.627836262279944
Connor Seabold,CH,47,13.224242821330503,11.535326419874217
Connor Seabold,FC,34,12.42272825649204,12.61494374800207
Connor Seabold,FF,92,10.948609138826377,7.822704443594935
Connor Seabold,SL,4,11.302683039119334,9.112309409813975
Connor Seabold,ST,3,6.264690686385948,8.982188231217675
Connor Thomas,ALL,110,12.538258193019924,11.164540253045368
Connor Thomas,CH,20,11.466457943269543,7.531482420878982
Connor Thomas,FC,24,10.452256986074028,11.935840324101036
Connor Thomas,FF,4,8.767459037597577,7.8522297655417646
Connor Thomas,SI,44,15.264982010873421,11.445371360222339
Connor Thomas,ST,18,11.391074059108687,11.944704197590234
Cooper Criswell,ALL,214,9.17273061532526,8.987925038810765
Cooper Criswell,CH,74,9.711263733598043,8.539059943900813
Cooper Criswell,FC,66,8.851376732546576,8.156522811600036
Cooper Criswell,SI,59,9.045047583303734,10.682849426576352
Cooper Criswell,ST,15,9.387835799319594,6.522965603085286
Cooper Hummel,ALL,16,11.477293116871024,8.573792448615338
Cooper Hummel,FA,16,11.477293116871024,8.573792448615338
Corbin Burnes,ALL,868,10.522158890513513,9.195479816646756
Corbin Burnes,CH,65,11.471715721561026,10.951272045934031
Corbin Burnes,CU,172,14.09777529056483,10.935589399151032
Corbin Burnes,FC,478,9.320584305051575,8.483778220528837
Corbin Burnes,SI,82,10.463426159315752,9.51286987792497
Corbin Burnes,SL,71,11.862607046734446,8.364051581175728
Corbin Martin,ALL,301,12.360160157240509,11.094202310000156
Corbin Martin,CH,8,14.378428592222633,12.485826476599824
Corbin Martin,CU,60,13.98058569268467,11.108165406619804
Corbin Martin,FF,138,12.391650624226212,11.061359375270971
Corbin Martin,SL,95,11.862135388308985,10.704411977777681
Craig Kimbrel,ALL,225,12.430197980899276,9.862569459368416
Craig Kimbrel,CH,10,15.366323112005231,13.139176084165953
Craig Kimbrel,FC,1,25.291445672636414,23.419319606565278
Craig Kimbrel,FF,146,12.157928126174486,9.251138074921231
Craig Kimbrel,KC,39,12.751354819048508,11.446031693718004
Craig Kimbrel,ST,29,12.370244349094685,12.617193982931626
Craig Yoho,ALL,159,13.445709849796147,10.97400228468089
Craig Yoho,CH,70,13.619389632163859,10.921556629944357
Craig Yoho,FC,12,14.74888719088466,12.221969572743337
Craig Yoho,FF,61,12.229283311418229,10.73092149325371
Craig Yoho,ST,16,15.45294048215626,12.435829725182456
Cristian Javier,ALL,588,12.7932903529823,10.59651026666562
Cristian Javier,CH,110,9.997745537019448,10.465511694644178
Cristian Javier,FF,236,14.84404733252062,10.24125706822431
Cristian Javier,KC,65,11.937707341890151,11.946442670208688
Cristian Javier,SI,59,12.008003684975154,9.673037159739762
Cristian Javier,ST,118,12.986379750414503,12.215385951294362
Cristian Mena,ALL,98,11.966078988629352,10.837850267754208
Cristian Mena,CH,15,13.762448754003945,12.370937533605352
Cristian Mena,CU,32,13.339080770126458,10.791626629133788
Cristian Mena,FF,29,11.721110029721244,10.600870492819219
Cristian Mena,SI,11,13.774973381617594,12.618787758554186
Cristian Mena,ST,11,8.966927762640012,6.715062047276375
Cristopher Sánchez,ALL,2849,10.347008934845329,9.173327873971646
Cristopher Sánchez,CH,1069,12.213339297112876,9.625924061464788
Cristopher Sánchez,SI,1317,8.892082809686746,8.569733913946182
Cristopher Sánchez,SL,463,10.775020924296175,9.73932369920378
César Salazar,ALL,11,15.370985933805065,12.283402645187852
César Salazar,EP,11,15.370985933805065,12.283402645187852
DL Hall,ALL,486,11.583782010120604,10.935209228440417
DL Hall,CH,86,12.073233462868963,10.996961720166892
DL Hall,CU,44,11.519969502775115,11.84591579989672
DL Hall,FC,89,9.977564674326572,10.205199900483336
DL Hall,FF,155,11.772730603304831,11.039996664666859
DL Hall,SI,23,12.311765797728444,11.611522268032124
DL Hall,SL,89,12.270610933106678,10.544595329215165
Dan Altavilla,ALL,438,11.149972289615128,9.938010605050092
Dan Altavilla,CH,103,9.723053073577631,9.045035842180559
Dan Altavilla,FF,118,12.350515221001737,10.729886473467648
Dan Altavilla,SI,107,11.511725333953759,9.817549378935002
Dan Altavilla,SL,110,10.563897379412785,10.398269487557439
Dane Dunning,ALL,361,12.064782695193186,11.102195085154493
Dane Dunning,CH,67,12.395206391557144,10.804824311495508
Dane Dunning,FC,143,10.935201612774934,9.877901210323465
Dane Dunning,FF,2,10.213439345737239,11.174953138584861
Dane Dunning,KC,10,19.7173421051766,16.54385945520218
Dane Dunning,SI,106,12.081288715348691,11.486943466855326
Dane Dunning,SL,33,16.959989970184616,14.451299325514684
Daniel Lynch IV,ALL,968,10.643606938401774,10.314201347776063
Daniel Lynch IV,CH,180,10.506588913736174,10.781688497538047
Daniel Lynch IV,FF,218,11.45299804204345,11.115572836197787
Daniel Lynch IV,KC,97,10.79907704753758,9.749293380833956
Daniel Lynch IV,SI,189,10.300807362742374,9.669321989570038
Daniel Lynch IV,SL,284,10.251407668873705,10.17940162246122
Daniel Palencia,ALL,861,12.693595748552681,10.554391554872312
Daniel Palencia,CU,1,13.659816219007308,12.640620783103868
Daniel Palencia,FF,608,13.022003710349745,10.451805630587893
Daniel Palencia,FS,41,13.884814406813998,11.153652347725082
Daniel Palencia,SI,3,17.654690693774217,12.528651551707053
Daniel Palencia,SL,208,10.779445929443623,10.372047411741839
Daniel Robert,ALL,228,10.257571259992325,9.802149584318407
Daniel Robert,FC,58,9.445571796409855,9.13222664620223
Daniel Robert,FF,55,10.098082919759634,9.941602992920089
Daniel Robert,SI,19,10.13724916556075,9.750736542942125
Daniel Robert,ST,96,11.088970736769664,10.05128857331462
Danny Coulombe,ALL,644,12.757278876068561,10.63878910502546
Danny Coulombe,CH,1,33.15765563521679,36.62724407262459
Danny Coulombe,FC,255,12.802471546468404,9.861875679158283
Danny Coulombe,FF,131,11.99021842181633,10.63380379904979
Danny Coulombe,KC,19,21.811919801744313,13.405457332563598
Danny Coulombe,SI,115,10.094465187922953,10.244389061177543
Danny Coulombe,ST,123,16.482359797331334,12.955487678992949
Danny Young,ALL,149,12.503098097831204,11.043694050122713
Danny Young,FC,5,12.246625407485617,11.41663881431891
Danny Young,SI,83,10.53581623488556,10.17503937606091
Danny Young,ST,61,15.916495645274281,14.788483170387142
Darren McCaughan,ALL,73,9.270577943342476,8.982379450088528
Darren McCaughan,CH,9,8.691497123019529,7.476573698476285
Darren McCaughan,FF,18,8.674854034122657,8.568648923926444
Darren McCaughan,SI,16,12.538301623949158,9.96552005147688
Darren McCaughan,ST,30,9.771071138884608,8.841186372914247
Dauri Moreta,ALL,268,10.795055418161692,10.484960960596759
Dauri Moreta,CH,1,16.637356315366294,18.805280154618938
Dauri Moreta,FF,113,11.180968960594981,11.826991017767869
Dauri Moreta,SL,154,10.700636589417515,10.00070844413812
David Bednar,ALL,1006,10.597835624828907,9.64912200077282
David Bednar,CU,365,10.768522524536076,9.643060181494317
David Bednar,FC,1,6.725107329454325,6.168974461479831
David Bednar,FF,436,10.278433546880716,9.82868359097424
David Bednar,FS,201,11.004291263815603,9.348969232578341
David Bednar,SL,3,7.003102210194005,9.462860659302487
David Festa,ALL,796,12.50605402147698,10.058509891935785
David Festa,CH,226,14.220035573929541,9.991811343700737
David Festa,FF,254,11.429732694346765,9.797392513704608
David Festa,SI,107,11.557352055930934,9.648467313173597
David Festa,SL,209,12.613263045000236,11.377550284389045
David Morgan,ALL,714,11.87379237207412,10.61677437084101
David Morgan,CH,1,19.899722826131214,18.838040279976344
David Morgan,CU,169,13.668074748776387,11.705459742031737
David Morgan,FF,258,12.526400528849347,10.327278535858197
David Morgan,SI,158,10.248238581250547,9.912869270060025
David Morgan,SL,128,10.983323929354254,10.39901203772787
David Peterson,ALL,2235,11.271364004036467,9.15969855006683
David Peterson,CH,348,13.784769905020621,10.41829801804213
David Peterson,CU,302,12.79016151911399,10.40074122839253
David Peterson,FF,513,9.283037891362838,8.212403038380423
David Peterson,SI,657,9.335701284418468,8.22569223260269
David Peterson,SL,415,15.696162042551551,10.01657349622926
David Robertson,ALL,307,11.474738863392014,9.712999877642957
David Robertson,CH,3,10.377525887042983,7.756173417747988
David Robertson,FC,156,9.419898479903487,9.06042486525789
David Robertson,KC,104,15.01990939957275,10.270259059347737
David Robertson,SI,15,12.749772709250841,12.474520898563021
David Robertson,SL,29,10.626030594620355,10.609371046056975
Davis Daniel,ALL,182,10.558161165779225,9.343657036643943
Davis Daniel,FF,93,9.40983395163435,9.3005284034477
Davis Daniel,FS,41,13.394760917418951,9.167167170825735
Davis Daniel,SL,30,11.807875953499762,10.63422729848834
Davis Daniel,ST,18,10.383737591081587,9.08620288777023
Davis Martin,ALL,2096,10.75332694297769,9.87206087016774
Davis Martin,CH,517,10.689936642733505,10.135493342858819
Davis Martin,CU,102,12.240884259393695,11.234270415752395
Davis Martin,FC,39,6.967926981036825,6.473184389440016
Davis Martin,FF,690,10.870551887981893,9.633701218261326
Davis Martin,SI,225,9.5022100426676,8.639939193991133
Davis Martin,SL,437,11.9045477829752,10.715528079660777
Davis Martin,ST,84,10.047016694215142,9.481550797883001
Davis Martin,UN,2,23.28462663164431,
Daysbel Hernández,ALL,595,11.104802430254646,10.929967849835103
Daysbel Hernández,FF,261,11.538453097041657,11.24574375624685
Daysbel Hernández,SL,334,10.880230332375199,10.801633559450444
Dean Kremer,ALL,2575,10.458943241157455,9.532508702304694
Dean Kremer,CU,330,10.83836851349366,11.03205450937557
Dean Kremer,FC,510,9.163737141019329,8.955420733863463
Dean Kremer,FF,681,10.540590077130984,8.839916040316055
Dean Kremer,FS,550,11.625463460004033,11.392424218952115
Dean Kremer,SI,501,10.22549915098553,8.698177464876665
Dean Kremer,SL,3,8.550142090407835,6.665116293121762
Dedniel Núñez,ALL,174,11.187723535764512,9.244385474469421
Dedniel Núñez,CH,1,5.51309045766757,7.19683611258639
Dedniel Núñez,FF,94,11.357301052363393,9.47566097182551
Dedniel Núñez,SL,79,11.24323340267592,8.594984305660493
Dennis Santana,ALL,929,10.816985457198676,9.789636827276537
Dennis Santana,CH,60,15.118991445193451,11.19067308429501
Dennis Santana,FC,93,10.331955628264662,9.824526010177529
Dennis Santana,FF,263,9.332526144187089,9.310556843996997
Dennis Santana,SI,76,11.081012194822511,10.366499273148218
Dennis Santana,SL,437,11.686868310475557,9.742312874965307
Devin Williams,ALL,1079,12.757187242789225,9.364016336902356
Devin Williams,CH,562,10.825520217371146,9.070408615472006
Devin Williams,FC,2,12.266473062167545,10.33062894020065
Devin Williams,FF,515,14.287520695937156,10.023992530797267
Didier Fuentes,ALL,276,10.565595251512445,10.115752122579206
Didier Fuentes,CU,35,18.08232748216587,12.063005377900756
Didier Fuentes,FF,158,8.854794243085674,9.642611000461851
Didier Fuentes,FS,9,13.500797461501351,9.158287902731342
Didier Fuentes,ST,74,12.079316537086182,10.275443217554335
Dietrich Enns,ALL,687,11.180408620300652,10.115045581878105
Dietrich Enns,CH,204,11.403180288202748,10.65568115990527
Dietrich Enns,CU,32,11.084612428726984,12.920327743345748
Dietrich Enns,FC,114,14.130234555129501,11.742410655099738
Dietrich Enns,FF,315,10.275169026557592,9.136027490675325
Dietrich Enns,SI,22,8.704480081429868,7.275391743372268
Dillon Tate,ALL,133,11.296358972015053,10.198783439225254
Dillon Tate,CH,27,16.550681703946804,13.771601995259203
Dillon Tate,FF,3,19.22697766319608,14.584820212555725
Dillon Tate,SI,44,10.058249992179212,8.857849150867363
Dillon Tate,ST,59,10.668714125082946,10.198783439225254
Dom Hamel,ALL,11,12.310547077315357,8.061569261162978
Dom Hamel,CH,1,12.310547077315357,6.3946316944767245
Dom Hamel,FC,1,8.047996959081615,8.061569261162978
Dom Hamel,FF,2,17.541063469664977,18.2224455231156
Dom Hamel,SL,4,11.716232558736294,8.262901824640243
Dom Hamel,ST,3,8.335117725633372,4.7547487284747
Doug Nikhazy,ALL,101,12.122361546193648,12.17391970633989
Doug Nikhazy,CH,7,19.17736120615225,17.508527174320953
Doug Nikhazy,CU,12,11.447120717387115,12.151108906840829
Doug Nikhazy,FA,1,39.72901303652127,30.139008924862328
Doug Nikhazy,FF,46,12.831197154685995,12.28693666477772
Doug Nikhazy,SL,29,10.901369604303836,9.423631656383366
Doug Nikhazy,ST,6,13.053587595269398,10.746189357427456
Drew Pomeranz,ALL,755,12.510069292953146,9.510652886113157
Drew Pomeranz,FF,585,12.12741390870813,9.01678519353062
Drew Pomeranz,KC,170,13.416902448872502,11.296829071900575
Drew Rasmussen,ALL,2144,10.08780889182555,9.036635149442912
Drew Rasmussen,CH,28,25.523585565639515,13.06213691952792
Drew Rasmussen,CU,92,12.518236534604775,11.779569028543577
Drew Rasmussen,FC,675,9.596682197442329,9.30421189256857
Drew Rasmussen,FF,750,9.912569272555512,8.48472512629121
Drew Rasmussen,SI,492,9.70239590860808,8.823726013766422
Drew Rasmussen,SL,5,5.845241086255937,6.113396702863229
Drew Rasmussen,ST,102,12.649795581101376,10.643986916797555
Drew Sommers,ALL,74,10.886480173835736,10.263100077590256
Drew Sommers,CH,1,2.382207432742107,7.023109131219397
Drew Sommers,FF,9,11.811194925516514,7.8624123654195275
Drew Sommers,SI,33,9.902561487847981,11.464755273068233
Drew Sommers,SL,31,11.85256867906227,10.408445082587711
Drey Jameson,ALL,52,14.624190574822943,11.836853587092055
Drey Jameson,CH,12,13.616121652537284,9.752760752837698
Drey Jameson,FF,10,10.636107961565717,10.57628403192317
Drey Jameson,SI,16,16.42595964662872,11.607197187978624
Drey Jameson,SL,14,16.363349442210374,15.471624721487096
Dugan Darnell,ALL,185,10.731854870885662,9.603037024092128
Dugan Darnell,FF,101,9.801880739482597,9.226486249034133
Dugan Darnell,FS,47,14.631502319247481,11.004617783586866
Dugan Darnell,SL,37,10.947578620981192,8.275302004936494
Dustin May,ALL,2111,10.870625995965208,9.694938647417025
Dustin May,CH,18,8.831919584934237,7.9876101476053485
Dustin May,FC,208,8.927399276777564,9.075201278687018
Dustin May,FF,355,12.571429418806032,10.255473694662927
Dustin May,SI,704,9.657163604791165,8.954848869770323
Dustin May,ST,826,11.192822979072222,10.47545980987712
Dylan Cease,ALL,2923,11.791006630204645,10.247893128502932
Dylan Cease,CH,35,14.643804240787496,14.386061577108658
Dylan Cease,FF,1219,11.952560270309535,9.89759556628759
Dylan Cease,KC,245,13.595301661029046,12.497497103081585
Dylan Cease,SI,114,9.516679767312926,9.36492379032537
Dylan Cease,SL,1207,11.62691695927654,10.177584125100305
Dylan Cease,ST,103,10.25623956179336,9.99124261215489
Dylan Dodd,ALL,523,11.06306100143158,9.814330396976198
Dylan Dodd,CH,13,14.057979535882511,12.07980720525812
Dylan Dodd,FC,279,11.103438148877256,9.85356320883133
Dylan Dodd,FF,2,2.8315099553183245,3.4866376099042777
Dylan Dodd,SI,180,9.543480756150133,8.77102432820373
Dylan Dodd,SL,44,20.916395293596604,11.736170100169076
Dylan Dodd,ST,5,7.293087843309762,9.540446678105218
Dylan Lee,ALL,1046,10.32061324990433,9.120477471242841
Dylan Lee,CH,139,9.107955931449712,8.64107378207611
Dylan Lee,FF,328,8.4958450939619,7.991533218758985
Dylan Lee,SL,579,11.825746781501113,9.685402399501886
Dylan Smith,ALL,158,11.991349553491329,10.163532930130721
Dylan Smith,FF,77,10.22578446100051,9.023533178272226
Dylan Smith,FS,15,19.984376608642354,17.411892996295713
Dylan Smith,SI,12,11.474668637268435,7.847872607050766
Dylan Smith,ST,54,14.543708083726695,11.957315467185193
Easton Lucas,ALL,428,10.720950395239253,10.262171880889731
Easton Lucas,CH,86,12.38096552369122,11.038668685672036
Easton Lucas,FC,32,14.403983910114139,11.145448270639857
Easton Lucas,FF,216,9.336086390905265,9.326049656381409
Easton Lucas,SL,52,14.423269824654165,12.97891578504229
Easton Lucas,ST,42,12.24464753271397,12.533375826584662
Easton McGee,ALL,217,9.893298010500109,8.578164508159595
Easton McGee,CH,4,10.939169494767686,9.415827563398185
Easton McGee,CU,63,11.172125204314822,9.626434603846365
Easton McGee,FC,27,8.771181113969593,8.331931512561829
Easton McGee,FF,45,11.114700507883528,8.134647914710792
Easton McGee,SI,70,8.655073256134155,8.256918439448889
Easton McGee,ST,8,8.945396577191854,7.437179842877927
Edgardo Henriquez,ALL,293,12.725085264918775,11.040176197860653
Edgardo Henriquez,CU,27,13.15836567633328,11.739883278571252
Edgardo Henriquez,FC,54,15.654989409535474,11.786417155816888
Edgardo Henriquez,FF,91,12.334134381885818,10.77012590833889
Edgardo Henriquez,SI,84,11.77733772980788,10.914497573489744
Edgardo Henriquez,SL,37,12.599088391421319,9.423760049912808
Eduard Bazardo,ALL,1154,11.383229176284047,9.454112499697622
Eduard Bazardo,FC,3,12.409213248237869,12.625480626162886
Eduard Bazardo,FF,163,11.055223758558956,10.992272232096301
Eduard Bazardo,FS,23,11.8471336170759,10.11628418887052
Eduard Bazardo,SI,477,10.39289718252277,9.107835896222195
Eduard Bazardo,ST,488,12.454393586272012,9.312271065935231
Eduardo Rodriguez,ALL,2371,9.304850091965866,8.244653647967544
Eduardo Rodriguez,CH,488,11.225557971460795,9.145135151947565
Eduardo Rodriguez,CU,119,10.402480704374048,8.735258511049052
Eduardo Rodriguez,FC,374,8.821595220306527,7.90232435740874
Eduardo Rodriguez,FF,1107,8.38002673964276,7.8624934914512465
Eduardo Rodriguez,SI,197,9.372008711719237,9.426540893139212
Eduardo Rodriguez,SL,86,10.643724805268029,8.418280364853427
Eduardo Salazar,ALL,516,11.831036966073093,10.289749865973082
Eduardo Salazar,CH,6,19.308947423699397,20.207121865480776
Eduardo Salazar,FF,116,13.136556650643808,10.527467182663834
Eduardo Salazar,SI,229,10.38116372226815,9.219972028309522
Eduardo Salazar,SL,165,12.097469809970777,11.977050704305192
Eduarniel Núñez,ALL,233,13.45826596149954,11.830931323856822
Eduarniel Núñez,CU,5,8.09008034852739,7.274257416495789
Eduarniel Núñez,FF,145,13.296600158141777,11.546510446146195
Eduarniel Núñez,SL,83,14.150100258675144,14.463754652350252
Edward Cabrera,ALL,2018,13.155820157740624,10.043593763753153
Edward Cabrera,CH,516,16.169358195867893,9.761064101750428
Edward Cabrera,CU,471,15.043305426688335,11.627906166552915
Edward Cabrera,FF,262,9.247285394083708,9.337755738874915
Edward Cabrera,SI,417,11.094149093533517,9.17517368345019
Edward Cabrera,SL,352,12.537844061157518,10.040680610088597
Edwin Díaz,ALL,875,13.733078765536364,10.682110025437343
Edwin Díaz,CH,1,9.14029443027932,10.237531382362619
Edwin Díaz,FF,458,11.84441309883836,10.297421736057613
Edwin Díaz,SL,416,15.216665545766265,10.97420565387764
Edwin Uceta,ALL,1112,11.592069883880313,9.949863073973384
Edwin Uceta,CH,434,12.393776514816176,9.58770950236538
Edwin Uceta,FC,180,10.514124390512176,9.395459873606999
Edwin Uceta,FF,446,11.368515496984227,10.159788643448561
Edwin Uceta,SI,18,8.365998808161516,10.339587460393624
Edwin Uceta,ST,34,13.336268950249213,11.01859864560544
Eli Morgan,ALL,128,12.86840043520373,10.440054197382878
Eli Morgan,CH,53,12.713063188156386,9.72738027875499
Eli Morgan,FF,38,13.312958018250534,9.244633330311725
Eli Morgan,SL,37,12.464749948481273,12.583706725182784
Elvin Rodríguez,ALL,300,12.32137373129813,9.853740720779054
Elvin Rodríguez,CH,20,13.993716335890122,10.977428389468786
Elvin Rodríguez,CU,56,15.98869584959979,9.758530050045627
Elvin Rodríguez,FC,52,14.28295843550734,12.796243469792277
Elvin Rodríguez,FF,141,10.151818854765944,8.658782484926725
Elvin Rodríguez,ST,31,14.534022017073621,10.646122057685238
Elvis Alvarado,ALL,751,11.512728204770529,10.642387837043628
Elvis Alvarado,CH,29,13.345917450298181,11.76804397786919
Elvis Alvarado,FF,363,11.414913808508095,10.845385674186895
Elvis Alvarado,SI,116,9.105525419702712,9.273769628844391
Elvis Alvarado,SL,243,12.333754074133129,10.967459018452088
Elvis Peguero,ALL,176,13.56856511651121,10.780069305114907
Elvis Peguero,SI,90,13.871203405091158,11.114387595631822
Elvis Peguero,SL,86,12.977222547183118,10.39596078827268
Emerson Hancock,ALL,1263,11.877121600574734,9.43969216635491
Emerson Hancock,CH,258,17.089480038473784,10.460736936107068
Emerson Hancock,FC,1,28.857385987888005,26.903238678979235
Emerson Hancock,FF,341,9.389257081877847,8.725874465064772
Emerson Hancock,SI,481,10.85208325092622,8.84399785057234
Emerson Hancock,SL,141,14.53964596571541,10.957100135767915
Emerson Hancock,ST,41,18.049853489951424,11.962717668929212
Emilio Pagán,ALL,1006,11.06227756785583,9.67725239813441
Emilio Pagán,FC,186,11.692551643965421,10.588609027669971
Emilio Pagán,FF,617,10.384064521214457,9.29281985559962
Emilio Pagán,FS,203,12.423062547015354,10.608871036322503
Emmanuel Clase,ALL,672,10.430090904173193,9.422922803982928
Emmanuel Clase,FC,459,9.931143405483898,9.083232669938969
Emmanuel Clase,SI,7,18.18834617310083,19.007193889537803
Emmanuel Clase,SL,206,11.519590100219041,10.309733176123324
Emmanuel Rivera,ALL,42,12.702966235916726,11.175687666072898
Emmanuel Rivera,CH,1,7.054120749226325,10.771767552127674
Emmanuel Rivera,EP,35,12.525161358837376,10.894875406934696
Emmanuel Rivera,FA,6,16.199517093525234,11.543026844318145
Emmet Sheehan,ALL,1191,13.259254914155358,9.64296063563129
Emmet Sheehan,CH,192,11.791192073967707,10.328723779950915
Emmet Sheehan,CU,69,14.638050918130093,13.207490606607994
Emmet Sheehan,FF,568,14.271114906208531,8.875246582957583
Emmet Sheehan,SL,362,12.849011663504307,9.748380850393211
Enrique Hernández,ALL,111,15.820406601615753,14.865622689658858
Enrique Hernández,CS,44,16.99729003225836,14.692699250693648
Enrique Hernández,EP,63,14.42269557915483,15.536533520201479
Enrique Hernández,FA,4,17.213924903075124,16.982037182312155
Enyel De Los Santos,ALL,1021,9.574374055200261,8.76689316797704
Enyel De Los Santos,CH,152,9.761471064747361,8.876494830306518
Enyel De Los Santos,FF,507,9.700547510242119,8.932191355642273
Enyel De Los Santos,SL,362,9.42165096894551,8.727482066398949
Erasmo Ramírez,ALL,149,11.51724402511359,9.566514483443653
Erasmo Ramírez,CH,17,15.745938434771428,10.846889514512835
Erasmo Ramírez,CU,8,15.378975600138519,14.170102776752708
Erasmo Ramírez,FC,65,10.941607446385637,9.291136490883243
Erasmo Ramírez,FF,8,9.15140479170016,6.887574942125894
Erasmo Ramírez,SI,51,11.56044134042663,9.277354499726949
Eric Lauer,ALL,1616,9.123225874962742,8.774212460079841
Eric Lauer,CH,129,10.997376369050226,10.778901822623551
Eric Lauer,CU,231,10.08359224860899,10.176465716150146
Eric Lauer,FC,334,8.84503942514839,8.785298194475907
Eric Lauer,FF,759,8.443620411485343,8.105038450083148
Eric Lauer,SI,1,11.535618153304114,14.134172309100192
Eric Lauer,SL,162,9.664323123011279,9.746427761018847
Eric Orze,ALL,625,12.369444558659156,9.79832485295824
Eric Orze,FF,155,12.514368123433245,9.79832485295824
Eric Orze,FS,306,14.033525672626316,9.975092168201524
Eric Orze,SL,164,10.041467374766384,9.649182844998307
Erick Fedde,ALL,2133,10.04912409266931,9.066545093941228
Erick Fedde,CH,243,13.246561495492074,10.02812966645445
Erick Fedde,FC,608,9.514287354893062,9.099990699179813
Erick Fedde,FF,20,9.69765308121078,8.00503156210135
Erick Fedde,SI,701,8.802596927553754,8.121018747220797
Erick Fedde,ST,561,10.864191294302103,9.51534428675972
Erik Miller,ALL,418,11.583733502642866,10.526822569153117
Erik Miller,CH,98,12.835886163211473,11.239494336790884
Erik Miller,FF,153,11.800360916297732,10.181267354789147
Erik Miller,SI,69,8.177627698905143,8.86622491659503
Erik Miller,SL,98,12.972465802984626,11.449023676202053
Erik Sabrowski,ALL,497,11.642484274954622,11.275289083687372
Erik Sabrowski,CU,77,14.309589750091165,14.425198293614516
Erik Sabrowski,FF,338,10.804566819660671,10.472827234258355
Erik Sabrowski,SL,82,12.491006444551648,11.805747767455117
Erik Swanson,ALL,124,11.93689925491499,10.535760646473294
Erik Swanson,FF,58,10.413362991473827,9.799076316161724
Erik Swanson,FS,54,17.22958298707229,11.733911359904841
Erik Swanson,SL,12,12.55461459362093,9.898730067985236
Ethan Roberts,ALL,112,10.06167491070199,9.17406537953741
Ethan Roberts,FC,41,9.500815553883813,8.379227076000605
Ethan Roberts,SI,5,12.609336720438627,11.439698066043304
Ethan Roberts,ST,66,10.06167491070199,9.386028440546397
Eury Pérez,ALL,1619,14.413874416094748,10.144242436601687
Eury Pérez,CH,129,27.00472721356853,10.440166931311659
Eury Pérez,CU,149,15.478523165841183,11.254500121348045
Eury Pérez,FC,16,20.31475202241559,11.248813425176646
Eury Pérez,FF,832,12.493125660798643,9.766059708217007
Eury Pérez,SI,17,18.559675281428373,10.123613465196824
Eury Pérez,SL,354,16.348003882633776,10.620410267606243
Eury Pérez,ST,122,15.122291272810255,11.192446581300882
Evan Phillips,ALL,78,12.226826471433204,10.558459626299555
Evan Phillips,FC,6,6.365875792174034,6.4875899138691775
Evan Phillips,FF,22,14.60810541983713,10.528812053957834
Evan Phillips,SI,7,12.465470861267507,6.219741059558047
Evan Phillips,ST,43,11.988182081598902,13.235454106326054
Evan Sisk,ALL,309,11.963044542487134,10.433629719985356
Evan Sisk,CU,33,11.963044542487134,9.135653609470127
Evan Sisk,FC,31,13.92616172730698,13.477545037459391
Evan Sisk,FF,64,8.69864765258433,8.882044916824338
Evan Sisk,SI,97,12.182208956501032,11.142912723901267
Evan Sisk,SL,4,18.24876271078543,16.21786674024871
Evan Sisk,ST,80,12.0255983912399,10.255943207645014
Ezequiel Duran,ALL,15,21.384095559663717,13.864750728406474
Ezequiel Duran,CS,1,17.72569049195147,11.138899361024922
Ezequiel Duran,EP,14,23.1785687896071,14.28879004770385
Fernando Cruz,ALL,757,12.972152976018023,11.756835077328649
Fernando Cruz,FF,155,11.10850574286439,10.882821770159
Fernando Cruz,FS,449,13.638100158276089,12.045820770533055
Fernando Cruz,SI,106,14.010878420846456,11.385212042258438
Fernando Cruz,SL,47,11.850529613730872,10.20614441681149
Forrest Whitley,ALL,245,11.639012777228928,10.28533649316519
Forrest Whitley,CH,3,8.528265004490171,1.4802273433731006
Forrest Whitley,CU,29,18.400944942732007,13.026647715747687
Forrest Whitley,FC,63,11.639012777228928,9.936536666767228
Forrest Whitley,FF,84,10.948645859112258,10.796214549443246
Forrest Whitley,SI,43,9.240992563674775,7.854375927283276
Forrest Whitley,SV,23,13.524836016695112,15.249123206786987
Framber Valdez,ALL,2539,11.188479284319627,9.910026936294962
Framber Valdez,CH,461,11.50357213872046,9.515080445326754
Framber Valdez,CU,836,13.972897926187866,10.789063472387785
Framber Valdez,FF,4,5.824287583579451,8.171587479284494
Framber Valdez,SI,1154,9.327345147437132,9.425602688878765
Framber Valdez,SL,84,12.591700263328963,12.495487794770971
Frankie Montas,ALL,676,12.040058439133857,9.323646427448107
Frankie Montas,FC,70,10.146849236597223,9.10491978676924
Frankie Montas,FF,166,9.601862092181971,8.704739610039393
Frankie Montas,FS,137,20.075833115823507,10.19737653031295
Frankie Montas,SI,123,9.837910319381997,8.949506560525771
Frankie Montas,SL,94,15.48345336820653,9.781297601707596
Frankie Montas,ST,86,10.260398289952787,9.127305904733696
Fraser Ellard,ALL,291,12.441510254857532,11.699584069797178
Fraser Ellard,CH,23,16.879215646011456,17.104442986323274
Fraser Ellard,FC,3,13.769538155889213,14.42258018830021
Fraser Ellard,FF,152,10.962007064018517,9.143859971982664
Fraser Ellard,SI,45,11.791598056203245,12.552310951983113
Fraser Ellard,SL,68,14.099487249300523,13.564643547525563
Freddy Peralta,ALL,3085,13.173388649388645,10.224633304324461
Freddy Peralta,CH,659,16.17886711992329,10.60007013115684
Freddy Peralta,CS,73,17.19377985460826,11.540661843780049
Freddy Peralta,CU,370,14.69540028617067,11.408847205304735
Freddy Peralta,FF,1643,11.397975258517244,9.779464947754652
Freddy Peralta,SL,312,13.101420427197148,10.09758482564006
Freddy Peralta,ST,28,14.460636717775827,11.460868942621254
Freddy Tarnok,ALL,118,13.818670448255618,12.106734464345914
Freddy Tarnok,CH,30,17.29541259380116,14.673633741181659
Freddy Tarnok,CU,19,13.744095351938157,12.71786306764145
Freddy Tarnok,FF,39,14.558657554560286,11.580904802006913
Freddy Tarnok,SI,9,8.888615604474328,6.461113104558352
Freddy Tarnok,SL,21,13.699433131672265,12.250959993905445
Félix Bautista,ALL,589,12.884720842555293,12.254505417151861
Félix Bautista,FC,3,10.961736919980893,9.922253019400452
Félix Bautista,FS,165,13.968330030585273,13.034934275464781
Félix Bautista,SI,365,12.327441312160635,11.310085727017293
Félix Bautista,SL,56,11.833414244661762,12.156481629876406
Gabe Speier,ALL,818,10.629412280598212,9.54830616150845
Gabe Speier,FF,374,9.114663112894778,9.515690676946466
Gabe Speier,SI,232,8.477063841663252,8.325786105823685
Gabe Speier,SL,212,17.903003081146434,11.016135402115852
Garrett Acton,ALL,20,19.94486057191542,13.777730112840537
Garrett Acton,CH,4,18.69674457318024,16.728971346893054
Garrett Acton,FF,16,19.94486057191542,13.777730112840537
Garrett Cleavinger,ALL,850,11.211271733137451,10.522725885090843
Garrett Cleavinger,FC,14,13.714719896598451,10.37484399514533
Garrett Cleavinger,FF,106,11.485200504086844,11.11205677597089
Garrett Cleavinger,SI,309,11.054464628685803,10.547707016893844
Garrett Cleavinger,SL,335,11.220985708261006,10.627287371580536
Garrett Cleavinger,ST,86,10.251989502044582,9.275105172045405
Garrett Crochet,ALL,2799,10.77212611012444,9.841300815514849
Garrett Crochet,CH,128,13.585785355916075,10.916234042924362
Garrett Crochet,FC,758,9.562781916900946,9.477881645908145
Garrett Crochet,FF,1006,10.974977131149286,9.90085061259916
Garrett Crochet,FS,1,10.461912571894459,8.207693397960966
Garrett Crochet,SI,443,9.711521934626763,9.234926679811739
Garrett Crochet,ST,463,12.782678006065519,10.543628464836134
Garrett Hampson,ALL,3,19.240408798232153,17.971966493477463
Garrett Hampson,CU,1,19.240408798232153,20.41442341574675
Garrett Hampson,SL,2,15.19034510240282,13.966966220930075
Garrett McDaniels,ALL,164,13.89131714692586,13.040657576445174
Garrett McDaniels,CU,8,22.87389741977797,22.152128471642698
Garrett McDaniels,FF,4,17.726667011094214,15.766874502215124
Garrett McDaniels,SI,70,11.839095537238336,11.32528526833584
Garrett McDaniels,SL,82,13.910483653905814,13.848006900668679
Garrett Whitlock,ALL,1068,10.741986949971004,9.356381219108213
Garrett Whitlock,CH,230,11.10221937743745,8.958824216748587
Garrett Whitlock,SI,505,9.899700097726138,8.934513498593372
Garrett Whitlock,SL,323,11.388042921589554,10.577040905735874
Garrett Whitlock,ST,10,12.736352458615267,11.305952377767113
Gary Sánchez,ALL,19,20.511278448636,13.684503301223836
Gary Sánchez,EP,8,21.877200036736156,18.217487410663225
Gary Sánchez,FA,11,12.629450941379002,12.307582912425923
Gavin Hollowell,ALL,167,11.40532316457874,11.101735577216933
Gavin Hollowell,FF,75,10.019475054908137,10.435512709416823
Gavin Hollowell,SI,36,12.547256470212616,12.407713935325711
Gavin Hollowell,ST,56,12.1473959325583,11.50881175752704
Gavin Williams,ALL,2618,11.432422277413174,10.234505483347657
Gavin Williams,CH,2,25.211173979578177,25.11147935458529
Gavin Williams,CU,577,14.423095079211393,11.609790615154528
Gavin Williams,FC,379,9.54656064283559,9.477657748483827
Gavin Williams,FF,959,9.782496223762344,9.053617079768262
Gavin Williams,SI,163,9.208556146118887,8.592194682857798
Gavin Williams,ST,538,14.740003786805474,12.025705589863868
Geoff Hartlieb,ALL,103,14.02967577834285,11.921409335287825
Geoff Hartlieb,FF,26,14.25301155954712,11.596146050948516
Geoff Hartlieb,SI,15,12.297240010548805,10.94300424616161
Geoff Hartlieb,SL,62,14.627518232011505,12.217254587859385
George Kirby,ALL,1934,10.20586774104106,8.700581445862104
George Kirby,CH,39,13.322307217866667,8.726652781725491
George Kirby,FF,571,7.9905701476094055,8.111531023973132
George Kirby,FS,57,16.051425690469475,9.13670379876058
George Kirby,KC,201,16.955004131049968,9.674193754586833
George Kirby,SI,528,8.218705565534457,8.016112320428299
George Kirby,ST,538,13.415112439795967,9.484624519607777
George Soriano,ALL,641,13.133378666368866,10.564361165291183
George Soriano,CH,201,13.99466456962061,10.709381589543415
George Soriano,FF,114,10.856714561132613,10.274684674663757
George Soriano,SI,126,12.876838850458178,10.58584454361419
George Soriano,SL,104,16.98468968505587,10.9654382637322
George Soriano,ST,96,10.754517000564146,9.964255144406746
Germán Márquez,ALL,1921,10.827746073155485,10.087860747333535
Germán Márquez,CH,45,13.435122875461948,12.862442910528259
Germán Márquez,FF,676,10.39867906659929,9.695177943364056
Germán Márquez,KC,613,12.68084424239607,11.21716722217025
Germán Márquez,SI,383,9.028334950284192,8.690168945166771
Germán Márquez,SL,204,11.205931036498184,10.080834628919723
Gerson Garabito,ALL,95,11.00114140403882,8.773626253852589
Gerson Garabito,CH,15,12.458210812615562,8.773626253852589
Gerson Garabito,CU,23,11.560099178126665,11.265630467351547
Gerson Garabito,FF,22,12.213707260577952,9.714483019471889
Gerson Garabito,SI,16,11.402952882393436,7.036512784472725
Gerson Garabito,SL,19,6.973368554599229,6.93818689350649
Gordon Graceffo,ALL,652,11.260149182661841,10.034263402693057
Gordon Graceffo,CH,14,10.910627672295114,8.10451480337752
Gordon Graceffo,CU,164,16.857482930952635,12.458044356887253
Gordon Graceffo,FF,293,9.580339320608699,8.905211353191332
Gordon Graceffo,SI,8,12.892246396422232,8.578319852585427
Gordon Graceffo,SL,173,11.117919513403212,10.016761781247878
Graham Ashcraft,ALL,949,10.454053429902231,10.39869184791209
Graham Ashcraft,FC,522,9.909626993637026,10.214470816171323
Graham Ashcraft,SL,427,11.463808878517533,10.55697963734491
Grant Anderson,ALL,939,10.518107292738977,9.563231165624153
Grant Anderson,CH,34,11.02630417965219,10.710669126158365
Grant Anderson,FF,332,9.842157063201178,9.088541321143374
Grant Anderson,SI,228,8.911168311644944,8.544843072459592
Grant Anderson,ST,345,12.448367656779197,10.304317568880236
Grant Holman,ALL,335,11.123483555557101,10.091041975110285
Grant Holman,FF,159,9.670766498972243,9.431283167175977
Grant Holman,FS,129,12.83603767613558,10.740359078054732
Grant Holman,SL,47,10.504445035437001,10.136734006573134
Grant Holmes,ALL,1756,11.263831244859249,9.260589105860042
Grant Holmes,CH,20,9.167759586233082,8.704234450748242
Grant Holmes,CU,271,13.72132213102909,10.59461877816514
Grant Holmes,FC,262,9.237874521857936,8.754843854088145
Grant Holmes,FF,570,10.008343559828418,9.47809049680052
Grant Holmes,SI,2,20.935216150749522,20.085321606402253
Grant Holmes,SL,631,12.166894054130706,9.018565597694732
Grant Taylor,ALL,583,10.888241528059096,10.260279074140787
Grant Taylor,CU,129,11.256614991605181,11.196834624803124
Grant Taylor,FC,97,9.22324413249613,9.621241258272507
Grant Taylor,FF,320,10.82906932224523,9.734854545248503
Grant Taylor,SL,37,15.409059940841512,15.333128546648208
Grant Wolfram,ALL,434,11.613916396165404,10.300303802922631
Grant Wolfram,CU,56,12.309913207560866,12.567501582662368
Grant Wolfram,FF,72,12.359213660646015,8.947218373187457
Grant Wolfram,FS,1,31.911133465953597,29.29911105668978
Grant Wolfram,SI,171,11.389327540405223,10.423782917711524
Grant Wolfram,SL,107,10.582740297898887,9.393117383572093
Grant Wolfram,ST,27,16.018648603119274,12.136791176630602
Greg Weissert,ALL,933,10.874186613227003,9.917425064134033
Greg Weissert,CH,90,13.031783729911528,9.995863732214309
Greg Weissert,CU,43,19.04024427029851,11.311544393644418
Greg Weissert,FF,329,9.786836888069288,9.321392616536059
Greg Weissert,SI,254,10.335888973679578,9.782455563630183
Greg Weissert,SL,140,10.4185407376167,10.157277606758539
Greg Weissert,ST,77,13.375268770234431,12.139006347388401
Gregory Santos,ALL,121,12.442056157020243,10.147980040150856
Gregory Santos,SI,45,12.008401955360487,10.147980040150856
Gregory Santos,SL,76,13.267240418377924,10.36852657896604
Gregory Soto,ALL,956,11.51352887152798,11.148909533350935
Gregory Soto,FF,67,9.731935807970451,9.096611046068784
Gregory Soto,FS,3,17.81350591110789,15.204948195878874
Gregory Soto,SI,502,10.518983651183465,10.171289870572704
Gregory Soto,SL,309,13.592723999589154,11.947677368367287
Gregory Soto,ST,75,13.809080762345474,12.512946430493907
Griffin Canning,ALL,967,11.391833067714039,10.42231711531049
Griffin Canning,CH,220,11.274195566506375,8.923593680655493
Griffin Canning,FC,39,14.2343654363503,13.195728617624363
Griffin Canning,FF,360,10.207924827591436,10.15048012436647
Griffin Canning,KC,62,11.291770080255574,12.165667395229335
Griffin Canning,SL,277,12.561314857519285,11.563732886205065
Griffin Canning,ST,9,11.574514638147194,11.378902460882191
Griffin Jax,ALL,962,10.922135522888226,9.476368830343832
Griffin Jax,CH,218,11.548622701620966,9.898717931434934
Griffin Jax,CU,2,7.878348837633681,5.306876276646532
Griffin Jax,FC,34,8.670978439207486,8.811942735544795
Griffin Jax,FF,179,9.752566445606467,8.879078972739539
Griffin Jax,SI,117,10.7380088720557,9.423554225200878
Griffin Jax,ST,412,11.59277599234062,10.081548339650457
Gunnar Hoglund,ALL,520,9.524137210476752,9.092278751465884
Gunnar Hoglund,CH,115,10.3557108893304,10.150086199041398
Gunnar Hoglund,FF,192,8.537260673705102,8.567917446093567
Gunnar Hoglund,SI,86,9.541574756075075,8.026681187801124
Gunnar Hoglund,SL,38,9.163233684494639,8.88405739897981
Gunnar Hoglund,ST,89,11.6358002711226,10.249128129553513
Génesis Cabrera,ALL,680,11.517791766084535,10.51369738801144
Génesis Cabrera,CH,1,18.707891701830224,11.527797327354644
Génesis Cabrera,CU,135,12.532887371040342,11.231718316927811
Génesis Cabrera,FC,138,10.89583370451519,10.224792693343815
Génesis Cabrera,FF,157,10.027857766110516,9.434626637269545
Génesis Cabrera,FS,89,15.054208271943152,11.842011487388824
Génesis Cabrera,SI,159,10.07746373468843,9.523502803960849
Génesis Cabrera,ST,1,9.592518673075558,9.986504114290742
Hayden Birdsong,ALL,1055,13.057468608393952,11.635818999268555
Hayden Birdsong,CH,184,15.411875383181705,11.977214791442242
Hayden Birdsong,CU,136,14.282079734254278,13.673806035642109
Hayden Birdsong,FF,464,12.089422172781157,10.913041155599645
Hayden Birdsong,SL,252,11.689902442683653,11.257206810669402
Hayden Birdsong,SV,19,14.892161098750842,14.852608083581291
Hayden Harris,ALL,50,10.210390808762053,8.9956630094983
Hayden Harris,FF,42,9.009273467524633,8.323300986455566
Hayden Harris,FS,2,17.907856098129564,14.017906016437504
Hayden Harris,ST,6,14.060272002800012,16.096662321581658
Hayden Wesneski,ALL,372,10.865674667165372,9.132595833477808
Hayden Wesneski,CH,30,12.618544971148719,8.940117148671408
Hayden Wesneski,CU,30,10.324153195452155,9.799856460030131
Hayden Wesneski,FC,46,8.924821056784747,9.24099006453514
Hayden Wesneski,FF,145,11.1106680537114,7.978816138420493
Hayden Wesneski,SI,38,9.911940121852478,10.050308403936203
Hayden Wesneski,ST,83,11.590289918093372,10.074475095284223
Hoby Milner,ALL,885,9.371522141011678,7.861994657446084
Hoby Milner,CH,171,8.549120969266937,7.914540025244249
Hoby Milner,FF,109,10.740162655560587,8.014806096780987
Hoby Milner,SI,287,9.16298022452217,7.389355306273447
Hoby Milner,ST,318,9.57116219519887,8.45371538224095
Hogan Harris,ALL,1030,10.88444397185032,10.4476839337667
Hogan Harris,CH,139,10.276473159821922,10.429318007492451
Hogan Harris,CU,236,11.87330306019851,11.045620120967726
Hogan Harris,FC,26,9.740042924430242,11.399337584956132
Hogan Harris,FF,582,10.41218298652645,10.078887214702604
Hogan Harris,SL,16,15.029701330516156,13.67408958120086
Hogan Harris,ST,31,13.625694324316937,11.980961539518036
Huascar Brazobán,ALL,867,13.23361198140408,10.705535202692488
Huascar Brazobán,CH,344,15.100062289737098,10.826396381334057
Huascar Brazobán,FC,73,13.736337270433602,12.331560997351502
Huascar Brazobán,FF,106,10.87820220284773,10.054425877883073
Huascar Brazobán,SI,321,11.454226763855871,10.131369117672415
Huascar Brazobán,SL,23,17.256526089247487,12.21695424591679
Hunter Barco,ALL,44,9.873014776451068,7.7947538316345755
Hunter Barco,FF,22,7.098470962648724,7.134237871027049
Hunter Barco,FS,12,15.81063443286565,8.409716385892104
Hunter Barco,SL,10,14.723916604614512,10.643025618916298
Hunter Bigge,ALL,223,11.265421529564138,10.19250221502845
Hunter Bigge,CU,13,24.266281839890944,15.930651800901888
Hunter Bigge,FF,101,8.907409248968413,7.774830882022217
Hunter Bigge,FS,1,12.942233115192586,12.90644452994106
Hunter Bigge,SI,8,13.012314173141881,8.807559243497371
Hunter Bigge,SL,99,12.553138291579032,11.661388911605647
Hunter Bigge,UN,1,49.76317483844111,
Hunter Brown,ALL,2731,11.566768718170403,9.85436732114252
Hunter Brown,CH,320,12.835105854768091,10.203884995366764
Hunter Brown,FC,42,10.184338950575775,10.070119556713472
Hunter Brown,FF,1012,11.615782406877198,9.527482494753603
Hunter Brown,KC,492,13.039790076422213,12.1896175219086
Hunter Brown,SI,621,10.800169222882253,9.120792402776331
Hunter Brown,SL,244,9.835567042045279,9.497322762920499
Hunter Dobbins,ALL,753,10.508330003828405,9.917246719515173
Hunter Dobbins,CU,88,13.441646548792232,11.776413292639443
Hunter Dobbins,FF,322,9.321707278662393,9.106074849477677
Hunter Dobbins,FS,65,12.529862323570105,10.217415655869969
Hunter Dobbins,SI,4,18.154330464127206,17.780273266705617
Hunter Dobbins,SL,205,10.868169580675302,10.122970444154355
Hunter Dobbins,ST,69,11.029647995956973,10.708956178899097
Hunter Gaddis,ALL,1006,9.991693692128152,9.489006922486043
Hunter Gaddis,CH,140,15.194484475313214,12.555037238104369
Hunter Gaddis,FF,323,9.250169038124021,8.760202585043599
Hunter Gaddis,SL,543,9.43844508373572,9.296217480248801
Hunter Greene,ALL,1559,9.851076390574732,8.989251656788541
Hunter Greene,CU,2,25.773010784360466,25.113934458890995
Hunter Greene,FF,841,8.226124624566113,8.090540559409613
Hunter Greene,FS,167,13.496232539545348,10.930618874878638
Hunter Greene,SL,549,12.14121802616747,9.505938374864096
Hunter Harvey,ALL,163,11.541504910029122,9.715487520632283
Hunter Harvey,CU,16,13.198870607486437,11.193737372054569
Hunter Harvey,FF,87,9.668607805705175,9.138411344422932
Hunter Harvey,FS,34,14.03036387178271,10.76414829309481
Hunter Harvey,SL,26,12.91491304543112,8.319163227170463
Hunter Stratton,ALL,336,11.809485307114706,10.438669845329505
Hunter Stratton,FC,73,10.114158426669634,9.552411691353019
Hunter Stratton,FF,156,10.804043672244926,9.871341575535645
Hunter Stratton,FS,4,30.18735549987119,26.229480059310262
Hunter Stratton,SI,7,20.72934413326846,17.59680887592422
Hunter Stratton,SL,96,13.53188476516654,12.126187554748734
Hunter Strickland,ALL,319,10.100591089934404,8.381259602933142
Hunter Strickland,CH,27,13.082182324655305,9.375108785773884
Hunter Strickland,FF,107,11.382725526334692,7.810435168338518
Hunter Strickland,SI,37,7.854809240872449,8.76896139000224
Hunter Strickland,SL,105,8.437748327705018,8.037737946514785
Hunter Strickland,ST,43,8.042985778160084,8.616396726615069
Hurston Waldrep,ALL,768,11.265010783540385,10.938604567618079
Hurston Waldrep,CU,94,12.259830520168807,11.757814739424818
Hurston Waldrep,FC,162,9.648117835193084,9.27818821926778
Hurston Waldrep,FF,23,11.33353162029517,11.23607076243087
Hurston Waldrep,FS,257,14.230739427654335,12.222522420228914
Hurston Waldrep,SI,140,10.662120375021091,10.69906929828743
Hurston Waldrep,SL,92,10.02007558659238,10.091365866131943
Héctor Neris,ALL,527,11.585971117600385,9.72751113930473
Héctor Neris,CH,30,16.80359951945032,10.920552788067962
Héctor Neris,FC,4,12.399641286452004,12.249364629116215
Héctor Neris,FF,209,11.585971117600385,9.197058463837605
Héctor Neris,FS,226,11.209479036345824,10.070480887466854
Héctor Neris,SI,42,10.313948741591998,9.113659940927677
Héctor Neris,SL,16,11.196271264048857,8.863521531495985
Ian Anderson,ALL,192,10.632523144661285,10.798682893558958
Ian Anderson,CH,66,17.577202148726727,12.945453350941897
Ian Anderson,CU,27,21.808852542727752,13.477675071757899
Ian Anderson,FF,99,9.192314215723957,9.058795077148188
Ian Gibaut,ALL,364,10.524990656417685,9.805445584338027
Ian Gibaut,CH,11,16.35239248494598,17.74951907961146
Ian Gibaut,FC,51,10.246936373176618,9.60138339974366
Ian Gibaut,FF,187,8.973695879559749,8.76015262933901
Ian Gibaut,SL,56,13.91828670077286,11.717383011296754
Ian Gibaut,ST,59,13.17772095342677,12.343362616137169
Ian Hamilton,ALL,561,12.234879570003141,11.255065034423197
Ian Hamilton,FF,72,12.843869229041552,11.213030018771079
Ian Hamilton,SI,275,11.612838524325971,10.932044857869867
Ian Hamilton,SL,214,12.530295893579563,11.425690403205834
Ian Seymour,ALL,910,11.914136869803535,10.370802831385099
Ian Seymour,CH,291,11.092244344943515,10.618142931095655
Ian Seymour,CU,15,13.75866154074008,9.512062263822589
Ian Seymour,FC,198,11.103999106906837,10.008704888409532
Ian Seymour,FF,283,12.753012575023169,10.093840907112604
Ian Seymour,SI,49,15.576498537041262,10.995263707099305
Ian Seymour,SL,25,13.699363342786699,14.091909445398537
Ian Seymour,ST,49,11.537849699639953,11.305432123552123
Isaac Mattson,ALL,726,11.358962524942807,10.283942493994982
Isaac Mattson,CH,86,13.279495700026064,10.559594991371146
Isaac Mattson,CU,7,6.126721184413933,5.81310971890673
Isaac Mattson,FF,568,11.125546566821146,10.051212906695113
Isaac Mattson,SL,65,10.928527942753735,10.804343838358756
Isaiah Campbell,ALL,106,9.590133118788769,8.974164309844419
Isaiah Campbell,CU,12,11.313909769480947,8.470829364595897
Isaiah Campbell,FF,20,8.11608244180973,8.496923463600503
Isaiah Campbell,SI,10,8.792414855888781,7.821753611569087
Isaiah Campbell,SL,45,8.6347611796005,8.680203176056143
Isaiah Campbell,ST,19,12.868713025921558,10.41788311969607
Isiah Kiner-Falefa,ALL,7,8.720611597164217,12.923175488075698
Isiah Kiner-Falefa,EP,1,21.689749330620934,14.616990595603417
Isiah Kiner-Falefa,FA,6,8.606754607687812,9.787157784771466
J.P. Feyereisen,ALL,51,11.99938583463609,8.18962486723692
J.P. Feyereisen,CH,28,14.616587007938843,8.781977837630098
J.P. Feyereisen,FF,13,6.962918356121594,7.969823242253077
J.P. Feyereisen,SL,10,13.572482134191514,11.138092782319118
J.P. France,ALL,75,13.238528589156276,10.604469692805955
J.P. France,CH,4,13.752416683013454,10.92255769107264
J.P. France,CU,13,14.941576613642644,12.099825383660022
J.P. France,FC,30,12.217661943781795,9.53127852191857
J.P. France,FF,27,12.210674304261572,10.604469692805955
J.P. France,ST,1,28.15104276512238,27.99468661225167
J.T. Ginn,ALL,1524,10.593653411623244,9.560720348171587
J.T. Ginn,CH,138,13.271384890830447,10.27551886536865
J.T. Ginn,FC,196,10.965059827059411,9.879487592637723
J.T. Ginn,SI,793,9.959076292933583,9.529775833117773
J.T. Ginn,SL,397,10.478688002154485,9.197104063630002
JP Sears,ALL,2128,10.206589551191765,9.42003863219647
JP Sears,CH,313,11.096662322666637,10.599800902015376
JP Sears,CU,73,14.985095969036504,10.52792323529223
JP Sears,FC,16,9.911118836470838,7.952071693234501
JP Sears,FF,862,10.00146818346919,9.315198641390651
JP Sears,SI,155,8.112631212659775,8.415729396687054
JP Sears,SL,137,9.487451097222229,9.24544869682051
JP Sears,ST,572,10.220972506602747,9.232274053729263
JT Brubaker,ALL,451,12.096318362201172,9.346671431922505
JT Brubaker,CH,71,12.720128949190128,7.744442187502817
JT Brubaker,CU,45,14.3142909107053,10.114606048058386
JT Brubaker,FF,3,8.007829970687032,3.9331156996931456
JT Brubaker,SI,223,11.097962010076115,8.825099382222483
JT Brubaker,SL,109,15.48247467111632,10.263868307839079
Jack Dreyer,ALL,1164,11.997810418323144,11.071787695456766
Jack Dreyer,CU,95,16.14920123725859,13.519477828737825
Jack Dreyer,FF,529,12.24888824936636,10.408419239712025
Jack Dreyer,SL,540,11.163806965690938,11.356060931836943
Jack Flaherty,ALL,2719,11.700418087979463,8.491168316929972
Jack Flaherty,CH,67,18.24660206366341,12.906428200527298
Jack Flaherty,FF,1263,8.66302220717507,7.941525597658832
Jack Flaherty,KC,697,16.186185978687746,9.779324412871366
Jack Flaherty,SI,45,14.15759574575229,9.89575671802403
Jack Flaherty,SL,647,12.306422943074894,7.9984699293712325
Jack Kochanowicz,ALL,1767,12.161653515911118,10.604441480919899
Jack Kochanowicz,CH,253,11.45596174296013,10.591077462232526
Jack Kochanowicz,FF,330,12.826260646419165,9.75901437349928
Jack Kochanowicz,SI,831,11.65410343154732,10.46462747047773
Jack Kochanowicz,SL,257,13.025947102375126,12.000516995020376
Jack Kochanowicz,ST,96,13.50394994126092,12.861579779053718
Jack Leiter,ALL,2306,12.090318457298185,11.061423246448056
Jack Leiter,CH,369,13.208052324135942,12.81218716768091
Jack Leiter,CU,218,14.668374626665292,13.97927418398633
Jack Leiter,FF,904,11.684736028839449,10.493868806984157
Jack Leiter,SI,256,11.308480484014357,10.449416660747286
Jack Leiter,SL,559,11.302291761477443,10.719781327503647
Jack Little,ALL,33,14.262447614030076,11.034073303792034
Jack Little,FF,21,14.262447614030076,9.475161225411563
Jack Little,FS,5,14.91958309758251,14.146939023409391
Jack Little,SL,7,11.760427951863706,12.145470836540511
Jack Perkins,ALL,622,11.670790248955385,10.41107435072814
Jack Perkins,CH,62,11.800953079117921,10.310358870094113
Jack Perkins,CU,5,20.279552400164963,19.53597724586725
Jack Perkins,FC,89,9.744459520370212,7.511562673597384
Jack Perkins,FF,262,11.981644263528406,10.858697266838158
Jack Perkins,ST,204,12.815518044806666,10.647917088955117
Jackson Jobe,ALL,781,11.834129452205678,9.732869753260754
Jackson Jobe,CH,131,13.287509618075246,10.195900922064682
Jackson Jobe,CU,60,14.712695323523894,10.954055070768959
Jackson Jobe,FF,244,10.156274294666723,8.799320149588421
Jackson Jobe,SI,106,12.183459768397551,10.32542819016179
Jackson Jobe,SL,236,11.777528913347576,9.722535006749458
Jackson Jobe,ST,4,15.644165811063555,18.81859917920796
Jackson Kowar,ALL,237,13.10404105700119,11.530884664003338
Jackson Kowar,CH,13,17.643994402298674,18.13473175925692
Jackson Kowar,FF,139,10.223170134887933,10.318768889114901
Jackson Kowar,SI,4,11.986315027340781,8.857092185118415
Jackson Kowar,SL,81,19.257442306858245,13.09105342886173
Jackson Rutledge,ALL,1284,11.911854442753292,10.790426524923362
Jackson Rutledge,FC,165,11.13133957396195,10.833286012756817
Jackson Rutledge,FF,243,10.641682581777058,10.33296615179623
Jackson Rutledge,FS,120,13.767903832674609,13.257760375045383
Jackson Rutledge,SI,414,11.46260196013987,9.780333098326398
Jackson Rutledge,SL,342,13.116905503319302,12.558139487404286
Jacob Barnes,ALL,138,13.209210617690003,10.655033414176147
Jacob Barnes,FC,77,15.39121222449936,10.557277450123296
Jacob Barnes,FF,51,10.22042747281204,9.91403684063393
Jacob Barnes,FS,10,17.54933666986037,12.23122450143258
Jacob Latz,ALL,1221,11.742056768336992,9.983496762952443
Jacob Latz,CH,279,12.309922869467965,11.189758358358395
Jacob Latz,CU,72,15.386358961083099,13.00241731561049
Jacob Latz,FF,609,12.73309354904241,9.552674128845249
Jacob Latz,SL,261,9.986485974767879,8.73905983472164
Jacob Lopez,ALL,1585,10.954700062916869,9.584672269242718
Jacob Lopez,CH,219,11.383482102591163,10.402027595793392
Jacob Lopez,FC,227,9.82171831308196,8.874251196175567
Jacob Lopez,FF,555,12.86647063837663,10.112373589455098
Jacob Lopez,SI,97,10.001776218399236,9.308555011292563
Jacob Lopez,SL,487,9.906212845486383,8.966713724965969
Jacob Misiorowski,ALL,1188,10.819310616958317,9.910960572428305
Jacob Misiorowski,CH,64,15.786023009229286,11.624817840084539
Jacob Misiorowski,CU,181,13.337316934767944,11.70754626170721
Jacob Misiorowski,FF,619,10.38361833863668,9.547463826889866
Jacob Misiorowski,SL,324,9.510438416270752,9.460931033259971
Jacob Stallings,ALL,7,14.630509517374309,15.833955492741326
Jacob Stallings,CH,2,25.563974994594034,25.041088338181037
Jacob Stallings,FA,5,12.811415753750792,13.747879560167144
Jacob Webb,ALL,823,10.001522745803562,8.858645937694808
Jacob Webb,CH,282,9.279841383349002,8.704870500905642
Jacob Webb,FF,365,9.946821510804646,8.655494649435415
Jacob Webb,ST,176,10.836402744971323,9.224187913593
Jacob deGrom,ALL,2031,10.315228617143747,8.268768020131432
Jacob deGrom,CH,226,12.036019797763071,11.145237224981638
Jacob deGrom,CU,102,9.795296289335443,8.369199300728976
Jacob deGrom,FF,949,11.521459977147758,8.334434122727792
Jacob deGrom,SL,754,8.403113283205673,7.915746177511037
Jaden Hill,ALL,474,10.903414437416593,9.655258983040964
Jaden Hill,CH,115,11.296105448360898,10.028106612946527
Jaden Hill,FF,108,10.948118982330865,9.022515101457774
Jaden Hill,SI,135,9.673584605178872,8.336036046033287
Jaden Hill,SL,116,12.777867367281942,11.41008832317283
Jake Bauers,ALL,70,15.53276620158415,13.6226252109737
Jake Bauers,EP,12,11.574364791422243,10.024227929221805
Jake Bauers,FA,55,15.45308780085331,13.637059394384657
Jake Bauers,FF,3,27.619458696704726,32.44380806374208
Jake Bird,ALL,814,11.096316744959182,10.065097253869752
Jake Bird,CU,196,12.883443972471536,11.90370768621754
Jake Bird,FC,16,14.00899009978518,11.374192567481506
Jake Bird,SI,267,10.870335371992812,9.904876785886296
Jake Bird,ST,335,10.31403691097754,9.106792105500386
Jake Eder,ALL,299,12.319560113295429,10.477115191777854
Jake Eder,CH,52,13.99172490241588,13.819269834503455
Jake Eder,FF,134,14.024968840159971,10.135504557780301
Jake Eder,SL,55,10.064347362489881,8.596143727837623
Jake Eder,ST,58,11.306605322535912,11.798768122143072
Jake Irvin,ALL,2732,10.374837336611836,9.46492498962067
Jake Irvin,CH,219,9.91790862431298,9.30058226150927
Jake Irvin,CU,810,10.44719353920148,10.40444147311836
Jake Irvin,FC,120,10.148151106597687,8.634785589367715
Jake Irvin,FF,862,11.702619174889488,9.500378264254422
Jake Irvin,SI,612,8.890386857980573,8.62489068586726
Jake Irvin,SL,109,10.215912853944564,9.862845378570947
Jake Palisch,ALL,22,8.596093518101387,8.735057324304666
Jake Palisch,CH,4,15.08467937342826,16.555887511139225
Jake Palisch,FC,3,5.3902594149013865,3.7674846576124823
Jake Palisch,FF,8,8.596093518101387,6.318789537083159
Jake Palisch,SL,7,7.664005895436124,11.533706777331412
Jake Rogers,ALL,45,12.500780812209408,10.441116247146557
Jake Rogers,EP,23,15.2663888087933,12.493457198341856
Jake Rogers,FA,18,9.297289979674051,9.700258994896092
Jake Rogers,KN,4,16.911294063682668,13.462898855981248
Jake Woodford,ALL,559,9.799593120604522,8.549148131565575
Jake Woodford,FC,57,8.529699730527417,9.466237632138448
Jake Woodford,FF,102,8.908473843355399,7.685990163050641
Jake Woodford,FS,104,10.275450986852075,9.869324192006925
Jake Woodford,SI,170,9.255205343389282,7.847465481034188
Jake Woodford,ST,126,11.84261619606816,10.45512762108623
Jakob Junis,ALL,890,9.77591783275052,9.411515776209416
Jakob Junis,CH,182,9.907150810582756,10.00105861595653
Jakob Junis,FF,75,8.807566560732198,8.792017484960425
Jakob Junis,SI,236,9.080303672956264,8.608404714344783
Jakob Junis,ST,397,10.06010883296348,9.840921061213777
Jalen Beeks,ALL,797,10.887353558264724,10.134361146344933
Jalen Beeks,CH,306,13.529072682252433,11.62212534558573
Jalen Beeks,FC,76,11.417402106989574,11.229229052455416
Jalen Beeks,FF,415,8.807305058577805,9.124373995966062
Jameson Taillon,ALL,2010,10.46352683892629,9.221797512641647
Jameson Taillon,CH,227,10.238278662153432,9.9407335093556
Jameson Taillon,CU,258,11.229300285332128,10.836454313612204
Jameson Taillon,FC,298,7.805254305991081,7.473451450131863
Jameson Taillon,FF,769,11.585776203252369,8.905183041883793
Jameson Taillon,SI,142,10.224578823672395,9.486991084423593
Jameson Taillon,ST,316,10.359503291355278,9.401959571697017
Janson Junk,ALL,1527,10.361645867241984,8.945031882381548
Janson Junk,CH,122,14.909000764738366,10.263710680038287
Janson Junk,CU,182,13.879443130343407,10.447527759633433
Janson Junk,FF,571,8.542216304409662,8.31284893389821
Janson Junk,SL,422,10.724450807166814,8.905445140194225
Janson Junk,ST,230,10.74945855180567,9.147277178445066
Jared Koenig,ALL,1019,11.02787958130059,10.165933694168714
Jared Koenig,CH,96,11.945905743939882,10.813499666798505
Jared Koenig,CU,173,16.28953692022304,12.582717119924485
Jared Koenig,FC,179,9.829851601769148,8.995938358550633
Jared Koenig,FF,23,11.039700462870051,9.4799610717293
Jared Koenig,SI,548,9.988106843120228,9.797015707011823
Jared Shuster,ALL,226,10.388380911199464,9.022441369135743
Jared Shuster,CH,84,12.37999452080747,9.311481111000228
Jared Shuster,FF,68,9.193385825811944,8.66086969852402
Jared Shuster,SI,11,18.151282588461136,13.583910065002442
Jared Shuster,SL,61,8.146882628061636,7.7223486304183755
Jared Shuster,ST,2,20.813881536149403,16.849932135828332
Jared Triolo,ALL,21,14.910572663839588,12.46584739774721
Jared Triolo,EP,16,18.5662624896477,13.61992629176964
Jared Triolo,FA,5,5.282265422538644,11.85967556087179
Jared Young,ALL,6,18.348387195251917,13.102246555687218
Jared Young,EP,2,36.70787943736421,27.608152345086502
Jared Young,FA,4,13.993799651028887,10.787037124431123
Jason Adam,ALL,1022,12.169979723356937,10.5641750205106
Jason Adam,CH,339,13.55223821784293,11.12377476216261
Jason Adam,FC,3,5.812867762963364,7.717048565796865
Jason Adam,FF,232,12.031003382165439,9.841073477062693
Jason Adam,SL,360,11.20336914790091,9.316373455099864
Jason Adam,ST,88,13.4072230907069,14.47786820591509
Jason Alexander,ALL,1093,10.419520048351503,9.185882495860229
Jason Alexander,CH,361,11.406826512774058,9.956667788770407
Jason Alexander,FC,12,15.691990833720375,13.632812367208725
Jason Alexander,FF,104,14.453973413327484,10.067218855157071
Jason Alexander,SI,444,7.903286298338611,7.916440658444426
Jason Alexander,SL,2,6.849583134969788,6.150602803073623
Jason Alexander,ST,170,11.775517931866913,10.29252121378758
Javier Assad,ALL,536,10.914051282556546,9.629956332228232
Javier Assad,CH,21,14.59540405510906,11.701129705299593
Javier Assad,CU,29,9.25683265418851,7.753661862802084
Javier Assad,FC,117,9.565616417350222,9.160306045532073
Javier Assad,FF,68,11.357136554984422,9.572611115267211
Javier Assad,SI,222,10.878876703194152,9.612289060762013
Javier Assad,SL,8,7.870817813821672,9.121842584569839
Javier Assad,ST,71,13.190550980423366,10.913637050090278
Javier Sanoja,ALL,118,14.925207157917654,13.230699650790006
Javier Sanoja,EP,1,16.590912947648235,9.237623500655301
Javier Sanoja,FA,117,14.85564039490375,13.402095796648009
Jayden Murray,ALL,169,8.923937200904511,8.35204466416068
Jayden Murray,CH,6,8.404972139941552,9.776330374986335
Jayden Murray,CU,4,8.330690059682263,9.53557254338942
Jayden Murray,FC,9,11.148842718891615,10.554801964404788
Jayden Murray,FF,81,11.086093465039541,8.902920697027312
Jayden Murray,SI,36,7.792762405658193,6.913858942355747
Jayden Murray,ST,33,7.121646859724173,7.225403827729139
Jayvien Sandridge,ALL,29,12.864921368631563,10.940095622587002
Jayvien Sandridge,FF,12,12.385168187675983,8.418264806489262
Jayvien Sandridge,FS,2,15.323691353562314,17.374543323872768
Jayvien Sandridge,SI,4,11.984844708542825,9.741927019797002
Jayvien Sandridge,SL,11,13.594820185319843,14.19781166574629
Jeff Brigham,ALL,63,11.040818093317032,10.528006754898975
Jeff Brigham,FC,22,10.551056570479155,9.739953713081965
Jeff Brigham,FF,25,10.554640315535554,10.528006754898975
Jeff Brigham,SI,2,11.660528682704518,9.422150868473711
Jeff Brigham,ST,14,13.510044746534305,12.312210640667374
Jeff Hoffman,ALL,1124,11.792362518546334,10.807703286465497
Jeff Hoffman,FF,420,10.143438928566392,9.73179726625077
Jeff Hoffman,FS,260,13.34574171794974,12.455030944407222
Jeff Hoffman,SI,93,9.498758406997634,8.770102319935223
Jeff Hoffman,SL,351,13.72521541419233,12.626055874981494
Jeffrey Springs,ALL,2655,10.119963861982821,9.38437691049804
Jeffrey Springs,CH,687,11.265499021754476,9.027779191783102
Jeffrey Springs,FC,156,11.559467581895849,10.27674544481219
Jeffrey Springs,FF,1133,9.687685977824824,9.298537951257533
Jeffrey Springs,SL,513,9.308039710592261,9.342777485721275
Jeffrey Springs,ST,166,10.722314465653184,10.703286789777977
Jeremiah Estrada,ALL,1169,11.297496831588079,10.326157685239359
Jeremiah Estrada,FF,646,10.609324031841869,9.151927043715343
Jeremiah Estrada,FS,283,13.637204615323357,12.780676305358751
Jeremiah Estrada,SL,240,10.69607905543663,10.706211755503848
Jesse Chavez,ALL,159,10.808570659666996,9.295224243579911
Jesse Chavez,CH,26,17.213461784330796,14.661119853506339
Jesse Chavez,CU,9,12.466564625752126,10.078989602415959
Jesse Chavez,FC,61,9.604610040574782,8.410702892345727
Jesse Chavez,SI,55,7.995227728970976,8.381996999441608
Jesse Chavez,SL,8,11.766917277967053,10.89708234069888
Jesse Hahn,ALL,74,12.263210003603355,10.721742668979267
Jesse Hahn,CU,11,15.885458628595794,12.773277745372145
Jesse Hahn,FF,8,11.747225327956102,11.502435522627849
Jesse Hahn,SI,38,9.690152023060476,8.88025097288131
Jesse Hahn,ST,17,16.568463071042306,15.452414609305672
Jesse Scholtens,ALL,150,10.87546888004698,10.007270604597597
Jesse Scholtens,FF,58,11.358887337401136,9.098650112451086
Jesse Scholtens,FS,8,12.823445826050705,13.337314647366183
Jesse Scholtens,SL,48,10.604093537794196,9.692503134125879
Jesse Scholtens,ST,36,11.050569291198643,11.25977626162588
Jesus Tinoco,ALL,265,13.685646761843286,9.298060140862454
Jesus Tinoco,CH,41,18.616261066964793,9.550927695554485
Jesus Tinoco,FF,24,13.66093225488997,10.933741459658766
Jesus Tinoco,SI,83,11.34897267414644,7.410644174952555
Jesus Tinoco,SL,117,13.968493212823503,9.538680432605187
Jesús Luzardo,ALL,2491,9.921124771460931,8.87498453024672
Jesús Luzardo,CH,425,10.022662982284826,8.817747877624292
Jesús Luzardo,FF,809,8.608798028364017,8.068275764491087
Jesús Luzardo,SI,289,7.670132321882665,7.612138634766741
Jesús Luzardo,SL,170,13.88397675965243,11.157297019040705
Jesús Luzardo,ST,798,11.557029010119182,9.688249269903096
Jhoan Duran,ALL,1050,10.804149271318519,9.812804247546996
Jhoan Duran,CH,1,24.12631825183968,20.530357719634033
Jhoan Duran,FC,3,7.961900976890326,10.419366684731699
Jhoan Duran,FF,371,9.8355087176157,8.975542879728504
Jhoan Duran,FS,424,10.379193321337553,9.483227088133972
Jhoan Duran,KC,195,13.497205337936538,12.888938601991047
Jhoan Duran,ST,56,14.827769514783057,11.735650104154391
Jhonathan Díaz,ALL,25,10.183850329073575,7.524186594593094
Jhonathan Díaz,CH,4,14.803026030218248,9.522547755810242
Jhonathan Díaz,CU,3,6.605409596488792,4.148533473177756
Jhonathan Díaz,FF,3,3.0575531654819748,6.121991366173492
Jhonathan Díaz,SI,3,8.110937387858693,8.460175082627538
Jhonathan Díaz,SL,12,9.706383584434851,7.371702607687725
Jhonny Pereda,ALL,66,14.135213640061888,12.694435122820437
Jhonny Pereda,EP,4,20.942576470390577,18.215031353824166
Jhonny Pereda,FA,53,11.779061084096735,11.303529674960993
Jhonny Pereda,FF,9,20.0650392588946,12.958801703317794
Jimmy Herget,ALL,1095,10.662105555631229,9.241342870515165
Jimmy Herget,CH,66,10.604411788375685,9.185542327562931
Jimmy Herget,CU,1,32.33287442048291,31.753400531713144
Jimmy Herget,FF,74,13.919695283950503,9.580541993230478
Jimmy Herget,SI,295,11.629632787637336,9.50797593736512
Jimmy Herget,SL,323,9.226219969780576,8.591066215281444
Jimmy Herget,ST,336,10.058362324008048,9.269217607637003
JoJo Romero,ALL,923,10.505359134267897,9.342852172231435
JoJo Romero,CH,207,14.176611008382322,9.896029557888331
JoJo Romero,FC,1,21.19564014908331,23.03644820032447
JoJo Romero,FF,55,11.395338689413961,10.426305160072598
JoJo Romero,SI,297,8.550485620932005,8.428750352553337
JoJo Romero,ST,351,10.505359134267897,9.996743273485817
JoJo Romero,SV,12,11.663152660556399,7.92159712438988
Joe Boyle,ALL,869,13.876287812119891,11.19578129140648
Joe Boyle,FF,420,13.826536680708813,10.675005715597559
Joe Boyle,FS,141,18.148360273503474,14.388840078826796
Joe Boyle,SL,307,12.44953090856905,10.772562732897821
Joe Boyle,ST,1,12.074190123180133,14.861639778205458
Joe La Sorsa,ALL,92,8.581538551365773,9.54250667155874
Joe La Sorsa,CH,13,11.88766239278822,10.75131744958548
Joe La Sorsa,FF,25,8.918599832885269,11.686533456780982
Joe La Sorsa,SI,32,7.791085793468618,9.54250667155874
Joe La Sorsa,ST,22,7.95081239453329,7.454939316434947
Joe Mantiply,ALL,172,10.07576508320722,9.547693442022474
Joe Mantiply,CH,48,9.511730209291677,8.79116465994911
Joe Mantiply,CU,63,12.196489042509915,10.63950940934838
Joe Mantiply,FF,3,14.263425220725354,13.699555320085596
Joe Mantiply,SI,58,8.81790477481723,9.086087587286722
Joe Rock,ALL,143,11.580475172309148,9.740923238996096
Joe Rock,CH,10,11.768120619125376,12.680550472187218
Joe Rock,FF,33,9.170467107599062,8.314437037792917
Joe Rock,SI,62,12.488177637907782,10.682745365527571
Joe Rock,SL,38,12.74489550303414,10.262123642564259
Joe Ross,ALL,736,9.590367061808614,8.840351969713641
Joe Ross,CH,67,10.190818892725883,9.204332082059729
Joe Ross,CU,40,11.930126558169338,9.94638029067794
Joe Ross,FF,261,8.69832223196066,8.087890760523178
Joe Ross,SI,212,9.414647774305788,9.055059542012822
Joe Ross,SL,156,10.35551374375926,9.323810345552584
Joe Ryan,ALL,2363,9.708332366906884,8.85771951324286
Joe Ryan,FF,1188,8.641567575030448,7.889184538667045
Joe Ryan,FS,281,14.726587636495614,11.463204830614691
Joe Ryan,KC,85,12.516497413952276,11.284935055406095
Joe Ryan,SI,303,9.434387963481893,8.306974255984287
Joe Ryan,SL,217,9.653164449193932,9.716979126492934
Joe Ryan,ST,288,11.137414568130222,10.789955241172983
Joe Ryan,UN,1,72.19249622329646,
Joel Payamps,ALL,359,12.033634522849708,9.687699251424206
Joel Payamps,CH,4,12.12917492932981,11.530485134012894
Joel Payamps,FC,1,8.07162257475857,6.72580892201335
Joel Payamps,FF,130,10.945870382457596,9.667575887601071
Joel Payamps,SI,56,7.901759636655688,8.911615056626097
Joel Payamps,ST,168,13.672041909372755,10.236475722699252
Joel Peguero,ALL,275,11.155097974161867,10.027207536335501
Joel Peguero,FF,93,10.370942942554665,9.3703186145358
Joel Peguero,SI,88,9.75276562396661,8.776455478932654
Joel Peguero,SL,94,12.961238084248889,11.339278077135727
Joey Cantillo,ALL,1501,11.295445460232248,11.003609031447716
Joey Cantillo,CH,446,12.931965035129352,11.569773876072798
Joey Cantillo,CU,288,11.423799279670797,12.45505025055823
Joey Cantillo,FF,631,9.929530532988258,10.082800765448932
Joey Cantillo,SL,136,12.260710555681968,11.250371602575925
Joey Estes,ALL,177,11.462963029247426,8.921888752882566
Joey Estes,CH,17,10.10002331817747,9.2469987264641
Joey Estes,FF,87,12.532851015267545,8.793218113482531
Joey Estes,SI,18,10.835080784385543,8.336896471481499
Joey Estes,SL,26,12.379862216814438,8.691765974372819
Joey Estes,ST,29,11.288340427732821,12.432211809840764
Joey Gerber,ALL,53,11.33129415195184,9.98761461351896
Joey Gerber,CH,1,13.374467662829844,8.057834201790401
Joey Gerber,FF,37,10.219780378415226,11.582122177983312
Joey Gerber,SL,15,12.533704544994155,7.9865072632992895
Joey Lucchesi,ALL,597,10.432672198281868,9.715568752866977
Joey Lucchesi,CU,162,15.20984466413198,13.968935258375701
Joey Lucchesi,FF,146,9.377179827691577,8.562938333750829
Joey Lucchesi,FS,1,30.85448624867731,23.378547867275078
Joey Lucchesi,SI,288,8.907419363111098,8.928815072576345
Joey Wentz,ALL,1708,12.206691169013503,9.95685607016831
Joey Wentz,CH,60,13.990374582404456,9.535823767890895
Joey Wentz,CU,301,16.651683413257953,11.549917249025219
Joey Wentz,FC,151,11.476056112013733,9.461171775746681
Joey Wentz,FF,751,10.071810194544987,9.95090547846696
Joey Wentz,SL,445,13.411232831192137,9.401614987210806
Johan Oviedo,ALL,635,11.966375280796411,11.522582035067304
Johan Oviedo,CH,39,13.129707926215,13.026665072021986
Johan Oviedo,CU,99,10.297683354000391,10.653477971505442
Johan Oviedo,FF,235,12.858433315595171,12.08515284859559
Johan Oviedo,SI,59,15.258822427589202,11.522582035067304
Johan Oviedo,SL,203,10.882088567228216,10.582036878299515
John Brebbia,ALL,425,9.691830315991236,9.446246943405807
John Brebbia,CH,26,17.888518300943836,11.138458865208161
John Brebbia,CU,3,25.854444612026775,17.703268926392166
John Brebbia,FF,209,9.557740511430158,9.18070293906214
John Brebbia,SL,187,9.086063932163693,9.203171330809718
John Curtiss,ALL,524,10.616623770436831,9.582347615884665
John Curtiss,CH,35,20.736023474297255,12.792260937889251
John Curtiss,FC,160,10.149019725225518,9.482936751807406
John Curtiss,FF,283,10.156619193861252,9.116104436636984
John Curtiss,SL,46,10.929612724640133,9.082724210972945
John King,ALL,677,10.876344611124553,9.656404151615543
John King,CH,129,11.847994902640512,9.601996423771428
John King,CU,41,17.28965854926263,11.95224281078641
John King,FF,10,15.568221611278975,17.763792845751418
John King,SI,401,9.536964081930837,9.075029934478158
John King,SL,95,14.76304558436996,11.15454364551567
John King,ST,1,11.31062433842887,6.799727429493881
John Rooney,ALL,23,12.628803588362148,11.400469153442062
John Rooney,FF,4,19.824742287374384,15.169347434450831
John Rooney,SI,5,8.766938085065435,11.95830841180781
John Rooney,ST,14,11.558849976529267,9.765458664833739
John Schreiber,ALL,959,10.657593715082639,9.6526781274531
John Schreiber,CH,17,16.734902567500455,12.489642554465803
John Schreiber,FC,175,9.3809895911628,9.878618610474554
John Schreiber,FF,301,10.920265366561898,9.626491574914917
John Schreiber,SI,193,8.32433228342267,8.346624329954645
John Schreiber,ST,273,11.671085350517806,10.344297193966549
Jon Berti,ALL,32,13.3022651732742,12.285580462145603
Jon Berti,EP,11,15.6182580132329,13.970024473165601
Jon Berti,FA,21,12.658845608339707,10.99671789702133
Jon Gray,ALL,209,9.0613242135435,8.476456684463264
Jon Gray,CH,16,10.465939336014166,9.091624430172022
Jon Gray,CU,6,11.026151535970357,11.081078967932354
Jon Gray,FF,98,8.902757431241273,8.289362583967545
Jon Gray,SL,89,9.235961120333087,8.510280290750842
Jonah Bride,ALL,95,12.603859566285289,10.429324882599868
Jonah Bride,CS,11,11.970242888218673,7.941046221808294
Jonah Bride,FA,73,12.282781451287281,10.353054457580406
Jonah Bride,KN,11,16.38643816904062,12.636321692193798
Jonah Tong,ALL,344,10.978413115192911,9.924559970606374
Jonah Tong,CH,94,12.951532375389824,10.003332782885188
Jonah Tong,CU,43,14.805436657769315,11.546130083459316
Jonah Tong,FF,198,9.507007892129312,9.680734948417605
Jonah Tong,SL,9,8.603658504265953,10.24654677155192
Jonathan Bowlan,ALL,663,10.326269331691464,9.255834367071937
Jonathan Bowlan,CH,54,10.234247665186876,8.69099354683517
Jonathan Bowlan,CU,62,15.375789506512696,12.803359092122012
Jonathan Bowlan,FF,222,10.251232678413523,9.578262924376848
Jonathan Bowlan,SI,116,8.368803113114176,7.790239630700148
Jonathan Bowlan,SL,209,10.53598250215454,8.992128779966363
Jonathan Cannon,ALL,1664,10.673871897066384,9.498323826608178
Jonathan Cannon,CH,351,11.152871532234647,9.888808066640388
Jonathan Cannon,FC,395,10.614235419523341,9.165727331664446
Jonathan Cannon,FF,305,11.296317085451344,9.379725886298626
Jonathan Cannon,SI,367,9.529324282120493,9.3289538367543
Jonathan Cannon,SL,5,11.585088896421803,11.845647007634273
Jonathan Cannon,ST,241,10.646976664974895,10.268023528648605
Jonathan Loáisiga,ALL,452,10.43215675662237,9.472925683358664
Jonathan Loáisiga,CH,83,10.572978310249903,9.131697977367613
Jonathan Loáisiga,CU,75,9.508093218514261,10.405398177774098
Jonathan Loáisiga,FC,18,9.940152479237291,9.488092133060572
Jonathan Loáisiga,FF,14,9.759222558418973,9.991144458792828
Jonathan Loáisiga,SI,262,10.654249794116495,9.415837622740057
Jonathan Pintaro,ALL,29,16.10879180509538,11.299202293049605
Jonathan Pintaro,CH,2,34.512615265280324,23.61337081971124
Jonathan Pintaro,FC,21,8.870358315613016,10.935121656867123
Jonathan Pintaro,FF,6,22.859758486794046,17.773023048002592
Jordan Hicks,ALL,1009,11.7302835582234,10.508735596690267
Jordan Hicks,FF,98,11.587796311552179,10.714611184430474
Jordan Hicks,FS,66,15.178813733478766,11.59981985841964
Jordan Hicks,SI,528,10.533518785085594,9.894222461566859
Jordan Hicks,SL,84,13.641204775610145,12.950944340642
Jordan Hicks,ST,233,12.232074047359959,10.955501397248192
Jordan Leasure,ALL,1088,11.172138717427321,10.606729939594993
Jordan Leasure,FF,585,11.27920634812483,10.554567906318496
Jordan Leasure,FS,29,12.09441867821225,11.327099981061277
Jordan Leasure,SI,13,12.538342768110008,13.757941388483179
Jordan Leasure,SL,461,11.070034606233744,10.620906138769358
Jordan Romano,ALL,639,11.51780427246657,10.569444796449536
Jordan Romano,FF,232,12.108731691528973,11.004607005338348
Jordan Romano,SL,407,11.176543516051986,10.51736009680395
Jordan Weems,ALL,87,11.169926200914924,10.445042191841875
Jordan Weems,CU,2,14.203418735049123,15.90337007335173
Jordan Weems,FF,49,10.076033180166018,10.613982600781942
Jordan Weems,FS,9,17.990868660632813,14.820957074273638
Jordan Weems,SL,27,11.167931082267058,8.814912581020524
Jordan Wicks,ALL,202,10.331910313282275,9.783538392675776
Jordan Wicks,CH,47,10.233191436653351,10.697594761595122
Jordan Wicks,CU,2,13.918310992473135,14.781743711258384
Jordan Wicks,FF,83,10.195340325845383,8.297393662139578
Jordan Wicks,SI,22,11.717747652103858,11.7608869128691
Jordan Wicks,SL,24,8.55091712049079,7.343029766108634
Jordan Wicks,ST,24,12.364415766420466,11.73719111275453
Jorge Alcala,ALL,956,11.52803364529117,10.844186860851643
Jorge Alcala,CH,19,16.28020047847766,11.492868053199402
Jorge Alcala,CU,223,13.065136428900628,12.144026147759252
Jorge Alcala,FF,439,10.966765721255985,10.343568592487234
Jorge Alcala,SI,124,11.713380005514837,10.397641839654638
Jorge Alcala,SL,151,10.646185723649134,10.388924932499622
Jorge López,ALL,350,10.641077362771242,10.74474782894545
Jorge López,CH,35,15.752693678623144,13.222782800142543
Jorge López,FF,86,11.984107860693602,11.285918500516713
Jorge López,KC,61,9.982499409686085,10.942216295916023
Jorge López,SI,93,8.974726858106013,8.746062503093889
Jorge López,SL,75,10.14485830744863,10.691587510337781
Jorge Mateo,ALL,31,16.912223062024857,10.2478166418659
Jorge Mateo,EP,12,17.834862596083475,10.675734950698509
Jorge Mateo,FA,19,16.568715239219262,7.747681825060042
Jose Corniell,ALL,39,11.218033028506994,9.563510056971035
Jose Corniell,CH,8,17.256112470054976,13.956980401489208
Jose Corniell,FC,10,10.85735679218676,9.916313375766485
Jose Corniell,FF,20,9.487869741461196,7.851744889717143
Jose Corniell,ST,1,21.827563900109407,25.08813483556639
Jose Espada,ALL,29,13.667662544954498,10.462366482352163
Jose Espada,FF,14,15.020320066351921,11.431363978092628
Jose Espada,FS,9,13.948502578231452,14.080821774037993
Jose Espada,SL,6,7.762485152094138,7.126033807148589
Jose Herrera,ALL,12,20.236876607220864,16.10059973863101
Jose Herrera,EP,10,18.030115982865954,14.01585387645548
Jose Herrera,FA,2,24.9949820752368,19.0792347209691
Jose Quintana,ALL,2030,10.524620403802032,8.975608491146769
Jose Quintana,CH,467,14.478839104329959,9.838532354109148
Jose Quintana,CU,279,11.577124667591876,9.377659337467776
Jose Quintana,FF,249,9.68643268616247,8.552797726954969
Jose Quintana,SI,862,8.233646652833263,8.320404288523644
Jose Quintana,SV,173,13.785485501138364,10.691522664629288
Jose Trevino,ALL,27,15.983765291699978,15.074050663744204
Jose Trevino,EP,2,41.31500834646695,31.38941763370973
Jose Trevino,FA,12,11.649361873220602,11.536975384651466
Jose Trevino,KN,13,19.83369831112587,18.312477161418578
Josh Hader,ALL,721,11.171752690891342,9.70119880038454
Josh Hader,CH,34,17.025867832256424,11.161573667806923
Josh Hader,SI,398,9.677095853082227,8.96360980738557
Josh Hader,SL,289,13.13421501530005,10.495514812017877
Josh Simpson,ALL,598,13.21414680674323,10.913932987546858
Josh Simpson,CH,66,15.327510240918144,10.75586883683567
Josh Simpson,CU,140,13.698427468528788,11.564821538422105
Josh Simpson,FF,71,10.811543403274483,10.385982809532036
Josh Simpson,SI,131,12.470152458612562,9.49880965146086
Josh Simpson,SL,34,10.145038820739828,11.756799733253583
Josh Simpson,ST,156,13.816115788908544,11.028311951703312
Josh Walker,ALL,89,12.522020890186122,10.801637326483455
Josh Walker,FF,36,11.60319683604196,9.132861423558037
Josh Walker,SI,5,10.143514113023551,14.49664984002282
Josh Walker,SL,48,13.507546969161986,12.585565364946497
Josh Winckowski,ALL,204,10.701841911364845,8.753035807852438
Josh Winckowski,CH,36,12.908930968656566,9.41423929965319
Josh Winckowski,FC,54,9.0366557158113,7.739740886519254
Josh Winckowski,FF,59,11.340899746105439,8.26523010422079
Josh Winckowski,SI,36,12.342810553407691,9.397796894869858
Josh Winckowski,SL,19,10.27402731137422,11.346424121174788
José A. Ferrer,ALL,1112,10.159578522721105,9.701891139489625
José A. Ferrer,CH,249,13.787811534770883,12.45764939028626
José A. Ferrer,FF,102,8.511940341244213,7.445229906995251
José A. Ferrer,SI,686,9.404433299399386,9.022365355951901
José A. Ferrer,SL,75,16.298351518700077,12.412299574664564
José Alvarado,ALL,448,11.396963347633129,9.65086051891751
José Alvarado,CU,22,20.5421612778185,9.285537062389965
José Alvarado,FC,135,14.49060041061156,10.864599504589975
José Alvarado,FF,9,13.660363761981618,7.20715685666785
José Alvarado,SI,282,10.05863008963747,9.161649260000896
José Berríos,ALL,2306,10.561591226952942,8.867445034528258
José Berríos,CH,391,12.121952821768428,8.268912472642404
José Berríos,FC,138,8.822160993041013,8.49586523879054
José Berríos,FF,407,9.51113599671702,9.019052867088734
José Berríos,SI,764,9.563759713375415,8.212235002564347
José Berríos,SV,605,12.257381487931207,9.745158516632488
José Berríos,UN,1,16.734154836364183,
José Buttó,ALL,993,13.481473227937101,10.862849161691745
José Buttó,CH,154,17.098499248804046,10.93696603075309
José Buttó,FF,300,10.204930961850579,10.587211113119906
José Buttó,SI,171,12.001367278034222,9.481783170410505
José Buttó,SL,297,15.146526052645575,11.592470025404095
José Buttó,ST,71,13.536740256438124,10.72842329822183
José Caballero,ALL,24,13.377332867516941,10.96523511066773
José Caballero,CH,1,18.197677235589378,17.73351377511374
José Caballero,EP,6,16.377392367704527,13.744877604302332
José Caballero,FA,17,11.457499657844888,9.34088618311165
José Castillo,ALL,476,11.901743281885494,9.364372439539611
José Castillo,CH,13,11.957221820214004,7.285618921616508
José Castillo,FF,67,12.33072521247851,10.20321834726426
José Castillo,SI,184,9.930848870404336,9.889038332148164
José Castillo,SL,212,13.447018040253933,9.176266263931772
José De León,ALL,98,9.062834422941732,8.648463161284178
José De León,CH,13,8.171797896438592,9.433509038217393
José De León,FF,45,11.350877346618818,8.634823532868634
José De León,SL,16,6.907213330300213,6.449110549413369
José De León,SV,24,8.72625682471279,10.10870074827952
José Fermin,ALL,601,13.11448526358791,10.896339680647545
José Fermin,CH,2,13.675392936204924,11.767061571948346
José Fermin,FF,280,13.867168296383422,10.214471398072513
José Fermin,SI,21,13.986272235209634,8.205852070932014
José Fermin,SL,298,12.101138835681194,11.963175673700269
José Leclerc,ALL,189,11.493548687583951,9.500272475838283
José Leclerc,CH,39,14.168389831182138,9.494804572499092
José Leclerc,CU,5,10.485228380545925,11.122401312167431
José Leclerc,FC,25,13.85689504699903,10.64146015311506
José Leclerc,FF,65,9.077247488513216,9.00536977267465
José Leclerc,SI,16,8.66590253151425,10.20302874403351
José Leclerc,SL,39,16.40104813808054,9.500272475838283
José Quijada,ALL,41,16.06391081771368,13.22211144450696
José Quijada,CH,4,15.243948453095863,15.90324900448913
José Quijada,FF,37,16.93199480745086,12.84179413620951
José Ruiz,ALL,286,12.434544763349642,9.624564347332743
José Ruiz,CH,42,14.044680142588708,7.85714438627695
José Ruiz,CU,87,12.937558124939779,10.120092704796937
José Ruiz,FF,108,10.768360218174163,9.620323489711158
José Ruiz,SI,47,11.19422178514013,10.379997303357758
José Ruiz,SL,2,11.542077696749399,14.98056029856442
José Soriano,ALL,2679,10.879697895362009,10.223872147092987
José Soriano,CH,10,19.12245057866435,19.53907700406726
José Soriano,FF,227,11.49542458120248,9.638656553384314
José Soriano,FS,247,12.82483013398434,11.24486181974448
José Soriano,KC,720,11.47515410889351,11.594407128198998
José Soriano,SI,1309,9.819957378706224,9.215471114353509
José Soriano,SL,166,14.667400444663242,12.509967223949069
José Suarez,ALL,272,10.249932256064458,9.194177957330552
José Suarez,CH,75,12.909557450543565,9.759797783166341
José Suarez,CU,1,11.272548686333709,4.574467239751978
José Suarez,FF,115,9.586751361798086,9.194737943074855
José Suarez,SI,19,7.815161575452479,8.369047525355336
José Suarez,SL,59,10.475132192817735,8.993650419627688
José Suarez,ST,3,10.530678368609284,5.536014505991907
José Ureña,ALL,850,10.303109025273336,9.079482053938937
José Ureña,CH,216,12.831971903320577,9.235122355697598
José Ureña,FF,85,10.315620176736015,9.886125841407459
José Ureña,FS,31,9.653075870975593,8.048257696675867
José Ureña,SI,309,9.380036409162484,8.224918553108033
José Ureña,SL,209,10.161994582302578,9.952205142926896
José Urquidy,ALL,56,10.854299933486635,11.0093885839864
José Urquidy,CH,16,13.804837668626263,8.60599843240571
José Urquidy,CU,15,8.303216830839265,10.02018098614976
José Urquidy,FC,7,15.475372148896017,15.368305641257324
José Urquidy,FF,18,9.395347255499448,11.24926920947236
Jovani Morán,ALL,79,13.25823622223647,11.33263788982401
Jovani Morán,CH,31,10.934874872750422,11.67920261523488
Jovani Morán,CU,1,24.8707082596668,14.460440648125072
Jovani Morán,FC,14,13.7763304423889,10.899607865110898
Jovani Morán,FF,28,12.443960518580926,10.517210675149325
Jovani Morán,ST,5,16.69273502442368,8.161773189410928
Juan Burgos,ALL,209,12.312080710522334,10.2393371223667
Juan Burgos,CH,5,18.86383320363859,15.811713360741857
Juan Burgos,FC,67,13.927942313067096,11.1657975924351
Juan Burgos,SI,68,12.135303039524691,10.51611533650848
Juan Burgos,ST,69,12.127165170481103,9.230015380761595
Juan Mejia,ALL,987,11.440254733007936,11.011307633729631
Juan Mejia,CH,1,7.050435882947586,7.175292635422686
Juan Mejia,FF,669,11.061885298993296,10.603251172573211
Juan Mejia,ST,317,12.163580444562502,11.667168492008122
Juan Morillo,ALL,583,11.316159523924757,10.502126795801285
Juan Morillo,CH,78,13.586834857577804,11.580263813369074
Juan Morillo,FF,268,10.86390365842911,10.536197605715653
Juan Morillo,SI,115,8.61277119453885,8.324866330550538
Juan Morillo,SL,122,12.484217908450416,11.98322298928719
Julian Fernández,ALL,70,11.778237991061907,10.988742501357457
Julian Fernández,CH,21,13.00410986469473,12.925715545474631
Julian Fernández,FF,49,11.04753764731602,10.04783508130462
Julian Merryweather,ALL,318,12.390656810640161,10.602119648608246
Julian Merryweather,CH,4,20.282679379690546,17.836259243774794
Julian Merryweather,FF,150,11.399114273021263,10.385259745155846
Julian Merryweather,SL,159,12.64505556358131,10.872962168488678
Julian Merryweather,ST,5,10.267914280616399,6.471060638816392
Justin Bruihl,ALL,217,9.723127888492492,9.501277102801959
Justin Bruihl,FC,16,10.355657437596893,10.065354745933131
Justin Bruihl,SI,112,9.395662490421484,8.36452632626875
Justin Bruihl,ST,89,10.213865904737421,10.355284972956607
Justin Garza,ALL,78,10.773710769764048,9.97004522318992
Justin Garza,CU,8,9.409534418452484,9.682346573997176
Justin Garza,FC,39,9.47085896000626,8.89927072627265
Justin Garza,FF,29,12.523745999258095,12.018535767370166
Justin Garza,FS,2,15.98297142371984,15.74923262252092
Justin Hagenman,ALL,348,10.578805333187322,8.198419134886489
Justin Hagenman,CH,81,14.06021480096832,8.026160778725645
Justin Hagenman,FC,112,8.062736263126025,7.423008803292978
Justin Hagenman,SI,85,8.012747561022662,8.528898921217504
Justin Hagenman,SL,70,13.098452056614171,9.271139259782013
Justin Lawrence,ALL,257,11.395480334239377,10.623392354281174
Justin Lawrence,FF,25,9.746494932148197,11.508139126986222
Justin Lawrence,SI,104,11.255094026518393,9.889383254362844
Justin Lawrence,ST,128,11.943913899239195,11.356765526267584
Justin Martinez,ALL,249,13.865783164646095,12.765191414278592
Justin Martinez,FF,68,13.25031104337587,13.22731204291652
Justin Martinez,FS,80,17.001986591184163,14.748911518598666
Justin Martinez,SI,77,12.056575405546011,10.213654540314442
Justin Martinez,SL,24,11.309390366778302,9.04321280818683
Justin Slaten,ALL,473,10.853584911507884,9.651442138978533
Justin Slaten,CU,92,15.158277013710304,14.008457859719684
Justin Slaten,FC,142,9.347108639276936,8.587010484549614
Justin Slaten,FF,181,9.719550852931393,9.45436697388225
Justin Slaten,ST,58,13.292482883569283,9.709002646657796
Justin Steele,ALL,278,10.822834414591334,10.30248324424619
Justin Steele,CH,7,9.588014622472835,13.757928044683615
Justin Steele,CU,10,16.046824832779492,12.94350134370886
Justin Steele,FF,157,10.185566363040332,10.293826351692019
Justin Steele,SI,19,9.497396061524693,8.074853951355124
Justin Steele,SL,85,11.132557725862599,10.463851173655504
Justin Sterner,ALL,989,10.363212744141098,9.572473072129219
Justin Sterner,FC,312,10.70964399245097,9.994837323497094
Justin Sterner,FF,519,9.914761709814224,9.272197947913218
Justin Sterner,ST,158,11.87965583788161,10.127079349644799
Justin Topa,ALL,820,10.544952461213391,9.00663158455999
Justin Topa,CH,129,13.314904575447892,9.525658770108262
Justin Topa,FC,164,8.867245644991424,8.602370432255473
Justin Topa,SI,292,10.000983500874085,8.615035271619597
Justin Topa,ST,235,11.485957293202329,10.29628045469212
Justin Verlander,ALL,2420,10.639134527161785,9.17259649865627
Justin Verlander,CH,203,13.892428039687847,11.392621757910009
Justin Verlander,CU,351,11.593625271311316,10.613783710296346
Justin Verlander,FF,1100,10.013591824729534,8.656579438471407
Justin Verlander,SI,10,9.271226277816359,7.179435088764093
Justin Verlander,SL,563,10.456977634510864,8.6599576694901
Justin Verlander,ST,193,10.800361180676171,10.25961048023441
Justin Wilson,ALL,716,11.361927081111727,10.069581125932556
Justin Wilson,FC,108,9.561903114755307,9.557713267280086
Justin Wilson,FF,336,10.560953168814278,9.756774227416791
Justin Wilson,FS,36,18.130864289034307,12.440060756621438
Justin Wilson,SL,236,13.031602237353884,10.652372496541691
Justin Wrobleski,ALL,1020,11.655457430290376,9.705473242891191
Justin Wrobleski,CH,34,17.08173076523086,13.769578873446722
Justin Wrobleski,CU,82,14.09203047707765,10.704715806680031
Justin Wrobleski,FC,129,10.582385570985512,8.621778255845033
Justin Wrobleski,FF,301,11.46207148086069,9.362498925765019
Justin Wrobleski,SI,213,11.890602699750177,8.913404068800414
Justin Wrobleski,SL,261,10.991650175681734,10.560990536971548
Kade Strowd,ALL,367,11.487204743508624,11.314231651604238
Kade Strowd,CU,45,13.57848499197755,12.008749211234145
Kade Strowd,FC,155,10.588152634427638,10.216932623439758
Kade Strowd,FF,60,12.321046824999168,11.624130946938017
Kade Strowd,SI,58,12.44053870431015,11.875364804953954
Kade Strowd,ST,49,12.293131308038527,11.910243467519605
Kai-Wei Teng,ALL,508,11.402363334484168,10.591525913213346
Kai-Wei Teng,CH,55,16.576058074686596,12.043008101227656
Kai-Wei Teng,CU,69,11.761488960171034,11.37983346645982
Kai-Wei Teng,FF,120,10.957881152877283,10.717183773160684
Kai-Wei Teng,SI,64,9.822785678030105,10.468245743104639
Kai-Wei Teng,ST,200,11.049824410770029,9.68521190299031
Kaleb Ort,ALL,752,11.71142421770875,10.618656821831204
Kaleb Ort,CH,61,14.325517185245227,11.95116096915438
Kaleb Ort,FC,109,9.365339255772748,8.826270699967429
Kaleb Ort,FF,407,11.935496745477478,10.618988748590123
Kaleb Ort,ST,175,11.673645978975886,11.533721566724392
Keaton Winn,ALL,131,11.245891483848121,9.460285074415712
Keaton Winn,FF,34,8.927097550760376,8.922051423519747
Keaton Winn,FS,56,14.147513099521916,10.542922405341807
Keaton Winn,SI,34,8.744935216517444,8.344758034783752
Keaton Winn,SL,7,11.245891483848121,14.792411594510561
Keegan Akin,ALL,932,10.265810038938678,9.75374379650609
Keegan Akin,CH,190,10.704133603832762,10.02019855733709
Keegan Akin,FF,472,10.221473229769073,9.849113161422434
Keegan Akin,SL,270,10.23375182416083,9.606052939033173
Keider Montero,ALL,1395,11.074331772843367,9.463565817823095
Keider Montero,CH,184,12.859258307707549,11.427398516487205
Keider Montero,FF,427,9.361293251406028,8.745225808353272
Keider Montero,KC,208,11.942018994506693,9.348460487307282
Keider Montero,SI,267,11.58373360263373,9.767316747902274
Keider Montero,SL,308,10.969945637109777,9.581731175734209
Keider Montero,ST,1,8.290778534316239,9.145240106766229
Kendall Graveman,ALL,274,12.461210086144595,9.977419849743708
Kendall Graveman,CH,58,13.213983488773113,10.709708703433225
Kendall Graveman,CU,3,15.961114914960202,11.682652152400385
Kendall Graveman,FF,43,11.335508567501744,10.089142637204757
Kendall Graveman,SI,116,12.634253512081541,9.03788312819465
Kendall Graveman,SL,54,11.681397111165568,9.38639830098414
Kenley Jansen,ALL,844,11.140050199233684,9.981918161288057
Kenley Jansen,FC,685,10.726428515521496,9.423858458505427
Kenley Jansen,SI,79,14.740171418262534,12.332256258135262
Kenley Jansen,SL,51,12.463214237441688,8.256974774602142
Kenley Jansen,ST,29,14.071894828911956,13.502540891091414
Kenta Maeda,ALL,162,14.696297052642839,10.493721875921583
Kenta Maeda,FC,1,2.0934676856584837,3.916926957865277
Kenta Maeda,FF,29,12.673712112367019,8.960137085243481
Kenta Maeda,FS,60,17.306827257792776,13.056896460373325
Kenta Maeda,SI,14,10.373386218488285,9.683078041966155
Kenta Maeda,SL,30,15.797745293561018,12.383980296662443
Kenta Maeda,ST,28,8.110524816133374,8.735166963450162
Kevin Gausman,ALL,3075,12.27561998628872,8.914666396690293
Kevin Gausman,FF,1634,9.896605971122588,8.18670268930327
Kevin Gausman,FS,1163,15.920955572638565,9.580720110073788
Kevin Gausman,SI,1,9.955771968195345,16.142238710251668
Kevin Gausman,SL,277,12.890763177393964,11.037829944379325
Kevin Ginkel,ALL,417,11.156264064494504,9.192461981071522
Kevin Ginkel,FF,220,9.681399561435825,8.76308617450492
Kevin Ginkel,SI,21,10.651100233649098,10.781242994373658
Kevin Ginkel,SL,176,13.316753611409098,9.628928751060009
Kevin Herget,ALL,202,11.076105726866814,10.543462855506291
Kevin Herget,CH,74,12.54405811169893,12.131018669938994
Kevin Herget,CU,2,9.112154616622986,3.055648901275648
Kevin Herget,FC,36,9.98216474097115,8.563054163951099
Kevin Herget,FF,90,10.221389101560964,9.244697343976295
Kevin Kelly,ALL,548,10.281196119191886,8.93927162730123
Kevin Kelly,FC,67,14.012747004046616,10.676211907932764
Kevin Kelly,FF,46,13.3161083086657,9.109445849406741
Kevin Kelly,SI,330,9.457361003990506,8.38721867832162
Kevin Kelly,ST,105,10.363234571734594,9.534354285407852
Kevin Newman,ALL,32,12.901778511020815,11.659212963527024
Kevin Newman,EP,25,11.46964633601001,10.453490143858264
Kevin Newman,FA,2,15.958242040200123,14.794623463953382
Kevin Newman,KN,5,17.220841346098943,13.825907705089614
Kirby Yates,ALL,698,11.615718846061261,9.687906153773266
Kirby Yates,FF,404,11.443514715357926,9.347438550356438
Kirby Yates,FS,289,11.722156090079947,10.351704984563245
Kirby Yates,SI,1,5.329048280246685,2.6317148097463305
Kirby Yates,SL,4,16.787386300339122,14.7075119106437
Kodai Senga,ALL,1695,13.997655033445616,10.359697240613071
Kodai Senga,CU,30,11.670688150571504,12.988501572741194
Kodai Senga,FC,357,11.116813787678057,9.7702715958975
Kodai Senga,FF,511,11.477798031087993,9.595006700915327
Kodai Senga,FO,492,19.863884930305453,11.090935029680715
Kodai Senga,SI,102,16.877855070537315,11.605234209335343
Kodai Senga,SL,70,15.951828457725004,11.815768964797954
Kodai Senga,ST,133,12.833428847480548,10.791509783580036
Kody Clemens,ALL,19,8.718989671319699,9.284979868611408
Kody Clemens,EP,17,9.996640774030242,9.284979868611408
Kody Clemens,FA,2,6.799484747917223,11.508144721857608
Kody Funderburk,ALL,570,10.630352149112454,10.643972961502868
Kody Funderburk,CH,63,10.578437839178457,10.622652548213615
Kody Funderburk,FC,129,10.523903332262547,9.50299171338453
Kody Funderburk,SI,200,9.357495564963179,9.593002321830301
Kody Funderburk,SL,69,10.547869929822127,10.11276568400825
Kody Funderburk,ST,109,15.151221876176729,14.114937817063115
Kolby Allard,ALL,934,10.44998846170854,9.514600900148748
Kolby Allard,CH,190,12.11976204462226,10.03982949485308
Kolby Allard,CU,118,12.71356563399816,12.120768331117212
Kolby Allard,FC,182,10.2945074553489,9.961684013539958
Kolby Allard,FF,366,9.38021124157489,8.644059032449055
Kolby Allard,SI,78,10.083472170274026,9.575229689396592
Konnor Pilkington,ALL,479,11.82774092861983,10.809111186121358
Konnor Pilkington,CH,102,15.188551232647965,12.743473476397462
Konnor Pilkington,FF,284,10.101635887162535,10.111976985789221
Konnor Pilkington,SL,93,15.128070541093617,12.759709054147576
Korey Lee,ALL,37,12.806293310787503,12.169852612432079
Korey Lee,EP,3,25.645866463202935,19.552671068397547
Korey Lee,FA,32,12.37648716254701,11.784808081695473
Korey Lee,FF,2,5.516019961267527,10.406064594375113
Kris Bubic,ALL,1533,11.35888059023563,10.406801133118016
Kris Bubic,CH,316,13.553805990221125,10.782673694941579
Kris Bubic,FF,581,10.37646008886572,9.519552440727372
Kris Bubic,SI,87,12.14126850673896,10.487481411487591
Kris Bubic,SL,215,10.879696662206975,10.471871425120959
Kris Bubic,ST,334,11.3648897465496,11.24440656743305
Kumar Rocker,ALL,1059,12.13784923711184,9.928548621381568
Kumar Rocker,CH,66,11.525395359675375,10.06864248959053
Kumar Rocker,CU,68,13.760532008472907,10.85780540183093
Kumar Rocker,FC,279,12.521088887701747,10.611930974377765
Kumar Rocker,FF,219,11.25967682974323,8.685668105004122
Kumar Rocker,SI,269,12.074185385971385,9.74441241741401
Kumar Rocker,SL,158,12.661402292331035,10.53248189226073
Kyle Backhus,ALL,394,10.12053251657266,9.590354571025669
Kyle Backhus,CH,37,15.068148365497196,13.597360960693718
Kyle Backhus,SI,246,9.041454619057676,9.038312314248117
Kyle Backhus,ST,111,11.50553096499293,10.048023972289455
Kyle Bradish,ALL,447,11.795660037380092,10.466528742031723
Kyle Bradish,CU,58,13.308099229431225,10.489192448776578
Kyle Bradish,FF,100,13.235216645669631,10.621554208836553
Kyle Bradish,SI,145,11.544141372504425,10.083871273557314
Kyle Bradish,SL,144,11.065536399939365,10.684908893111007
Kyle Farmer,ALL,4,6.507391176420443,9.463992266154825
Kyle Farmer,EP,4,6.507391176420443,9.463992266154825
Kyle Finnegan,ALL,843,10.77884039398565,10.01790382271916
Kyle Finnegan,FF,485,9.879250480627238,9.402536643512159
Kyle Finnegan,FS,321,12.165689930113702,10.778232714317895
Kyle Finnegan,SL,37,15.105366233242828,13.112725235377063
Kyle Freeland,ALL,2268,9.516920078441402,8.786796418518398
Kyle Freeland,CH,133,9.083259917131603,8.513934296095293
Kyle Freeland,FC,362,8.494764931047925,7.930715074358853
Kyle Freeland,FF,751,8.180189933459948,7.7766695949692455
Kyle Freeland,KC,589,11.628309435846814,10.868990778357755
Kyle Freeland,SI,141,9.08678253667361,8.074970749172234
Kyle Freeland,ST,292,11.012553974206995,10.057208108039017
Kyle Gibson,ALL,268,10.40992966184562,9.310805055567615
Kyle Gibson,CH,36,14.053415473851583,9.73568906054286
Kyle Gibson,CU,30,11.339585137722537,8.310112009844737
Kyle Gibson,FC,27,10.527530185477739,9.92078478631397
Kyle Gibson,FF,25,10.322793299498324,8.502635134009683
Kyle Gibson,SI,98,8.38764087771338,8.100637960725381
Kyle Gibson,SL,3,13.360594496751006,12.60641646044195
Kyle Gibson,ST,49,13.989911244755556,11.04645551868937
Kyle Harrison,ALL,522,10.315008491590012,9.720297317706175
Kyle Harrison,CH,44,11.02475402007273,8.98943119809231
Kyle Harrison,FC,22,13.211246208563647,10.348994907326615
Kyle Harrison,FF,303,9.01137202934946,8.969101633631505
Kyle Harrison,SI,10,10.503489654238898,11.947191368674458
Kyle Harrison,SV,142,12.987989428489334,11.06888835005873
Kyle Harrison,UN,1,86.53523767401258,
Kyle Hart,ALL,630,9.737403588274276,9.446956321581542
Kyle Hart,CH,90,11.198793657311375,10.598183903624765
Kyle Hart,FF,101,9.78505841612401,9.556259053996323
Kyle Hart,FS,30,16.441731170809252,15.184250985151834
Kyle Hart,SI,133,8.83637583589007,8.061151625771458
Kyle Hart,SL,64,8.03258681416833,8.060048754333156
Kyle Hart,ST,212,9.271337494035173,9.642991944963434
Kyle Hendricks,ALL,2374,9.860842119087298,8.11164218752859
Kyle Hendricks,CH,923,8.653610360934978,8.35382447612087
Kyle Hendricks,CU,191,11.962721714780306,9.466462429124096
Kyle Hendricks,FF,347,12.457354625955908,8.572881204874335
Kyle Hendricks,SI,913,9.899943393849385,7.464381756675409
Kyle Leahy,ALL,1243,10.582952702442066,9.89721886964035
Kyle Leahy,CH,119,10.156172016854882,10.295996280597397
Kyle Leahy,CU,217,14.79642770544498,11.785351911189293
Kyle Leahy,FF,375,10.643307705015616,9.865996368485106
Kyle Leahy,SI,98,8.664374885528725,8.176542602129567
Kyle Leahy,SL,260,8.710534674676726,9.006373973671634
Kyle Leahy,ST,174,10.248225926189939,10.279804806462462
Kyle Nelson,ALL,43,13.907012649692966,9.85073627948094
Kyle Nelson,FC,1,13.907012649692966,16.44204203414846
Kyle Nelson,FF,19,10.666387490676827,8.662605966061458
Kyle Nelson,SL,23,16.100121078470725,9.85073627948094
Kyle Nicolas,ALL,622,12.499314780393094,11.461384676209764
Kyle Nicolas,CH,1,25.227543043747286,26.42036495273975
Kyle Nicolas,CU,140,15.229652248875773,12.931549857721901
Kyle Nicolas,FF,313,10.597261292373641,10.384166871978696
Kyle Nicolas,SI,1,0.25443566293404873,2.072468012420773
Kyle Nicolas,SL,167,14.473460006821648,12.652519233087004
Lake Bachar,ALL,1057,14.39576361266783,10.346400090175948
Lake Bachar,FF,385,11.550541286552761,10.154780895039957
Lake Bachar,FS,129,18.96027615160137,12.076216226244327
Lake Bachar,SL,252,15.868012284371087,9.699887259566289
Lake Bachar,ST,291,14.480780740091536,10.155467770009736
Lance McCullers Jr.,ALL,1019,11.807525798434051,10.555742778192949
Lance McCullers Jr.,CH,172,11.362476290768228,10.000897403509317
Lance McCullers Jr.,FC,42,10.044909492504214,9.299794022591357
Lance McCullers Jr.,FF,59,13.609832511962942,11.712891457135335
Lance McCullers Jr.,KC,174,12.572523436374741,10.928036186048004
Lance McCullers Jr.,SI,250,12.659579651382156,10.795383352813527
Lance McCullers Jr.,ST,322,11.258229033525435,10.513396330298395
Landen Roupp,ALL,1494,11.711776086329095,8.983009840607695
Landen Roupp,CH,249,16.452078028080116,9.504083844098194
Landen Roupp,CU,540,11.336452321898564,8.988534772778163
Landen Roupp,FC,100,11.471772692617908,9.49415958102756
Landen Roupp,FF,11,6.832160869719767,4.53826309720851
Landen Roupp,SI,594,9.99367169498229,8.831783663891569
Landon Knack,ALL,555,13.295198207169205,10.661582261548975
Landon Knack,CH,133,12.465031235280494,11.605752708170087
Landon Knack,FF,269,15.101109091063606,9.90169389654376
Landon Knack,KC,84,12.54528909950535,12.03531088767252
Landon Knack,SL,69,11.995708855655531,10.450550222749625
Lazaro Estrada,ALL,114,10.071088337925069,9.68545667857929
Lazaro Estrada,CU,12,8.878648574507624,9.344261169820292
Lazaro Estrada,FF,56,8.221789924139161,8.749103785380765
Lazaro Estrada,FS,7,13.749877803660452,14.110920100010935
Lazaro Estrada,SL,39,11.955519831730452,11.76852276171208
Leo Rivas,ALL,9,13.066112254041249,12.01891761502466
Leo Rivas,EP,9,13.066112254041249,12.01891761502466
Liam Hendriks,ALL,214,11.406305937370902,9.20925695255555
Liam Hendriks,CU,23,14.553252101462494,14.657018017226388
Liam Hendriks,FF,119,9.6885989868929,8.66119891408863
Liam Hendriks,SL,71,12.21134441990423,9.336294058586954
Liam Hendriks,UN,1,47.96370865341967,
Logan Allen,ALL,2216,10.310941400968627,9.651601256097006
Logan Allen,CH,394,11.080569834754465,9.85563400765379
Logan Allen,FC,253,9.593204864430797,9.469068036697157
Logan Allen,FF,741,9.709776058361633,9.386910384167455
Logan Allen,SI,299,9.892940750682174,9.123193484923176
Logan Allen,SL,3,10.550628614923419,8.854084956151096
Logan Allen,ST,526,11.237406244964589,10.429209519847173
Logan Davidson,ALL,12,12.199776528842488,10.10698398701745
Logan Davidson,EP,12,12.199776528842488,10.10698398701745
Logan Evans,ALL,1220,12.0200752906233,9.928589711260152
Logan Evans,CH,142,15.086060145055042,11.561958917151788
Logan Evans,CU,117,13.155715018037037,10.536047893287197
Logan Evans,FC,328,10.879044999026437,9.784983508916651
Logan Evans,FF,138,8.258970239928665,8.438352656925929
Logan Evans,SI,213,12.22117159887468,9.833553545261124
Logan Evans,ST,282,12.581537629224957,9.792760347380478
Logan Gilbert,ALL,2009,12.547767091300145,10.354155081359712
Logan Gilbert,FF,750,9.956702091222676,9.172130238479056
Logan Gilbert,FS,394,21.146193889311807,11.821585620795446
Logan Gilbert,SI,16,12.14954818664165,12.633373973864366
Logan Gilbert,SL,693,11.900475305560324,10.116450221526808
Logan Gilbert,ST,156,16.174644728275677,12.93620498939104
Logan Gillaspie,ALL,102,10.46061388558097,9.309665784695635
Logan Gillaspie,CH,15,16.667967511822646,11.636745475218607
Logan Gillaspie,CU,11,12.193786368436689,12.64191724281672
Logan Gillaspie,FC,14,11.954574281461397,8.714490725194896
Logan Gillaspie,FF,35,8.625275142761344,8.777743554788588
Logan Gillaspie,SI,3,8.330417323001994,6.503413161413405
Logan Gillaspie,SL,22,10.051006573061322,8.760854369188003
Logan Gillaspie,ST,2,5.767380176246553,5.544574224421357
Logan Henderson,ALL,391,11.614256662203838,9.996236931500622
Logan Henderson,CH,152,14.595916714758149,11.374209594215277
Logan Henderson,FC,31,10.341855901940937,9.092775233793647
Logan Henderson,FF,196,10.293740068447313,9.311515716175537
Logan Henderson,SL,12,14.509341246455785,12.417669212090853
Logan Porter,ALL,3,11.350049583516773,14.254521698032777
Logan Porter,SL,3,11.350049583516773,14.254521698032777
Logan VanWey,ALL,162,10.479593424883195,9.380524500178959
Logan VanWey,CH,18,9.215684872487321,8.855445822911577
Logan VanWey,FC,6,9.216777731718533,11.033399363990666
Logan VanWey,FF,86,9.298621489935833,8.609722333237634
Logan VanWey,SI,14,10.878854575302324,10.856818133300836
Logan VanWey,ST,38,13.874504508747584,11.782617627672535
Logan Webb,ALL,2938,11.259043822180026,8.329622609195498
Logan Webb,CH,719,17.240389683360164,8.9481763278046
Logan Webb,FC,237,9.269220962613089,8.383598521562826
Logan Webb,FF,236,8.545058981747577,7.517779561518331
Logan Webb,SI,986,8.66423719878276,7.618040770092568
Logan Webb,ST,760,10.459347899514434,9.00982385691933
Lou Trivino III,ALL,794,11.769692069729727,10.96742545108554
Lou Trivino III,CH,131,11.871747525381174,10.984106084941347
Lou Trivino III,CU,9,11.78459333933082,12.025763090898051
Lou Trivino III,FC,194,12.227511723832812,10.26611245421633
Lou Trivino III,FF,124,11.262435787451782,10.222750306830912
Lou Trivino III,SI,179,11.619434692030277,11.350395990009527
Lou Trivino III,ST,157,11.828617808946547,11.460435432139073
Louis Varland,ALL,1016,10.73660557814047,9.471219171224831
Louis Varland,CH,52,13.422434586730425,9.819736087097098
Louis Varland,FF,455,9.069010572368452,8.628994954208562
Louis Varland,KC,385,13.32844272877274,10.612250019002685
Louis Varland,SI,57,9.03328466154997,8.687905496593732
Louis Varland,SL,67,10.078457339834717,8.342014916717122
Luarbert Arias,ALL,143,12.26505254228555,9.445554955300555
Luarbert Arias,FF,41,10.247536397174521,9.195698328015038
Luarbert Arias,FS,17,16.136541828240794,12.781457776359057
Luarbert Arias,SI,16,12.595129775556732,12.155578828462742
Luarbert Arias,SL,69,12.719654549962758,9.218883891452117
Lucas Erceg,ALL,883,10.736017721947038,9.178708531544741
Lucas Erceg,CH,145,11.721407147446781,9.303485732493014
Lucas Erceg,FF,260,10.16349474452782,9.028353546499794
Lucas Erceg,SI,216,8.43085029870408,7.968857868191037
Lucas Erceg,SL,262,13.140745246917128,10.463642014721835
Lucas Gilbreath,ALL,14,9.863257236410586,10.472949115999672
Lucas Gilbreath,FF,7,9.737586125471388,9.523673953739472
Lucas Gilbreath,FS,3,9.862485916602868,8.578231403584166
Lucas Gilbreath,SL,4,15.699520160188747,12.231951420132683
Lucas Giolito,ALL,2052,11.218659203214997,10.681538091906482
Lucas Giolito,CH,466,11.687066115060347,10.561831620357998
Lucas Giolito,CU,70,18.434485544899736,16.567733075982293
Lucas Giolito,FF,1007,10.57952367586625,10.151172155032473
Lucas Giolito,SL,509,11.41558622474631,11.546750857212151
Lucas Sims,ALL,260,13.047079654890782,11.481221610707045
Lucas Sims,CU,10,8.43214769915387,10.57151225201806
Lucas Sims,FC,4,13.50482567289749,10.570508478387836
Lucas Sims,FF,116,13.205043321960737,11.26041795357568
Lucas Sims,FS,1,58.311548850163966,58.372605859795954
Lucas Sims,SI,8,6.876519420833462,6.782731488904318
Lucas Sims,SL,5,15.636956888320084,19.709743725468638
Lucas Sims,ST,113,13.107069253101784,11.934274595792381
Lucas Sims,SV,3,15.52551411030428,20.979406583957818
Luinder Avila,ALL,199,10.966458903548869,10.41444932785761
Luinder Avila,CH,4,21.223913667548942,10.298811698974918
Luinder Avila,CU,66,13.625825581068598,11.007537899372291
Luinder Avila,FF,58,10.642533998633816,10.69884128506567
Luinder Avila,SI,51,9.168531940614177,8.99749180906085
Luinder Avila,SL,20,11.142284180474785,9.336184726125444
Luis Castillo,ALL,2834,11.127034698646874,8.969150210245498
Luis Castillo,CH,318,15.812761520627072,9.984774689948054
Luis Castillo,FF,1329,8.812960244157303,8.339844013168927
Luis Castillo,SI,613,11.084997614220404,9.350556331321325
Luis Castillo,SL,574,15.005556209376767,9.66528973001637
Luis Contreras,ALL,204,13.163244861338363,11.57370457465556
Luis Contreras,CH,33,22.31117786118093,17.28204139149915
Luis Contreras,FF,104,10.542238662653077,10.149329035193986
Luis Contreras,SI,3,20.57218929229438,17.4289294022851
Luis Contreras,SL,40,14.066534517276429,11.135241979934172
Luis Contreras,ST,24,16.517483966434476,15.62799084048227
Luis Curvelo,ALL,289,10.871236538650358,10.228229031797495
Luis Curvelo,CH,18,13.089322528224208,13.14316409093066
Luis Curvelo,FF,88,11.195615259301562,10.87029110693566
Luis Curvelo,SI,73,10.387285187867006,9.63055149260248
Luis Curvelo,SL,110,10.663968606980763,10.265870274628234
Luis F. Castillo,ALL,142,13.568820395981493,10.11923098857119
Luis F. Castillo,CH,16,16.96885946438703,8.516679380995352
Luis F. Castillo,FF,63,11.90997529477495,10.012730212735248
Luis F. Castillo,SI,26,13.947870681971526,10.300696989085079
Luis F. Castillo,ST,37,15.485900918904774,12.930599745595941
Luis Garcia,ALL,102,11.337677723944307,10.586523666976952
Luis Garcia,CH,5,10.0059229081192,10.981084179861666
Luis Garcia,CU,12,13.17254214641212,10.625685882243111
Luis Garcia,FC,26,13.170113842078305,13.10956636797864
Luis Garcia,FF,50,10.198839536622732,9.839302525010448
Luis Garcia,ST,9,10.807029247067847,8.013015100124457
Luis García,ALL,840,11.66429180025381,9.97237536136989
Luis García,FF,16,15.702692631404002,11.98357785775527
Luis García,FS,187,12.158137889383664,10.6225498757095
Luis García,SI,357,10.770188323358946,9.0319223736412
Luis García,ST,280,12.239457549737415,11.211822275983403
Luis Gil,ALL,812,11.824375481870275,10.699786718002526
Luis Gil,CH,192,10.967326310063534,11.076487222315233
Luis Gil,FF,410,12.076153182924244,10.010001054276287
Luis Gil,SL,210,12.581249021733626,12.367599109115925
Luis Guerrero,ALL,254,11.489178728124926,10.716681888594586
Luis Guerrero,CH,13,11.134375645668156,8.582751917812477
Luis Guerrero,FF,94,12.073816505884688,11.111519972308582
Luis Guerrero,SL,109,10.568894578247724,9.82347573641092
Luis Guerrero,ST,38,13.172229375368827,13.398639840700369
Luis Mey,ALL,361,13.08471073353203,11.30455641144344
Luis Mey,FF,8,14.92332651954873,13.473631611857002
Luis Mey,SI,272,12.74799336351402,11.051441237022498
Luis Mey,SL,81,15.20511952765362,12.357033235515129
Luis Morales,ALL,776,11.08383842782508,10.723906768576954
Luis Morales,CH,101,11.218154797431946,10.88075711428971
Luis Morales,FF,396,10.656305814901383,9.826162152536213
Luis Morales,SI,6,11.543556612312141,11.10147753137044
Luis Morales,SL,63,11.99539956843703,11.809974708387104
Luis Morales,ST,210,11.403340736356993,11.385671168454525
Luis Ortiz,ALL,1359,9.836139320805303,9.412050045358598
Luis Ortiz,CH,183,10.827917143384568,9.904793094100587
Luis Ortiz,FC,172,9.687417123778179,9.104641893391642
Luis Ortiz,FF,397,9.078046213484235,8.923444759694927
Luis Ortiz,SI,262,9.238900388499168,8.398045903596024
Luis Ortiz,SL,345,10.412737266367916,10.256845991139803
Luis Peralta,ALL,402,12.2196472208921,11.10497394094551
Luis Peralta,CH,9,15.860427552584483,15.795385001140032
Luis Peralta,CU,105,13.352121755510058,13.359494966485848
Luis Peralta,FF,288,11.875516826188816,10.427599139515062
Luis Severino,ALL,2453,10.081418020691697,9.476125808785069
Luis Severino,CH,135,10.993768603416727,9.890541565258687
Luis Severino,FC,427,10.379556875220057,9.542632229769799
Luis Severino,FF,678,9.925904428651421,8.852907218094838
Luis Severino,SI,497,8.384426001045432,8.30242427167955
Luis Severino,SL,94,12.0178274979762,10.155829811474426
Luis Severino,ST,622,10.903474482529012,10.505596929237143
Luis Torrens,ALL,21,14.961080042920406,12.044295091062496
Luis Torrens,CH,1,19.111141158383813,20.37504811083585
Luis Torrens,EP,1,42.73686901671842,33.258243258904
Luis Torrens,FA,19,14.310588865981407,11.1914705280258
Luis Vázquez,ALL,6,3.985692314928436,3.9455325432973893
Luis Vázquez,EP,6,3.985692314928436,3.9455325432973893
Luke Jackson,ALL,673,12.34482507978542,10.368188480359974
Luke Jackson,CH,2,17.432491459659854,17.343049896543754
Luke Jackson,CU,110,12.851948864819768,10.398935494518696
Luke Jackson,FC,3,12.413963389971448,11.167726522967655
Luke Jackson,FF,227,12.181492323671012,11.144576084760228
Luke Jackson,SI,3,10.692226909591014,13.209673016925219
Luke Jackson,SL,328,12.57400105222333,9.92842752496001
Luke Little,ALL,72,10.855560137213216,10.06641011632589
Luke Little,FF,37,11.74079789032568,11.902213826785108
Luke Little,ST,35,10.794236948406086,8.501908000279489
Luke Maile,ALL,6,9.323763945970226,11.841555359220717
Luke Maile,FA,6,9.323763945970226,11.841555359220717
Luke Weaver,ALL,966,10.485876892012197,9.20821841876181
Luke Weaver,CH,296,11.146313589899648,9.809055199173654
Luke Weaver,FC,85,9.415727600674796,9.517072551753843
Luke Weaver,FF,569,10.260868691120239,8.982477836373379
Luke Weaver,SL,16,10.848504618395523,9.968040960496753
Luke Williams,ALL,61,15.045367241912512,11.532976452469383
Luke Williams,EP,44,15.210355546143655,11.054580347873046
Luke Williams,FA,17,12.732690864456849,13.116983994495383
Lyon Richardson,ALL,577,10.422166447861525,9.562316917945427
Lyon Richardson,CH,232,11.0350926002345,9.080479465333323
Lyon Richardson,CU,60,11.810450610194406,11.2706509382032
Lyon Richardson,FF,118,9.809575839793535,9.989115464628881
Lyon Richardson,SI,166,9.522000642009633,9.770175400621984
Lyon Richardson,SL,1,21.03127481387682,15.856162001556081
MacKenzie Gore,ALL,2665,11.840459194647993,10.781119518873703
MacKenzie Gore,CH,265,13.98787919854108,13.087697145873635
MacKenzie Gore,CU,647,12.064700298856602,11.454096808593805
MacKenzie Gore,FC,119,10.472481045468006,10.35804600737353
MacKenzie Gore,FF,1307,11.730000354489128,10.143049175392592
MacKenzie Gore,SL,327,10.926800219223797,10.480245526787684
Manuel Rodríguez,ALL,393,12.159900043828374,10.777776335236911
Manuel Rodríguez,FF,66,11.603489066427292,11.02317126376834
Manuel Rodríguez,SI,131,11.41339941892812,10.549410481325205
Manuel Rodríguez,SL,196,12.737345059818315,10.774181469836844
Marc Church,ALL,80,11.814711708856201,11.87892494737354
Marc Church,CH,2,14.34268875712812,10.64811202436979
Marc Church,FF,37,11.719570790513144,11.786437306132278
Marc Church,SL,41,12.028132295987316,12.000163552745493
Marcus Stroman,ALL,661,9.835037273093326,8.879385289185654
Marcus Stroman,CU,30,11.226687201449327,10.711970340059208
Marcus Stroman,FC,110,9.735972903244708,8.415306385955219
Marcus Stroman,FF,28,9.967591064990476,8.800044503738683
Marcus Stroman,FS,71,11.246345230121294,11.207511711846596
Marcus Stroman,SI,247,9.497215567120861,8.75248224787329
Marcus Stroman,SL,42,9.660611291903763,9.034906948799819
Marcus Stroman,SV,133,9.800012062152078,8.934896666881242
Mark Leiter Jr.,ALL,736,12.165710054037318,10.696141785710829
Mark Leiter Jr.,CU,189,13.269090396058417,11.621848171371798
Mark Leiter Jr.,FC,25,9.629063896571331,9.545463944362984
Mark Leiter Jr.,FF,1,3.2767019219868074,5.06610675178154
Mark Leiter Jr.,FS,226,14.555001293087003,12.176839639795016
Mark Leiter Jr.,SI,279,9.42436772749333,8.4357613482746
Mark Leiter Jr.,SL,16,8.271883948930705,9.035527311940871
Martín Pérez,ALL,826,9.10439505066308,8.536458804517121
Martín Pérez,CH,240,8.789904769305512,7.5180925902974645
Martín Pérez,CU,65,10.054407546988907,9.656896801058263
Martín Pérez,FC,231,10.410866290623636,9.462662421324147
Martín Pérez,FF,31,9.485550221078066,8.89539444849991
Martín Pérez,SI,259,8.749750349124303,7.718296025384068
Mason Barnett,ALL,419,11.066705944524529,10.582205159717514
Mason Barnett,CH,43,14.446738907954275,10.768054441664408
Mason Barnett,CU,64,11.071161832804092,11.760294103986276
Mason Barnett,FF,223,10.384352808094755,10.060986891889021
Mason Barnett,ST,89,11.56624862401928,11.179449866261125
Mason Black,ALL,67,10.99075920090014,9.763496911669097
Mason Black,CH,2,17.219342186938835,14.72357944292703
Mason Black,FC,5,10.752750990257587,8.789489589380903
Mason Black,FF,26,7.4783756691391,8.399232862498238
Mason Black,SI,11,12.814829361819607,9.989580785962668
Mason Black,ST,23,11.188516591885014,10.460065098424089
Mason Englert,ALL,692,10.318558151005767,9.49266453813797
Mason Englert,CH,243,13.5435570325844,10.616919420709408
Mason Englert,CU,54,9.244234645215666,8.919960246245124
Mason Englert,FC,134,9.188384738793971,8.935287334216296
Mason Englert,FF,135,9.564157041158179,9.542713530545832
Mason Englert,SI,118,8.608427502309329,7.817316018613319
Mason Englert,ST,3,8.233764519384088,8.197724853227875
Mason Englert,SV,5,9.009221123602728,13.197670838350263
Mason Fluharty,ALL,779,10.21957792555842,9.778100314983407
Mason Fluharty,FC,434,9.548033476541924,9.363441729795014
Mason Fluharty,SI,1,15.045157350326173,15.902439403262482
Mason Fluharty,ST,344,11.219957522671962,10.48217313818376
Mason Miller,ALL,969,11.891805013898578,11.207698224248059
Mason Miller,CH,22,14.734209536700018,12.885027302864557
Mason Miller,FF,497,11.659265180978867,10.793493969548921
Mason Miller,SL,450,12.26455841519078,11.713592032450384
Mason Montgomery,ALL,799,12.642627755762577,10.742843586753189
Mason Montgomery,FC,2,13.344832831957367,13.859344816407836
Mason Montgomery,FF,529,12.144473636283271,10.024601839071531
Mason Montgomery,SL,268,14.087224481466425,12.460952324190458
Mason Thompson,ALL,232,12.648080408574398,11.79557892513773
Mason Thompson,CH,7,14.786579137691122,17.75905998096568
Mason Thompson,CU,12,15.37992493495096,13.105065619403511
Mason Thompson,FF,41,12.040837976379882,10.540321491083201
Mason Thompson,SI,93,11.956217830668527,11.915038894365189
Mason Thompson,SL,79,12.817304368800194,11.912938443935978
Matt Bowman,ALL,405,10.495428488833992,9.263062844935575
Matt Bowman,FC,98,10.98678382843802,8.89980861040521
Matt Bowman,FF,12,11.774727979168567,10.494848625615639
Matt Bowman,FS,34,10.322626712414838,9.859921578370608
Matt Bowman,SI,180,10.077214155309129,8.673158054745034
Matt Bowman,ST,81,10.611585745301655,9.743480898719024
Matt Brash,ALL,759,12.929133381930736,10.406772298563194
Matt Brash,CH,90,19.944263319995358,10.527284206162623
Matt Brash,FF,37,13.19001902141755,10.616237525512902
Matt Brash,KC,6,18.2331658518156,17.70005943556327
Matt Brash,SI,161,10.953531576945839,9.961732610415309
Matt Brash,SL,465,12.885837206285323,10.545953677096682
Matt Festa,ALL,758,10.771493349391683,9.892953589105037
Matt Festa,FC,112,10.294989499355541,9.51665745395031
Matt Festa,FF,297,9.90140016024172,9.088832175690666
Matt Festa,SI,54,11.563548572270719,9.189037730473668
Matt Festa,ST,295,11.978146144654971,11.015061566916124
Matt Gage,ALL,467,11.158344569165763,9.574788286185028
Matt Gage,CH,42,11.97522285017833,11.331335185727863
Matt Gage,FF,123,9.450727212813295,8.066248675159214
Matt Gage,SI,43,11.280359033521261,11.431596103245646
Matt Gage,SL,243,11.649376667294419,9.442879295976457
Matt Gage,ST,16,16.896408145539453,15.526339057966627
Matt Krook,ALL,70,12.663932524146341,10.276786877507071
Matt Krook,CH,12,9.54837665240868,7.453127178348523
Matt Krook,FC,16,12.81210171267638,11.33851215652998
Matt Krook,SI,23,12.035075751549419,10.20578487596378
Matt Krook,ST,19,14.484367073533154,10.726231787811354
Matt Sauer,ALL,471,12.347062131495678,10.29095326902341
Matt Sauer,CU,5,19.79382445389334,17.810533345456264
Matt Sauer,FC,146,11.372260774744317,10.617576063137246
Matt Sauer,FF,109,12.925810867425279,10.192517296452149
Matt Sauer,FS,43,15.835264954691208,13.186906658406294
Matt Sauer,SI,87,11.964185344636785,10.014397334694328
Matt Sauer,SL,81,11.032466070705102,10.27636836678001
Matt Strahm,ALL,950,10.837695762660172,10.345200992260764
Matt Strahm,CH,6,14.211551878021027,12.284196024121341
Matt Strahm,FC,138,10.377081105837997,9.992919563115548
Matt Strahm,FF,359,10.541776397199461,9.705719902662667
Matt Strahm,SI,143,10.182965082402655,9.943353109465676
Matt Strahm,SL,304,11.531736891002916,11.449053961145967
Matt Svanson,ALL,905,10.545125258727305,10.114653871166169
Matt Svanson,FC,145,10.738919314671165,11.232823916817717
Matt Svanson,FF,13,8.95178927872804,6.036155525514332
Matt Svanson,SI,427,9.792929869346926,9.418608790911078
Matt Svanson,ST,320,11.117821550823386,10.757290873078578
Matt Waldron,ALL,96,13.574050735862746,10.96575044359966
Matt Waldron,FF,13,16.054035379855964,10.694580189041405
Matt Waldron,KN,73,13.723027342600968,11.52918797692052
Matt Waldron,SI,7,11.024829494150028,10.202345154279868
Matt Waldron,ST,3,6.723172893647309,5.054732463440523
Matthew Boyd,ALL,2738,11.896740771941596,9.927928248885959
Matthew Boyd,CH,633,9.858400489124048,9.665786631055438
Matthew Boyd,CU,318,12.133305726685258,11.040686893783622
Matthew Boyd,FF,1293,12.8214671680233,9.296141379721576
Matthew Boyd,SI,89,10.552309211140916,9.574192856573488
Matthew Boyd,SL,405,12.543213959772908,12.052052826579597
Matthew Liberatore,ALL,2221,9.834521308105627,9.738989346847445
Matthew Liberatore,CH,273,9.573269268325541,9.267359376399206
Matthew Liberatore,CU,353,14.695305954106626,11.871151453904213
Matthew Liberatore,FC,230,9.771589139527766,9.803477260936468
Matthew Liberatore,FF,647,8.52401025621834,8.68806364854719
Matthew Liberatore,SI,266,8.009433352120496,8.216730225158376
Matthew Liberatore,SL,452,11.640262998633848,10.58453320542225
Max Fried,ALL,2889,11.31611070227171,10.005549950777786
Max Fried,CH,323,9.818695847273283,9.820549673906811
Max Fried,CU,504,11.769148206874716,10.991115328782746
Max Fried,FC,844,11.187571684290766,9.179928270180758
Max Fried,FF,341,13.387095487869908,9.709246223179818
Max Fried,SI,494,9.973736761706547,9.780404722714938
Max Fried,SL,50,10.810290665992081,11.89518649810052
Max Fried,ST,333,13.272957892896168,12.579162813222394
Max Kranick,ALL,478,10.55362330896968,9.930678725211827
Max Kranick,CH,3,14.81870774487976,14.399937425738628
Max Kranick,CU,56,13.2904471815728,12.37885098969241
Max Kranick,FC,1,16.79709357000496,15.451547945569017
Max Kranick,FF,197,10.327252300232727,9.557870771911414
Max Kranick,SL,187,10.531783321518924,9.630782402739754
Max Kranick,ST,34,10.261003666712703,9.826379474607002
Max Lazar,ALL,628,10.618339136152088,10.472764112322343
Max Lazar,FC,98,9.508425586325037,9.195551645632488
Max Lazar,FF,344,10.191102049654269,9.900086097204667
Max Lazar,FS,21,16.65613545594036,13.726910014783256
Max Lazar,KC,165,13.113219791085939,12.410790972333883
Max Meyer,ALL,837,13.58397441892549,10.155242190429094
Max Meyer,CH,141,16.437704130488065,10.793170762856906
Max Meyer,FF,178,11.169210178674984,9.918627149121953
Max Meyer,SI,116,13.482637471739714,9.692655819373467
Max Meyer,SL,303,14.827939398178396,10.368923633370786
Max Meyer,ST,99,12.430949505442921,9.266761716363959
Max Scherzer,ALL,1399,10.154540537337335,8.952197416183143
Max Scherzer,CH,198,11.986557251933757,10.93498193173826
Max Scherzer,CU,169,10.970879891835828,9.652996528865009
Max Scherzer,FC,28,13.189398331325243,12.91767803014628
Max Scherzer,FF,667,9.390942761940426,8.398080577784825
Max Scherzer,SL,337,10.748807775461945,8.680274697158978
McCade Brown,ALL,467,10.943045357671476,10.427150723393325
McCade Brown,CH,26,12.749111640262253,11.862716127253265
McCade Brown,FF,269,10.500712750297286,10.410798878391772
McCade Brown,KC,82,14.985567911680368,12.71252985824821
McCade Brown,SL,90,7.975405386947413,8.50862636153646
Merrill Kelly,ALL,2637,9.799146219340741,8.521389188078627
Merrill Kelly,CH,708,11.641361486937004,8.582436589684104
Merrill Kelly,CU,258,9.591980221585416,8.21514083626986
Merrill Kelly,FC,529,8.179046675225944,8.438812532017312
Merrill Kelly,FF,619,9.20313980607679,8.953820710271337
Merrill Kelly,SI,334,9.904776476718638,8.102413570328771
Merrill Kelly,SL,189,10.05657041017799,8.385438826551773
Michael Darrell-Hicks,ALL,129,12.3670472747887,9.702831002005164
Michael Darrell-Hicks,FC,41,11.336069479614531,9.702831002005164
Michael Darrell-Hicks,FF,6,6.405453831535732,8.76612117559515
Michael Darrell-Hicks,SI,57,12.222790753461146,9.796156895226636
Michael Darrell-Hicks,ST,25,16.33527581982971,10.078846574440824
Michael Fulmer,ALL,88,10.127368738964757,9.133799573144133
Michael Fulmer,CH,9,21.411400193303564,15.321387385824757
Michael Fulmer,CU,8,15.396650886665409,14.123048067583465
Michael Fulmer,FC,38,8.600049979819097,8.546780279001382
Michael Fulmer,FF,20,9.724959071611625,9.02244454759207
Michael Fulmer,SI,9,8.350660472088228,7.951989790824567
Michael Fulmer,ST,4,14.02615671779145,11.897293830763338
Michael Kelly,ALL,633,10.586673141780645,9.993522267242168
Michael Kelly,CH,10,16.05232567103371,11.790060269649448
Michael Kelly,FF,188,10.962789675651063,9.870793718850997
Michael Kelly,SI,28,13.835935345235818,10.484250974533671
Michael Kelly,SL,91,9.542307926069153,9.35240117089855
Michael Kelly,ST,316,10.457861154447354,10.06217535501885
Michael King,ALL,1185,10.554047276872739,9.24614868977386
Michael King,CH,252,10.290744774900741,9.808542079368827
Michael King,FF,294,12.72865381155746,9.88693934994184
Michael King,SI,348,9.554068552239137,8.061878505374697
Michael King,SL,64,8.44762431419964,8.53707869722681
Michael King,ST,227,10.14221634529715,9.669247354276674
Michael Kopech,ALL,227,14.608745609893768,10.882432486234464
Michael Kopech,CH,2,4.695356830218506,6.429318987212641
Michael Kopech,FC,36,15.753498758487208,14.971958958062766
Michael Kopech,FF,189,14.145776073720588,10.590685155537894
Michael Lorenzen,ALL,2235,11.010786788690679,10.219113526183122
Michael Lorenzen,CH,384,11.470442329851368,10.892116072985115
Michael Lorenzen,CU,251,13.531920022801646,11.888623287624085
Michael Lorenzen,FC,241,10.297430181734962,10.42693202509105
Michael Lorenzen,FF,492,11.172338407133552,9.917726582316329
Michael Lorenzen,SI,402,9.648277318765654,9.333760570471004
Michael Lorenzen,SL,271,10.278994672216006,9.58428429640433
Michael Lorenzen,ST,194,10.351616185713427,10.786852579997312
Michael McGreevy,ALL,1399,10.49906950273462,8.227301621863667
Michael McGreevy,CH,142,12.514752687648272,8.479047195407546
Michael McGreevy,CU,167,17.480542699203937,9.972522717625353
Michael McGreevy,FC,137,7.171184951183077,7.361997679530357
Michael McGreevy,FF,358,8.257366426638661,7.336266750943593
Michael McGreevy,SI,311,9.753799688264058,7.418720470037671
Michael McGreevy,SL,3,18.053254619986095,8.387120096496126
Michael McGreevy,ST,281,12.05344775043037,9.12513764837443
Michael Mercado,ALL,44,12.621094707123325,11.453708159343327
Michael Mercado,CU,9,13.62440489207566,12.492568318089676
Michael Mercado,FC,9,15.80042992061511,14.819783375334454
Michael Mercado,FF,26,10.741395879532334,8.629128537497401
Michael Petersen,ALL,315,12.477310253991599,9.44159264205691
Michael Petersen,CH,1,17.406143051515635,12.537132320185254
Michael Petersen,CU,2,8.286173920033066,10.140658861354643
Michael Petersen,FF,176,9.304627818162984,8.73637543258095
Michael Petersen,SI,8,11.593977145990703,10.091624990166817
Michael Petersen,SL,128,17.274177460761383,10.108726175209533
Michael Soroka,ALL,1417,11.502694091327774,10.075507969300581
Michael Soroka,CH,146,12.521937954265077,12.950920968234549
Michael Soroka,FF,661,11.66134708446836,9.409981798135469
Michael Soroka,SI,139,9.429082816044536,8.327642173359646
Michael Soroka,SV,471,11.762717972247774,11.235952321130108
Michael Stefanic,ALL,2,10.093188154294698,10.195532276313854
Michael Stefanic,EP,2,10.093188154294698,10.195532276313854
Michael Tonkin,ALL,289,12.044528131809182,9.682502089391384
Michael Tonkin,FF,169,11.554589405892932,9.50000358496625
Michael Tonkin,SI,21,12.871721215242161,9.514065719326517
Michael Tonkin,SL,74,13.171479405007634,10.138920292726565
Michael Tonkin,ST,25,12.097644097774245,9.692191543832616
Michael Wacha,ALL,2572,9.909677013122522,9.342274249440477
Michael Wacha,CH,648,10.13327832762059,9.533455858523933
Michael Wacha,CU,196,14.140652147836503,13.374579665294451
Michael Wacha,FC,387,9.20761582058011,8.918869366144957
Michael Wacha,FF,696,9.54999300734797,9.023972992093388
Michael Wacha,SI,325,9.211114484867636,9.013192844389698
Michael Wacha,SL,320,9.900519575471833,9.050983272021963
Michel Otañez,ALL,97,13.506401321061903,11.649563456735862
Michel Otañez,FF,38,14.48410523789548,13.836848401942733
Michel Otañez,SI,27,9.43625976793333,10.694601296527374
Michel Otañez,SL,32,16.573811086168163,10.171877159598631
Mick Abel,ALL,561,10.807670685591138,9.344113912453057
Mick Abel,CH,47,13.09740734772899,11.849245166353603
Mick Abel,CU,115,13.213142965720646,11.158658334104693
Mick Abel,FF,234,10.6765969080374,8.682329800870729
Mick Abel,SI,79,10.092367558413835,9.003601857644112
Mick Abel,SL,67,8.682267798462387,7.903697276297369
Mick Abel,ST,19,8.305731970787559,8.5247740678022
Miguel Castro,ALL,91,10.517573836738054,9.022712735825932
Miguel Castro,CH,10,16.30601938037136,10.952829412110717
Miguel Castro,FF,44,8.100950954253,8.31234104836983
Miguel Castro,SI,10,10.584461116637371,10.011004941766075
Miguel Castro,SL,27,10.643389321204593,9.022712735825932
Miguel Rojas,ALL,51,19.555456160360105,13.816663435592384
Miguel Rojas,EP,40,20.862014631754153,13.968104065910463
Miguel Rojas,FA,11,15.79466500919485,12.440738811546478
Mike Burrows,ALL,1338,10.85099155993366,9.444669990576104
Mike Burrows,CH,318,11.360688275255999,10.316391158763116
Mike Burrows,CU,153,12.659100405766806,11.552826195532365
Mike Burrows,FF,527,10.46517204040463,8.94503487123047
Mike Burrows,SI,81,8.749626517140994,8.821736735992797
Mike Burrows,SL,259,10.008466230699744,9.147928831128912
Mike Clevinger,ALL,109,11.62133976729095,10.207504624971326
Mike Clevinger,CH,17,13.707604591156462,10.207504624971326
Mike Clevinger,CU,1,12.495213748685726,6.988647221030482
Mike Clevinger,FC,23,11.225943009604492,11.552521004317843
Mike Clevinger,FF,42,10.014962916442038,10.13857403416159
Mike Clevinger,SI,5,6.0690492524385045,4.140897928149207
Mike Clevinger,ST,21,12.834650550087739,12.464549739124026
Mike Vasil,ALL,1498,11.288973059322412,10.52201278715301
Mike Vasil,CH,186,9.876659790326975,9.641962638372394
Mike Vasil,CU,184,13.89340106862177,12.200121489812183
Mike Vasil,FC,80,13.270772196836116,10.234248490041605
Mike Vasil,FF,214,12.050684325374503,9.666253524486661
Mike Vasil,SI,600,10.091248485536763,9.87210960026011
Mike Vasil,ST,234,12.883301122641917,12.812886203211814
Mike Yastrzemski,ALL,17,13.416019699084663,11.419888658574449
Mike Yastrzemski,CU,1,24.199135896981513,20.01077990033044
Mike Yastrzemski,EP,8,16.14949846222441,12.933617829720134
Mike Yastrzemski,FA,2,10.787735820562848,11.270848123296656
Mike Yastrzemski,KN,6,12.544202164660486,9.674136327459312
Miles Mastrobuoni,ALL,22,16.566272103556347,18.317249018198055
Miles Mastrobuoni,EP,21,16.401523337794718,18.196750114505583
Miles Mastrobuoni,FA,1,18.704983593709127,19.215419236825657
Miles Mikolas,ALL,2305,9.264764643824535,8.84030127592422
Miles Mikolas,CH,266,10.133437301046538,9.158673874687548
Miles Mikolas,CS,4,10.010031654374435,8.065709334013246
Miles Mikolas,CU,402,13.428432253269523,12.684911295527904
Miles Mikolas,FF,642,8.274085712745958,8.093690810453527
Miles Mikolas,SI,387,9.19070484462152,8.12233012580786
Miles Mikolas,SL,536,8.048915124748895,7.92497656235745
Miles Mikolas,ST,68,9.718975371352565,10.043860195450195
Mitch Farris,ALL,386,12.972273558187362,10.260272180523692
Mitch Farris,CH,104,15.369334191354191,12.811216173520126
Mitch Farris,FF,188,13.018869509705617,9.69472422567425
Mitch Farris,SL,94,9.674343987939345,9.385159625437154
Mitch Keller,ALL,2605,10.536319246052685,9.198291891996577
Mitch Keller,CH,185,12.625003781736712,10.07095252315303
Mitch Keller,CU,187,14.341689658633712,11.041906599466298
Mitch Keller,FC,3,8.401241498825243,6.4477391003873326
Mitch Keller,FF,917,8.601965981297761,8.449458977007998
Mitch Keller,SI,461,10.420223616330071,9.517279143484696
Mitch Keller,SL,367,12.048893132256566,9.188692273620084
Mitch Keller,ST,485,11.263393110250997,10.055256104780833
Mitch Spence,ALL,1240,10.168643396227276,9.447080303362942
Mitch Spence,CH,17,16.143654600469652,14.05735960144707
Mitch Spence,CU,221,12.301913174188364,9.96349179726006
Mitch Spence,FC,546,8.705131873413492,9.014294219601974
Mitch Spence,SI,120,11.234913497375299,11.243573967306325
Mitch Spence,SL,336,9.89487864955563,8.465282198336393
Mitchell Parker,ALL,2467,11.314871353270451,10.417582362140179
Mitchell Parker,CU,552,11.354706956860271,10.593701791528105
Mitchell Parker,FF,1366,11.284536687746861,10.109440264169827
Mitchell Parker,FS,252,11.849143502646726,11.448185681280005
Mitchell Parker,SL,297,10.765554496737677,10.299254678051472
Nabil Crismatt,ALL,477,11.383891882772375,9.434081783487704
Nabil Crismatt,CH,174,13.719290156288455,9.91799963881175
Nabil Crismatt,CU,76,11.701930129207454,9.777762806634259
Nabil Crismatt,FF,73,10.322440128112964,11.430717522131301
Nabil Crismatt,SI,128,8.524577766703462,7.820569361648401
Nabil Crismatt,SL,26,11.300077623919424,9.772342616797381
Nate Eaton,ALL,12,17.01017894444976,14.472532736817055
Nate Eaton,EP,6,17.3899490154396,14.389245630430715
Nate Eaton,FA,6,16.314698022551376,14.692968024893641
Nate Pearson,ALL,262,11.427768648034531,10.654349698049835
Nate Pearson,CU,13,24.230116496839234,16.909276260102303
Nate Pearson,FF,134,11.358247158144732,9.297915661809213
Nate Pearson,SI,7,14.332642550227382,17.251436200085188
Nate Pearson,SL,108,11.082655342865054,11.087577372107834
Nathan Eovaldi,ALL,1617,9.944449011635172,8.18646473163019
Nathan Eovaldi,CU,313,10.92410837915407,9.97366989324962
Nathan Eovaldi,FC,324,9.076403076964109,7.6972677339956155
Nathan Eovaldi,FF,346,9.906129490906974,8.212482028019322
Nathan Eovaldi,FS,534,10.297639600700133,8.096405974595637
Nathan Eovaldi,SI,83,6.462493480199628,7.0392473658318995
Nathan Eovaldi,SL,17,8.455686781160997,8.97362750277359
Nathan Wiles,ALL,24,9.520091873887843,7.70070056873126
Nathan Wiles,CH,9,12.37738428604963,14.407441581469786
Nathan Wiles,FC,6,7.309221789772326,6.10528700590448
Nathan Wiles,FF,9,11.493513252546235,8.282320255476055
Nestor Cortes,ALL,527,10.311855081780871,9.238883705291922
Nestor Cortes,CH,73,14.941356314384048,10.390078708278589
Nestor Cortes,FC,179,10.023085638354871,9.332507950747289
Nestor Cortes,FF,204,9.153416660770647,8.604274045822848
Nestor Cortes,SI,1,9.921957873743038,8.16301652078252
Nestor Cortes,ST,70,11.668644044452279,10.30798565583866
Nic Enright,ALL,481,10.311663975950108,9.731934963571561
Nic Enright,CH,1,22.733454099858783,18.808866893391162
Nic Enright,CU,37,20.0658133644782,14.397826772883134
Nic Enright,FF,317,9.859425508159715,9.310308737292472
Nic Enright,SL,126,10.913658737580953,9.56329101531298
Nick Anderson,ALL,226,11.11699500119968,10.059024482629418
Nick Anderson,CH,49,10.9242675985652,10.60664771650932
Nick Anderson,CU,60,13.215141036412398,10.460554818784612
Nick Anderson,FC,1,13.374548768796846,16.70043402174652
Nick Anderson,FF,113,10.366702558306246,9.725750470758536
Nick Anderson,SI,3,16.01349574840977,10.452142265070338
Nick Burdi,ALL,51,11.598163223136806,12.576613214167299
Nick Burdi,CH,2,12.889181369085698,9.806958630826626
Nick Burdi,FF,9,15.54997689247331,13.979913156783619
Nick Burdi,SI,24,10.615036536862728,12.161138391188624
Nick Burdi,SL,16,11.715831134305617,12.716899880042194
Nick Hernandez,ALL,213,12.079522357065667,10.730395264642635
Nick Hernandez,FF,94,12.059931232699018,10.180585900774599
Nick Hernandez,FS,25,16.574365887626538,13.520575153557756
Nick Hernandez,SL,94,11.201490947383162,10.324301722152132
Nick Lodolo,ALL,2172,9.7373191148512,8.485925679441195
Nick Lodolo,CH,454,11.756532101899339,8.422680120141663
Nick Lodolo,CU,637,12.895870995622168,10.938628633594142
Nick Lodolo,FF,611,7.91602882321961,7.700707125181021
Nick Lodolo,SI,470,7.128363891534354,7.116430601151532
Nick Martinez,ALL,2409,9.267051497600283,8.527116267455662
Nick Martinez,CH,470,11.365531728749065,10.264276167159522
Nick Martinez,CU,263,10.897006354914282,10.843058473646341
Nick Martinez,FC,513,8.600575265693742,8.144983757769175
Nick Martinez,FF,504,8.159780294361475,7.300338949213755
Nick Martinez,SI,408,8.936576679576802,7.811115939336404
Nick Martinez,SL,251,9.721003802861341,8.522683552230161
Nick Mears,ALL,813,11.287342891307404,9.443254997196371
Nick Mears,CU,34,11.959976927865078,9.851234538496525
Nick Mears,FF,429,10.8098018534394,9.870919036816664
Nick Mears,SL,350,11.735532755400921,8.92498567746426
Nick Pivetta,ALL,2753,11.126792979785712,9.575905650870022
Nick Pivetta,CU,613,11.047821375236532,10.55746591482293
Nick Pivetta,FC,239,11.793498760962384,9.731141840546826
Nick Pivetta,FF,1315,11.040317553835571,8.810031581240606
Nick Pivetta,FS,5,20.64835166577862,17.581436827147606
Nick Pivetta,SI,75,9.394370142133928,8.887649543934874
Nick Pivetta,SL,14,11.232418335047221,11.392715134839461
Nick Pivetta,ST,492,11.25414696304551,10.185326082584282
Nick Raquet,ALL,27,11.38950725157075,10.008069115549223
Nick Raquet,CH,3,19.76382276238021,12.697530282961457
Nick Raquet,FF,3,9.492619424103818,11.94081407810289
Nick Raquet,SI,8,9.730886828817038,9.444154066666947
Nick Raquet,ST,13,15.121612519495933,9.802304797295626
Nick Sandlin,ALL,273,11.23008171722945,9.805830689264347
Nick Sandlin,FF,56,13.171103896024487,10.69695525865231
Nick Sandlin,FS,52,14.119863832208377,10.230190424852236
Nick Sandlin,KC,2,25.33446508212443,17.365632401948115
Nick Sandlin,SI,29,9.909198974552933,9.805830689264347
Nick Sandlin,SL,134,9.633221929583199,9.325476388343667
Nicky Lopez,ALL,8,18.888164599023384,18.708102764354514
Nicky Lopez,FA,7,18.35852586532739,20.341089730828514
Nicky Lopez,SI,1,19.41780333271938,15.17471745762792
Niko Kavadas,ALL,22,21.222704468265256,11.101133643753084
Niko Kavadas,EP,2,21.101822013311754,8.23289155612861
Niko Kavadas,FA,20,21.293423161755953,11.71135107451627
Noah Cameron,ALL,2015,10.559824671676814,10.154512265360111
Noah Cameron,CH,373,11.849068855625395,11.000913997240819
Noah Cameron,CU,391,12.284352354921108,11.662235794389796
Noah Cameron,FC,435,8.779852090070763,8.871270709648583
Noah Cameron,FF,528,10.641072736561082,9.246884227770543
Noah Cameron,SL,288,10.541494694085412,10.451752931075696
Noah Davis,ALL,236,12.96777112652039,10.859605163560957
Noah Davis,CU,1,15.093813730076233,19.859344598145867
Noah Davis,FC,46,11.810550270764617,11.052114151485718
Noah Davis,FF,18,13.171240626129672,8.937802040326707
Noah Davis,SC,6,13.431275805040269,6.777759202838597
Noah Davis,SI,88,9.885590724175167,8.891481427710893
Noah Davis,SL,4,25.872476365182408,18.965461376979793
Noah Davis,ST,73,16.54575071021185,13.20357453697372
Noah Murdock,ALL,371,11.512199056099618,10.102753535337053
Noah Murdock,FC,85,9.902393463088337,9.536417745729484
Noah Murdock,FS,2,28.002312284908825,22.939802949209
Noah Murdock,SI,213,11.199845281358535,10.594965394529215
Noah Murdock,ST,71,15.343381385010511,11.166062288567284
Nolan Hoffman,ALL,26,12.516825011822348,12.008404653830729
Nolan Hoffman,CH,3,4.472056244430873,4.2220192095057385
Nolan Hoffman,CU,7,15.362245312450774,15.040911063526226
Nolan Hoffman,FC,2,14.902880372412126,14.069264087502713
Nolan Hoffman,FF,14,11.870533391584118,11.850861672471254
Nolan McLean,ALL,631,11.791361642958371,9.786012281139985
Nolan McLean,CH,57,14.021445481201939,10.370354386677667
Nolan McLean,CU,99,17.805376332246286,12.41878099134898
Nolan McLean,FC,55,8.40970730891825,7.876829377319048
Nolan McLean,FF,88,11.142160599658016,10.538760320427965
Nolan McLean,SI,174,10.762028148570462,8.612726381704402
Nolan McLean,ST,157,11.558424463467388,10.158895525693675
Nolan McLean,UN,1,55.52854886868392,
Omar Cruz,ALL,80,14.81495751238121,10.87947409665827
Omar Cruz,CH,21,12.088011212845677,10.421887716980507
Omar Cruz,CU,9,14.763128447762794,15.390468830584073
Omar Cruz,FF,49,15.117631416858583,10.550317393344221
Omar Cruz,SL,1,21.223516208397452,21.19466611095787
Orion Kerkering,ALL,1002,10.176498037290212,9.549471828871573
Orion Kerkering,FF,339,9.877417735817763,9.705620016898296
Orion Kerkering,SI,190,9.607299305818119,8.742171908396951
Orion Kerkering,ST,473,10.393942150956736,9.625978839654453
Orlando Ribalta,ALL,486,11.734635204473106,9.585089725281598
Orlando Ribalta,CH,100,11.524609149560401,10.844531227080799
Orlando Ribalta,FF,180,11.754904528441163,9.017807453993722
Orlando Ribalta,SI,94,12.378833367998176,10.000525647388518
Orlando Ribalta,SL,112,10.382661027819317,9.63859945081236
Osvaldo Bido,ALL,1302,10.45079839487624,9.910642352424066
Osvaldo Bido,CH,140,9.803026287845316,9.970862851036038
Osvaldo Bido,FC,85,9.875341170477713,8.796671283420388
Osvaldo Bido,FF,494,10.83624792174807,9.944391884484116
Osvaldo Bido,SI,193,9.695780171438333,9.202240649150346
Osvaldo Bido,SL,390,10.18381847218905,10.167115438569866
Oswald Peraza,ALL,21,16.71798289373398,13.799534400336924
Oswald Peraza,CU,15,14.567525837685164,12.441750611197024
Oswald Peraza,SL,6,30.532650881494746,27.105521963966154
Owen White,ALL,116,9.994706246717003,9.305404187992671
Owen White,CH,10,11.69733327161099,10.876457327363354
Owen White,CU,5,7.056967197652908,2.7692603540371983
Owen White,FC,26,11.879126569197101,9.890972767948366
Owen White,FF,35,8.822663407349491,7.444814668022169
Owen White,SI,7,10.324580861417417,7.108907328955297
Owen White,ST,33,12.568533550942155,9.573140172021793
PJ Poulin,ALL,392,10.28905663975883,9.715260716327984
PJ Poulin,CH,90,13.453715828207383,10.941426183821875
PJ Poulin,FF,173,9.573707978405864,9.597191089032108
PJ Poulin,SI,35,9.154180735248481,7.216234241215737
PJ Poulin,ST,94,11.392683356021678,9.718662700038708
Pablo López,ALL,1080,11.747576833328592,9.034440359235422
Pablo López,CH,239,14.960996651494503,8.940483790394227
Pablo López,CU,109,19.063156589398684,10.872878992029596
Pablo López,FF,435,9.31400345582915,8.559137734297552
Pablo López,SI,64,12.732889296753125,8.076423084843505
Pablo López,ST,233,10.185474952392223,9.8727404629378
Parker Messick,ALL,596,8.767166358834913,8.290878501622844
Parker Messick,CH,139,10.67741782686708,9.099497486859638
Parker Messick,CU,75,10.36613963135942,10.033632800223359
Parker Messick,FF,214,8.2444633021948,8.1037003382263
Parker Messick,SI,83,7.664855050138057,7.28462261502524
Parker Messick,SL,85,7.907431930998719,7.7162523671563035
Patrick Corbin,ALL,2479,9.916181761882289,8.829705592845487
Patrick Corbin,CH,232,11.444026844496284,11.391124209553244
Patrick Corbin,CU,14,12.660854421776492,12.490853930514243
Patrick Corbin,FC,618,8.838321315510095,8.215907643426934
Patrick Corbin,FF,64,11.295406860574962,9.406775430154406
Patrick Corbin,SI,725,10.859907752863165,8.380467500514573
Patrick Corbin,SL,826,9.684958394876197,9.141833646841496
Patrick Monteverde,ALL,81,12.14685788564328,10.737815842537056
Patrick Monteverde,CH,9,17.44687240347109,13.603451057379472
Patrick Monteverde,CU,11,10.641384322290559,10.871116138335632
Patrick Monteverde,FC,36,13.118962143480184,10.94591447809588
Patrick Monteverde,FF,12,13.060118665034302,10.965354052441736
Patrick Monteverde,SI,11,3.8646869972816678,3.4901168050493667
Patrick Monteverde,SL,2,18.75691831458513,18.784962236335666
Paul Blackburn,ALL,568,11.439260874198256,9.390018013594293
Paul Blackburn,CH,58,12.39031919580668,9.47461501314567
Paul Blackburn,CU,70,18.480076213725834,12.127536657701286
Paul Blackburn,FC,147,8.509239530787148,8.070864982810965
Paul Blackburn,FF,26,11.485397490373344,11.32839980200125
Paul Blackburn,SI,164,10.208764779354707,9.019818382089262
Paul Blackburn,ST,103,12.576585726305611,9.9745832738106
Paul Gervase,ALL,134,9.738727961735968,9.129799760265957
Paul Gervase,FC,16,9.977627306288465,8.462353702035978
Paul Gervase,FF,79,9.551659342579011,9.1887104121648
Paul Gervase,SL,39,10.051505034095092,8.55511767645789
Paul Sewald,ALL,291,11.801907608461685,9.355800510683613
Paul Sewald,FF,170,8.459657540050497,8.148971086377959
Paul Sewald,ST,121,16.788560881401043,10.642757573991744
Paul Skenes,ALL,2859,11.762581001210975,8.721447761828518
Paul Skenes,CH,309,17.969308428103236,9.093440607491354
Paul Skenes,CU,137,15.972436388350813,11.298361152101798
Paul Skenes,FF,1110,9.508405416055993,8.455666281513057
Paul Skenes,FS,383,13.857321208372023,7.99736445885334
Paul Skenes,SI,301,13.14536485604752,7.824562083686659
Paul Skenes,SL,162,9.485107950495607,9.31222341217878
Paul Skenes,ST,457,10.715193283001769,9.502445007202411
Paxton Schultz,ALL,383,10.608559022644402,8.803975250175114
Paxton Schultz,CH,77,16.288402554413036,9.449892222564847
Paxton Schultz,FC,113,9.942261220599933,8.519665127154964
Paxton Schultz,FF,141,8.406075787393128,8.27404329241786
Paxton Schultz,SL,52,10.832029198096402,10.678298162560592
Payton Tolle,ALL,286,11.25925589705112,10.775686662490305
Payton Tolle,CH,18,18.81286831532178,12.884144979502096
Payton Tolle,CU,16,17.58940702843288,14.716739496045257
Payton Tolle,FC,38,9.870147742930033,10.59805624585628
Payton Tolle,FF,186,10.927153810149413,10.401300355431665
Payton Tolle,SL,28,11.214637111270576,11.020975309122932
Penn Murfee,ALL,205,11.934954156644343,10.932153146011537
Penn Murfee,CH,2,25.84209324297786,17.328359627011153
Penn Murfee,FF,77,10.566963154237524,10.679952084184754
Penn Murfee,SI,29,9.150647762182473,11.186127155943298
Penn Murfee,ST,97,12.552382243264319,10.932153146011537
Pete Fairbanks,ALL,929,11.678974493603087,10.850446669830212
Pete Fairbanks,CH,44,12.876428223431567,11.085942709472185
Pete Fairbanks,FC,36,11.379157167196796,9.619957148239552
Pete Fairbanks,FF,477,11.46323181058093,10.908860541180228
Pete Fairbanks,SL,372,11.725514445443851,10.795376970908674
Phil Maton,ALL,984,10.849614315120581,9.784338827156912
Phil Maton,CH,1,15.743963445105218,14.481122666090956
Phil Maton,CU,372,11.085980603106119,10.154776099411805
Phil Maton,FC,352,10.748227829464355,9.462845101514137
Phil Maton,FS,2,18.735010681890916,13.987633066159292
Phil Maton,SI,121,11.243904641677368,11.057542634275505
Phil Maton,ST,136,10.500736437676196,9.510130914179413
Philip Abner,ALL,70,11.383028880504158,11.019242869320962
Philip Abner,CU,4,16.90608816061704,15.260605628751385
Philip Abner,FF,51,11.635074091308548,10.841159038541788
Philip Abner,SL,15,9.444535625763892,11.197326700100135
Pierce Johnson,ALL,896,10.990114033599657,9.989201833375665
Pierce Johnson,CU,648,10.799846972786133,10.347237084166789
Pierce Johnson,FC,42,9.202180914374207,9.422188203435454
Pierce Johnson,FF,206,11.897405923293283,9.749501245431968
Pierson Ohl,ALL,497,10.828364924680846,9.303294042820715
Pierson Ohl,CH,193,12.54273530743324,9.262884236122892
Pierson Ohl,CU,29,14.948581164135048,12.509316671602914
Pierson Ohl,FC,60,11.661882769061052,10.083532885777934
Pierson Ohl,FF,211,8.747111717299607,8.817408925448047
Pierson Ohl,KN,4,15.908670552802995,14.045674091700278
Porter Hodge,ALL,533,12.28417118104124,11.254021735061988
Porter Hodge,FF,265,12.970875985437576,11.947885643686904
Porter Hodge,FS,3,16.872160140726862,10.234269034904461
Porter Hodge,SL,92,11.658364378460881,11.196641717610694
Porter Hodge,ST,173,10.98683593306722,10.447487189125392
Quinn Priester,ALL,2150,11.94111887872718,10.169369963281909
Quinn Priester,CH,25,14.291185792530698,15.403241393993643
Quinn Priester,CU,188,14.884404775380688,10.868806434389095
Quinn Priester,FC,472,10.784047899043134,10.605059136331079
Quinn Priester,SI,886,11.320186209737145,9.980187249884338
Quinn Priester,SL,579,12.700736729303056,9.783995205272106
Rafael Montero,ALL,1014,11.72354245974683,8.833217914089332
Rafael Montero,FF,404,8.531799457879252,7.8441242224806516
Rafael Montero,FS,483,14.885655703647856,9.300505407193612
Rafael Montero,SI,48,10.842332397991498,8.943404731230611
Rafael Montero,SL,79,13.717470147760427,10.001063970916142
Raisel Iglesias,ALL,859,9.44514906429558,8.412623383937285
Raisel Iglesias,CH,240,10.246931133199599,8.135065618492359
Raisel Iglesias,FF,347,8.654656895541514,8.72530024240957
Raisel Iglesias,SI,193,8.206101332739495,8.12397136140104
Raisel Iglesias,SL,79,10.335648487634094,8.873787223693336
Randy Dobnak,ALL,78,12.776616414174068,8.563010372997532
Randy Dobnak,CH,19,14.702307514857416,9.20941917933448
Randy Dobnak,FF,10,7.735119834431607,7.384183218058924
Randy Dobnak,SI,27,11.970183542643934,8.428040341684827
Randy Dobnak,ST,22,15.024986511350367,10.86484739828563
Randy Rodríguez,ALL,760,11.762410046325087,10.42975328462651
Randy Rodríguez,FF,423,11.793330823179536,11.133700202276316
Randy Rodríguez,SL,337,11.69893875478833,9.835790217109379
Randy Vásquez,ALL,1806,10.034453115134362,9.232598978494424
Randy Vásquez,CH,127,12.226079206342401,10.605698645185365
Randy Vásquez,CU,226,11.724789412791804,9.901637117121545
Randy Vásquez,FC,451,8.799527130960806,8.415595796507606
Randy Vásquez,FF,380,9.504838402937855,9.146043138153214
Randy Vásquez,SI,348,9.780636249851092,8.844663197235892
Randy Vásquez,SL,39,11.254682527385446,10.050345789838952
Randy Vásquez,ST,235,11.832645702767978,10.493929389900778
Randy Wynne,ALL,42,9.810296014442855,8.927838240569205
Randy Wynne,CH,5,9.919963376083725,5.458610164169662
Randy Wynne,CU,4,17.215718750262795,11.751525231954025
Randy Wynne,FC,8,9.805176309786605,9.361993602559483
Randy Wynne,FF,19,6.595591590564547,6.990060664190452
Randy Wynne,SI,4,10.055021045352323,9.496998397677853
Randy Wynne,SL,2,6.338877447848862,8.755607328870088
Ranger Suarez,ALL,2239,8.870419605126727,8.268758131024278
Ranger Suarez,CH,418,11.919164175103777,9.992458611993236
Ranger Suarez,CU,360,10.955161832561277,9.381831409595808
Ranger Suarez,FC,384,7.1116644475492965,7.150074408137183
Ranger Suarez,FF,330,8.681941838432504,8.040771882103503
Ranger Suarez,SI,647,7.553188219303198,7.355277207006831
Ranger Suarez,SL,100,9.91788919531686,7.890498059310536
Reed Garrett,ALL,867,13.28001920819124,10.002535171343935
Reed Garrett,FC,243,9.666219957652128,8.908062617646577
Reed Garrett,FF,35,12.521302857693183,12.593492510654574
Reed Garrett,FS,195,21.44990955718236,10.688796250705696
Reed Garrett,SI,207,14.227254372952356,10.16090743304226
Reed Garrett,ST,187,12.163166833666002,10.164203913260401
Reese McGuire,ALL,7,23.230258336667386,19.21961877688825
Reese McGuire,CU,2,27.58952322925517,23.92714045556376
Reese McGuire,SL,5,23.230258336667386,18.69007699394154
Reese Olson,ALL,1098,12.588358641147641,9.115334425342581
Reese Olson,CH,289,17.822529118018696,8.838051744434226
Reese Olson,CU,61,20.002217969330573,14.325934194899947
Reese Olson,FF,210,9.045829940930211,8.262867314404424
Reese Olson,SI,293,8.955393267548622,8.388872255744921
Reese Olson,SL,240,14.2177429633994,9.792464330307617
Reese Olson,ST,5,6.334686883875269,12.782629180434753
Reid Detmers,ALL,976,12.172580118617095,10.284732659696955
Reid Detmers,CH,1,9.880696913614331,8.664078523240077
Reid Detmers,CU,193,13.076490193729782,12.444052900910512
Reid Detmers,FF,447,13.12448180272174,9.732071728332837
Reid Detmers,FS,2,23.68106883483697,22.83668899646241
Reid Detmers,SI,21,9.181796508140872,9.338121777936363
Reid Detmers,SL,312,10.90567767866937,10.476955041142148
Reiver Sanmartin,ALL,24,11.237707056422224,6.880593826116635
Reiver Sanmartin,CH,12,11.459641678420597,7.798829892195878
Reiver Sanmartin,FF,3,11.111445329455513,10.466142539917668
Reiver Sanmartin,SI,7,5.554422668947671,4.120156619212921
Reiver Sanmartin,SL,2,16.357808948166756,9.6315576224296
Reynaldo López,ALL,90,9.69418813217746,8.799011127630308
Reynaldo López,CH,1,9.65324528589071,12.365211714074997
Reynaldo López,CU,12,13.521190169048765,8.774758051370664
Reynaldo López,FF,47,8.227177541636227,7.61051871836133
Reynaldo López,SL,30,15.323771714735361,11.744551696151493
Rich Hill,ALL,162,11.797839105805652,10.314646053964363
Rich Hill,CH,1,1.268921052136339,3.2609066535825355
Rich Hill,CU,57,8.737806893351625,8.939849342241008
Rich Hill,FC,25,9.805279503330665,10.741488784812804
Rich Hill,FF,59,13.10425526897041,11.534090374344652
Rich Hill,SI,11,14.17766847514955,9.69361543893157
Rich Hill,ST,9,15.74589636190789,14.457353248936757
Richard Fitts,ALL,646,10.336122453627375,9.03221884836808
Richard Fitts,CH,17,14.014299460670324,14.805216183665902
Richard Fitts,CU,73,11.67369751519713,8.534871617534971
Richard Fitts,FF,257,10.895637021600335,9.09592358192757
Richard Fitts,SI,57,10.47640771711519,8.38384973223079
Richard Fitts,SL,183,9.282313893958335,8.859191900528158
Richard Fitts,ST,59,8.91643175719838,10.726496321676828
Richard Lovelady,ALL,201,10.54490899456406,9.900227383613021
Richard Lovelady,FF,26,9.496157352368297,8.449654514394954
Richard Lovelady,SI,67,9.397162254854626,9.094850232064214
Richard Lovelady,SL,21,10.49935435303323,11.014738349042677
Richard Lovelady,ST,87,12.09243338531431,10.023607925847381
Rico Garcia,ALL,559,11.67071162955443,10.491079362974727
Rico Garcia,CH,125,11.354316639851342,10.712954749953692
Rico Garcia,CU,109,14.23496054773451,10.61049733689058
Rico Garcia,FC,1,0.7119557038186799,0.42194370324085656
Rico Garcia,FF,217,11.389275125365861,10.045821018926876
Rico Garcia,SL,107,11.091163591427499,10.4963873508754
Riley O'Brien,ALL,722,12.121646204708682,10.908967036049022
Riley O'Brien,CH,1,12.914704157254091,14.943207940741706
Riley O'Brien,SI,348,11.713266860830908,11.066505357629284
Riley O'Brien,SL,220,10.499954561469892,10.312341533763519
Riley O'Brien,ST,153,17.084511813843488,11.839920299745575
Roansy Contreras,ALL,178,11.695072751330404,9.995324021586406
Roansy Contreras,CH,21,14.014667969408363,13.845031532272177
Roansy Contreras,CU,32,11.74794272143317,10.293576978326243
Roansy Contreras,FF,74,9.646244756405324,8.44377094249353
Roansy Contreras,SI,18,16.54111052562242,13.148079024330485
Roansy Contreras,SL,33,11.374818780832026,10.616125416614178
Rob Zastryzny,ALL,277,11.406238540277398,10.317332595154154
Rob Zastryzny,CH,8,10.669725805965076,15.880967407365159
Rob Zastryzny,FC,91,10.67595412655883,10.232103970889714
Rob Zastryzny,FF,123,10.913184187896606,9.54547734871238
Rob Zastryzny,FS,16,27.22597605406839,15.6937963168504
Rob Zastryzny,ST,39,14.08560065220151,11.710604567643518
Robbie Ray,ALL,2667,11.216424239930143,9.591915745996753
Robbie Ray,CH,346,11.780835687860876,10.57597394544332
Robbie Ray,FF,1391,10.692326050811523,8.876452734678526
Robbie Ray,KC,328,12.303537372763788,11.216281890731004
Robbie Ray,SI,2,20.223741152525353,17.434132830554844
Robbie Ray,SL,589,11.32526794339083,9.756701450790661
Robbie Ray,ST,11,14.244336147261164,15.8182842030857
Robert Garcia,ALL,814,10.921239143799564,9.141003990086393
Robert Garcia,CH,221,11.39774682913497,9.20650462579108
Robert Garcia,FC,1,22.316057688340237,22.2138468371093
Robert Garcia,FF,365,11.275393352273323,9.294636258838043
Robert Garcia,SL,227,10.259708938765275,8.226772383619245
Robert Gasser,ALL,91,12.035745593507457,8.71197856153763
Robert Gasser,CH,9,21.02507754604366,10.348616753283919
Robert Gasser,FC,2,16.695565804810514,11.1297686612711
Robert Gasser,FF,29,11.914221934874949,9.987132365451505
Robert Gasser,SI,15,8.331681021434093,9.568433588441428
Robert Gasser,ST,36,12.36672512139192,6.592598440878554
Robert Stephenson,ALL,141,12.071249532096754,10.391910079122608
Robert Stephenson,FC,106,12.226920678301944,10.405612201179455
Robert Stephenson,FF,23,10.947370815267423,10.385402809789747
Robert Stephenson,FS,12,12.317056808469129,10.862306178280724
Robert Stock,ALL,53,11.378866612804076,11.423621105425086
Robert Stock,CH,3,9.787891497956505,9.458976977850039
Robert Stock,FC,24,11.30015028390959,10.134165448366883
Robert Stock,FF,5,19.892247803377156,16.79648558917255
Robert Stock,SI,17,11.459359870374955,12.17650371459528
Robert Stock,ST,4,8.339053432527425,10.31288393657817
Robert Suarez,ALL,1056,10.400896058862909,9.489853440624229
Robert Suarez,CH,248,11.222657722964328,9.722549094457431
Robert Suarez,FC,2,5.157989925758523,4.706891532960938
Robert Suarez,FF,674,10.063928664842685,9.568168241276267
Robert Suarez,SI,132,9.451868446395206,8.383097101023196
Robinson Piña,ALL,59,10.665920593180083,10.239675859546507
Robinson Piña,FF,11,5.666289901030344,4.789727508642709
Robinson Piña,FS,13,15.98104705898816,14.134637635795322
Robinson Piña,SI,26,11.16664095800536,10.34853451961719
Robinson Piña,SL,9,11.156452139706753,10.076659289872119
Roddery Muñoz,ALL,124,12.509490964447973,11.132079154204341
Roddery Muñoz,CH,1,20.87793468830431,14.87734371028643
Roddery Muñoz,FC,31,12.923358413210387,11.22251827112191
Roddery Muñoz,FF,16,11.491373198504995,11.47613373698642
Roddery Muñoz,SI,39,9.026100556461335,8.603329205039778
Roddery Muñoz,SL,37,16.376959648559605,11.825431555001106
Roki Sasaki,ALL,565,13.488937244308552,10.50109760767232
Roki Sasaki,FF,293,13.430208017920465,9.502932458323333
Roki Sasaki,FO,206,14.626786673204846,12.712536295426588
Roki Sasaki,SI,5,11.416241790820782,8.12856061021076
Roki Sasaki,ST,61,10.926164325038698,11.260513683386487
Rolddy Muñoz,ALL,71,14.868772000862966,11.1196911392792
Rolddy Muñoz,FF,1,11.77678411826752,12.827136379718036
Rolddy Muñoz,SI,37,15.876995710304925,11.649917850126945
Rolddy Muñoz,SL,33,13.750113562814745,10.78887910265622
Ron Marinaccio,ALL,156,12.274853730262699,10.59642483760719
Ron Marinaccio,CH,32,13.908160154774446,9.824745977147609
Ron Marinaccio,FC,32,10.342740885238104,9.922513558125782
Ron Marinaccio,FF,75,12.347641877472315,10.617388265870002
Ron Marinaccio,ST,17,11.536827234177258,12.35482187003516
Ronel Blanco,ALL,697,10.794125107564877,9.806271216284092
Ronel Blanco,CH,89,12.528679630036757,10.749792842633852
Ronel Blanco,CU,138,10.719406814981912,10.740465559325319
Ronel Blanco,FF,256,9.94561638046158,9.680377315711432
Ronel Blanco,SL,214,9.523966393980995,8.928871169510755
Ronny Henriquez,ALL,1084,13.99293897824299,10.08706517582888
Ronny Henriquez,CH,182,16.14793309185753,10.57270925345174
Ronny Henriquez,FF,317,12.118673848844672,9.724709293873875
Ronny Henriquez,SI,23,14.636442964389316,10.435108421825152
Ronny Henriquez,SL,252,14.013734149725309,10.128491871737758
Ronny Henriquez,ST,310,15.004358402649462,10.2958318757824
Rowdy Tellez,ALL,18,17.103114172090972,12.250305202775287
Rowdy Tellez,EP,17,18.688816942663824,13.028012551337046
Rowdy Tellez,FA,1,10.514980191220333,9.16938196002472
Ryan Bergert,ALL,1057,10.143983946772906,9.171057432092862
Ryan Bergert,CH,84,10.895682856430223,11.074370079224137
Ryan Bergert,CU,9,11.36081269748119,12.118761782332326
Ryan Bergert,FF,448,10.00520885186846,8.899589287103648
Ryan Bergert,SI,67,10.398180757875675,9.041065066207208
Ryan Bergert,SL,264,9.595895061950808,9.153977046813964
Ryan Bergert,ST,185,10.431931784700621,9.548786988207498
Ryan Borucki,ALL,566,11.262846637625383,10.466684380000107
Ryan Borucki,FS,95,11.401383110277314,10.738566832891824
Ryan Borucki,SI,149,9.67611410359418,8.663103518530132
Ryan Borucki,SL,235,11.23155822842752,10.756160440798824
Ryan Borucki,ST,87,14.143881747712182,12.141570992070385
Ryan Brasier,ALL,319,11.075432607100963,9.681700530425966
Ryan Brasier,FC,46,10.404092075884178,9.353139895642025
Ryan Brasier,FF,104,10.66952562936764,9.244883572286815
Ryan Brasier,SI,51,10.198049578023044,9.389244953496478
Ryan Brasier,SL,118,11.803933585991846,10.020623984993591
Ryan Burr,ALL,33,11.067354400608954,10.88802265087353
Ryan Burr,FF,8,6.382377589247429,7.446124814604689
Ryan Burr,SL,25,11.824884644985127,12.01090039815973
Ryan Feltner,ALL,392,12.07189160380085,10.279295077314586
Ryan Feltner,CH,72,11.963743561505726,11.816607072198982
Ryan Feltner,CU,23,11.065477410146155,10.3711429802747
Ryan Feltner,FF,130,13.844761514818412,9.581503116334137
Ryan Feltner,SI,58,12.531768067772662,9.067007806128327
Ryan Feltner,SL,61,10.897653633578502,10.93338358853099
Ryan Feltner,ST,48,9.923307367112603,10.170906409966467
Ryan Fernandez,ALL,469,11.280510251620196,9.921419688749113
Ryan Fernandez,CH,37,12.535142635359003,9.95820661434866
Ryan Fernandez,FC,31,10.938500903554875,12.375920094973822
Ryan Fernandez,FF,177,11.358856566729996,9.146911287655318
Ryan Fernandez,SL,224,11.156141562262125,10.537643673551095
Ryan Fitzgerald,ALL,16,11.38575980947811,9.79274838128935
Ryan Fitzgerald,CU,1,6.5867952107440075,4.450090203263738
Ryan Fitzgerald,EP,5,17.493514817960428,11.597033086256308
Ryan Fitzgerald,SL,10,6.579656944933468,7.041774440957843
Ryan Gusto,ALL,1594,11.3718941626737,9.505301786138183
Ryan Gusto,CH,155,14.6218124351406,12.009489821874066
Ryan Gusto,CU,245,13.03199398348503,11.434506154981651
Ryan Gusto,FC,183,9.739165416966378,8.87957424268019
Ryan Gusto,FF,687,11.253646129956559,8.788815499660151
Ryan Gusto,SI,163,10.245214292121759,8.53721290636567
Ryan Gusto,ST,161,10.405282813340655,10.37043344366284
Ryan Helsley,ALL,907,12.334864984565577,11.148973746849789
Ryan Helsley,CU,53,14.346228704445483,16.76979965842933
Ryan Helsley,FC,13,7.946592558687071,7.7516492327031274
Ryan Helsley,FF,411,10.924760718788498,10.626432906118927
Ryan Helsley,SL,430,13.17860057241683,11.060089592706412
Ryan Johnson,ALL,246,10.83697577716545,9.40817632308588
Ryan Johnson,FC,109,10.775690654679417,9.258190836773831
Ryan Johnson,FF,2,13.098355324456866,9.229611070817654
Ryan Johnson,FS,15,15.66844651352676,13.095267059827519
Ryan Johnson,SI,51,12.029531801836871,9.444780450836335
Ryan Johnson,SL,15,7.8900074779528895,8.311430453463492
Ryan Johnson,ST,54,9.59438506862428,7.81014733666153
Ryan Loutos,ALL,225,12.065115738267002,10.438416891828464
Ryan Loutos,CH,37,12.163879682081728,11.197406017876892
Ryan Loutos,FF,104,12.284757090648878,10.315436080573495
Ryan Loutos,SI,12,14.4162601293481,10.079527733455286
Ryan Loutos,SL,51,11.546043146557635,11.192507327031517
Ryan Loutos,ST,21,10.089538847424315,8.911493333074676
Ryan Pepiot,ALL,2516,12.679282145233913,10.616696174941376
Ryan Pepiot,CH,634,15.443548739861203,10.920495348465682
Ryan Pepiot,CU,80,20.26451022658255,16.722990817098598
Ryan Pepiot,FC,163,12.052571480746456,10.468125181273132
Ryan Pepiot,FF,1133,11.243924848853618,10.074215912023485
Ryan Pepiot,SI,64,12.507222904731366,10.014624334637322
Ryan Pepiot,SL,442,12.306933353530704,11.589370353406755
Ryan Pressly,ALL,618,11.178898538403125,9.604557028674227
Ryan Pressly,CH,37,12.771058506143593,10.669128104952494
Ryan Pressly,CU,149,12.575838330654001,9.680683354534583
Ryan Pressly,FF,225,9.62013867174784,8.901622693272277
Ryan Pressly,SI,75,12.371471443372512,10.417828067095323
Ryan Pressly,SL,132,11.378738258405381,9.938303125616072
Ryan Rolison,ALL,639,11.056392775922156,10.399705948971347
Ryan Rolison,CH,23,13.443606118218218,12.53449790161904
Ryan Rolison,CU,206,11.67568712627385,10.252668598278326
Ryan Rolison,FF,302,10.736967591517791,10.606690107253929
Ryan Rolison,SL,108,11.212725190009293,10.237625144803841
Ryan Thompson,ALL,570,9.229409127373668,8.969067560216079
Ryan Thompson,FC,1,11.685228320118444,10.280306392068546
Ryan Thompson,FF,42,9.090266702107112,8.293735475514845
Ryan Thompson,FS,2,11.333529266812752,12.186458209303211
Ryan Thompson,SI,290,8.423829702489959,8.316430912082573
Ryan Thompson,SL,235,10.08488071602301,9.92011191902366
Ryan Walker,ALL,933,11.93547586518226,10.398848106835315
Ryan Walker,CH,4,34.32024616672951,30.184178903951164
Ryan Walker,FF,2,27.78548902303025,24.063311140659057
Ryan Walker,SI,581,10.566746985682018,9.66348471064782
Ryan Walker,SL,346,13.843069376908907,11.605772473014826
Ryan Weathers,ALL,567,12.286998517804376,10.01119745211633
Ryan Weathers,CH,164,11.404508940859243,10.797625646311426
Ryan Weathers,FF,265,12.221941361573757,8.47271029891321
Ryan Weathers,SI,16,15.052972622449293,11.611023641544651
Ryan Weathers,SL,22,13.820493349335827,11.8960173024787
Ryan Weathers,ST,100,12.990387197173952,11.138631832066245
Ryan Yarbrough,ALL,921,10.54391589870455,8.981348187276922
Ryan Yarbrough,CH,192,12.3782332716316,10.278291984570892
Ryan Yarbrough,FC,235,11.473055389290826,9.038296777618628
Ryan Yarbrough,FF,119,10.339651598241971,8.964217141138105
Ryan Yarbrough,SI,194,9.735457731840192,8.39662789268915
Ryan Yarbrough,ST,181,9.737630610949845,8.781899333122652
Ryan Zeferjahn,ALL,996,12.037332271492705,11.118705729200915
Ryan Zeferjahn,CU,25,12.742509082739735,12.772745627154771
Ryan Zeferjahn,FC,221,11.557472303361845,10.724631091551464
Ryan Zeferjahn,FF,312,11.824193748306612,10.458804056695271
Ryan Zeferjahn,SI,6,13.662517954062466,13.589578519141913
Ryan Zeferjahn,SL,163,11.864286739579699,11.10434102135999
Ryan Zeferjahn,ST,269,12.711592558354557,11.9989800684979
Ryne Nelson,ALL,2192,10.242807382397345,9.983743956805235
Ryne Nelson,CH,65,10.844925836035172,10.649340895889578
Ryne Nelson,CU,237,11.839290908278178,10.81847710639959
Ryne Nelson,FC,220,9.534979903348297,9.582726698735632
Ryne Nelson,FF,1364,9.786931746201248,9.737369517130173
Ryne Nelson,SL,306,11.959197571952608,10.190428176536454
Ryne Stanek,ALL,909,11.598226850534028,10.88728813033438
Ryne Stanek,FF,513,10.30512251567794,10.25819298711225
Ryne Stanek,FS,109,16.86234220503305,12.736527133897335
Ryne Stanek,SL,204,13.523909549033888,11.891500533345093
Ryne Stanek,ST,83,12.238333164774359,10.71494676678524
Sam Aldegheri,ALL,296,12.193536819340954,10.42553981195892
Sam Aldegheri,CH,71,12.554563351627014,8.928680044529836
Sam Aldegheri,CU,34,13.805345974182211,14.339624808458435
Sam Aldegheri,FF,139,10.184617406391455,9.42667068472533
Sam Aldegheri,SL,52,14.911119799782135,13.859503854493383
Sam Bachman,ALL,316,11.906920498165487,11.622127163820368
Sam Bachman,CH,27,15.954298715015055,12.160725238782755
Sam Bachman,FF,6,24.89914636019342,23.083140130289884
Sam Bachman,SI,110,12.294311290242625,10.89182271580657
Sam Bachman,SL,173,11.10107977353702,11.567022022834122
Sam Long,ALL,706,11.954183878253325,11.3262852419698
Sam Long,CU,122,14.134167908616284,13.211746233308956
Sam Long,FF,257,11.629410802268664,11.031473473404631
Sam Long,FS,69,11.208309356216606,9.668847704596493
Sam Long,SI,70,11.463134425384975,9.837244241383178
Sam Long,SL,180,11.598704057186797,11.327471433332693
Sam Long,ST,8,16.979125417228822,14.118634137374737
Sam Moll,ALL,287,12.227722114318997,11.817241816248407
Sam Moll,CH,31,14.462659309501197,15.298138110478307
Sam Moll,FF,69,9.874354963562032,9.94555170977529
Sam Moll,SI,64,11.12816372423457,11.095934035098054
Sam Moll,ST,123,12.762535956366674,12.46773134512106
Sammy Peralta,ALL,145,9.726140823668139,7.902289201769189
Sammy Peralta,CH,15,11.608200762591654,8.543449692378532
Sammy Peralta,FF,12,13.275150083139211,9.042553279883535
Sammy Peralta,SI,48,10.388219605823839,7.689679630084114
Sammy Peralta,SL,69,8.316018545555737,7.902289201769189
Sammy Peralta,ST,1,17.936492641277436,17.04469945693019
Sandy Alcantara,ALL,2687,12.13964666545903,9.034914102438185
Sandy Alcantara,CH,623,14.597505927620947,9.314171725112725
Sandy Alcantara,FC,447,11.271449914897538,9.029401628602663
Sandy Alcantara,FF,465,10.66130653811635,9.224105202327495
Sandy Alcantara,SI,692,10.708170707996853,8.34424909375464
Sandy Alcantara,SL,460,12.775868670268942,9.9123357716561
Sauryn Lao,ALL,179,11.880971821410483,9.90184545103444
Sauryn Lao,CH,13,18.492287848276927,14.961925973110219
Sauryn Lao,FF,52,9.526737853425193,8.690884338266324
Sauryn Lao,SI,25,11.685160613205378,9.202243008221354
Sauryn Lao,SL,89,12.78341429546808,9.935612685054247
Sawyer Gipson-Long,ALL,460,10.765249958021318,8.94946689100289
Sawyer Gipson-Long,CH,98,14.909716959152842,11.765019773394425
Sawyer Gipson-Long,FC,49,8.929002684450303,8.480113123842656
Sawyer Gipson-Long,FF,129,9.814993720353742,8.60499440022833
Sawyer Gipson-Long,SI,85,10.086651636457226,8.988810957151134
Sawyer Gipson-Long,SL,99,11.044432462980659,7.857257543625061
Scott Alexander,ALL,270,10.600281695756177,10.077427275678247
Scott Alexander,CH,36,12.885883549791167,11.271172840035248
Scott Alexander,SI,173,9.430307232506173,9.325037823565193
Scott Alexander,SL,61,12.361367484356517,10.272274466258539
Scott Barlow,ALL,1232,11.578557305137597,10.085109473381507
Scott Barlow,CH,1,40.97874082382829,43.305157563184935
Scott Barlow,CU,205,13.534968806790488,10.496849831383239
Scott Barlow,FF,264,10.87134055472129,9.824232570663458
Scott Barlow,SI,179,10.18887493847358,9.872215890443453
Scott Barlow,SL,236,12.744954422403765,9.836941586860396
Scott Barlow,ST,347,11.373022758709208,10.401306104677982
Scott Blewett,ALL,663,10.428874445288335,9.669617223065627
Scott Blewett,FF,238,9.874030992562506,9.56397500374069
Scott Blewett,FS,127,10.908002520469042,9.83961492212778
Scott Blewett,SI,6,10.830445601989268,11.064287909112611
Scott Blewett,SL,292,10.414344096153947,9.594202321551107
Scott Effross,ALL,148,10.561261557037497,8.470004374457346
Scott Effross,CH,19,15.44731399489923,13.645646705417535
Scott Effross,FF,11,11.621958334139993,8.487407986650295
Scott Effross,SI,70,9.77696619912237,7.649814023645906
Scott Effross,ST,48,9.612936500897991,8.162527815244486
Scott Kingery,ALL,22,13.784754535770404,13.311188750207377
Scott Kingery,EP,22,13.784754535770404,13.311188750207377
Scott McGough,ALL,285,11.39570292055878,9.368959485275028
Scott McGough,FF,114,10.199447873650918,9.038612010267947
Scott McGough,FS,91,13.044277698437838,9.551925438679742
Scott McGough,SI,12,7.7070533818849745,9.372382521441201
Scott McGough,SL,68,11.003635298014428,9.314473993611553
Sean Burke,ALL,2225,10.797457526265458,10.052575577933435
Sean Burke,CH,149,14.261921831641763,13.4578632485812
Sean Burke,FF,959,10.736496678171237,9.561660109602165
Sean Burke,KC,528,11.333507427253343,10.769478132544783
Sean Burke,SI,109,10.987026555037207,9.889246922789447
Sean Burke,SL,480,9.29571364068509,9.481969198343123
Sean Guenther,ALL,151,9.8766645359408,9.778998011263575
Sean Guenther,FF,4,11.322628561235689,10.924522525206102
Sean Guenther,FS,33,12.936329338767655,10.8691111129281
Sean Guenther,SI,62,8.282505706556607,7.720516252874974
Sean Guenther,SL,52,10.276834667329755,10.669121631321435
Sean Hjelle,ALL,241,10.848322314556217,9.321209219642396
Sean Hjelle,FC,35,6.231041909286309,5.999600840158566
Sean Hjelle,KC,84,13.028608995217077,9.339985572163194
Sean Hjelle,SI,122,9.85284048253876,9.694211309536364
Sean Manaea,ALL,957,10.873577392666146,9.403641625108088
Sean Manaea,CH,52,12.618247459728048,10.065918032940424
Sean Manaea,FF,580,9.912887024780485,8.714582239739624
Sean Manaea,ST,325,12.888475637465353,10.983775459583809
Sean Newcomb,ALL,1381,10.329685913272998,10.235941841088508
Sean Newcomb,CH,98,12.480974264971152,10.20024810527118
Sean Newcomb,CU,75,15.282904397088675,15.928663394660704
Sean Newcomb,FC,187,10.167781745487696,10.1289662580724
Sean Newcomb,FF,420,9.725881570024804,9.31347594209086
Sean Newcomb,SI,298,9.656858867440459,9.457846306644461
Sean Newcomb,SV,303,11.893588986617301,11.91983044194275
Sean Reynolds,ALL,398,12.853013889748045,10.912970548356213
Sean Reynolds,CH,25,12.647048133904498,12.208499825874917
Sean Reynolds,FF,209,12.976256377771797,10.96572596313181
Sean Reynolds,SL,120,12.85456397591819,10.583168063456366
Sean Reynolds,ST,44,12.778550739097735,11.83717792030893
Seranthony Domínguez,ALL,1101,12.263587232549673,11.496828379112157
Seranthony Domínguez,CU,48,11.398705230262955,11.773920350829542
Seranthony Domínguez,FF,478,10.935906161729397,10.592669033382666
Seranthony Domínguez,FS,186,14.942241129192034,13.518209811018876
Seranthony Domínguez,SI,144,11.773701700954927,10.724556485326273
Seranthony Domínguez,ST,245,14.65400949223749,12.907241782439451
Seth Halvorsen,ALL,571,11.301929121665456,11.003453695686238
Seth Halvorsen,FF,307,11.64266067642786,11.615199641894039
Seth Halvorsen,FS,149,9.644709896619302,9.299608834192018
Seth Halvorsen,SL,115,11.298399623656529,11.019755857735213
Seth Johnson,ALL,211,11.321239773443986,10.45589868906821
Seth Johnson,CU,14,10.958187066823948,12.337240026396817
Seth Johnson,FF,110,12.184990310845324,10.113468461285308
Seth Johnson,FS,15,12.086696998072924,11.366333055512081
Seth Johnson,SL,72,11.205865077677519,10.413062575171022
Seth Lugo,ALL,2203,10.854506128780029,10.141160725510277
Seth Lugo,CH,217,9.61847732879864,9.742771772454732
Seth Lugo,CS,103,11.539504343348334,10.699874929651225
Seth Lugo,CU,402,11.94887469303767,11.02476015981685
Seth Lugo,FC,310,12.192395537700317,9.507299042368064
Seth Lugo,FF,465,10.297465625811137,9.81352319796428
Seth Lugo,FS,11,10.62097740083578,11.623198590747721
Seth Lugo,SI,317,9.367298679351274,9.500158452728527
Seth Lugo,SL,121,11.536788831486998,11.00860538186634
Seth Lugo,ST,45,12.85002680215974,9.400781534819059
Seth Lugo,SV,212,10.45274232774588,10.132887812122991
Seth Martinez,ALL,115,14.268968249084006,11.199283463095608
Seth Martinez,CH,12,25.71339858171673,18.58451661520956
Seth Martinez,FC,20,13.32155295391932,9.533426322479437
Seth Martinez,FF,31,10.382444183163267,12.051602759413072
Seth Martinez,SI,11,15.412449609144106,7.218876718542132
Seth Martinez,ST,41,14.669420305967114,10.705629480995198
Shane Baz,ALL,2584,11.72341159988104,10.278631763728312
Shane Baz,CH,290,12.038189675525134,10.573727391859077
Shane Baz,FC,390,11.304533450752558,10.36714219446333
Shane Baz,FF,1131,11.298151534691554,9.891430777712264
Shane Baz,KC,698,12.601014603892425,10.769596274312011
Shane Baz,SL,75,14.698832584264807,11.062680704446382
Shane Bieber,ALL,700,10.337442316792313,8.705866395070931
Shane Bieber,CH,93,14.350378963147033,11.04419310936204
Shane Bieber,FC,98,8.866747632197615,8.784515785811546
Shane Bieber,FF,244,9.012037951197843,7.968918621178839
Shane Bieber,KC,130,10.989826595231516,9.942937751403248
Shane Bieber,SL,135,11.111577638905446,8.971230212207098
Shane Smith,ALL,2265,10.7499415089899,9.807377635890825
Shane Smith,CH,381,13.125819751002114,10.472076953892383
Shane Smith,CU,333,15.54704247159132,12.531728221497358
Shane Smith,FF,1019,9.668457717542003,9.140685146333057
Shane Smith,SI,280,8.919689332825966,8.802661422744105
Shane Smith,SL,250,10.761202816529131,10.253764748704185
Shane Smith,ST,2,10.520063256451566,7.97134200630606
Shaun Anderson,ALL,204,12.163341732232603,10.26150768228874
Shaun Anderson,CH,44,13.251011534093827,12.534537509932616
Shaun Anderson,FF,56,11.104514384238033,8.40681855515816
Shaun Anderson,SI,7,11.723617339722336,7.941676740724418
Shaun Anderson,SL,66,13.146438593786161,10.389971010094108
Shaun Anderson,ST,31,11.996690253105776,12.007881416931204
Shawn Armstrong,ALL,972,11.123837995605541,9.31312406593334
Shawn Armstrong,FC,237,11.116949449581762,8.926492761481201
Shawn Armstrong,FF,282,11.14649221881363,10.092159436230624
Shawn Armstrong,SI,229,12.069106468951928,8.8414181019783
Shawn Armstrong,ST,224,9.945657810991198,9.4621423043105
Shawn Dubin,ALL,497,11.791015766017228,10.956827155553764
Shawn Dubin,CH,75,11.28568055277634,10.485972163274871
Shawn Dubin,CU,77,13.380122109351381,13.383285537961731
Shawn Dubin,FC,18,14.599426132720701,14.776597845534418
Shawn Dubin,FF,180,12.660088376854112,11.395954171828507
Shawn Dubin,SI,63,10.806684553971891,8.571819933343923
Shawn Dubin,ST,84,10.747609542556358,11.169200175730655
Shelby Miller,ALL,668,10.404553823306752,9.49902239838038
Shelby Miller,FF,417,9.460549143993724,9.377244434494951
Shelby Miller,FS,191,15.551280904329012,9.98572084879162
Shelby Miller,SL,6,5.404847358960199,6.606958674305927
Shelby Miller,ST,54,8.79852384898701,9.926084207121976
Shinnosuke Ogasawara,ALL,631,10.947129681643782,9.892681743706369
Shinnosuke Ogasawara,CH,146,10.121112939407915,8.706498179322754
Shinnosuke Ogasawara,FF,233,10.483883039394787,9.563907423450294
Shinnosuke Ogasawara,KC,125,12.91251640527567,11.304070397210612
Shinnosuke Ogasawara,SI,6,14.18545855261786,12.23869970921944
Shinnosuke Ogasawara,SL,118,11.41021459382133,9.980054295637004
Shinnosuke Ogasawara,ST,3,16.10042335859388,15.246981622437291
Shohei Ohtani,ALL,1033,11.496435700339292,10.361345171005421
Shohei Ohtani,CU,109,13.378871626294943,10.926082291582313
Shohei Ohtani,FC,66,9.679582218475183,8.795727867918277
Shohei Ohtani,FF,412,10.82558495143195,9.835017005665836
Shohei Ohtani,FS,60,16.494242592074155,14.299194758112527
Shohei Ohtani,SI,57,10.280448572732974,10.209235749770848
Shohei Ohtani,SL,114,11.293284814391695,10.233172019715482
Shohei Ohtani,ST,215,11.630817316077207,10.551805837093994
Shota Imanaga,ALL,1942,11.303966954678224,9.774999737726409
Shota Imanaga,CU,28,13.228190768162452,13.293573126994334
Shota Imanaga,FF,951,11.438480601350282,9.58688697195506
Shota Imanaga,FS,601,10.437794382536339,9.20886225613878
Shota Imanaga,SI,23,8.280551905373729,6.53301141659583
Shota Imanaga,SL,10,12.97213935186732,11.273777884926659
Shota Imanaga,ST,329,12.722784859082696,10.975153852603194
Simeon Woods Richardson,ALL,1729,10.560958669220952,9.71578297725031
Simeon Woods Richardson,CH,73,14.516304115497269,11.209140177808719
Simeon Woods Richardson,CU,223,11.489427640224218,11.060805669486232
Simeon Woods Richardson,FF,796,9.48686019033822,9.20332226475858
Simeon Woods Richardson,FS,172,13.181835026298502,11.034607154284213
Simeon Woods Richardson,SL,465,10.161350627459147,9.614900560139771
Slade Cecconi,ALL,1990,10.165796996600376,9.64235040569533
Slade Cecconi,CH,157,12.802619995071256,11.8876229809262
Slade Cecconi,CU,330,13.876222557868765,12.453647330019415
Slade Cecconi,FC,66,10.82981905963935,9.754387572120965
Slade Cecconi,FF,842,8.900953551444559,8.386457582497535
Slade Cecconi,SI,221,9.243740648539326,7.909363051081717
Slade Cecconi,SL,369,11.2638847490223,10.570104404075655
Slade Cecconi,ST,5,13.602492590501376,15.31282595271147
Sonny Gray,ALL,2431,9.743932243734676,8.781874432872186
Sonny Gray,CH,195,10.550465742395234,10.516749545569796
Sonny Gray,CS,1,25.354573199424916,25.16364567048428
Sonny Gray,CU,446,10.227968772184413,9.640596266562035
Sonny Gray,FC,319,8.89057279662879,8.42444307328248
Sonny Gray,FF,513,7.920149123152751,7.262850606502983
Sonny Gray,SI,449,8.528633805087603,8.323853306517053
Sonny Gray,SL,40,9.577215880875304,8.124678724883264
Sonny Gray,ST,468,13.70762188646715,9.682784366180423
Spencer Arrighetti,ALL,507,11.925053080818111,9.95949404065169
Spencer Arrighetti,CH,45,9.113563197113532,8.013546984936418
Spencer Arrighetti,CU,113,12.429156530849308,11.45119779131404
Spencer Arrighetti,FC,63,11.420774325812031,8.54701507358531
Spencer Arrighetti,FF,165,12.045120762073555,9.753946853071737
Spencer Arrighetti,SI,51,12.906791170869768,8.429867683561632
Spencer Arrighetti,ST,70,12.811237445303906,11.919690129800271
Spencer Bivens,ALL,1225,10.369624155380851,9.332880807106067
Spencer Bivens,CH,185,13.726965965198843,10.371249329306334
Spencer Bivens,FC,336,8.49996873918004,8.678785999412206
Spencer Bivens,FF,78,10.863822595355412,9.84508927187417
Spencer Bivens,SI,459,10.149025026038364,9.073216498249408
Spencer Bivens,ST,102,10.911862938710687,10.289715663278468
Spencer Bivens,SV,65,12.19050020502583,10.341528029560115
Spencer Schwellenbach,ALL,1158,9.851593356928412,8.646963940195095
Spencer Schwellenbach,CU,135,11.014478831317406,10.311300123264365
Spencer Schwellenbach,FC,134,7.958841864602929,7.608800486348928
Spencer Schwellenbach,FF,422,8.713419339228558,7.9841071368638445
Spencer Schwellenbach,FS,155,13.134971373332485,9.281082850160075
Spencer Schwellenbach,SI,112,8.751218509131906,8.903217287640945
Spencer Schwellenbach,SL,200,11.471644395974904,9.575553444740885
Spencer Strider,ALL,2057,11.695268268025652,9.890166169662148
Spencer Strider,CH,96,17.62421075924015,15.035709366353043
Spencer Strider,CU,184,16.181785035485504,12.275357423173915
Spencer Strider,FF,1049,10.13737986359049,9.527036049393141
Spencer Strider,SL,728,13.090071674971153,9.887129211249833
Spencer Turnbull,ALL,122,9.679066142244189,7.689133528799951
Spencer Turnbull,CH,14,11.962016285048941,8.088864844548295
Spencer Turnbull,CU,18,15.04861467825742,11.75066014807486
Spencer Turnbull,FF,45,5.592076240495335,5.358689921788561
Spencer Turnbull,SI,8,7.224254272869537,4.858668906069269
Spencer Turnbull,SL,9,6.873362165151058,8.164805661070842
Spencer Turnbull,ST,28,12.007462838324976,8.769918107806005
Stephen Kolek,ALL,1221,9.553524846898569,8.558100844675705
Stephen Kolek,CH,133,11.412812271032747,8.947777163446583
Stephen Kolek,CU,1,13.635494978266022,12.415755040642376
Stephen Kolek,FC,200,9.14624627217572,8.251298075265899
Stephen Kolek,FF,278,10.449811230600833,8.809427026999327
Stephen Kolek,SI,334,9.102435191889308,8.304720579084009
Stephen Kolek,SL,195,9.411436491161771,9.136035716327754
Stephen Kolek,ST,80,8.651702285076016,8.06601497692019
Steven Cruz,ALL,613,10.86635433527625,10.045068418641979
Steven Cruz,FC,156,10.6461664218646,9.968785986634773
Steven Cruz,FF,313,10.223162168909566,9.736662983189722
Steven Cruz,SL,144,12.482992067708317,11.755400752460133
Steven Matz,ALL,1089,9.802998296909575,9.004992263343553
Steven Matz,CH,208,10.707441316206708,9.344829281225437
Steven Matz,CU,231,12.24331358640097,11.819698297626756
Steven Matz,FF,1,10.125215436257859,8.558409801422602
Steven Matz,SI,631,8.885620573777489,8.09483050722212
Steven Matz,SL,18,10.008611390232804,8.659615581074613
Steven Okert,ALL,990,10.695557224021663,10.216014834308286
Steven Okert,CH,1,28.3553026368976,29.494778560363574
Steven Okert,FC,3,20.816624293784514,16.941213947335388
Steven Okert,FF,415,11.288234583702808,9.781547542089472
Steven Okert,SL,571,10.361607787572343,10.459254019642188
Steven Wilson,ALL,939,10.610688677985557,9.639539484192314
Steven Wilson,CH,66,14.48753459180741,11.640064207374738
Steven Wilson,FC,10,8.756851032088452,9.050273020053247
Steven Wilson,FF,310,11.5167617621897,9.141200465191329
Steven Wilson,SI,2,14.820019223832528,14.06524194928034
Steven Wilson,ST,551,10.079868539216148,9.592438486191295
T.J. McFarland,ALL,248,11.176686104320432,8.195423915512333
T.J. McFarland,CH,27,13.781056870914792,8.671349978462167
T.J. McFarland,FF,3,21.555748149114223,19.86986596985076
T.J. McFarland,SI,125,11.52008568517057,7.405387794990826
T.J. McFarland,ST,93,9.708505708428191,8.66040274525198
Taijuan Walker,ALL,1791,10.38302306973257,9.342984916632592
Taijuan Walker,CU,115,13.595917514813806,12.404384745534136
Taijuan Walker,FC,539,9.023672195886215,8.259757659479902
Taijuan Walker,FF,166,11.839680804450559,10.106137342800237
Taijuan Walker,FS,414,11.76868570590369,9.179504782611627
Taijuan Walker,SI,351,9.80888884030855,9.012015954579965
Taijuan Walker,SL,206,11.470590794261739,10.495296281348729
Taj Bradley,ALL,1991,12.061100624871361,11.223068690264897
Taj Bradley,CU,286,16.852602072438856,14.800860701381577
Taj Bradley,FC,449,12.57907247014337,12.021350059318587
Taj Bradley,FF,784,10.785535332883587,10.289199285699244
Taj Bradley,FS,300,12.37310182997575,11.655713251040856
Taj Bradley,SI,172,10.918468418927212,9.57695027184178
Tanner Banks,ALL,926,10.169540359834023,9.432388714903784
Tanner Banks,CH,61,17.92065183443307,12.321380766634798
Tanner Banks,FF,197,8.531034577839067,8.392560385253153
Tanner Banks,SI,116,9.502194143685426,9.425005997703774
Tanner Banks,SL,328,10.023924756454939,9.12540700345406
Tanner Banks,ST,224,10.729198872730345,9.506515340545263
Tanner Bibee,ALL,2873,10.52513471727938,10.01602641154666
Tanner Bibee,CH,437,11.984646264668301,11.702233068099547
Tanner Bibee,CU,155,13.26408045611184,11.790037450949075
Tanner Bibee,FC,601,10.2831478350585,9.996367372475055
Tanner Bibee,FF,812,9.70940077820601,9.173792164810898
Tanner Bibee,SI,411,9.435163455888471,9.018077579951944
Tanner Bibee,ST,457,11.585588420642122,11.42205556808034
Tanner Gordon,ALL,1159,10.190479363431386,8.716334612593064
Tanner Gordon,CH,251,8.606930365251822,8.243656825910618
Tanner Gordon,CU,5,8.411655634035672,12.20985983805599
Tanner Gordon,FF,606,9.793405695492776,8.51171422479812
Tanner Gordon,SL,297,11.830780297051128,9.66173506680838
Tanner Houck,ALL,616,10.585555099186257,9.690717039592005
Tanner Houck,FF,35,13.839150555533639,10.080728264428947
Tanner Houck,FS,117,10.8905403939789,8.719217249625451
Tanner Houck,SI,244,10.75564784133259,9.247290140521454
Tanner Houck,ST,220,9.568265473968228,10.197436168230755
Tanner Rainey,ALL,195,12.339394917040504,10.8160366393662
Tanner Rainey,FF,105,9.522410734633082,10.52678602778835
Tanner Rainey,SL,90,14.853670035648864,11.50798580565343
Tanner Scott,ALL,876,10.500072587818458,9.808645314387494
Tanner Scott,FF,462,10.161200636422958,9.808645314387494
Tanner Scott,SI,1,39.36889943999503,37.632373583502414
Tanner Scott,SL,413,10.920839539438996,9.784210999739967
Tarik Skubal,ALL,2770,10.408505974222187,9.301571545175392
Tarik Skubal,CH,861,12.071404273085204,9.552348289305419
Tarik Skubal,CU,75,14.515103689099996,11.883160021901254
Tarik Skubal,FF,818,9.397115853065511,9.269138611921843
Tarik Skubal,FS,3,14.391022807927165,7.910540486738578
Tarik Skubal,SI,653,9.580102418916809,8.798762675634222
Tarik Skubal,SL,360,9.912713761217148,9.201842270733788
Tayler Saucedo,ALL,191,12.218338348756767,9.537878612000766
Tayler Saucedo,CH,35,15.028299890096969,9.761731315516226
Tayler Saucedo,FF,8,12.569311646666574,13.621191773653972
Tayler Saucedo,SI,97,9.664079807302391,9.390607501605494
Tayler Saucedo,SL,26,15.022347676540623,9.550539769322514
Tayler Saucedo,ST,25,15.721102319849997,9.341944544503626
Tayler Scott,ALL,476,11.8677463285598,9.36692344376371
Tayler Scott,FF,226,11.561821672733213,9.025524044535306
Tayler Scott,FS,136,13.445492792739355,9.17759539861401
Tayler Scott,SI,13,9.05841741349033,8.180327798752382
Tayler Scott,SL,34,10.685465963277938,11.277164145861903
Tayler Scott,ST,67,9.993782559920907,10.716656594902677
Taylor Clarke,ALL,803,10.923936793874612,10.165326692818658
Taylor Clarke,CH,163,13.562163670247022,11.737079269418143
Taylor Clarke,FF,175,10.786120369954254,10.035998442494552
Taylor Clarke,SI,148,9.06733666534911,8.731830297958291
Taylor Clarke,SL,317,10.926925998807745,10.348589926509751
Taylor Rashi,ALL,304,11.956090157275202,10.727752282376548
Taylor Rashi,CU,27,9.75776162516358,10.403749839323556
Taylor Rashi,FF,173,9.796475798364511,9.661400699391361
Taylor Rashi,FS,72,15.691014999327777,13.104746674850526
Taylor Rashi,SL,32,12.378164952270648,12.614654955244472
Taylor Rogers,ALL,819,9.845926596173621,9.557598666783019
Taylor Rogers,SI,406,8.48488098869975,8.290505679590627
Taylor Rogers,ST,413,11.451550753763941,10.740279096536376
Thomas Harrington,ALL,198,12.19102518959213,10.66680099642048
Thomas Harrington,FC,20,13.576941480747518,11.545090713790803
Thomas Harrington,FF,80,10.807578555316693,8.903013885071678
Thomas Harrington,FS,47,12.888741001105512,13.529097671686419
Thomas Harrington,SI,13,7.833987917425186,9.99529502780378
Thomas Harrington,ST,38,12.908033577118234,12.103326059077581
Thomas Hatch,ALL,479,9.802069879958857,8.746362211178418
Thomas Hatch,CH,80,15.601489656956037,11.13241362912325
Thomas Hatch,FC,127,7.422249007784964,7.743180741798486
Thomas Hatch,FF,59,9.199881313236098,9.19590046392783
Thomas Hatch,SI,84,7.197160435046872,6.769944819823014
Thomas Hatch,SL,89,10.482270298611205,8.734239017465388
Thomas Hatch,ST,40,16.354361261041696,10.187205404438965
Tim Herrin,ALL,676,11.661565073843999,11.096799355855849
Tim Herrin,CU,274,13.892304868385601,11.670188378832218
Tim Herrin,FF,177,10.593448556968255,10.21232649399132
Tim Herrin,SI,110,12.023729548208603,11.42187415522855
Tim Herrin,SL,115,10.3101983358023,9.058558998419201
Tim Hill,ALL,438,10.146404890080355,9.33860578646775
Tim Hill,FC,22,17.495943597753126,10.556210347058737
Tim Hill,FF,91,12.578047147994509,9.590027147194933
Tim Hill,SI,325,9.574280098040207,9.221165893855689
Tim Mayza,ALL,291,10.24348153865523,9.591636825955126
Tim Mayza,FF,11,10.223878362291055,10.830750762327531
Tim Mayza,SI,192,9.686785505080554,9.080089761534909
Tim Mayza,SL,88,12.204991113292554,10.365036931894455
Tobias Myers,ALL,711,11.247543150007363,10.622194646072746
Tobias Myers,CH,10,14.069097001254878,13.525631832258973
Tobias Myers,CU,8,16.105567895562487,15.887049874810149
Tobias Myers,FC,134,10.311082005860243,10.758980746518484
Tobias Myers,FF,322,10.436538548405219,9.405497883957453
Tobias Myers,FS,124,11.856823248214752,11.595202164798419
Tobias Myers,SL,113,13.490353616730886,12.400753843039794
Tom Cosgrove,ALL,60,12.543961526774087,11.508057086920168
Tom Cosgrove,FF,15,12.659410471312848,10.46593597103588
Tom Cosgrove,SI,21,10.03159237792554,10.799248686028095
Tom Cosgrove,ST,24,12.761501512091574,12.12670379459719
Tommy Henry,ALL,102,12.29656684275896,10.042994061490457
Tommy Henry,CH,25,18.358545986072656,18.109508295509485
Tommy Henry,CU,29,10.49818596827831,9.755201558793797
Tommy Henry,FF,24,10.138745652001734,9.421102270168795
Tommy Henry,SI,2,3.204096465217138,3.734065375929961
Tommy Henry,SL,22,11.92339320402667,8.426732739675003
Tommy Kahnle,ALL,965,11.959742284892322,10.489476477922606
Tommy Kahnle,CH,826,11.993433498593072,10.357382233197168
Tommy Kahnle,FF,136,11.658212919740746,11.309050079966703
Tommy Kahnle,SL,3,17.02470529026159,22.25108113770731
Tommy Nance,ALL,444,10.725006877007647,9.845021675275632
Tommy Nance,CU,129,11.50686564078192,11.30053790832949
Tommy Nance,SI,123,10.939219267020766,10.010778268875399
Tommy Nance,SL,192,9.885644586676898,9.07924927660692
Tomoyuki Sugano,ALL,2377,9.924222863515043,8.774365665908643
Tomoyuki Sugano,CU,230,10.026377588492778,9.191866492418303
Tomoyuki Sugano,FC,281,8.891564730011119,8.469967717337004
Tomoyuki Sugano,FF,452,10.446677868462366,8.602820627200252
Tomoyuki Sugano,FS,549,11.870542281064575,9.56677854859675
Tomoyuki Sugano,SI,380,8.91120118912392,8.1747816574639
Tomoyuki Sugano,ST,485,8.760674460915796,8.449353816775503
Tomás Nido,ALL,7,11.897323746988063,9.985751959040792
Tomás Nido,CU,1,7.450561549408671,7.8317777425536255
Tomás Nido,SL,6,12.308988585774497,10.498107125045397
Tony Gonsolin,ALL,490,13.298968179265753,10.368861679088472
Tony Gonsolin,CU,83,12.76260868394052,10.943187432364466
Tony Gonsolin,FF,194,15.17710458257287,9.4133782949086
Tony Gonsolin,FS,130,10.835211634372452,11.847392089336896
Tony Gonsolin,SL,83,13.068021227151362,10.980413770072325
Tony Santillan,ALL,1198,11.39816209318778,9.977365556910968
Tony Santillan,CH,1,37.49483899250551,37.74724624377517
Tony Santillan,FF,775,10.497642045395144,9.333692944561149
Tony Santillan,SL,155,12.593216147261376,11.389584926736275
Tony Santillan,SV,267,13.374999080252422,10.890962920281973
Touki Toussaint,ALL,37,8.4893788864065,7.954942152081866
Touki Toussaint,CU,7,12.957312993032762,11.82510921423115
Touki Toussaint,FS,9,7.986846864023855,7.32944452044046
Touki Toussaint,SI,21,8.17543484142436,7.954942152081866
Travis Adams,ALL,575,11.483252494697613,10.172844846585068
Travis Adams,CH,97,12.905837978765767,11.216209904436367
Travis Adams,CU,21,15.248612657613856,11.962970219424728
Travis Adams,FC,107,9.612403687928628,9.53090333143647
Travis Adams,FF,169,9.498469301325303,9.120413405033887
Travis Adams,SI,64,10.771408807202842,9.428171891164297
Travis Adams,SL,117,12.941874595006162,11.48814430527474
Travis Jankowski,ALL,2,14.340361606919426,11.848905289088869
Travis Jankowski,EP,2,14.340361606919426,11.848905289088869
Trent Thornton,ALL,607,10.40109338684558,9.316705359191149
Trent Thornton,CH,8,6.031432126699743,8.383819588417424
Trent Thornton,CU,113,12.608700016008347,9.742745119526834
Trent Thornton,FC,141,9.371670088202126,8.033443791268168
Trent Thornton,FF,197,9.710007139808313,9.540426433508499
Trent Thornton,FS,14,18.937999921545597,14.31166881606244
Trent Thornton,SI,15,10.643237202265926,9.466697976782077
Trent Thornton,SL,6,10.6342800899513,10.566109899137562
Trent Thornton,ST,113,11.471741075636167,9.581744476933492
Trevor McDonald,ALL,208,11.684051064833579,9.61649574927668
Trevor McDonald,CH,11,9.362518930127086,7.792954411695082
Trevor McDonald,FC,10,12.577910763693165,12.448846309042654
Trevor McDonald,SI,80,12.483687790311425,8.822527971436443
Trevor McDonald,SL,107,11.24936428471607,10.3459044258675
Trevor Megill,ALL,728,12.234973607710241,10.258062012164093
Trevor Megill,FF,438,10.949970259068932,9.992718922025103
Trevor Megill,KC,290,14.460516969263846,11.177198607310823
Trevor Richards,ALL,109,12.593395214946822,9.895068092118892
Trevor Richards,CH,32,16.2261755868445,13.316534908834694
Trevor Richards,FF,66,11.073280492000706,8.32514710866219
Trevor Richards,SL,11,13.309033250896658,12.138306809922634
Trevor Rogers,ALL,1443,9.858324242151877,8.879791619579734
Trevor Rogers,CH,361,9.873331300159782,8.289714312037663
Trevor Rogers,FC,164,12.905187098820003,9.842691423892443
Trevor Rogers,FF,598,9.173645379028539,8.77613142407462
Trevor Rogers,SI,214,9.568900373983169,9.375576666108678
Trevor Rogers,ST,106,10.581209798523048,8.777085970159494
Trevor Williams,ALL,1340,9.076271567560598,7.654505513866868
Trevor Williams,CH,171,12.600926957729579,8.152838397169823
Trevor Williams,FF,572,7.912709810463552,7.469600967359846
Trevor Williams,SI,111,9.26533870744251,7.950141439493079
Trevor Williams,SL,113,8.41633294227207,7.363723117512946
Trevor Williams,ST,373,9.959483031390567,7.7342978614477165
Trey Yesavage,ALL,422,12.426280604076766,11.216934185368029
Trey Yesavage,FF,172,12.19827093541008,11.001072324774945
Trey Yesavage,FS,102,14.258669247328946,12.406619153222717
Trey Yesavage,SL,148,10.357448364357587,10.435962124056713
Tristan Beck,ALL,733,11.037369664091097,10.789168420692658
Tristan Beck,CU,126,11.245917055506396,11.216289327124223
Tristan Beck,FF,247,11.015408610349223,10.360713063976414
Tristan Beck,SL,168,9.930155987832887,9.704230739242664
Tristan Beck,ST,192,12.43140408074956,11.539590546313928
Triston McKenzie,ALL,119,14.83223568177671,13.815086723911948
Triston McKenzie,CU,12,28.69533927340673,25.063566038387172
Triston McKenzie,FF,99,13.44006548732506,12.938691135261552
Triston McKenzie,SL,8,23.55131834946303,26.016169519808003
Troy Melton,ALL,639,10.520861179561443,8.799700592497166
Troy Melton,CU,33,12.364979805768286,11.924035998450485
Troy Melton,FC,68,8.833094987901331,7.022402154882949
Troy Melton,FF,268,8.936522291607362,8.802950537747389
Troy Melton,FS,54,16.132204188128892,12.536265061393324
Troy Melton,SI,64,12.265055806257307,9.733785773238708
Troy Melton,SL,152,13.07395684832888,8.25970156588572
Troy Taylor,ALL,110,10.85006498693247,9.607582272153653
Troy Taylor,CH,1,20.80278123096269,13.506174819175206
Troy Taylor,FF,49,9.139165158344065,9.123500358173708
Troy Taylor,SI,19,13.272911936230708,11.045768769830685
Troy Taylor,ST,41,10.819543351406706,10.00747446893957
Ty Adcock,ALL,70,11.928038345623095,10.622923755257174
Ty Adcock,FC,16,11.566280329846236,10.493109155622996
Ty Adcock,FF,27,10.529709284352878,10.007470045052917
Ty Adcock,FS,5,21.87890500821667,15.39984922586256
Ty Adcock,SI,1,19.451419993362165,21.006538986080795
Ty Adcock,SL,21,13.942755803474556,10.606525951207011
Tyler Alexander,ALL,1478,9.495498269200468,8.416988565804118
Tyler Alexander,CH,235,11.163616429046327,8.454752120598856
Tyler Alexander,FC,254,8.985746374712397,8.95868692250257
Tyler Alexander,FF,386,10.192860321094994,8.485482363839365
Tyler Alexander,SI,271,7.846231415396566,7.1388288067820405
Tyler Alexander,ST,332,9.477537944693093,9.306758253175389
Tyler Anderson,ALL,2217,11.393810735835194,9.987610730099155
Tyler Anderson,CH,770,10.915202152667302,10.448030697606335
Tyler Anderson,CU,5,38.3360505400775,32.809442485176305
Tyler Anderson,FC,457,10.580557922515556,10.030626395927717
Tyler Anderson,FF,830,12.134318837872254,8.95755734949087
Tyler Anderson,SI,80,11.516011669300248,10.970666675868388
Tyler Anderson,SL,75,11.498020888787073,11.582077715060786
Tyler Ferguson,ALL,877,13.193610503843747,10.444640040312391
Tyler Ferguson,CH,40,18.15399712084805,12.727522027643854
Tyler Ferguson,FC,97,12.162703068449263,10.018929925692403
Tyler Ferguson,FF,330,12.174590353519271,9.31883524526178
Tyler Ferguson,SI,126,15.228181398905447,10.720489084369195
Tyler Ferguson,ST,284,13.498536273844099,11.68383108155732
Tyler Gilbert,ALL,788,11.720996625762101,10.793533278030663
Tyler Gilbert,FC,148,11.649381484295585,11.525089695996634
Tyler Gilbert,FF,98,12.375622585001723,10.467043783005526
Tyler Gilbert,FS,61,11.63449400706257,11.845930385439118
Tyler Gilbert,SI,251,11.20101495523187,9.857677521911562
Tyler Gilbert,ST,230,12.40217741900544,12.057485805307364
Tyler Glasnow,ALL,1656,11.32171579986297,10.540573899918561
Tyler Glasnow,CU,374,14.966130578993805,13.574186557311958
Tyler Glasnow,FF,583,10.084114106679733,9.778649105346684
Tyler Glasnow,SI,333,9.57917579072135,9.026373194056045
Tyler Glasnow,SL,366,12.771652310136597,10.168173047657206
Tyler Heineman,ALL,39,12.940739363614384,11.140176424030857
Tyler Heineman,EP,36,12.98709428195436,11.304174807232592
Tyler Heineman,FA,3,9.499306671307279,8.97260580341029
Tyler Holton,ALL,1107,10.455288416010697,9.159775761742303
Tyler Holton,CH,153,13.609680743918327,8.256533915578121
Tyler Holton,CU,40,25.04353820823321,14.619098630465313
Tyler Holton,FC,325,9.032925951404035,8.859817914315748
Tyler Holton,FF,122,8.927633994063754,9.296162877299786
Tyler Holton,SI,258,8.815871282465459,8.094511247719634
Tyler Holton,ST,209,15.363145788745435,11.295122441255582
Tyler Kinley,ALL,1157,11.022159822742845,10.090909456883516
Tyler Kinley,CH,11,14.257009263058013,16.164675361693902
Tyler Kinley,CU,140,12.732785309598578,11.440246822889728
Tyler Kinley,FC,1,6.65849186239698,4.787598944390583
Tyler Kinley,FF,260,13.573899189638201,11.408511237503543
Tyler Kinley,FS,2,6.596681842957844,7.625881982530716
Tyler Kinley,SL,743,10.019053585587496,9.669780351028297
Tyler Mahle,ALL,1151,11.241709121056017,7.88586862463147
Tyler Mahle,FC,134,12.753028094714882,7.906412845698045
Tyler Mahle,FF,571,12.84888985419603,7.984014597348725
Tyler Mahle,FS,329,8.43348502781498,7.483088485769227
Tyler Mahle,SL,117,11.043136061491024,8.0592295406649
Tyler Matzek,ALL,127,10.759526606446215,10.6671798336501
Tyler Matzek,FF,76,10.537096380919024,10.41725431062456
Tyler Matzek,SI,9,15.874962657557601,11.920566780663984
Tyler Matzek,SL,42,11.762483415512566,10.72649129549955
Tyler Owens,ALL,65,13.998245616827594,11.882684845804597
Tyler Owens,FC,17,13.4142875304531,12.66112348969409
Tyler Owens,FF,28,11.994798526391323,10.51220249025636
Tyler Owens,FS,5,17.38421794312185,14.39124048167399
Tyler Owens,SL,15,15.829633510250925,13.752104913061151
Tyler Phillips,ALL,1028,14.733976025484685,9.49010502489335
Tyler Phillips,CU,240,16.833102534150232,10.449233558952116
Tyler Phillips,FC,5,11.620781799696168,12.877920265304764
Tyler Phillips,FF,91,12.717450718266448,10.44256833418341
Tyler Phillips,FS,138,16.010299602006995,9.389765722381782
Tyler Phillips,SI,329,13.830268518398663,9.03945823558337
Tyler Phillips,ST,225,14.514849531246924,8.865930677853566
Tyler Rogers,ALL,367,9.17881465013796,7.5871225788387795
Tyler Rogers,SI,288,8.821576770921885,7.299940815740167
Tyler Rogers,SL,79,9.910465927251268,9.201836617969535
Tyler Wade,ALL,4,19.88021418672463,18.703431014981145
Tyler Wade,EP,3,20.557015716405733,20.701142435578067
Tyler Wade,FA,1,19.203412657043522,16.705719594384224
Tyler Wells,ALL,298,10.239018880934935,8.870629692471962
Tyler Wells,CH,64,8.821544367139161,8.281920253098232
Tyler Wells,CU,28,12.247872928465164,10.134037257677237
Tyler Wells,FC,40,9.80531610088663,7.010577362773455
Tyler Wells,FF,108,11.113578574954815,8.968585653327523
Tyler Wells,SL,58,9.260967860563909,8.870629692471962
Tyler Zuber,ALL,233,12.093681339575733,9.460048576717028
Tyler Zuber,CH,17,17.90288650645331,7.068298338785568
Tyler Zuber,FC,5,12.520038514339474,10.8283376699905
Tyler Zuber,FF,67,10.262179523405479,9.959665522385885
Tyler Zuber,SI,29,13.256364142717603,10.613767308751132
Tyler Zuber,SL,41,13.173398963204058,8.11185830040175
Tyler Zuber,ST,74,11.593544746223742,9.92223714213662
Tylor Megill,ALL,1034,12.558299369333362,9.79931296838866
Tylor Megill,CH,72,17.878543408288508,10.991602773746187
Tylor Megill,CU,73,16.32120157329835,10.570265745158775
Tylor Megill,FF,443,9.42144891000037,8.98069738205174
Tylor Megill,SI,196,11.598147324003229,9.32760925214567
Tylor Megill,SL,238,19.51444984308348,11.189784834923397
Tylor Megill,ST,12,15.17577834818623,11.29616720290057
Valente Bellozo,ALL,1249,12.23485043021902,10.386936592774042
Valente Bellozo,CH,179,15.95626254026945,11.344652677769375
Valente Bellozo,CU,57,14.114020183162935,11.286609691209403
Valente Bellozo,FC,431,10.495417534760348,9.048850599919358
Valente Bellozo,FF,362,12.355337875068091,10.7029872451632
Valente Bellozo,FS,24,18.297226424616582,15.026290631788886
Valente Bellozo,ST,196,12.188196867572554,11.532575973221899
Victor Mederos,ALL,303,12.603799146044278,10.716803770088674
Victor Mederos,CH,11,12.2749326062856,12.627108937169737
Victor Mederos,FC,78,12.22310360946882,10.677098475526535
Victor Mederos,FS,5,12.919100306065882,15.395807441690522
Victor Mederos,SI,146,12.291149014763814,9.621532683866171
Victor Mederos,SL,1,34.726122274897044,31.97534165496581
Victor Mederos,ST,62,14.886165462067972,14.428278728226225
Victor Vodnik,ALL,818,10.379693504393412,9.697023731954253
Victor Vodnik,CH,209,11.565967731123166,9.354272505896844
Victor Vodnik,FC,39,7.944996784448009,6.9742293356690634
Victor Vodnik,FF,460,9.869672434305848,9.948106285398403
Victor Vodnik,SI,3,9.713234771307487,10.4435892678847
Victor Vodnik,SL,107,11.266466014758684,9.999004588795266
Vidal Bruján,ALL,14,14.341541368023435,13.839573148058017
Vidal Bruján,CS,1,19.67823532579766,16.336616319599777
Vidal Bruján,EP,13,14.203823210509261,13.252452788484375
Vinny Capra,ALL,23,10.663210438310532,8.711874758712256
Vinny Capra,EP,22,10.541791568265655,8.411281054224837
Vinny Capra,KN,1,30.297723681082676,22.824156614302886
Wade Miley,ALL,143,9.00872901782775,8.867382779962767
Wade Miley,CH,32,13.973724110595617,10.042772864839979
Wade Miley,CU,1,20.34466934504002,11.48333443044586
Wade Miley,FC,47,10.154398630077266,10.730213380119281
Wade Miley,FF,32,6.8820798955824145,7.70532496887345
Wade Miley,SI,24,7.37412420262435,7.994628053076061
Wade Miley,SL,1,20.06138773873558,11.763995556839655
Wade Miley,ST,6,9.038742991415136,10.43644501363762
Walker Buehler,ALL,1919,10.490783460332626,9.605738497168046
Walker Buehler,CH,132,12.386093772724063,11.179687111920135
Walker Buehler,FC,331,8.44509649224696,8.351437095590931
Walker Buehler,FF,481,10.490783460332626,9.860044412038214
Walker Buehler,KC,244,13.757435331103661,10.234024404302449
Walker Buehler,SI,315,10.217528175966976,9.851364023002573
Walker Buehler,SL,290,9.948375948791007,9.129134033535717
Walker Buehler,ST,126,10.96537475770046,9.767572834730712
Wander Suero,ALL,135,12.095340625038231,10.58939897977245
Wander Suero,CH,30,12.269312725769145,10.098308637076663
Wander Suero,CU,2,17.24113421779886,19.15509076762573
Wander Suero,FC,103,11.891456805129767,10.58939897977245
Wandy Peralta,ALL,971,11.212018404716414,9.844064196468041
Wandy Peralta,CH,343,11.614454594506249,8.974727324974324
Wandy Peralta,FF,35,11.589015452839378,11.459133566207235
Wandy Peralta,SI,433,11.227391977990157,10.78374457714419
Wandy Peralta,SL,160,11.004207914016252,10.233769461543442
Weston Wilson,ALL,21,12.168355534493244,11.814028137228405
Weston Wilson,EP,13,14.652875098905376,13.806711242022647
Weston Wilson,FA,8,6.473133631236433,6.984903697175516
Wikelman González,ALL,351,11.58493157480144,11.159046155369612
Wikelman González,CH,53,10.38240232234725,11.174865875124771
Wikelman González,FF,199,11.416589230237843,10.946324077481773
Wikelman González,SL,17,11.968210238276948,12.07010612359218
Wikelman González,SV,82,13.239858687036223,12.08634009975702
Will Klein,ALL,293,13.700662260838156,11.063902468188742
Will Klein,CU,63,15.286063993277061,14.091924219726451
Will Klein,FC,44,11.694595580780174,8.621025767755668
Will Klein,FF,166,13.789936783782526,10.74417225521509
Will Klein,ST,20,19.24174536581441,14.717820036498976
Will Vest,ALL,1066,10.507567527575986,8.928566435947285
Will Vest,CH,86,16.251667478140707,8.379042173537567
Will Vest,FF,551,8.274121903254349,8.76180465217035
Will Vest,SI,175,9.763283879445265,8.542220986178426
Will Vest,SL,254,13.238132690361898,9.745016128369059
Will Warren,ALL,2582,10.689961713019628,9.277420161619622
Will Warren,CH,252,13.807711867780592,10.071532784668548
Will Warren,CU,184,15.608830227164248,10.069895267921105
Will Warren,FF,1085,9.938616826326426,8.980162140897194
Will Warren,SI,546,10.010852548281147,8.974071961354534
Will Warren,ST,515,10.680345592757606,9.830311623049568
Will Wilson,ALL,14,13.076795027298859,14.46654733223033
Will Wilson,CH,3,6.7231024480335275,8.65561058512045
Will Wilson,CU,2,18.49185423174291,19.16502368895906
Will Wilson,SL,9,15.02439640121625,14.50675326280568
Willi Castro,ALL,4,13.35865250585352,12.825662007721775
Willi Castro,EP,2,8.755169038154161,8.416100713791273
Willi Castro,FA,2,26.65077797869052,25.65821317984806
Willie MacIver,ALL,7,7.358015286690156,10.58678075141092
Willie MacIver,EP,7,7.358015286690156,10.58678075141092
Xzavion Curry,ALL,52,11.516900773945748,9.137131345513867
Xzavion Curry,CU,10,10.904386328668547,6.222971805150162
Xzavion Curry,FF,19,11.440417243229403,10.541569817522905
Xzavion Curry,FS,3,20.963370293114792,12.29688412614598
Xzavion Curry,SL,19,11.445634570542547,9.68379451143205
Xzavion Curry,ST,1,6.466998050452707,2.6117156631582072
Yaramil Hiraldo,ALL,291,12.041526610159307,10.589174809870222
Yaramil Hiraldo,FF,106,12.27055900157923,10.931817482119444
Yaramil Hiraldo,FS,103,13.23392189337591,10.673234475513436
Yaramil Hiraldo,SI,2,15.152187523874126,11.286827607359776
Yaramil Hiraldo,SL,80,11.334468002108744,10.089711921558589
Yariel Rodríguez,ALL,1121,11.909209847116129,10.872150504137576
Yariel Rodríguez,FF,452,11.235226560597209,11.086161438722474
Yariel Rodríguez,FS,134,15.703668915048283,12.359440657245713
Yariel Rodríguez,SI,67,10.976477452839761,10.368072709103776
Yariel Rodríguez,SL,468,11.53196693947694,10.570691295196653
Yennier Cano,ALL,907,10.24699623095544,9.421286450203231
Yennier Cano,CH,115,12.660798599558955,9.786496054554116
Yennier Cano,FC,23,11.517352142239364,9.63247647151777
Yennier Cano,FF,104,11.250041554726629,9.01027148700291
Yennier Cano,FS,58,14.237703360066963,10.701234901787291
Yennier Cano,SI,425,9.259313983273902,9.053974712238329
Yennier Cano,SL,12,18.799050550039915,10.389851513053518
Yennier Cano,ST,170,9.880150438929254,9.44988606439549
Yerry De los Santos,ALL,434,10.115138536048086,9.46175665395414
Yerry De los Santos,CH,124,11.12494886007427,9.389540433367857
Yerry De los Santos,FF,47,9.95883982153549,9.437755657815176
Yerry De los Santos,SI,225,9.514525070705064,8.82056208810287
Yerry De los Santos,SL,38,12.928262415196407,12.55826839891473
Yilber Díaz,ALL,59,14.461162678381681,13.112695351360083
Yilber Díaz,FF,34,13.779570142263626,10.930578803934921
Yilber Díaz,KC,4,22.502649549157113,21.257736275653112
Yilber Díaz,SL,21,14.573488624405478,19.38963510570245
Yimi García,ALL,321,11.240768107180719,9.512977880822527
Yimi García,CH,17,16.927907686836235,12.885074345767714
Yimi García,CU,55,11.5005169083807,10.784944674661242
Yimi García,FF,140,9.591280989817367,9.244674028169065
Yimi García,SI,51,11.001764070789152,9.23167151598334
Yimi García,SL,2,12.814503023189285,10.64745672677475
Yimi García,ST,56,11.827956003899692,9.563021551968248
Yoendrys Gómez,ALL,1066,11.567799719082245,10.393250066112952
Yoendrys Gómez,CH,77,11.399390106089161,9.730296187879699
Yoendrys Gómez,CU,154,13.229332859839122,12.40680063085454
Yoendrys Gómez,FC,71,13.982935243378323,12.22471440480867
Yoendrys Gómez,FF,362,11.757720317735002,10.102772041266679
Yoendrys Gómez,SI,203,9.922592345906171,9.041492229043758
Yoendrys Gómez,SL,15,10.142625123479423,8.543894802112167
Yoendrys Gómez,ST,184,11.032288912889591,10.302985160399189
Yohan Ramírez,ALL,573,11.334168140258626,10.356480854534599
Yohan Ramírez,CU,108,13.741252755149514,12.353473693051017
Yohan Ramírez,FC,8,6.825801559086565,6.0003086444996585
Yohan Ramírez,FF,260,9.61461359347376,8.855863023396989
Yohan Ramírez,SI,35,11.727240011780912,9.36596174967577
Yohan Ramírez,SL,22,10.295041683861932,9.211046635075377
Yohan Ramírez,ST,140,13.101534340975832,12.113152202582185
Yoshinobu Yamamoto,ALL,3142,9.734621542438362,8.275661021042591
Yoshinobu Yamamoto,CU,577,9.962091517426023,9.10536402054605
Yoshinobu Yamamoto,FC,356,8.450292759327393,7.866455785247624
Yoshinobu Yamamoto,FF,1076,10.417983037134892,7.8951446965118075
Yoshinobu Yamamoto,FS,802,10.22508248883701,9.055372559891662
Yoshinobu Yamamoto,SI,242,8.422313915207667,7.4785291999332255
Yoshinobu Yamamoto,SL,88,9.3035105277214,8.576035311554591
Yoshinobu Yamamoto,ST,1,5.96113467760074,8.109884655471168
Yosver Zulueta,ALL,124,10.851568845523154,10.120527190179974
Yosver Zulueta,CH,8,9.276445513768977,7.376040148043545
Yosver Zulueta,FF,22,8.84827699291675,9.45949781938755
Yosver Zulueta,SI,48,10.851568845523154,11.39750975061402
Yosver Zulueta,SL,46,11.811239457236102,10.740586310840566
Yu Darvish,ALL,1068,10.998185754487583,10.334887160615837
Yu Darvish,CH,7,14.233473884321265,12.415799486628732
Yu Darvish,CU,162,12.160664797856441,12.43329520332848
Yu Darvish,FC,128,8.561484804678084,8.210524296850979
Yu Darvish,FF,183,10.32770317814636,9.673905780225374
Yu Darvish,FS,120,13.353030951083912,12.015197539414128
Yu Darvish,KC,12,14.439596857300259,13.015649381898776
Yu Darvish,SI,200,11.943670722831357,9.796405136210318
Yu Darvish,SL,149,9.232557687634637,9.290096041929985
Yu Darvish,ST,106,9.818881586249827,10.220517316436386
Yu Darvish,UN,1,53.84187555155081,
Yuki Matsui,ALL,986,12.48740501939583,11.624236707591592
Yuki Matsui,CU,2,12.35822396577862,8.610627928108535
Yuki Matsui,FF,390,11.028512539095725,10.910775717838842
Yuki Matsui,FS,317,15.442387869340095,11.758663719651125
Yuki Matsui,SI,16,17.528119694432323,13.858691600197474
Yuki Matsui,SL,154,10.751034811963407,11.232539310253912
Yuki Matsui,ST,107,12.545969553145111,13.207309534674936
Yusei Kikuchi,ALL,2968,11.45033868767911,10.690759241548378
Yusei Kikuchi,CH,360,13.44425048128566,12.056926690254578
Yusei Kikuchi,CU,463,11.733027189554178,10.979428631060237
Yusei Kikuchi,FF,1031,11.885222000472135,10.65347695360607
Yusei Kikuchi,SI,33,15.31561629094748,10.89047962016851
Yusei Kikuchi,SL,1075,10.417184271319492,10.237671548380213
Yusei Kikuchi,ST,6,9.743718126656606,9.189834437272589
Zac Gallen,ALL,2801,10.043689640790493,8.641316021963561
Zac Gallen,CH,449,12.134470837516046,8.397463612550451
Zac Gallen,FC,2,10.012332089890618,8.918596491110698
Zac Gallen,FF,1245,8.738461786846145,8.572619775299785
Zac Gallen,KC,658,13.154905813684639,9.19813571799748
Zac Gallen,SI,77,11.117753378129,9.28967951981623
Zac Gallen,SL,370,8.547976269944652,8.459742107247727
Zach Agnos,ALL,449,11.167851490566123,10.2691920597013
Zach Agnos,CU,2,14.469431953503433,13.875459394679831
Zach Agnos,FC,151,10.468076313986705,9.568147632228303
Zach Agnos,FF,132,10.475752379863666,8.918891516553572
Zach Agnos,FS,83,12.530148096806654,11.871319590110526
Zach Agnos,ST,81,15.336576056911106,14.043190166292224
Zach Brzykcy,ALL,445,13.404270913604298,10.210444026999392
Zach Brzykcy,CH,100,12.374140798938171,10.815813932803763
Zach Brzykcy,CU,107,10.913987724056053,10.057491750062004
Zach Brzykcy,FF,238,14.358276959773265,10.036575115254111
Zach Eflin,ALL,1067,9.269996320953636,8.282560591932867
Zach Eflin,CH,180,8.561701528226912,8.104111041548773
Zach Eflin,CU,171,11.028562719501306,9.421278757857541
Zach Eflin,FC,228,8.101858368339363,7.622871083115994
Zach Eflin,FF,143,9.873952785530923,9.611478881368607
Zach Eflin,SI,191,8.671821175583956,6.970703974202523
Zach Eflin,ST,154,9.792478470505483,9.189192335329778
Zach Maxwell,ALL,148,11.342493050180398,10.644966833830368
Zach Maxwell,FC,35,8.71146098799556,8.749165062241033
Zach Maxwell,FF,86,11.48841715640862,11.200216157586473
Zach Maxwell,ST,27,14.80154806714469,11.916018652447443
Zach McKinstry,ALL,1,25.850158346653235,19.507024914516595
Zach McKinstry,EP,1,25.850158346653235,19.507024914516595
Zach Pop,ALL,119,11.983969330860763,9.463816876763598
Zach Pop,FC,23,9.386297785765333,8.019415266535217
Zach Pop,SI,68,11.853064831314379,9.419209812629633
Zach Pop,SL,23,18.006944318795075,13.33329253990856
Zach Pop,ST,5,14.745109009625736,8.170658269090127
Zach Thompson,ALL,54,12.87099056198744,11.463927432617755
Zach Thompson,CH,6,16.64728474789543,13.24424000332734
Zach Thompson,CU,8,13.43878145390421,13.885264333273975
Zach Thompson,FC,14,15.805965963090253,15.698786199760862
Zach Thompson,FF,24,11.058781011454961,9.625086789245328
Zach Thompson,SI,2,10.434141471222762,11.128946267880451
Zack Kelly,ALL,542,11.16569354986637,10.230020804804873
Zack Kelly,CH,64,15.385394985381607,12.35477463326826
Zack Kelly,CU,6,13.218281182601414,10.694784094064854
Zack Kelly,FC,173,9.561244829800225,9.412029730246152
Zack Kelly,FF,108,12.061007399743346,10.007741979295695
Zack Kelly,SI,87,10.675151690811651,10.124488185197821
Zack Kelly,ST,104,11.350820223180294,10.846041854303639
Zack Littell,ALL,2659,10.293181400027827,9.091856111462848
Zack Littell,FF,649,9.797689312186465,8.24355166361993
Zack Littell,FS,715,12.75836109272833,10.182316403280279
Zack Littell,SI,428,9.733698723449503,8.764179452011545
Zack Littell,SL,727,8.938028095327015,8.920580975677353
Zack Littell,ST,140,11.307252037689725,10.33536767930024
Zack Wheeler,ALL,2157,9.896879350326994,8.58452666324211
Zack Wheeler,CU,210,16.269723195070206,10.35755641554146
Zack Wheeler,FC,193,8.776437482885678,8.106913286289833
Zack Wheeler,FF,884,8.990697801025881,7.519779201727319
Zack Wheeler,FS,187,11.54714725079987,9.522200146244451
Zack Wheeler,SI,365,8.975521107175954,8.581531401813246
Zack Wheeler,ST,318,10.510038110427306,9.970977549355192
Zak Kent,ALL,284,11.523948002588702,11.877634616594694
Zak Kent,CU,71,14.20583494275921,13.94530139492794
Zak Kent,FF,86,11.332770446246464,11.12715557433566
Zak Kent,SI,14,13.518296596793336,12.624997207364451
Zak Kent,SL,110,10.873262032281135,11.026024559850363
Zak Kent,ST,3,6.065891025431732,9.823988739840782
Zebby Matthews,ALL,1082,10.70445875038249,9.090761186017204
Zebby Matthews,CH,114,12.341476116623385,9.640543340030545
Zebby Matthews,CU,54,14.668900682697927,11.49967497448639
Zebby Matthews,FC,136,10.208207164695544,9.346336794662491
Zebby Matthews,FF,447,8.839591636672335,8.445816077145636
Zebby Matthews,SI,46,8.860736695951362,8.560650843450931
Zebby Matthews,SL,285,13.864178258369705,9.784203141002225
