pitcher,pitch_type,n,naive_in,inferred_in
A.J. Minter,ALL,425,10.543238848093399,9.484504325417117
A.J. Minter,CH,40,12.1113573242875,9.603780534553604
A.J. Minter,FC,238,9.573872031419283,9.381257506223536
A.J. Minter,FF,128,10.530583051191869,9.309648825997673
A.J. Minter,SI,19,12.337659768346816,11.635156458642513
AJ Blubaugh,ALL,1232,11.655248281912126,10.224221968049275
AJ Blubaugh,CH,265,14.90937152922201,11.47693735387292
AJ Blubaugh,CU,13,17.286714754083665,19.178778937703854
AJ Blubaugh,FC,56,15.120284331485415,12.231639260186114
AJ Blubaugh,FF,636,10.813179460160129,9.42546737513811
AJ Blubaugh,ST,262,10.710008576225103,10.150332083458506
AJ Smith-Shawver,ALL,120,10.515668425133214,9.020725208494376
AJ Smith-Shawver,CU,12,11.649027972307572,11.897481398049589
AJ Smith-Shawver,FF,53,7.416936946372012,8.025981566832137
AJ Smith-Shawver,FS,38,12.257031475457499,11.297799262595177
AJ Smith-Shawver,SI,10,7.446048523642057,6.351437043468854
AJ Smith-Shawver,SL,7,10.990242261304468,17.12104333554452
Aaron Ashby,ALL,1113,11.53437326496432,10.906055357224727
Aaron Ashby,CH,120,14.253984825608491,10.859630545709829
Aaron Ashby,CU,241,13.240444929421493,12.116759270305995
Aaron Ashby,FF,24,12.306190044495942,9.894610427380695
Aaron Ashby,SI,572,10.349708028879645,10.108198209739857
Aaron Ashby,SL,156,15.518021918273686,12.198252932208423
Aaron Brooks,ALL,17,12.171404039156394,8.64271202386903
Aaron Brooks,CH,1,14.741559117715502,15.850099099166657
Aaron Brooks,FF,5,3.6582255779985107,6.086259213514509
Aaron Brooks,SI,7,13.008226533504487,7.346434609871194
Aaron Brooks,SL,4,15.925722964810555,15.541942012744212
Aaron Bummer,ALL,288,9.555767825715122,9.016984696041039
Aaron Bummer,CU,61,12.204661825068332,9.133454144419012
Aaron Bummer,FC,30,9.454960075306843,8.112235599623398
Aaron Bummer,FF,20,7.0522639007474535,8.099375865017063
Aaron Bummer,SI,118,8.496027461766744,9.13864616972578
Aaron Bummer,ST,59,12.413001412176602,9.871821681476373
Aaron Civale,ALL,1450,9.792293617128635,8.648930563629456
Aaron Civale,CU,361,9.965231304530805,9.448701941785083
Aaron Civale,FC,527,8.556467907329012,7.9055179204781
Aaron Civale,FF,176,12.73978999537702,8.555049520340287
Aaron Civale,FS,89,10.846393239847389,10.544971251866782
Aaron Civale,SI,245,9.588626028596343,8.717604974204198
Aaron Civale,SL,52,9.636785718460175,9.073579320833044
Aaron Nola,ALL,2075,9.02611189351246,7.96188136970611
Aaron Nola,CH,336,9.034601939577875,7.374460357936326
Aaron Nola,FC,155,8.792041955599261,7.33351159286501
Aaron Nola,FF,498,9.000045221387502,7.751315645080122
Aaron Nola,KC,675,9.701656263399025,8.543441879766043
Aaron Nola,SI,392,8.129324219531696,7.969927412638237
Aaron Nola,SL,19,6.922094774511491,6.279686684474458
Abner Uribe,ALL,706,11.57795898444511,11.25972700457189
Abner Uribe,FF,1,2.6652049766890897,5.631026141397464
Abner Uribe,SI,442,11.664150056186083,11.12447011808005
Abner Uribe,SL,263,11.460125346503105,11.450173348050429
Adam Frazier,ALL,34,14.317748641443705,12.249234244603318
Adam Frazier,CU,4,16.399954364033803,12.079723936421301
Adam Frazier,EP,10,14.881078338657067,13.087200966471748
Adam Frazier,FA,20,13.54281014202405,11.292176614866298
Adam Macko,ALL,355,11.36505276047249,10.026798581665004
Adam Macko,CH,45,16.89743761070581,12.39293960367622
Adam Macko,FF,140,10.35220460292221,9.209824163594753
Adam Macko,KC,26,25.117695153424933,21.927862746841818
Adam Macko,SL,144,10.180980213770793,10.089119018600691
Adrian Del Castillo,ALL,14,17.661822510720423,13.2828459410938
Adrian Del Castillo,CU,6,21.0756693136752,14.717486511487191
Adrian Del Castillo,SL,8,15.452392609851495,10.21492848199
Adrian Houser,ALL,1549,10.649231716429876,9.04469957861381
Adrian Houser,CH,252,13.453549778972208,10.053594123164412
Adrian Houser,CU,110,13.584071219532746,11.95551096994268
Adrian Houser,FF,338,9.228590443907196,8.993536865797473
Adrian Houser,SI,702,10.138204306204717,8.550994116351628
Adrian Houser,SL,147,9.966236478296013,8.210364092161674
Adrian Morejon,ALL,953,10.421273408941227,8.889976058319233
Adrian Morejon,CH,213,14.504664155445997,10.313190645959299
Adrian Morejon,FF,128,9.138538464164032,8.865094450385323
Adrian Morejon,SI,449,9.173654779118428,8.24014889767981
Adrian Morejon,SL,163,9.75966947948582,9.239864862254631
Alan Rangel,ALL,458,10.365657711922362,10.544715844111742
Alan Rangel,CH,171,11.310572863986039,11.534440927595478
Alan Rangel,CU,47,11.963113763707822,11.055307768024695
Alan Rangel,FF,162,9.846483832448381,9.472508185250687
Alan Rangel,SL,78,9.205020044169409,9.48204210268091
Albert Suárez,ALL,751,11.66107053417362,9.739784061653324
Albert Suárez,CH,129,11.365730862942918,8.433228417302725
Albert Suárez,CU,69,12.86418370112783,11.18033239926958
Albert Suárez,FC,158,10.867313955637137,9.926712729160023
Albert Suárez,FF,394,12.084275896483813,9.788956422612502
Albert Suárez,SV,1,19.98286151364857,17.23749985781714
Alec Gamboa,ALL,242,9.750889927330409,9.95614830608179
Alec Gamboa,CH,5,22.332603990273604,19.472654715877514
Alec Gamboa,CU,6,20.862516300743447,17.238258652524717
Alec Gamboa,FF,127,9.223455050291337,9.860823149566551
Alec Gamboa,SI,30,10.316502593029803,9.977310185354021
Alec Gamboa,SL,74,9.519481671635436,9.832865233346539
Alek Jacob,ALL,70,10.179059026872977,9.646824318788212
Alek Jacob,CH,23,14.426766766099497,12.762850056773935
Alek Jacob,FF,31,9.563389589250493,7.573174161468605
Alek Jacob,SI,13,9.280584451652075,10.597331823345925
Alek Jacob,ST,3,10.106522088629156,7.179486134408105
Alek Manoah,ALL,150,13.510938191668945,11.847172633744028
Alek Manoah,CH,56,14.31707376967959,10.589866156335098
Alek Manoah,FF,16,8.136353452592425,10.939768936885107
Alek Manoah,SI,55,12.122335824324617,11.92726652698193
Alek Manoah,SL,23,15.539037523701698,12.349773222698472
Alex Cook,ALL,65,11.834904275280248,11.028296546400384
Alex Cook,CH,7,14.963710188944797,12.033830377783223
Alex Cook,FF,48,11.369925012971096,10.671737345277705
Alex Cook,SL,10,14.650093424229746,10.867380014377748
Alex Hoppe,ALL,501,12.203735979410903,10.493191671137009
Alex Hoppe,CH,5,11.731122373881679,12.713742984496388
Alex Hoppe,FF,196,9.840943515158443,9.654996830487672
Alex Hoppe,SI,91,11.52053714622895,10.363263382967471
Alex Hoppe,SL,209,15.756097112322479,11.593659645424447
Alex Jackson,ALL,14,17.254191139365144,12.692457139327423
Alex Jackson,EP,13,17.56483268861059,12.329009617097007
Alex Jackson,FA,1,14.031575810400255,17.90953515902792
Alex Lange,ALL,853,10.987460625589243,10.447610414664192
Alex Lange,CH,183,11.73148961957007,10.072823916598765
Alex Lange,FC,106,10.2163832886317,10.1905075555578
Alex Lange,FF,88,10.278484738942652,10.126585116408602
Alex Lange,SI,202,9.92837665028143,9.865676234353217
Alex Lange,SL,274,11.930068406226848,11.191219143900447
Alex McFarlane,ALL,74,11.83865154842981,10.66896466034304
Alex McFarlane,FF,23,12.932278897387786,12.494741846455032
Alex McFarlane,SI,23,11.808054429233033,9.030190297025355
Alex McFarlane,SL,14,7.450592096656137,9.740876319627448
Alex McFarlane,ST,14,10.774278393393843,9.097736475010215
Alex Vesia,ALL,716,11.809728700116693,10.586400344826336
Alex Vesia,CH,106,11.94868072240062,11.20067508619221
Alex Vesia,FF,388,12.020133925470747,9.988502763061522
Alex Vesia,SL,222,11.027705261152978,11.221319436876854
Alimber Santa,ALL,230,10.883280088486423,10.137446616888901
Alimber Santa,FF,18,9.817250192186053,12.24382083358742
Alimber Santa,SI,55,13.89121369687637,11.053502924276836
Alimber Santa,SL,72,11.425501734650423,11.459410082075088
Alimber Santa,ST,85,10.351073295161632,8.707984655680951
Andre Granillo,ALL,157,12.815486594270832,11.478864169962186
Andre Granillo,CH,5,22.432802255857982,20.27570398347586
Andre Granillo,FF,38,11.885665734433001,10.112040756343387
Andre Granillo,SI,23,12.245485360885326,12.047660116629121
Andre Granillo,SL,91,13.339439260541551,11.478864169962186
Andre Pallante,ALL,2026,10.960942531448584,10.510146180830375
Andre Pallante,FF,647,9.695096762963361,9.52412505670556
Andre Pallante,FS,60,13.132028460389563,14.177262524533324
Andre Pallante,KC,364,15.763798333179096,14.067671630633773
Andre Pallante,SI,349,10.85530618682489,9.559259366395938
Andre Pallante,SL,606,10.487016762659131,10.160784434686501
Andrew Abbott,ALL,2181,10.440025528463304,9.341888037400143
Andrew Abbott,CH,413,11.12779690032611,9.846737949988762
Andrew Abbott,CU,274,11.087026165507762,10.348707130538415
Andrew Abbott,FC,63,10.207476949998641,8.215572932480727
Andrew Abbott,FF,998,9.576228339831417,8.473746332248936
Andrew Abbott,ST,433,11.30977850948846,10.280895689602174
Andrew Alvarez,ALL,1087,11.141692047860294,10.63037063006231
Andrew Alvarez,CH,41,14.090052090042791,10.887969507704957
Andrew Alvarez,CU,346,12.033681128532917,11.93290649694887
Andrew Alvarez,FF,293,10.312830296955957,9.911923678314894
Andrew Alvarez,SI,153,10.31792363773145,10.171327480999976
Andrew Alvarez,SL,254,10.805752169855502,10.010968909583795
Andrew Hoffmann,ALL,219,11.259928213379496,9.245733800508814
Andrew Hoffmann,CH,61,14.77112571045069,11.369655640670999
Andrew Hoffmann,FF,116,9.396590147666851,7.875701406548512
Andrew Hoffmann,SL,42,14.71969707110858,12.130687203399173
Andrew Kittredge,ALL,513,9.684090273994144,8.863846145300082
Andrew Kittredge,FF,61,11.70375829208543,9.43660426549619
Andrew Kittredge,SI,193,9.996031604131785,8.944436123986126
Andrew Kittredge,SL,259,9.525153481422583,8.710414919388054
Andrew Morris,ALL,870,10.276710527622054,9.36313543704551
Andrew Morris,CH,96,14.110596887205265,10.433115972685096
Andrew Morris,CU,13,12.954230199005922,13.08778651836452
Andrew Morris,FC,180,10.353075643502127,10.412959035174014
Andrew Morris,FF,402,9.275455188802344,8.5896845800574
Andrew Morris,SI,103,7.950370577663026,8.334823757333751
Andrew Morris,ST,76,15.417432577949523,14.25607235426101
Andrew Nardi,ALL,337,11.074088145639303,9.21043041770424
Andrew Nardi,CH,40,13.920035048473617,10.893817043915272
Andrew Nardi,FF,163,8.927449992724492,8.351483682722556
Andrew Nardi,SI,7,7.403295337136902,8.544603225869716
Andrew Nardi,SL,52,12.83553976528047,8.910601179196927
Andrew Nardi,ST,75,14.96439890769645,9.993767844722433
Andrew Painter,ALL,1373,10.607207097814435,9.780486503118738
Andrew Painter,CH,66,11.52379552311368,10.346410176605684
Andrew Painter,CU,104,10.388584270210053,9.677306041974745
Andrew Painter,FF,449,10.995769761018192,9.941952075932036
Andrew Painter,FS,159,11.383869014777646,11.216009189887304
Andrew Painter,SI,123,11.518716488378635,10.678283249009684
Andrew Painter,SL,271,8.323834716224404,8.490707871821057
Andrew Painter,ST,201,9.949411354931014,9.57113385901543
Andrew Vaughn,ALL,19,17.071006094897147,11.885585595259975
Andrew Vaughn,FA,16,16.528491764346516,10.965435395078694
Andrew Vaughn,SL,3,19.272240042288306,19.38968010181923
Andrew Wantz,ALL,79,11.350755189113281,10.7010252385129
Andrew Wantz,CH,3,27.0057271912113,21.281647095076117
Andrew Wantz,CU,3,9.839638322302585,8.410075911280119
Andrew Wantz,FC,21,10.843546608742411,8.267125960196374
Andrew Wantz,FF,27,11.04098783769817,10.659527265888793
Andrew Wantz,SI,15,11.920129257051347,12.53255361677722
Andrew Wantz,ST,10,12.860898723027667,14.26411499084001
Andrés Muñoz,ALL,688,14.138338506634991,9.791576407952334
Andrés Muñoz,CH,37,22.379958668436327,10.687740228079736
Andrés Muñoz,FF,267,10.985133644235221,9.090680997524863
Andrés Muñoz,SI,56,12.643771311619677,10.594932573294507
Andrés Muñoz,SL,328,16.092942668672464,10.403715096741871
Angel Chivilli,ALL,227,11.979381506727158,10.753945209432393
Angel Chivilli,CH,102,12.371100732064207,10.662877397520448
Angel Chivilli,FF,43,11.900271657519397,10.48553227497404
Angel Chivilli,SL,82,10.411027020812318,11.09854735734922
Angel Zerpa,ALL,160,9.597332406974726,8.939546293043687
Angel Zerpa,CH,9,12.219511501691468,7.944553599837457
Angel Zerpa,FF,10,11.61992658675695,8.183997518429175
Angel Zerpa,SI,110,9.214187365411398,8.87659777892258
Angel Zerpa,SL,31,12.191926976985977,11.039046271050914
Anthony Banda,ALL,514,11.63218750679734,11.133968923335201
Anthony Banda,CH,35,10.879859505092721,11.698212911243902
Anthony Banda,FF,129,10.383885812784264,8.988369974862547
Anthony Banda,SI,137,10.002036536066434,9.008278181728194
Anthony Banda,SL,213,14.738926120364424,13.13849026058929
Anthony Bender,ALL,508,11.787649893218703,10.182529884399905
Anthony Bender,CH,11,21.171098829196556,18.878875222721874
Anthony Bender,FF,7,14.896816377681887,13.348965716277249
Anthony Bender,SI,163,11.682163814282202,10.261173956841182
Anthony Bender,SL,64,13.581121605731553,10.386671556516468
Anthony Bender,ST,263,11.39713978747511,9.992066974535787
Anthony Kay,ALL,1735,10.552067986169266,9.09198612419111
Anthony Kay,CH,246,13.709172777520978,9.584342011625793
Anthony Kay,FC,282,9.95574724685138,8.409428905865624
Anthony Kay,FF,391,8.435960773736772,8.109133476894115
Anthony Kay,SI,305,8.023896353687787,7.3476991313086915
Anthony Kay,SL,120,11.803727039371585,10.989945464686922
Anthony Kay,ST,391,12.956221099941894,11.223904999162812
Anthony Molina,ALL,68,11.01537381721294,9.63530932451327
Anthony Molina,CH,17,11.06866385968221,9.608643717763618
Anthony Molina,CU,21,13.370036866499607,9.420657933749853
Anthony Molina,FF,24,8.718319388714079,9.730126916064059
Anthony Molina,SL,6,11.233318933612424,9.252960461736127
Anthony Nunez,ALL,673,11.570538967809105,10.831066885318775
Anthony Nunez,CH,156,14.948566494858232,13.019226310624967
Anthony Nunez,FC,32,10.559856340100337,9.722709878197817
Anthony Nunez,FF,185,10.277695716264422,10.302532382242026
Anthony Nunez,SI,96,9.946793720415593,9.514823523465193
Anthony Nunez,ST,204,11.529736662464899,11.017005935403743
Antoine Kelly,ALL,17,10.944437574864015,12.013962390707317
Antoine Kelly,FF,1,8.19789221676512,13.547971699435715
Antoine Kelly,SI,9,12.62376620269687,13.967218178993747
Antoine Kelly,SL,7,10.944437574864015,9.78436756994528
Antonio Senzatela,ALL,825,10.385671632695955,8.92198903180484
Antonio Senzatela,CH,48,15.18549279470172,9.848690413120671
Antonio Senzatela,CU,76,16.176223068171147,12.2522994508427
Antonio Senzatela,FC,254,9.834140566455646,8.869491274739776
Antonio Senzatela,FF,308,9.107808330628806,8.329698129873695
Antonio Senzatela,SI,118,10.695816826096486,8.659920615266676
Antonio Senzatela,SL,21,11.743485127781764,11.104180701559471
Antwone Kelly,ALL,99,9.19903138925582,7.687909660955706
Antwone Kelly,CH,8,11.27143545001309,10.658966103551947
Antwone Kelly,FF,52,7.021624423100677,6.485427090159563
Antwone Kelly,SI,2,10.074094465826734,8.231353690794862
Antwone Kelly,SL,7,11.219376481615042,7.998704713208704
Antwone Kelly,ST,30,10.074168758076958,8.017747136277222
Aroldis Chapman,ALL,627,10.854067631840993,10.77188377207319
Aroldis Chapman,FF,231,9.576084731575223,10.058112103689318
Aroldis Chapman,FS,68,12.691859291597627,11.146112486549896
Aroldis Chapman,SI,217,11.328407180541747,10.985132548804643
Aroldis Chapman,SL,111,11.431058816459961,10.8617278680055
Austin Hedges,ALL,24,8.489587389149246,8.177374831459574
Austin Hedges,CH,10,11.393181029945419,9.61018409733471
Austin Hedges,EP,1,8.180531284421056,8.787277786788552
Austin Hedges,FA,13,8.407882466117941,7.867562404150207
Austin Voth,ALL,179,11.684814715539718,11.056516502387296
Austin Voth,CU,28,16.22712945193488,13.79180748373722
Austin Voth,FC,40,11.539125830955282,11.517331117772176
Austin Voth,FF,48,10.330963069068389,9.029731190648667
Austin Voth,FS,7,17.440847660697738,16.319413870574582
Austin Voth,SI,23,11.860208068444653,10.4823520292397
Austin Voth,ST,33,9.421090785185221,10.646131422840112
Austin Warren,ALL,552,11.096515210002298,8.970217115086513
Austin Warren,CH,6,15.3180515839656,7.38254040073353
Austin Warren,CU,50,14.499203731146551,10.09535275898652
Austin Warren,FC,7,11.389924269442076,11.486917794574381
Austin Warren,FF,88,10.492130171110016,8.86386421031833
Austin Warren,SI,137,10.186325619983375,7.923912269878302
Austin Warren,ST,264,11.207919979101689,9.460595961470606
Bailey Falter,ALL,173,12.477796181371492,12.2516896633078
Bailey Falter,CU,17,11.266053974737888,10.40602649653536
Bailey Falter,FF,98,11.565662032860835,11.01549730735216
Bailey Falter,FS,16,12.876511478740447,14.194144587130493
Bailey Falter,SI,3,27.978321966452878,23.14376344001309
Bailey Falter,SL,39,13.479265416408277,14.920651578152567
Bailey Ober,ALL,1317,9.93146609215182,8.925519097384635
Bailey Ober,CH,459,11.113432453442742,9.742218932765388
Bailey Ober,CU,22,7.288776184084552,9.205214795934154
Bailey Ober,FF,426,8.663963648674319,7.845170580649059
Bailey Ober,SI,38,7.2558775224217165,6.455871666931397
Bailey Ober,SL,210,9.30074070912659,8.39619585084747
Bailey Ober,ST,162,13.081819204121983,11.03559635662377
Beau Brieske,ALL,136,12.090855189431123,10.449062863830441
Beau Brieske,CH,17,13.67068817221123,7.9390968704945255
Beau Brieske,FF,68,12.267006248388542,10.526315555475072
Beau Brieske,SI,19,8.611901137901325,9.431766246803836
Beau Brieske,SL,32,12.845669264090652,11.973869327594342
Beck Way,ALL,355,11.359264035659123,10.455255891483295
Beck Way,CH,12,13.678328864786213,14.71009199173431
Beck Way,FC,146,10.590833320967409,9.92730027575077
Beck Way,FF,50,12.44974602016099,12.140016005026403
Beck Way,SI,88,10.666051197782242,9.93647135945103
Beck Way,ST,59,13.264894189838953,10.932245146680703
Ben Bowden,ALL,40,10.852507694023382,11.113446332525776
Ben Bowden,CH,9,10.750191896121457,11.21357211193014
Ben Bowden,CU,1,20.705334329439488,24.24335898240684
Ben Bowden,FF,28,10.852507694023382,10.824298062479706
Ben Bowden,SL,2,25.447663512026413,23.317783237692225
Ben Brown,ALL,757,11.803668093398155,10.729362659961183
Ben Brown,CH,42,13.496138624084839,12.948611864541625
Ben Brown,FF,273,9.917139900069397,9.580960717550326
Ben Brown,KC,278,13.651848122503834,11.917771842748092
Ben Brown,SI,164,10.76110370984749,9.413707372201593
Ben Casparius,ALL,88,14.219252258385595,10.354537641677668
Ben Casparius,CH,2,25.990095932795455,24.20068366924001
Ben Casparius,CU,15,13.441812189917806,11.783916520665883
Ben Casparius,FC,11,11.903885276148719,8.910540080299977
Ben Casparius,FF,34,17.158615185628932,11.202092553304958
Ben Casparius,ST,26,13.77664361856652,9.585464101065217
Ben Joyce,ALL,77,10.380798204817955,10.635698031710234
Ben Joyce,FF,46,8.884949111116963,8.549151091706186
Ben Joyce,SI,23,15.460809737055316,13.50406389335643
Ben Joyce,SL,8,13.471458519585614,12.521561267626609
Ben Peoples,ALL,194,12.533661281055956,10.938915150253614
Ben Peoples,CH,7,15.219599554655435,9.774268308283649
Ben Peoples,FF,112,11.963590591616182,10.197035801412978
Ben Peoples,SL,75,12.745393022317245,11.074710006648289
Ben Williamson,ALL,37,13.820794459916899,11.619000286491383
Ben Williamson,EP,37,13.820794459916899,11.619000286491383
Bennett Sousa,ALL,243,10.90523353392498,10.553629960594998
Bennett Sousa,FF,53,8.229380308277566,8.397250215022511
Bennett Sousa,SI,18,8.399459933131926,8.620419714295604
Bennett Sousa,SL,172,12.306649576377353,11.078330919132764
Blade Tidwell,ALL,403,11.533406840010159,10.323688103676682
Blade Tidwell,CH,22,14.524548979687367,13.785170000433828
Blade Tidwell,CU,5,17.388033642323933,11.977472977499819
Blade Tidwell,FF,133,11.319018996869259,10.215457406329506
Blade Tidwell,SI,51,11.2073953301765,9.995075422164831
Blade Tidwell,SL,41,11.533406840010159,11.156003637863975
Blade Tidwell,ST,151,10.878126630457025,10.046014058965314
Blake Snell,ALL,234,10.757404836949416,8.713542407158812
Blake Snell,CH,38,9.281900697511613,8.54965443642584
Blake Snell,CU,55,14.945066421559108,11.295071331360452
Blake Snell,FF,113,9.938553448794394,8.53279774412571
Blake Snell,SL,28,10.088253817818561,7.862407420450793
Blake Treinen,ALL,345,11.983308523774538,10.354756095219876
Blake Treinen,CH,2,21.420382042229438,17.750725856381013
Blake Treinen,FC,30,11.625372620955535,10.982306392957515
Blake Treinen,FF,41,10.874171070477598,9.22387122499977
Blake Treinen,SI,127,9.717984489477937,9.097384665895014
Blake Treinen,ST,145,13.664368304089734,10.975139675759598
Blake Weiman,ALL,128,8.87543349969194,9.189372673848618
Blake Weiman,CH,9,13.764216358082912,11.262540426255821
Blake Weiman,FF,6,12.322852976904887,11.904409362560104
Blake Weiman,SI,16,8.714620380496946,8.15519893212533
Blake Weiman,SL,38,8.427931260082733,8.544775379372087
Blake Weiman,ST,59,8.299497943335647,8.377909496543012
Blas Castaño,ALL,288,10.362180046697258,9.391800349501883
Blas Castaño,CH,31,11.613174404446841,9.202879013688355
Blas Castaño,FC,44,9.216677366517626,9.192419077433591
Blas Castaño,FF,26,10.69723355763552,10.80278255116723
Blas Castaño,SI,113,9.477358479094574,8.853566689317239
Blas Castaño,ST,74,11.286267619339355,10.048014266039587
Brad Keller,ALL,472,11.198695096326642,9.747224655037666
Brad Keller,CH,65,12.832412658542479,9.077096534446557
Brad Keller,FF,150,9.889528543780713,9.717034974372748
Brad Keller,SI,97,9.689363537903763,9.167373766507176
Brad Keller,SL,105,12.674976984748744,11.779416250338581
Brad Keller,ST,55,10.310657419471154,10.820526669894159
Brad Lord,ALL,976,10.50743348846635,9.926829359619397
Brad Lord,CH,41,12.345607569801318,10.10126645742829
Brad Lord,FF,358,10.458507100976428,10.09016729305224
Brad Lord,SI,225,9.793972406801876,8.399586003966242
Brad Lord,SL,208,11.014645679721323,10.892745827658372
Brad Lord,ST,144,11.105548818912585,10.52313023565748
Bradgley Rodriguez,ALL,833,10.421019027797605,9.874121544266325
Bradgley Rodriguez,CH,343,10.667519707209845,10.300072960961419
Bradgley Rodriguez,FF,210,9.746501995822857,9.611200445119852
Bradgley Rodriguez,SI,214,9.659832973412461,9.12556336470568
Bradgley Rodriguez,SL,66,12.550809565711074,12.267676791084174
Bradley Hanner,ALL,10,15.541666834932919,14.106932769942723
Bradley Hanner,FF,7,14.235461547738018,12.7235240621398
Bradley Hanner,SI,1,9.072737016096712,3.9821356655359534
Bradley Hanner,ST,2,22.943339194565596,20.263572375671153
Brady Basso,ALL,318,9.775350758459311,9.052308854028759
Brady Basso,CH,6,14.44054033814469,16.029700163059147
Brady Basso,CU,55,13.294797699647422,14.694305021895165
Brady Basso,FC,32,8.95506205210167,9.076469868177735
Brady Basso,FF,132,8.549438883656688,7.419589577726365
Brady Basso,SI,20,6.247029176588471,7.606737480626363
Brady Basso,SL,70,9.148317626238736,9.736665241746566
Brady Basso,ST,3,12.799149587611,14.853060080183212
Brady Singer,ALL,1757,10.198987151673789,9.161055879096148
Brady Singer,FC,124,10.136260773518746,9.968072494773926
Brady Singer,FF,44,10.64244876281576,10.0188647319957
Brady Singer,SI,875,9.2338526828643,9.262221970346824
Brady Singer,SL,439,11.459662288842296,8.486693193768183
Brady Singer,ST,275,12.728725113138836,9.676951709440875
Brandan Bidois,ALL,291,12.071187958860678,10.55081725359495
Brandan Bidois,CH,10,15.766321544983652,16.01315675071714
Brandan Bidois,FF,160,11.153521219545494,10.725688231517974
Brandan Bidois,SL,121,12.777131492283688,10.319087564195174
Brandon Eisert,ALL,524,11.960539256066571,10.098321242833055
Brandon Eisert,CH,108,13.871342826338111,10.027447133154102
Brandon Eisert,FF,197,11.637995996825477,10.188640710910528
Brandon Eisert,SI,37,9.237252554083037,9.243750879553263
Brandon Eisert,SL,182,11.867556210512188,10.158516051014782
Brandon Leibrandt,ALL,90,11.465153361814323,8.792671733537967
Brandon Leibrandt,CH,24,12.531330798905014,10.157552278467978
Brandon Leibrandt,CU,4,4.077837629693469,6.209183396856546
Brandon Leibrandt,FF,21,10.852572413058311,6.58188694951728
Brandon Leibrandt,SI,14,7.86535333240259,6.83203626826252
Brandon Leibrandt,SL,20,12.526641647662187,8.907009400277932
Brandon Leibrandt,ST,7,6.29560142621898,8.978555886221688
Brandon Pfaadt,ALL,1374,9.368864470416558,8.211094718155355
Brandon Pfaadt,CH,219,9.938725113045514,8.051874767721003
Brandon Pfaadt,CU,219,12.202792568457681,10.1914513814148
Brandon Pfaadt,FC,158,8.174646952908628,7.268236439124747
Brandon Pfaadt,FF,354,7.725275445553692,7.499015940200179
Brandon Pfaadt,SI,234,8.713743868398991,8.025648071457919
Brandon Pfaadt,ST,190,10.310523411702693,9.473532467490752
Brandon Sproat,ALL,1533,11.57192741211875,10.125555190063006
Brandon Sproat,CH,122,14.568607388872241,10.86243574702396
Brandon Sproat,CU,143,16.114890724606354,11.523078311606197
Brandon Sproat,FC,340,10.505534885805972,9.86657147543124
Brandon Sproat,FF,374,10.604241989988385,9.474313955322096
Brandon Sproat,SI,396,11.253791571658425,10.036555244197846
Brandon Sproat,ST,158,13.745443197345399,10.417864107744922
Brandon Williamson,ALL,393,11.396931191886173,10.360530612096976
Brandon Williamson,CH,90,11.549172764912038,11.852310629577904
Brandon Williamson,CU,31,11.878826696329424,9.584331418699028
Brandon Williamson,FC,101,11.656694446265348,10.415937995120734
Brandon Williamson,FF,83,9.920892459344092,10.356414504629814
Brandon Williamson,SI,45,11.844652711995082,8.093740587852583
Brandon Williamson,ST,43,11.811950066770164,9.925128916552879
Brandon Woodruff,ALL,598,11.219781592632295,9.146498788392327
Brandon Woodruff,CH,128,12.376681601851011,10.393724305806693
Brandon Woodruff,CU,27,9.719920283028516,9.773597161493292
Brandon Woodruff,FC,64,9.026166646899492,8.97704173281072
Brandon Woodruff,FF,260,11.078982610972162,8.856748065525286
Brandon Woodruff,SI,114,12.35490326768717,8.81971359258793
Brandon Woodruff,ST,5,11.887447143277873,10.01689340673612
Brandon Young,ALL,1701,11.185594422664975,9.52915857006093
Brandon Young,CU,206,12.088691009504089,11.424390748827355
Brandon Young,FF,691,10.520764258334609,9.015919958636415
Brandon Young,FS,327,12.435468218104312,11.685244972023865
Brandon Young,SI,222,11.69555844151353,8.383610254780079
Brandon Young,SL,255,9.821249467962442,8.637203954118544
Brandyn Garcia,ALL,452,10.10558837608803,9.625907819809065
Brandyn Garcia,FC,94,9.562890651287573,9.432574716670723
Brandyn Garcia,SI,221,8.828097707989382,8.567801235803044
Brandyn Garcia,ST,137,14.016850631008152,11.309276907678049
Brant Hurter,ALL,321,10.415454805643499,9.754518471591563
Brant Hurter,CH,38,12.703695353317432,9.149383323960375
Brant Hurter,FF,14,9.049570270264502,9.385175119717065
Brant Hurter,SI,185,9.341936709527305,9.240851285642789
Brant Hurter,ST,84,11.202586701974987,12.213450677387087
Braxton Ashcraft,ALL,1801,10.94562634596897,9.040007571463637
Braxton Ashcraft,CU,477,13.905338038713708,9.986746369559617
Braxton Ashcraft,FF,568,8.789950803652058,8.633852209653313
Braxton Ashcraft,FS,84,12.881857140176736,10.443303490809164
Braxton Ashcraft,SI,262,11.246762890228219,7.998846880112003
Braxton Ashcraft,SL,410,10.925037687651907,8.986188222091648
Braxton Garrett,ALL,120,13.059560916595629,13.945116797261269
Braxton Garrett,CH,16,14.931124647221795,16.633507799994923
Braxton Garrett,FF,26,10.864952846346572,8.924018455208925
Braxton Garrett,SI,33,9.53191854783066,9.74223562531051
Braxton Garrett,SL,19,19.462515924749145,17.11753010028944
Braxton Garrett,ST,26,14.83552564253484,14.647384844942161
Brayan Bello,ALL,1361,10.06895244921604,9.368317452902811
Brayan Bello,CH,263,11.432508608183145,8.845942039775545
Brayan Bello,CU,64,14.471668448587089,11.959104445529817
Brayan Bello,FC,217,8.671709852778658,8.158380185940722
Brayan Bello,FF,95,10.716940358032085,9.307367807021521
Brayan Bello,SI,558,9.536410879083821,9.448678592018904
Brayan Bello,ST,164,11.02916103897368,10.460620769884532
Braydon Fisher,ALL,885,10.733478549446495,10.432999764707866
Braydon Fisher,CU,252,11.765190001461178,11.370168581875088
Braydon Fisher,FC,26,8.32608472798206,7.869034530525612
Braydon Fisher,FF,158,14.780617825591019,10.454217397784051
Braydon Fisher,SI,2,15.773280605365056,16.38885203613306
Braydon Fisher,SL,447,10.01912768431889,9.941846758466564
Brenan Hanifee,ALL,294,10.560394351314581,9.227769618317957
Brenan Hanifee,CH,22,13.388307448460026,11.01484332286806
Brenan Hanifee,FF,25,8.076620576561231,7.880392356766951
Brenan Hanifee,SI,178,10.486481593069414,9.427157728938607
Brenan Hanifee,SL,69,11.05278611301011,8.703132529891494
Brendan Beck,ALL,126,10.582516760263697,9.513143216444316
Brendan Beck,CU,7,16.873770973258225,15.106750480592034
Brendan Beck,FF,58,10.60558423989552,9.23435113733594
Brendan Beck,FS,10,11.44711718966865,12.138494087075596
Brendan Beck,SI,7,14.196858901947767,12.941548117296703
Brendan Beck,SL,44,9.006538444975478,8.034711622898433
Brendon Little,ALL,287,13.812822259709948,10.811163269574283
Brendon Little,FC,1,17.203306423759294,23.13350213315564
Brendon Little,FF,31,11.428515678711086,11.492487496164081
Brendon Little,KC,93,17.946825179749506,11.781477560058695
Brendon Little,SI,77,11.872686174661759,10.44782828672477
Brendon Little,SL,85,11.8185371873091,10.436836110733749
Brennan Bernardino,ALL,705,11.625932233475552,10.054153612465182
Brennan Bernardino,CH,51,17.034202842881193,13.414740922133577
Brennan Bernardino,CU,223,14.735869492485246,12.28713685969006
Brennan Bernardino,FC,85,13.48738946724118,9.947766830557883
Brennan Bernardino,FF,41,9.819888070802026,8.93620658661668
Brennan Bernardino,SI,296,8.991708800600046,8.490502979210788
Brennan Bernardino,ST,9,8.517836037173122,13.452569066131657
Brent Headrick,ALL,788,9.796036569696078,9.070113551293627
Brent Headrick,FF,376,8.342549426520021,8.447567647892717
Brent Headrick,FS,71,13.291366093626943,10.543481375310456
Brent Headrick,SI,84,8.061291471678427,8.01332135518161
Brent Headrick,SL,257,12.192284805341354,10.217693761467453
Brent Suter,ALL,997,11.275811215517185,9.9173075531187
Brent Suter,CH,275,12.097742287559795,12.033598571345337
Brent Suter,FF,260,11.705134450920802,8.89242098299535
Brent Suter,SI,320,9.636684134559772,8.392787467806208
Brent Suter,SL,142,12.63937855391198,13.103335879400298
Brett Kerry,ALL,201,9.904852475707983,9.56379639041176
Brett Kerry,CH,46,10.615563203837775,9.579376345059229
Brett Kerry,CU,3,4.773053822125789,4.516533047813016
Brett Kerry,FF,94,10.057095602357514,9.539194019256268
Brett Kerry,SL,55,8.14868400208166,8.98007366185272
Brett Kerry,ST,3,20.07819379867738,20.56923081852814
Brett Sullivan,ALL,38,11.520504008053152,11.828012259774745
Brett Sullivan,EP,23,14.771719061131998,13.175060023759993
Brett Sullivan,FA,15,10.287703771539503,10.114826356366716
Brian Fitzpatrick,ALL,103,10.731593406057796,10.13939577992295
Brian Fitzpatrick,CH,36,11.482520645883866,11.201193785149139
Brian Fitzpatrick,FF,22,9.853888885491632,8.63671921301545
Brian Fitzpatrick,SI,18,10.511647587284738,10.485905978851907
Brian Fitzpatrick,SL,18,10.556835226244315,8.925318656121117
Brian Fitzpatrick,ST,9,10.08102690851877,9.74771862546927
Brian Keller,ALL,29,6.19101893030831,6.210853234986366
Brian Keller,FC,9,5.504756149378482,4.80163631063459
Brian Keller,FF,9,10.171566003143736,7.904952052435285
Brian Keller,SI,5,6.7077466542265975,6.210853234986366
Brian Keller,ST,6,6.593059589527592,6.341371392961937
Brock Burke,ALL,878,11.045959500926829,10.967616019554331
Brock Burke,CH,153,11.856138257282863,11.61789410097538
Brock Burke,FF,353,11.003207992348672,11.067373856016738
Brock Burke,SI,117,9.134846979170401,8.92634675288715
Brock Burke,SL,255,12.059066916674706,10.940552438149178
Brock Stewart,ALL,213,11.530772308617877,9.509641297254994
Brock Stewart,CH,35,11.962867729891501,12.873169702949971
Brock Stewart,FC,21,12.583140585354169,9.225688600618929
Brock Stewart,FF,73,11.05769649415073,8.552418573490485
Brock Stewart,SI,30,9.040538766817459,9.03701182025862
Brock Stewart,ST,54,13.003443923097972,9.259965294794814
Brooks Kriske,ALL,32,11.520315476625338,11.011296383619971
Brooks Kriske,FC,7,13.09928619609664,11.999772191594253
Brooks Kriske,FF,11,12.367836561324106,11.213070666860387
Brooks Kriske,FS,14,11.188899197862352,9.04828720438303
Brooks Raley,ALL,615,10.69492558768002,9.934721842247725
Brooks Raley,CH,83,13.889864502166919,10.20956363267995
Brooks Raley,FC,174,9.834382937736784,9.298904476694862
Brooks Raley,SI,131,10.504575937932136,10.863854175040965
Brooks Raley,ST,227,10.522532577166226,9.88292696674016
Bruce Zimmermann,ALL,65,10.252865135480041,9.931900135252562
Bruce Zimmermann,CU,8,5.740186820740616,6.983916315373662
Bruce Zimmermann,FC,7,13.959788244257716,14.271657996279508
Bruce Zimmermann,FF,7,13.941936708798803,10.231061178405234
Bruce Zimmermann,FS,10,10.096969436923438,8.999828484991268
Bruce Zimmermann,SI,22,7.465809951606527,10.689490203605231
Bruce Zimmermann,SL,11,10.252865135480041,9.870486581110704
Bryan Abreu,ALL,777,12.68925094275901,11.074335462973968
Bryan Abreu,CH,1,9.703342127272151,8.807700630165858
Bryan Abreu,FC,67,12.360104600784133,11.283107326435076
Bryan Abreu,FF,357,12.834539011402349,11.07535176567509
Bryan Abreu,SL,352,12.411093029456152,11.052554573989198
Bryan Baker,ALL,707,11.318037619734175,9.918586650000343
Bryan Baker,CH,309,12.029538828636081,10.016601868721454
Bryan Baker,FF,375,11.05023172630208,9.887537903898588
Bryan Baker,SL,23,8.477677099771173,7.784135187321858
Bryan Hudson,ALL,666,9.488470995469395,8.760576973889236
Bryan Hudson,FC,9,9.488594539928076,9.614864373207935
Bryan Hudson,FF,445,8.413720177830537,8.26357229293673
Bryan Hudson,SI,31,8.97209530753863,9.367093573036476
Bryan Hudson,ST,181,12.506214178376865,9.770951028984204
Bryan King,ALL,748,9.698139711536617,8.9898700726574
Bryan King,CH,7,8.282755986419176,10.250393400848795
Bryan King,FF,427,9.257719658170304,8.665532870437374
Bryan King,SI,110,8.637430109893884,8.730881673864758
Bryan King,ST,204,11.42146155770563,10.587230882616756
Bryan Torres,ALL,16,12.098217868771366,14.394307749791793
Bryan Torres,EP,16,12.098217868771366,14.394307749791793
Bryan Woo,ALL,1780,9.888529541113224,8.641993726259447
Bryan Woo,CH,112,12.5897459895853,10.247853370886812
Bryan Woo,CU,18,18.6173795338066,12.687018586757196
Bryan Woo,FF,846,8.546363356521727,8.264885698617709
Bryan Woo,SI,336,9.113516422007791,8.097037310051657
Bryan Woo,SL,270,13.401380952655195,8.969678777928873
Bryan Woo,ST,198,11.756059680305894,9.583684271764103
Bryce Elder,ALL,1646,10.724034873247719,9.062715576122308
Bryce Elder,CH,181,13.752556093312693,9.419991771096809
Bryce Elder,FC,240,8.67326743577551,8.745541190963115
Bryce Elder,FF,391,9.979044245993608,8.705702121085935
Bryce Elder,SI,465,11.004591542753936,9.065544947801394
Bryce Elder,SL,369,10.826196349013866,9.370574788522907
Bryce Miller,ALL,1234,10.429921141740735,9.455518594917075
Bryce Miller,FC,70,9.252721190818104,9.048116831771821
Bryce Miller,FF,510,9.705667385001348,9.530857148157615
Bryce Miller,FS,319,11.640019177421326,9.658295450725907
Bryce Miller,KC,56,14.298876622000993,10.624743812932877
Bryce Miller,SI,81,9.264429092404171,9.180172992034043
Bryce Miller,SL,112,11.08210550860288,8.69042988363327
Bryce Miller,ST,86,12.574448223136628,9.37632375777692
Brycen Mautz,ALL,56,12.383827907555489,10.025179646402611
Brycen Mautz,CU,11,17.30475558556737,12.886686241502687
Brycen Mautz,FF,26,7.59601008072641,8.134174608386905
Brycen Mautz,SI,10,12.383827907555489,9.306403585877433
Brycen Mautz,SL,9,26.476684626908067,16.480235660946033
Bryse Wilson,ALL,392,10.979892887183373,8.484348246766388
Bryse Wilson,CH,15,9.799810026390027,8.72021327723809
Bryse Wilson,CU,22,7.629893104734622,8.408580057818956
Bryse Wilson,FC,132,9.894490936008939,8.662636844695783
Bryse Wilson,FF,79,12.236498666121971,8.565255689846946
Bryse Wilson,FS,23,10.3233076049232,8.262548868531177
Bryse Wilson,SI,121,11.932783003180727,8.184652558385483
Bubba Chandler,ALL,1672,11.546549982845308,10.384157799114746
Bubba Chandler,CH,254,11.515848876847492,10.928331749020309
Bubba Chandler,CU,60,10.110924182196058,11.011325256742477
Bubba Chandler,FF,829,11.481555973196587,10.312987402904504
Bubba Chandler,SI,105,13.119945281599797,9.687376151883443
Bubba Chandler,SL,332,11.206537122028726,9.977168629866803
Bubba Chandler,ST,92,13.400531228604066,12.558994192896918
Buddy Kennedy,ALL,37,16.99711222451036,16.565641181601958
Buddy Kennedy,FA,37,16.99711222451036,16.565641181601958
Burch Smith,ALL,228,11.42272630846395,9.96062378831607
Burch Smith,CH,20,12.884818891486491,12.757284295422295
Burch Smith,CU,59,12.698825838833969,10.057975156414315
Burch Smith,FC,50,7.961456139943984,8.771997648309224
Burch Smith,FF,97,11.4568701195602,9.980664486127397
Burch Smith,SI,2,26.58479432845521,20.982453789631045
CJ Van Eyk,ALL,111,13.914805308415549,11.077129954868116
CJ Van Eyk,CH,26,15.08003723999147,11.245605586870042
CJ Van Eyk,CU,25,14.634686848075305,11.164806192194172
CJ Van Eyk,FC,25,11.803773293964852,10.597527977766074
CJ Van Eyk,FF,12,14.378715968274431,14.732479620422877
CJ Van Eyk,SI,14,11.783524143472139,11.012288629171614
CJ Van Eyk,ST,9,13.607961911875293,10.991765941251339
Cade Cavalli,ALL,2089,10.734265579755764,9.760588464597493
Cade Cavalli,CH,159,11.732931132655914,10.890478139135892
Cade Cavalli,CS,1,15.980616710795497,10.66128959589526
Cade Cavalli,FC,123,10.001369322481512,8.211507614225283
Cade Cavalli,FF,690,10.06839824048933,9.09212002916204
Cade Cavalli,KC,558,11.255360122576997,10.492224362043382
Cade Cavalli,SI,279,9.684594869637559,9.26284502610173
Cade Cavalli,ST,279,11.96690551899108,10.601998928776691
Cade Gibson,ALL,628,12.18851069628616,10.443660326008203
Cade Gibson,CH,40,14.043590916379337,11.18821415977267
Cade Gibson,CU,142,15.41490997130521,12.83928727491482
Cade Gibson,FF,26,12.860181248416612,9.763394128544524
Cade Gibson,SI,149,10.276800133835549,10.319651691735897
Cade Gibson,SL,106,10.560486397467539,8.98143116158301
Cade Gibson,ST,165,11.955080673346842,9.668785994098997
Cade Horton,ALL,56,11.093738787737113,8.195869049562077
Cade Horton,CH,5,13.63912061261054,8.749340120529228
Cade Horton,CU,5,7.902888334791044,7.492725385011963
Cade Horton,FF,33,9.303224869200465,7.687722137712413
Cade Horton,SI,3,11.672773209306786,7.326935274736338
Cade Horton,ST,10,15.528646222995668,11.7147229722414
Cade Povich,ALL,360,11.14084463794681,10.109332972622777
Cade Povich,CH,44,9.98528363366971,9.586671553448433
Cade Povich,CU,77,16.134284729248854,12.825013130847529
Cade Povich,FF,151,10.797271596315873,9.122685894725734
Cade Povich,SI,34,7.651918753552533,8.79247474248563
Cade Povich,SL,54,11.559238580620553,11.404193959179846
Cade Smith,ALL,845,10.8631788885487,9.694570322143866
Cade Smith,FF,537,9.17480685958216,8.869194868762879
Cade Smith,FS,204,17.4315356068555,10.946294539078806
Cade Smith,ST,104,12.870215010356645,11.268890098152767
Cal Quantrill,ALL,938,12.078438203381252,9.436098095193426
Cal Quantrill,CU,43,12.174120792270049,9.385972713484541
Cal Quantrill,FC,245,10.907199742353207,10.35427470111333
Cal Quantrill,FF,197,12.568564358158616,8.630502776337787
Cal Quantrill,FS,208,13.386875245260024,10.907090876636428
Cal Quantrill,SI,245,11.57956860750903,8.993533181032014
Caleb Ferguson,ALL,489,10.451060800475691,9.030839749403343
Caleb Ferguson,FC,125,11.091663613614017,9.28344564629211
Caleb Ferguson,FF,129,9.286619918255315,8.789635097300113
Caleb Ferguson,SI,158,9.042854320749841,8.57163317639122
Caleb Ferguson,SV,77,14.859268290914956,12.3903769915779
Caleb Kilian,ALL,712,11.746527978725904,10.180906653962357
Caleb Kilian,FF,364,9.89418587708028,9.778647898964344
Caleb Kilian,KC,162,17.8468696279111,11.86109165718266
Caleb Kilian,SI,99,10.585946894752464,9.680593571992238
Caleb Kilian,SL,87,12.06142202550953,9.968167308212356
Caleb Thielbar,ALL,559,11.356677516874681,10.233735821057742
Caleb Thielbar,CU,141,11.258153780981917,9.593022667905812
Caleb Thielbar,FF,226,10.950516162689443,10.087718918409529
Caleb Thielbar,SL,117,12.827622371581729,11.84358143714265
Caleb Thielbar,ST,75,11.356677516874681,9.668120993142493
Calvin Faucher,ALL,794,13.188590632859043,11.180902548307701
Calvin Faucher,CU,121,16.54094989200191,13.250605721162508
Calvin Faucher,FC,275,11.787651127424086,10.321522983873294
Calvin Faucher,FF,64,14.70185306982952,12.400800491491072
Calvin Faucher,SI,109,12.670533976080197,10.400694103757933
Calvin Faucher,SL,23,14.614099508170463,9.221936745309154
Calvin Faucher,ST,202,14.228163381389042,11.190443641400204
Cam Booser,ALL,401,11.183361983216495,10.446740015246354
Cam Booser,CH,7,14.82762968663186,15.191338509702314
Cam Booser,FC,174,10.76831970763053,9.754553576723804
Cam Booser,FF,183,11.321234694243984,10.584879294115714
Cam Booser,ST,37,12.579668500655892,11.530732227592777
Cam Sanders,ALL,287,12.719394475436122,11.193846566932123
Cam Sanders,CH,43,13.929742679242917,11.241719044475563
Cam Sanders,FF,124,11.048443998518572,10.579439653103005
Cam Sanders,SI,10,14.554722648562766,11.989895301360384
Cam Sanders,SL,110,12.913551269378946,12.583936663514114
Cam Schlittler,ALL,2184,11.885550515403873,9.855340253458811
Cam Schlittler,CU,187,14.352064227583995,12.865575898555624
Cam Schlittler,FC,563,10.413380007620411,9.50226739316226
Cam Schlittler,FF,969,12.36357965174305,9.723556634870153
Cam Schlittler,SI,438,12.315950305583238,9.581932067315062
Cam Schlittler,SL,27,10.092464601354358,10.206452986628358
Cameron Foster,ALL,167,12.786454593806523,10.059678270633855
Cameron Foster,FC,31,9.829182283553823,9.799373685277258
Cameron Foster,FF,97,12.772204496060674,9.262449780238496
Cameron Foster,SL,39,15.979028171557822,13.942084509213899
Cameron Weston,ALL,16,11.86743222282065,12.271568241780223
Cameron Weston,FO,2,25.8725687387347,16.710281882926473
Cameron Weston,SI,7,11.469267387516556,12.637683092230471
Cameron Weston,SL,2,7.61704672852199,9.972263198416137
Cameron Weston,ST,5,12.265597058124742,11.048281722667486
Camilo Doval,ALL,766,12.016894209036781,10.816135583886528
Camilo Doval,CH,23,15.576646596653172,14.576161004655077
Camilo Doval,FC,207,11.689618470730922,10.838853833584416
Camilo Doval,SI,311,11.239576995294469,10.087888215849826
Camilo Doval,SL,225,13.020775589650883,11.02449147315699
Carl Edwards Jr.,ALL,89,11.738385044456749,9.522555143951438
Carl Edwards Jr.,CH,14,7.251790890487397,9.943929731570119
Carl Edwards Jr.,CU,27,17.86427435215166,14.897400929577135
Carl Edwards Jr.,FF,48,10.430369615934111,7.711072520109806
Carlos Carrasco,ALL,226,10.537713427411955,9.086382932714827
Carlos Carrasco,CH,70,11.087755368323581,8.481642383326694
Carlos Carrasco,FC,35,9.94404868615679,9.174683446065702
Carlos Carrasco,FF,28,8.463511560343921,7.833276376109488
Carlos Carrasco,SI,64,11.180412560491062,10.041778797175908
Carlos Carrasco,SL,29,11.312662645286983,8.32809150520527
Carlos Cortes,ALL,117,14.93326261888924,12.515293977326532
Carlos Cortes,CH,27,15.497044604517848,13.535503392629526
Carlos Cortes,CU,1,31.595187017659466,30.655769520553864
Carlos Cortes,EP,10,18.42271924443977,14.005628234055084
Carlos Cortes,FA,67,12.810775625070736,11.034693446309943
Carlos Cortes,SL,12,16.82067082218022,18.90750188302659
Carlos Duran,ALL,35,15.821099124935476,12.800570173576887
Carlos Duran,CH,1,46.56251906846528,38.87004569292297
Carlos Duran,FF,13,14.527439136393058,10.204479396326025
Carlos Duran,SI,13,15.821099124935476,11.073334509547902
Carlos Duran,SL,8,18.325053120070528,13.080430045944263
Carlos Rodriguez,ALL,170,12.605189484625932,10.44304954537034
Carlos Rodriguez,CH,66,14.981781173679387,9.96568936737635
Carlos Rodriguez,CU,2,20.03952139927524,13.037061714074753
Carlos Rodriguez,FC,43,9.78592863599026,9.868619900414167
Carlos Rodriguez,FF,44,11.63334828512583,11.63376184117189
Carlos Rodriguez,ST,15,13.28995421235179,11.581320687549422
Carlos Rodón,ALL,700,11.567179307798856,10.161635088992188
Carlos Rodón,CH,110,12.347129787793026,11.579365721133648
Carlos Rodón,CU,12,16.66917647190944,16.71706695141927
Carlos Rodón,FF,306,11.091651155454258,9.258483293896111
Carlos Rodón,SI,96,9.498749599271466,8.987239825384966
Carlos Rodón,SL,176,12.924329548676525,11.920023516004754
Carmen Mlodzinski,ALL,1526,10.713482885635907,9.400675948825313
Carmen Mlodzinski,CU,174,12.211531582914695,11.318011282931316
Carmen Mlodzinski,FC,46,7.111035545027809,7.303948525079456
Carmen Mlodzinski,FF,437,9.296862838930656,8.396721070279922
Carmen Mlodzinski,FS,382,14.31133609282876,10.56094651540202
Carmen Mlodzinski,SI,261,9.389647713230573,8.457344439504132
Carmen Mlodzinski,SL,56,10.512199905547735,8.203435026045357
Carmen Mlodzinski,ST,170,11.847542772257027,10.60053520298412
Carson Kelly,ALL,11,9.41615716530218,8.446385047842774
Carson Kelly,FA,11,9.41615716530218,8.446385047842774
Carson Palmquist,ALL,268,10.534003636498422,9.902331143957511
Carson Palmquist,FC,25,9.743113203738044,8.595056333549124
Carson Palmquist,FF,41,11.621022768670521,10.988779905500872
Carson Palmquist,SI,89,9.963908664253108,9.76807276247566
Carson Palmquist,ST,113,10.793554028705389,10.338413049487533
Carson Seymour,ALL,182,12.028693312979442,10.634446039274497
Carson Seymour,CU,1,28.55418436195994,29.371392245356706
Carson Seymour,FC,33,9.348010908923934,8.441519079154322
Carson Seymour,FF,37,10.856021562585635,8.950192896626234
Carson Seymour,FS,7,21.866558253151986,15.615260551368866
Carson Seymour,SI,51,10.4787010929406,9.060858003358067
Carson Seymour,SL,53,14.805749983915888,11.781082431709807
Carson Whisenhunt,ALL,526,12.583342466839195,10.090314900728565
Carson Whisenhunt,CH,186,13.844221071480888,10.163865736628178
Carson Whisenhunt,FF,188,10.492109437638906,9.70483870516788
Carson Whisenhunt,SI,39,8.86871154470327,9.363168540400178
Carson Whisenhunt,SL,89,15.157182451427913,12.209066907189637
Carson Whisenhunt,SV,24,15.229942915456117,12.092305444030002
Carter Baumler,ALL,114,12.214184526042262,11.233173204988805
Carter Baumler,CU,55,11.904793181692758,11.395237231607272
Carter Baumler,FF,37,12.993935069148868,11.725143222327455
Carter Baumler,SI,8,10.879820062986639,11.319241373571193
Carter Baumler,SL,14,10.207148310857146,8.236665804018518
Casey Legumina,ALL,721,10.924286645481413,9.393263110497514
Casey Legumina,CH,75,13.278658627137185,10.23787535582102
Casey Legumina,FF,296,9.946757993038332,9.136440424760416
Casey Legumina,SI,162,10.962223494113587,8.60230332771092
Casey Legumina,SL,105,11.303986631288192,9.893649349537641
Casey Legumina,ST,83,10.967007293739051,9.975604732312478
Casey Mize,ALL,1388,10.290727430055743,9.09412125856049
Casey Mize,FF,475,10.413807782907014,9.225712097922196
Casey Mize,FS,327,12.738662965143767,9.01299462927498
Casey Mize,SI,149,8.918751014792155,9.084231443777124
Casey Mize,SL,372,8.397814631027472,8.637658482793928
Casey Mize,SV,65,15.248918336460836,12.01509221729519
Chad Dallas,ALL,152,10.754074074084617,9.330937811951209
Chad Dallas,CU,44,12.696150737238417,8.762180752426469
Chad Dallas,FC,56,9.457754070431108,8.804874343629848
Chad Dallas,FF,5,11.921457225671242,11.369056862696235
Chad Dallas,SI,3,19.058832562963953,17.253205177781155
Chad Dallas,ST,44,10.859998480577303,9.88643081280328
Chad Patrick,ALL,1323,10.50023615819028,9.844002319408014
Chad Patrick,CH,7,16.796591306613852,13.12345632880177
Chad Patrick,FC,564,9.589086635278592,9.706970185967586
Chad Patrick,FF,341,11.533025880565045,9.880381452412411
Chad Patrick,SI,298,9.106460908682767,9.17837911713243
Chad Patrick,SV,113,17.38169965302879,12.193701730114954
Chadwick Tromp,ALL,12,16.210340824938093,12.38538765938561
Chadwick Tromp,EP,11,16.870921770299706,12.990290123594274
Chadwick Tromp,FA,1,10.190786696590733,3.634874902350851
Charlie Barnes,ALL,185,9.712497940481152,8.659058835796516
Charlie Barnes,CH,35,8.449194249685325,7.2382302922580495
Charlie Barnes,FF,61,10.078349054788985,7.921453473106979
Charlie Barnes,SI,41,7.1177527352591605,6.282971115622147
Charlie Barnes,SL,37,13.070626112178177,10.409450614397475
Charlie Barnes,ST,11,6.088074740306598,9.659453721154655
Chase Burns,ALL,2036,11.652818192583418,9.934930058729858
Chase Burns,CH,102,13.68368468910668,11.837869553610755
Chase Burns,CU,1,18.459095833890665,10.963411685177624
Chase Burns,FF,1154,10.126988397560247,9.767959075616464
Chase Burns,SL,779,14.110259818566073,10.044156476847892
Chase Dollander,ALL,635,11.580494087409855,10.303251082722571
Chase Dollander,CH,65,14.840980655959655,11.6464059474533
Chase Dollander,CU,51,15.365302406697518,15.632053210900796
Chase Dollander,FF,237,8.437277498398474,8.797909725050838
Chase Dollander,SI,154,12.128933650374385,10.598597857397273
Chase Dollander,SL,93,14.067616875668243,9.835221074220495
Chase Dollander,ST,35,13.285166848966364,11.901847661735346
Chase Lee,ALL,105,7.927974450185833,8.240127155782707
Chase Lee,CH,10,4.519855269784799,7.018504029831007
Chase Lee,FF,16,9.257881406348293,8.804316089530875
Chase Lee,SI,40,7.913380436515865,7.214512449841572
Chase Lee,ST,39,8.968616319071288,9.382082218113467
Chase Petty,ALL,383,11.063361087309186,9.943812158241236
Chase Petty,CH,89,12.463175085926357,9.182551628152517
Chase Petty,FF,58,10.173770117220403,9.891503799185147
Chase Petty,SI,134,10.196322940336794,9.176445575722129
Chase Petty,SL,25,9.889069113876786,10.090613676269088
Chase Petty,ST,77,14.081115078369777,13.69463355439283
Chase Shugart,ALL,644,9.823674413861212,9.689859245925183
Chase Shugart,CH,54,13.51605933584083,12.08032785148529
Chase Shugart,FC,195,9.163089019995226,9.25232412277738
Chase Shugart,FF,69,9.558196685156739,9.957945411924053
Chase Shugart,SI,183,9.088672782968496,8.816140767515197
Chase Shugart,ST,143,11.036578509676817,10.409771354754271
Chase Silseth,ALL,792,11.926207446737884,10.336838469017746
Chase Silseth,FF,312,11.142512498918673,9.054972892285381
Chase Silseth,FS,220,14.16509691226895,11.443560549895961
Chase Silseth,SI,111,11.585566909756714,10.276386860015725
Chase Silseth,ST,149,11.261186571930091,10.479948255188821
Chase Solesky,ALL,55,8.346337866214384,7.046548359560485
Chase Solesky,CH,6,12.249471217067214,11.499433175809493
Chase Solesky,FC,8,4.307877623933284,3.6907123567620115
Chase Solesky,FF,5,8.346337866214384,7.629522464866083
Chase Solesky,SI,22,7.812333569180662,6.058928341177264
Chase Solesky,ST,14,10.14943448580301,11.546650504233405
Chayce McDermott,ALL,104,13.730899314554748,12.54088807546313
Chayce McDermott,FC,44,13.86771104073927,12.03648623807135
Chayce McDermott,FF,39,12.588924178049117,12.496363581734109
Chayce McDermott,FS,5,26.461152778259446,22.180597829789054
Chayce McDermott,SL,16,12.495819432677596,11.779046125673972
Chris Bassitt,ALL,943,10.854738376253481,9.490650180684218
Chris Bassitt,CH,54,13.912877347316453,12.279338629205068
Chris Bassitt,CU,216,11.913214393373565,10.29172742454612
Chris Bassitt,FC,201,9.977456014956855,9.174916600242716
Chris Bassitt,FF,67,11.648217729126861,10.157277289257957
Chris Bassitt,SI,341,10.201923912519804,8.75911257347724
Chris Bassitt,SL,23,9.59256579085296,10.447510889485464
Chris Bassitt,ST,41,10.065554300936471,8.835933541054038
Chris Devenski,ALL,27,11.551095987403588,10.022173316796971
Chris Devenski,CH,13,14.306692042418852,10.022173316796971
Chris Devenski,FF,10,8.757594078486061,9.342743745946226
Chris Devenski,ST,4,16.090834638418333,10.435303109555896
Chris Martin,ALL,236,11.310030895681393,7.808831191471569
Chris Martin,CU,14,14.251569332814846,7.916085123694208
Chris Martin,FC,99,10.786978486083536,6.796633581112374
Chris Martin,FF,61,12.719723732789411,7.906487575142717
Chris Martin,FS,23,9.612226981687865,7.8892287624434445
Chris Martin,SI,28,11.274465212426552,8.167540028616108
Chris Martin,ST,11,10.996878695136463,13.241851043488976
Chris Murphy,ALL,468,11.110932776644406,9.801404814414946
Chris Murphy,CH,19,9.54439120977386,8.11488855260076
Chris Murphy,CU,108,10.991866722279944,10.323778769875073
Chris Murphy,FF,158,12.15014009086489,10.596670314810407
Chris Murphy,SI,10,10.056717507090049,8.765573533984606
Chris Murphy,SL,137,9.419679890950269,9.26121168098931
Chris Murphy,ST,26,13.93894295050276,11.219982961726409
Chris Murphy,SV,10,14.579611406683139,8.863871324620947
Chris Paddack,ALL,932,10.922308612269884,8.579255295126087
Chris Paddack,CH,253,15.43394238933474,8.695734016802033
Chris Paddack,CU,99,15.375701763135675,11.427558402577283
Chris Paddack,FC,124,8.415198061361341,7.99065895594328
Chris Paddack,FF,321,8.631407545382046,7.785860008773377
Chris Paddack,SI,60,9.57806677535093,7.374789916887989
Chris Paddack,SL,1,37.98541174329212,30.851662419412737
Chris Paddack,ST,74,12.010419470104347,10.356346855987725
Chris Roycroft,ALL,407,11.141855218293456,9.794148005730678
Chris Roycroft,FC,97,10.805324573040686,9.062682251941622
Chris Roycroft,FF,79,10.237440391989296,8.357859454076843
Chris Roycroft,SI,214,11.610984821379958,10.231705396354215
Chris Roycroft,ST,17,12.651088092801823,11.02635077460014
Chris Sale,ALL,1754,9.548058579340566,8.913138923299522
Chris Sale,CH,196,9.994216159197403,8.854452790719648
Chris Sale,FF,726,8.843270957994594,8.44055979120909
Chris Sale,SI,141,7.728936464019232,7.761848292182302
Chris Sale,SL,691,10.815285688421163,10.037168660668323
Christian Koss,ALL,26,13.085249444834847,10.591215359313441
Christian Koss,EP,26,13.085249444834847,10.591215359313441
Christian Roa,ALL,152,12.282545826122206,11.358681592250328
Christian Roa,CH,10,8.953108441531704,11.418295364301189
Christian Roa,FF,42,14.034526039878447,11.836231457719279
Christian Roa,SI,51,10.864099685473757,10.190743017947511
Christian Roa,SL,49,12.56443486388053,12.443682233277102
Christian Scott,ALL,1308,10.100702417231785,9.04569021029101
Christian Scott,CH,1,13.400514999894737,12.913139660817052
Christian Scott,CU,71,14.218155236647279,11.838564616931684
Christian Scott,FC,241,7.960727709956979,7.542899150298184
Christian Scott,FF,623,9.685696192184071,8.541425233570527
Christian Scott,FS,44,15.665183072156397,13.042994239422512
Christian Scott,SI,27,13.515569190636814,12.99144901142159
Christian Scott,SL,1,6.333822909221936,7.149146606194458
Christian Scott,ST,300,11.30134827443614,10.487212423772398
Cionel Pérez,ALL,600,11.65262175945818,10.307983502637011
Cionel Pérez,CU,108,13.266009348806946,12.649168098300951
Cionel Pérez,FF,133,12.781807707468122,11.418231860854421
Cionel Pérez,SI,171,10.869965558876055,9.971594351314758
Cionel Pérez,SV,188,10.705900817811845,9.2401305920308
Clay Holmes,ALL,870,11.045163753183848,9.647372538574075
Clay Holmes,CH,134,14.027934672782234,9.741934749464061
Clay Holmes,CU,72,13.78360245410791,11.020761237425765
Clay Holmes,FC,67,9.835799478411563,9.665181344766415
Clay Holmes,FF,7,13.873151262784038,11.070509486760418
Clay Holmes,SI,431,10.026922339065361,9.073322564489544
Clay Holmes,ST,159,11.849265113689773,11.261642286223516
Clayton Beeter,ALL,569,12.912472524793161,12.656742658930181
Clayton Beeter,FF,273,12.252320093497548,11.882948682462656
Clayton Beeter,SL,296,13.3327989006171,13.250609818941605
Codi Heuer,ALL,162,11.508986630036308,10.579644741468083
Codi Heuer,CH,42,11.876636338112194,10.337527381837608
Codi Heuer,FF,68,9.33029613581408,9.176513716066852
Codi Heuer,SI,1,19.310634908503435,18.499947497184785
Codi Heuer,SL,51,13.759399510781419,11.397729374583301
Cody Bolton,ALL,321,12.137721806162702,10.120080686330011
Cody Bolton,CH,37,13.204483839097513,10.873345711980894
Cody Bolton,CU,41,12.851169517345967,10.559255615641211
Cody Bolton,FC,63,12.141477115977423,10.471874633767337
Cody Bolton,FF,97,12.233394358052278,10.144670155473534
Cody Bolton,SI,48,10.306635801360969,8.164906360591363
Cody Bolton,ST,35,11.13503661766932,10.310813347987553
Cody Bradford,ALL,206,8.792386046257217,8.239791541704559
Cody Bradford,CH,79,10.451450006918249,9.378891859912246
Cody Bradford,CU,12,9.39957398387621,11.237704647732258
Cody Bradford,FF,100,7.782640281444461,7.115581521270206
Cody Bradford,SL,15,8.667141021323424,9.656650890931791
Cody Laweryson,ALL,263,10.361408788639494,9.046730063840835
Cody Laweryson,CH,40,11.719268285625306,10.506598759436763
Cody Laweryson,FC,42,8.686696126984776,8.312723009738885
Cody Laweryson,FF,181,10.091764775342735,9.030354865670146
Cody Ponce,ALL,38,13.790817461442828,11.822359515963011
Cody Ponce,CH,9,12.619978445201124,12.079236973413986
Cody Ponce,CU,5,15.27424042673352,12.917991776600315
Cody Ponce,FF,9,12.395343903814572,13.149541416411871
Cody Ponce,SL,15,16.145791114568354,9.068501877898491
Cole Henry,ALL,253,11.50858803295345,10.336149904504648
Cole Henry,CU,1,15.375281782198746,16.88629876417161
Cole Henry,FC,20,8.874997675595047,11.75907748474744
Cole Henry,FF,123,11.757637748949497,10.078394896341035
Cole Henry,SI,24,7.366104407979074,8.131964250221507
Cole Henry,ST,85,12.751333966641072,11.500376156027214
Cole Irvin,ALL,93,10.706300386835668,10.697769978173492
Cole Irvin,CH,21,8.57488556351167,9.13018221842043
Cole Irvin,FC,23,9.632465153761839,10.070692862183764
Cole Irvin,FF,20,13.102519109502488,11.468955807594988
Cole Irvin,SI,23,11.557916283773352,11.09513694599835
Cole Irvin,SV,6,12.234435588359073,11.939492118546122
Cole Ragans,ALL,557,11.918426872488448,10.989208143098566
Cole Ragans,CH,89,10.999138421516875,9.99064653021232
Cole Ragans,FC,30,9.715032790093556,8.94561756252812
Cole Ragans,FF,317,11.52018295031494,10.915435422649779
Cole Ragans,KC,43,14.145357956604027,13.231112563934484
Cole Ragans,SL,77,14.345969817951097,13.105086301918469
Cole Ragans,UN,1,26.1890211034006,
Cole Sands,ALL,163,10.614495531723472,9.209536146110128
Cole Sands,CU,21,13.339121545511809,11.558836080946184
Cole Sands,FC,41,10.602691358495989,8.490023176739012
Cole Sands,FF,64,10.135319807305509,9.153508527382373
Cole Sands,FS,23,12.626737862180098,12.523339388180016
Cole Sands,SI,14,6.691051980342127,5.936916475226748
Cole Sulser,ALL,609,11.829656644475083,8.8924806141136
Cole Sulser,CH,239,17.646257582741036,10.903009295945788
Cole Sulser,FC,62,7.879501231676654,7.869627338877333
Cole Sulser,FF,281,8.588779838908703,7.6997138124658315
Cole Sulser,ST,27,12.817051429815528,11.044272813153304
Cole Wilcox,ALL,378,11.68362402856041,9.92264447357024
Cole Wilcox,CH,45,13.701826245694308,10.913624953461408
Cole Wilcox,FF,96,8.735058314455188,9.517637137055589
Cole Wilcox,SI,63,11.835150074092022,9.631880432505545
Cole Wilcox,SL,67,12.332305687561387,8.359766129391115
Cole Wilcox,ST,107,12.114983068739075,11.105173648051208
Cole Winn,ALL,629,11.169392021615984,9.822734390944937
Cole Winn,CU,1,20.666317848350225,16.611901598837235
Cole Winn,FC,187,11.157982122113692,9.844014198400048
Cole Winn,FF,201,10.876247790704804,9.29916787543493
Cole Winn,FS,92,10.623405165573423,9.47474981873202
Cole Winn,SI,10,9.929369461945498,8.040153843920852
Cole Winn,SL,138,12.291096068569807,10.821538172540876
Coleman Crow,ALL,241,10.479027425663007,9.274588001979588
Coleman Crow,CU,52,12.627888807712434,10.469228028750138
Coleman Crow,FC,88,9.79964748681537,9.175861145498578
Coleman Crow,FF,43,12.803423745002089,10.40973670283251
Coleman Crow,SI,39,8.860817960646868,8.363375683327032
Coleman Crow,ST,19,8.313827151186834,8.498813578966788
Colin Holderman,ALL,594,11.237089348276672,10.315961445945979
Colin Holderman,CU,69,17.27020261380518,14.413366036468783
Colin Holderman,FF,28,10.458183953906925,10.908986262673338
Colin Holderman,SI,303,9.479859991153383,8.89882289487658
Colin Holderman,ST,194,12.067367982340286,11.097629189962408
Colin Rea,ALL,1643,10.419579856991176,8.957667766840398
Colin Rea,CH,297,11.474595723455003,9.92393998004423
Colin Rea,CU,87,10.331608415609915,8.730399236947164
Colin Rea,FC,72,8.577232814557302,9.010856046031549
Colin Rea,FF,700,10.401821173788488,8.624140075124117
Colin Rea,SI,142,10.152532083779608,9.379580227726043
Colin Rea,SL,187,9.804000708879569,8.525893613374217
Colin Rea,ST,158,10.732493343591923,10.155993882674586
Colton Gordon,ALL,196,10.017580926703136,9.341239430574612
Colton Gordon,CH,24,10.62429268231815,10.090640067656636
Colton Gordon,CU,5,12.77211228338635,13.086092160066592
Colton Gordon,FF,71,9.030213068480805,8.50068959032067
Colton Gordon,SI,26,9.453392554117087,9.798508607841534
Colton Gordon,SL,10,13.931850634348288,12.234830221873757
Colton Gordon,ST,60,10.910296964655046,8.588369800578903
Connelly Early,ALL,1439,10.956347024972667,10.370315692848035
Connelly Early,CH,266,11.986822994833286,10.528302303199734
Connelly Early,CU,155,11.569569856106332,10.752558483854658
Connelly Early,FF,501,9.842292745522121,9.658220911596352
Connelly Early,SI,284,10.485155778758138,10.382856797085939
Connelly Early,SL,117,10.133238677321563,9.115074842344681
Connelly Early,ST,116,14.904920976854307,12.599952604103525
Connor Brogdon,ALL,235,9.864843726363434,9.036541138585674
Connor Brogdon,CH,89,11.086332844703966,10.340682617617864
Connor Brogdon,CU,4,12.486186475828223,14.23405719248073
Connor Brogdon,FC,24,10.340201976134859,11.881568601302499
Connor Brogdon,FF,118,7.958025720177739,8.113931564899147
Connor Phillips,ALL,482,12.068688041050777,11.081877451272078
Connor Phillips,CH,1,31.85344708949545,24.79128377130674
Connor Phillips,CU,13,20.06969040721575,16.186484140865964
Connor Phillips,FF,235,11.537533995898903,11.058838636028874
Connor Phillips,ST,233,12.916585629931506,10.971651370079124
Connor Prielipp,ALL,1152,11.368107750380116,10.63360702282532
Connor Prielipp,CH,124,11.502891457258844,9.986749043032367
Connor Prielipp,CU,196,12.880707641567923,12.041257216367512
Connor Prielipp,FF,338,12.651614102633786,10.356930188765443
Connor Prielipp,SI,157,10.215536981667267,9.208519643319722
Connor Prielipp,SL,337,10.642314606563207,11.066616377883966
Connor Seabold,ALL,430,11.396392039579212,9.832736446656995
Connor Seabold,CH,93,14.423814853756852,11.628397520449129
Connor Seabold,FC,43,11.072840872414732,10.450083329994444
Connor Seabold,FF,228,9.685355733792644,9.04504931754926
Connor Seabold,SL,66,11.511050281746952,9.252815547814645
Connor Thomas,ALL,134,10.822424894473532,8.713846943161975
Connor Thomas,CH,31,16.457267864846646,11.324275047667243
Connor Thomas,FC,21,8.924228360925255,8.098750145667013
Connor Thomas,FF,34,9.217655460740993,7.985398883512494
Connor Thomas,SI,28,9.107641306256642,9.166917588979313
Connor Thomas,ST,20,12.730335043605118,9.644531654834026
Cooper Criswell,ALL,363,11.148331444359927,8.952218375551517
Cooper Criswell,CH,94,14.56577615182273,9.432966317327416
Cooper Criswell,FC,80,8.359328663410748,8.83417571684369
Cooper Criswell,FF,25,8.576075893366603,9.453539930010962
Cooper Criswell,SI,87,12.053824536188745,8.215032717044814
Cooper Criswell,ST,73,10.685715919042515,9.198095704820805
Cooper Criswell,SV,4,14.552408938570208,17.303375104764683
Corbin Martin,ALL,106,12.409312240320759,10.609139059640972
Corbin Martin,CH,7,17.59926029345413,10.041030882751327
Corbin Martin,CU,26,12.448855883725578,11.468581664674762
Corbin Martin,FF,53,12.98892043428041,10.621920080439944
Corbin Martin,SI,4,6.662534051302432,5.735436959404194
Corbin Martin,SL,3,19.13430891426387,17.410923782169192
Corbin Martin,ST,13,9.884298516032011,7.84632700836597
Craig Kimbrel,ALL,560,11.957470088021982,10.293715370154002
Craig Kimbrel,CH,17,16.018802183734824,14.050011763800793
Craig Kimbrel,FF,373,11.411353355879596,9.844208617624957
Craig Kimbrel,KC,51,15.468474533464523,13.105967388837739
Craig Kimbrel,SI,36,13.110641176884307,11.288654036436364
Craig Kimbrel,ST,83,12.764671616395923,11.057588149598725
Craig Yoho,ALL,353,11.069330525287516,10.74037459608839
Craig Yoho,CH,165,10.43904752244079,9.91720275343509
Craig Yoho,FC,45,11.796859166625694,11.549704984708667
Craig Yoho,FF,64,11.099691962721785,11.3564182317435
Craig Yoho,SI,75,12.305408650259409,11.590335185645953
Craig Yoho,ST,4,13.186939440409335,12.724093083374344
Cristian Javier,ALL,574,11.65383944232961,9.598947154587087
Cristian Javier,CH,92,10.8796085995058,7.983992355099934
Cristian Javier,FC,37,10.645624436039263,9.100076690856701
Cristian Javier,FF,285,11.998009510653864,9.865033785610052
Cristian Javier,KC,11,11.129681332264186,12.383230343652013
Cristian Javier,SI,12,14.060294373585672,11.709657492289423
Cristian Javier,SL,5,7.570136804542509,8.854876977762569
Cristian Javier,ST,132,11.195240363145384,9.911225325496613
Cristopher Sánchez,ALL,2164,10.062518946955052,9.555276993543728
Cristopher Sánchez,CH,811,11.37110119661377,10.347958843828911
Cristopher Sánchez,SI,943,8.90781780227017,8.641325179930408
Cristopher Sánchez,SL,410,11.177046726235785,10.410741748111207
César Salazar,ALL,9,13.06447158157986,8.68240542155591
César Salazar,EP,9,13.06447158157986,8.68240542155591
DL Hall,ALL,552,11.95664477832763,10.205331339825772
DL Hall,CH,98,11.818506213103921,11.875152470550205
DL Hall,CU,82,12.366491062766293,9.810388148966856
DL Hall,FC,3,23.88059727744006,15.339932058453364
DL Hall,FF,77,12.056602037242804,9.511654933491684
DL Hall,SI,198,10.878295835316479,10.30994300270211
DL Hall,SL,42,11.693970521457537,10.022628045693445
DL Hall,ST,52,15.19378884452677,11.273002533282865
Daniel Duarte,ALL,264,11.213330160383137,9.681001611147767
Daniel Duarte,CH,33,12.65487164505188,9.703800621182594
Daniel Duarte,FC,93,9.736275226323176,9.49638972912572
Daniel Duarte,FF,39,12.492961872087218,12.235659504508664
Daniel Duarte,SI,33,9.55063729976561,8.580725216836774
Daniel Duarte,ST,66,13.068841751868703,9.633106750552026
Daniel Espino,ALL,110,9.843425806952881,10.390714217669423
Daniel Espino,CU,10,9.476280736013655,9.325038264226635
Daniel Espino,FF,73,9.370782160396306,9.673277781561838
Daniel Espino,SL,27,16.184684327521907,11.926328230836495
Daniel Lynch IV,ALL,680,10.87490722459857,10.217035319660958
Daniel Lynch IV,CH,166,11.195634725111503,10.293578636570842
Daniel Lynch IV,FF,112,11.681975401221003,10.452052164003852
Daniel Lynch IV,KC,47,13.23763298690003,13.626083840628336
Daniel Lynch IV,SI,197,9.823317225493426,9.290072673000815
Daniel Lynch IV,SL,158,11.039452149842166,10.482902587902846
Daniel Palencia,ALL,265,11.711341894933273,10.641379644706602
Daniel Palencia,FF,179,12.40879506910762,10.599605645621304
Daniel Palencia,FS,18,11.716367943804464,13.38408402763633
Daniel Palencia,SI,6,11.3092682436362,10.216843874944718
Daniel Palencia,SL,62,9.941062779713036,10.709124693417385
Danny Coulombe,ALL,353,11.419385391446687,10.62334589210839
Danny Coulombe,FC,128,12.328118795912907,10.54948333178234
Danny Coulombe,FF,34,13.186610945573145,11.95187921437374
Danny Coulombe,KC,23,17.105947627300825,11.943017187374119
Danny Coulombe,SI,105,9.015320112695383,9.72413492139828
Danny Coulombe,ST,63,11.572177662360204,11.156260458382336
Danny Young,ALL,222,11.739672002102283,11.029585308684592
Danny Young,CH,2,14.72023100725493,15.578773027914496
Danny Young,FC,1,34.84972729106766,35.69623070493536
Danny Young,SI,113,8.97997323721124,9.124429756576713
Danny Young,ST,106,13.848839957208437,12.423331904714617
David Bednar,ALL,885,10.854994352697268,9.409782459749636
David Bednar,CU,166,11.51716560243006,10.6159271372838
David Bednar,FF,366,10.844748687409222,9.395618913877037
David Bednar,FS,353,10.763933479541189,9.194469391206725
David Morgan,ALL,384,11.79303239128959,10.570468480613492
David Morgan,CU,99,16.665111189537285,12.380600068208393
David Morgan,FF,111,9.39891339437995,9.178450568083544
David Morgan,SI,108,11.610930506066648,10.832526422304937
David Morgan,SL,66,11.811430179594524,11.60562646232748
David Peterson,ALL,1405,10.26310760111964,8.921567204407
David Peterson,CH,181,12.180858845490818,10.361807617993684
David Peterson,CU,152,12.364777968975691,10.403301510993593
David Peterson,FF,338,11.031763947648454,8.574170436528004
David Peterson,SI,418,8.698624028612324,8.24037418692859
David Peterson,SL,316,9.710417567665377,8.645771057960292
David Sandlin,ALL,342,10.428388116586518,9.862159670095918
David Sandlin,CH,20,15.519641295291056,11.470868650085915
David Sandlin,CU,91,13.830763100419032,10.266755987633275
David Sandlin,FC,57,8.04678458518203,7.733724893719954
David Sandlin,FF,127,8.918740179559293,8.794359824271599
David Sandlin,SI,32,11.75482518918514,12.0202811611953
David Sandlin,ST,15,15.98887087136526,11.072363621734024
Davis Martin,ALL,1644,10.577327227905386,9.962692112028732
Davis Martin,CH,254,11.13701649952116,11.212142365086894
Davis Martin,CU,230,12.741698877431023,11.233821232459395
Davis Martin,FC,211,9.670947867221532,9.092449776108458
Davis Martin,FF,432,10.367541926460525,10.200333653923437
Davis Martin,SI,295,9.28993971739137,9.02340531743389
Davis Martin,SL,222,11.777655317168872,9.28849452781327
Dax Fulton,ALL,211,12.73094225296027,11.281933969493581
Dax Fulton,CH,13,16.145839736651773,7.555817480014994
Dax Fulton,FF,68,10.405815345191339,10.750240497177867
Dax Fulton,SI,15,13.958730040377983,14.777789578790479
Dax Fulton,SL,35,11.229416748568246,8.832199910304894
Dax Fulton,ST,80,15.149797867305502,12.697696326464333
Dean Kremer,ALL,808,11.569673041888253,9.955570035966906
Dean Kremer,CU,108,11.671158630857793,11.760564072352787
Dean Kremer,FC,130,10.997638408818721,10.207443864438304
Dean Kremer,FF,201,11.840009379463611,8.765299415496582
Dean Kremer,FS,230,11.755887291678544,10.449055408653898
Dean Kremer,SI,123,11.26719676953255,8.864046377382282
Dean Kremer,SL,15,8.701259744604247,10.093869586347433
Dean Kremer,UN,1,10.33555412223018,
Dedniel Núñez,ALL,69,9.2040576348316,10.709051367187216
Dedniel Núñez,FF,44,9.034473712655895,9.490277037529047
Dedniel Núñez,SL,25,10.689984325157416,11.540818104452695
Dennis Santana,ALL,648,11.642499947617555,10.030629516117003
Dennis Santana,CH,97,12.86673159114286,9.12591016081599
Dennis Santana,FC,49,9.731445445679354,10.401686982909107
Dennis Santana,FF,201,11.745932713047882,11.155612794987796
Dennis Santana,SI,73,8.989159144142569,9.124894329273676
Dennis Santana,SL,228,12.077856895321597,10.066610624112744
Devin Williams,ALL,671,12.00076277117489,9.361668615035372
Devin Williams,CH,310,12.937698320364554,9.05551208842019
Devin Williams,FC,8,10.020765932847794,9.411560669674827
Devin Williams,FF,353,10.710051255922629,9.522282997149393
Didier Fuentes,ALL,850,9.899502463815093,9.317438605033244
Didier Fuentes,CU,3,14.414723784860108,9.036619897176463
Didier Fuentes,FF,590,9.387939277047726,9.169849778499433
Didier Fuentes,FS,51,12.396734383437904,9.531157296852575
Didier Fuentes,SL,206,11.144080109406193,10.228224895735291
Dietrich Enns,ALL,239,11.013976206194371,9.856263460429386
Dietrich Enns,CH,47,11.53101207209939,12.18668753854368
Dietrich Enns,CU,15,15.384016513805864,9.856263460429386
Dietrich Enns,FC,26,14.472621281109564,10.992395629851769
Dietrich Enns,FF,133,9.241679702259445,8.89093268946127
Dietrich Enns,ST,18,16.014174152880983,11.780937329045688
Domingo Gonzalez,ALL,112,12.237802038181924,10.226906016627535
Domingo Gonzalez,CH,2,9.299273475447045,7.434127703688592
Domingo Gonzalez,FF,44,8.91850224518085,9.465152854179895
Domingo Gonzalez,SI,26,13.24414959829459,10.823313620081738
Domingo Gonzalez,SL,40,14.12875587181254,10.789363159226252
Doug Nikhazy,ALL,39,13.882133263224462,10.420581965314923
Doug Nikhazy,CH,6,18.913264834125542,18.369888920697683
Doug Nikhazy,CU,1,14.310495869090968,7.789082094123016
Doug Nikhazy,FF,18,9.248488082883558,9.568782319131557
Doug Nikhazy,SI,6,7.177133171191667,6.669837818066363
Doug Nikhazy,SL,3,23.937667035942138,16.093838927706216
Doug Nikhazy,ST,5,21.879552984363144,15.06369343463067
Drew Anderson,ALL,1098,11.763296457956498,9.897568849363616
Drew Anderson,CH,339,14.498910484866656,11.284625302419792
Drew Anderson,CU,235,11.674928436382938,10.369934251893659
Drew Anderson,FF,446,9.991756020863805,8.7370411442889
Drew Anderson,SI,19,13.189386774120445,11.479354413968014
Drew Anderson,SL,59,10.83452063104317,9.515423718993235
Drew Pomeranz,ALL,434,11.56505356876665,9.734571920664827
Drew Pomeranz,FF,325,11.300412743458764,9.267566192577213
Drew Pomeranz,KC,109,12.503683006793304,11.55292195742261
Drew Rasmussen,ALL,1747,10.194195998185497,9.206707874328048
Drew Rasmussen,CH,218,13.099653440937612,11.36304438350407
Drew Rasmussen,CU,65,12.615604654995067,10.971047377290194
Drew Rasmussen,FC,511,9.108720371588069,8.592826781587338
Drew Rasmussen,FF,500,9.989094038771123,9.002224321673499
Drew Rasmussen,SI,404,10.09152030980708,8.906357510377878
Drew Rasmussen,ST,49,11.81805593925494,11.928505157901213
Drew Rom,ALL,148,10.186393194057942,9.698546909404719
Drew Rom,FF,103,9.14342224723726,9.318544364618187
Drew Rom,FS,5,13.133964129258315,12.215061094415821
Drew Rom,SI,23,10.565537319561232,9.686771157396059
Drew Rom,ST,17,21.386917937821583,16.303117242411993
Drew Sommers,ALL,373,10.460469937384321,9.177832566736644
Drew Sommers,CH,11,17.147094481443297,15.308840083331921
Drew Sommers,FF,108,8.940976315130646,8.313514570643012
Drew Sommers,SI,165,10.6313200922756,9.384755060424594
Drew Sommers,SL,89,11.87929666582338,9.4040239984787
Drey Jameson,ALL,242,10.775436557218402,10.431860401224816
Drey Jameson,CH,48,10.401365781963683,9.39588329315794
Drey Jameson,FF,49,12.511264611273894,12.67392757926106
Drey Jameson,SI,46,8.66741950560819,8.178712763877227
Drey Jameson,SL,79,11.266896496088126,10.384008033645204
Drey Jameson,ST,20,16.286199467720404,13.180084572809301
Duncan Davitt,ALL,27,9.996762249296916,8.86754761731127
Duncan Davitt,CH,2,15.260192523980882,12.57495342242315
Duncan Davitt,CU,1,18.621022463937123,14.990849280332736
Duncan Davitt,FF,8,9.370678067247681,7.883443930610678
Duncan Davitt,SI,2,9.444981409808614,7.666276696542422
Duncan Davitt,SL,11,9.459519218474108,9.961624469788793
Duncan Davitt,ST,3,8.789123518924251,8.86754761731127
Dustin May,ALL,1823,10.292419717896616,9.737683233246063
Dustin May,CH,127,10.846893224896684,9.506941051247944
Dustin May,CU,124,13.277858270417397,12.344082485005739
Dustin May,FC,422,8.948020797878502,8.588882742803023
Dustin May,FF,473,9.954867100576008,9.461706494354996
Dustin May,SI,325,9.983947193735814,9.624901483954355
Dustin May,ST,352,12.07514881180781,11.321549230525747
Dylan Cease,ALL,2016,10.615420213561158,9.928892796723797
Dylan Cease,CH,231,12.759291406879175,12.353724434935396
Dylan Cease,FF,753,10.004793559264156,9.421077740671747
Dylan Cease,KC,184,13.35326060404119,13.425268780276262
Dylan Cease,SI,171,8.989976754414105,8.469552024158535
Dylan Cease,SL,590,10.59477376414954,9.428242787743066
Dylan Cease,ST,87,11.036437238480426,9.613427614056095
Dylan Dodd,ALL,582,10.822643616134545,9.160656959211217
Dylan Dodd,FC,192,10.234079919532437,10.287556551446205
Dylan Dodd,FF,1,9.344123687914262,3.6498022746725156
Dylan Dodd,SI,357,10.694075675210366,8.525782816140008
Dylan Dodd,SL,32,17.94269990957753,13.243057823988746
Dylan Lee,ALL,715,9.744031095367513,9.186433985281253
Dylan Lee,CH,122,10.704130254557159,8.751944717121269
Dylan Lee,FF,234,9.84843648668047,9.131949472522376
Dylan Lee,SL,359,9.529542580712322,9.636169466795463
Dylan Moore,ALL,6,16.332987649556177,17.872877987132902
Dylan Moore,EP,1,19.303661015121797,18.79278864295938
Dylan Moore,FA,2,22.19754101741647,16.24803331174478
Dylan Moore,SL,3,14.390004171551647,16.95296733130642
Dylan Smith,ALL,406,11.43069446711972,10.508275713440918
Dylan Smith,CU,27,12.699892538257437,12.672497794920021
Dylan Smith,FF,214,10.936516066602946,10.35020742583515
Dylan Smith,FS,20,18.145264158008843,12.772421733209509
Dylan Smith,SI,33,9.612243803625429,9.621896974958744
Dylan Smith,ST,112,11.664303206535777,10.659610926087613
Easton McGee,ALL,116,9.792224412805375,8.787376413782765
Easton McGee,CH,5,5.649771176343513,7.966619690518419
Easton McGee,CU,24,13.105848368202391,11.683266708309635
Easton McGee,FC,17,9.78902520913127,10.204389918978494
Easton McGee,FF,26,8.673217291549438,8.658605688833092
Easton McGee,SI,22,10.073697267679076,8.754917725324148
Easton McGee,ST,22,7.678884927645493,8.709250070141273
Eddy Yean,ALL,115,11.1839646092125,10.98455788263991
Eddy Yean,CH,37,11.0459155950441,10.858225600931814
Eddy Yean,FF,3,12.527671784842788,15.170438940842185
Eddy Yean,SI,68,11.419363878711188,11.021566311876914
Eddy Yean,SL,7,19.51717161915834,13.302758980726157
Edgardo Henriquez,ALL,729,11.934309924982223,11.134526274390788
Edgardo Henriquez,CU,37,16.765194108852352,18.757851818892597
Edgardo Henriquez,FC,94,11.317057564425026,10.780034611042591
Edgardo Henriquez,FF,228,12.558693892154,11.459442752775988
Edgardo Henriquez,SI,202,10.504180313255002,9.594868974062578
Edgardo Henriquez,SL,168,12.255962384177215,11.455608956972387
Eduard Bazardo,ALL,769,11.512831114326259,9.830862458875217
Eduard Bazardo,FF,4,10.261327381255345,13.769310665080518
Eduard Bazardo,FS,17,13.501490670441296,10.631065126591153
Eduard Bazardo,SI,492,11.038007347170376,9.532736089869562
Eduard Bazardo,ST,256,12.520735724752743,10.431699490198671
Eduardo Rivera,ALL,199,11.898103317366504,11.292705947991294
Eduardo Rivera,CH,30,15.657952483315235,13.091109394711108
Eduardo Rivera,FF,109,11.639921183189722,11.292705947991294
Eduardo Rivera,SL,60,12.385566420156135,10.57118474654106
Eduardo Rodriguez,ALL,2097,8.97848213494584,8.02575085766591
Eduardo Rodriguez,CH,549,10.159554507910123,8.553123513084119
Eduardo Rodriguez,CU,261,9.725652804798154,8.731387030898011
Eduardo Rodriguez,FC,269,7.637426878319465,7.059055681604131
Eduardo Rodriguez,FF,832,8.160911093732704,7.780344379278022
Eduardo Rodriguez,SI,186,9.530883862244359,8.603006373498179
Edward Cabrera,ALL,1079,11.54181348547958,9.629774591007019
Edward Cabrera,CH,332,11.139262366134215,9.146287929701078
Edward Cabrera,CU,208,12.185607034527465,11.27982168993117
Edward Cabrera,FF,187,13.229111762443138,9.098606575509152
Edward Cabrera,SI,233,10.240621484456875,9.187260410128314
Edward Cabrera,SL,119,11.27801759908807,10.320764896747795
Edwin Díaz,ALL,254,10.460123790709137,9.776909654989874
Edwin Díaz,FF,146,10.80753772156112,9.651782880125939
Edwin Díaz,SL,108,10.28119659583809,10.491297670655907
Eiberson Castellano,ALL,32,12.918825888214911,12.712658495637747
Eiberson Castellano,CH,1,0.1493121300361823,4.08868013560522
Eiberson Castellano,CU,13,13.691111662445223,13.391451465494658
Eiberson Castellano,FF,10,12.356926537361854,12.71887805179476
Eiberson Castellano,SI,8,4.883633016711528,4.308092468212338
Eli Morgan,ALL,317,11.37111106144293,10.343497996168404
Eli Morgan,CH,104,9.83240877422421,10.285627646678869
Eli Morgan,FF,120,12.623618256924868,10.113038943403184
Eli Morgan,SL,93,11.520486455014176,11.056532464661055
Elieser Hernández,ALL,98,11.173947943073625,9.889226042790389
Elieser Hernández,CH,34,13.233518688586468,10.972991177985923
Elieser Hernández,FC,17,14.436527426659215,12.343589982546108
Elieser Hernández,FF,37,10.471802047938624,7.432726092584162
Elieser Hernández,SL,10,13.193970504891507,13.281582895021959
Elmer Rodríguez,ALL,297,11.846145786460763,10.683658715653424
Elmer Rodríguez,CH,30,14.79551455528511,11.906037449175308
Elmer Rodríguez,CU,25,15.715669726402137,15.532926927202698
Elmer Rodríguez,FC,1,45.01461634989712,42.421804998299706
Elmer Rodríguez,FF,70,12.034077497474268,10.801126420470101
Elmer Rodríguez,SI,123,10.506747670981984,10.124339565585592
Elmer Rodríguez,ST,48,13.4667016687929,10.539976939705037
Elvis Alvarado,ALL,631,10.909056174493589,9.729248933942982
Elvis Alvarado,CH,1,2.740599185201552,2.0005353117790166
Elvis Alvarado,FF,360,10.553962045402411,9.477178494529905
Elvis Alvarado,FS,31,13.62559852473525,12.71632325015841
Elvis Alvarado,SI,89,10.618344694941813,9.347755547670312
Elvis Alvarado,SL,150,11.122217362090645,10.94756326766377
Emerson Hancock,ALL,1555,11.93161026236254,9.321253094850157
Emerson Hancock,CH,86,19.001207876080535,10.44933347721301
Emerson Hancock,CU,73,19.92274617604421,13.588731078172643
Emerson Hancock,FC,173,13.047624300187628,9.347662514601955
Emerson Hancock,FF,615,9.47073667232114,8.535459040485545
Emerson Hancock,SI,381,10.283508839113967,8.507964864981696
Emerson Hancock,ST,227,17.37918927988913,12.846373781050723
Emiliano Teodo,ALL,43,10.385769310299745,9.658224680415874
Emiliano Teodo,CH,3,3.2556043627889517,4.743655068947844
Emiliano Teodo,SI,25,10.511079714823154,11.815803951972464
Emiliano Teodo,SL,15,10.385769310299745,7.263530939935086
Emilio Pagán,ALL,463,11.719946868273128,10.63968255379021
Emilio Pagán,FC,87,11.38150340053945,10.239813203920756
Emilio Pagán,FF,296,10.53234972562089,9.328922837976538
Emilio Pagán,FS,80,17.104821068487368,13.451137070229176
Emmet Sheehan,ALL,1562,12.62396359541954,9.889116876359203
Emmet Sheehan,CH,249,10.290334377285443,10.467751276825703
Emmet Sheehan,CU,169,13.556759585973113,12.131491107736492
Emmet Sheehan,FF,678,14.561534459692625,9.706115989358457
Emmet Sheehan,SL,466,10.822828343590682,8.964885217842365
Enmanuel De Jesus,ALL,627,10.355047166153886,9.733247945018501
Enmanuel De Jesus,CH,138,10.485822162853228,9.847650193710027
Enmanuel De Jesus,FC,102,11.082120502832932,10.748838621441969
Enmanuel De Jesus,FF,265,10.248279222205538,9.323217245954881
Enmanuel De Jesus,SI,84,9.031441651179723,9.227187431369954
Enmanuel De Jesus,SL,38,10.35350104638592,10.63343460808586
Enyel De Los Santos,ALL,871,10.62721441301368,8.84626831239199
Enyel De Los Santos,CH,218,11.163175099118474,9.207727337274267
Enyel De Los Santos,FF,390,10.379790939460616,8.213662977445743
Enyel De Los Santos,SL,263,10.348958239664494,9.049163725565112
Eric Cerantola,ALL,126,14.58062112805798,15.114889468131011
Eric Cerantola,FC,29,14.47784504573112,15.822452557276145
Eric Cerantola,FF,48,15.578170048570037,14.625548603527822
Eric Cerantola,SL,49,14.41657125920219,15.156919542763207
Eric Lauer,ALL,1566,10.276279539926357,8.882229908802291
Eric Lauer,CH,235,11.317694422439674,9.62536237948508
Eric Lauer,CU,194,10.493669921689623,10.731823612605545
Eric Lauer,FC,354,9.221881000439858,8.119143666475498
Eric Lauer,FF,655,10.400310490260628,8.495111694140205
Eric Lauer,SL,128,9.715344788493404,10.317471625748624
Eric Orze,ALL,536,11.188523268632057,9.830333138969522
Eric Orze,CU,49,11.165227057341578,11.77820090604762
Eric Orze,FF,143,11.211819479922536,9.802445321744845
Eric Orze,FS,266,11.459064835565425,10.013403599986896
Eric Orze,SL,78,10.680238392700439,8.804159295873998
Erick Fedde,ALL,1549,9.908954174807448,9.092803653760964
Erick Fedde,CH,191,13.26519160293484,10.43398631007944
Erick Fedde,FC,293,8.715459778951178,8.0289164376165
Erick Fedde,FF,21,16.449318645358982,11.649248058161248
Erick Fedde,SI,478,9.476727508678955,9.14113272782702
Erick Fedde,ST,566,9.770239444049867,9.09841957561973
Erik Miller,ALL,668,12.326874567628384,10.170636481825996
Erik Miller,CH,29,16.45381526534694,12.292113108068644
Erik Miller,FF,52,16.448239437478776,12.060897014739412
Erik Miller,SI,304,9.51377088176383,8.760035501055881
Erik Miller,SL,283,15.401811064028262,11.094661507868304
Erik Sabrowski,ALL,588,11.846091874341283,11.494964524159967
Erik Sabrowski,CU,119,14.060400468383015,14.477868965350723
Erik Sabrowski,FF,393,11.025307830141257,11.12586650733544
Erik Sabrowski,SL,76,12.32397058709791,11.90450789925061
Ethan Pecko,ALL,86,15.210215954891526,9.967358417594458
Ethan Pecko,CH,7,16.155514301657856,14.896247099712193
Ethan Pecko,CU,10,8.406715226015923,7.43273945005982
Ethan Pecko,FC,8,17.01734615393275,10.958057530876683
Ethan Pecko,FF,28,16.93362386416527,9.50315762776745
Ethan Pecko,SI,26,13.537556696005101,9.39201755350888
Ethan Pecko,ST,7,7.104522924418414,8.651159531156514
Ethan Roberts,ALL,391,10.610615717415344,9.69888849330499
Ethan Roberts,FC,174,9.446928518654142,9.029363299112159
Ethan Roberts,SI,61,11.046161128960787,10.295825139319144
Ethan Roberts,ST,156,12.053646751116109,10.721373299620545
Eury Pérez,ALL,1842,12.928294152575695,10.090115149386122
Eury Pérez,CH,165,20.693026729434894,12.843574309794677
Eury Pérez,CU,109,16.360570850951863,10.88622442628373
Eury Pérez,FF,718,11.681965590690435,9.656491053343526
Eury Pérez,SI,307,13.882005709582803,9.601516772621185
Eury Pérez,SL,290,12.404975903328484,10.162608994458354
Eury Pérez,ST,253,11.491252305347938,10.320768113628773
Evan Phillips,ALL,228,10.218647962160487,9.093966923235797
Evan Phillips,FC,29,9.068840051665937,9.611608310247139
Evan Phillips,FF,104,9.175200093688504,8.161491583067537
Evan Phillips,SI,10,11.094240094190472,8.574731048652765
Evan Phillips,ST,85,11.806296032960896,11.084125552814237
Evan Sisk,ALL,645,11.868957885479544,10.863986304260877
Evan Sisk,CH,61,16.252481964346988,12.964039583625445
Evan Sisk,CU,165,12.106493027474684,10.94261403411884
Evan Sisk,FF,112,11.192987417683543,10.766933858190455
Evan Sisk,SI,197,11.074208700652546,9.923479592013924
Evan Sisk,ST,110,12.985253408200409,11.66752701978439
Fernando Cruz,ALL,827,12.932978512056554,11.43741776351963
Fernando Cruz,FF,259,10.747124781014168,9.747247976569165
Fernando Cruz,FS,428,14.314995641954084,11.899795980225473
Fernando Cruz,SI,25,15.162541861298331,14.235542302936933
Fernando Cruz,SL,115,11.18622580633539,11.333798518404476
Foster Griffin,ALL,1937,10.054742045618212,9.183553360598948
Foster Griffin,CH,212,10.669912248652139,10.26383350200009
Foster Griffin,CU,182,10.708521701513153,10.781245109217515
Foster Griffin,FC,630,8.989788062445559,7.876826810783253
Foster Griffin,FF,323,10.828772140337882,9.69498068658484
Foster Griffin,FS,116,15.82575497613812,12.384523093721313
Foster Griffin,SI,193,7.80489491073299,8.204720088080242
Foster Griffin,ST,281,10.730453401384413,10.494157882835808
Framber Valdez,ALL,2101,10.805973873483948,10.186230167192496
Framber Valdez,CH,392,11.038582417339153,10.280491567783454
Framber Valdez,CU,609,12.82605226692101,10.868332535890957
Framber Valdez,FF,63,13.626623554097696,11.074386219355459
Framber Valdez,SI,942,9.43118975393785,9.528101282913703
Framber Valdez,SL,95,14.45572416852824,10.486462602450656
Franco Aleman,ALL,269,10.638133685365615,11.01605500238329
Franco Aleman,CH,23,10.873823046532765,9.06408997883207
Franco Aleman,FF,176,10.755336601918277,10.861838688270394
Franco Aleman,SL,70,10.350793855406007,11.400642947426537
Freddy Peralta,ALL,1984,12.884204155557137,10.212575483389758
Freddy Peralta,CH,433,15.39570615029863,10.5155757501303
Freddy Peralta,CS,24,17.58594211940039,13.197622452957905
Freddy Peralta,CU,257,14.65671301606461,11.114116153254793
Freddy Peralta,FF,1058,11.132834680805821,9.746668560731223
Freddy Peralta,SL,103,16.7517163032429,11.776385015340418
Freddy Peralta,ST,109,11.592443216204373,10.37659819573954
Gabe Speier,ALL,432,10.082043375959302,8.975068921316584
Gabe Speier,CH,1,39.73351856567209,31.943010897667225
Gabe Speier,FF,174,9.172436762054915,9.228407633881162
Gabe Speier,SI,140,8.311300008839154,7.859708175336229
Gabe Speier,SL,114,14.046571994513387,9.38639493282971
Gabe Speier,ST,3,15.358363649671949,8.377465393592296
Gabriel Hughes,ALL,621,10.559947049864036,9.798582548097269
Gabriel Hughes,CH,60,12.60411786247037,12.188952572066285
Gabriel Hughes,CU,62,13.847343346380045,10.2315462438957
Gabriel Hughes,FF,344,8.946542502451205,9.038493205880432
Gabriel Hughes,SI,40,11.783262570792886,9.678493141572758
Gabriel Hughes,SL,67,11.399900479238408,11.411994002518318
Gabriel Hughes,ST,48,13.666068469082859,11.123318915177318
Gage Jump,ALL,1330,11.038578448761116,10.195477796799466
Gage Jump,CH,117,15.417300611287324,12.842756618309997
Gage Jump,CU,148,12.94970978767196,11.772029550402479
Gage Jump,FF,615,9.898389697418134,9.320205730485768
Gage Jump,SI,66,12.499877893004484,10.931203521321617
Gage Jump,SL,297,10.915701086087587,10.61633830538816
Gage Jump,ST,87,12.937054762126934,10.937378608448444
Garrett Acton,ALL,105,10.771437358327523,11.055114580992496
Garrett Acton,FF,58,10.694880749006806,11.116484808980292
Garrett Acton,SL,47,11.189037732903191,11.055114580992496
Garrett Cleavinger,ALL,578,11.876232783134277,11.196546245776336
Garrett Cleavinger,FF,85,12.118986634905507,12.117364487036738
Garrett Cleavinger,SI,161,11.379073771185997,11.229294491907284
Garrett Cleavinger,SL,255,11.568759186685098,10.623555256535527
Garrett Cleavinger,ST,77,13.151088090101599,12.43462905389512
Garrett Crochet,ALL,480,11.131667872433326,9.9591111030869
Garrett Crochet,CH,22,14.13871560413495,11.632193460906194
Garrett Crochet,FC,117,9.353993826911912,9.600300128478342
Garrett Crochet,FF,163,11.135941106203111,9.954467907573662
Garrett Crochet,FS,3,33.51003589070505,25.19304816762231
Garrett Crochet,SI,107,11.211566579283772,9.370614990982821
Garrett Crochet,ST,68,13.145458314316908,13.047010279589125
Garrett Stallings,ALL,100,11.626736601378305,9.178320037262
Garrett Stallings,CH,41,15.721311048890051,9.593412202292033
Garrett Stallings,CU,2,12.32586229888173,8.487827880352109
Garrett Stallings,FC,28,8.489173933262105,8.532797962837169
Garrett Stallings,FF,1,4.295119472962637,7.184380717465
Garrett Stallings,SI,24,10.135687279450078,11.616090099178862
Garrett Stallings,ST,4,12.17467492111465,9.583274783864017
Garrett Stubbs,ALL,19,13.614135892689148,11.867274852733313
Garrett Stubbs,EP,4,20.34136173228716,15.126134842144598
Garrett Stubbs,FA,15,11.725115029051066,11.867274852733313
Garrett Whitlock,ALL,512,10.2582599198427,9.135982956237193
Garrett Whitlock,CH,93,11.334176567564034,9.298099910435177
Garrett Whitlock,SI,286,9.5554489661579,8.875633939800817
Garrett Whitlock,SL,133,11.42522347338313,9.698967679887282
Gary Sánchez,ALL,23,18.26847429586034,13.670692895723047
Gary Sánchez,EP,11,19.058153566765064,14.499407634069614
Gary Sánchez,FA,9,11.277014884831468,12.740820971563993
Gary Sánchez,SL,3,15.097653365895427,13.670692895723047
Gavin Collyer,ALL,409,14.526485274112256,11.29379236519106
Gavin Collyer,FC,141,14.698325620314284,11.009993258713921
Gavin Collyer,FF,102,15.725278218863044,12.363011698378939
Gavin Collyer,SI,75,12.209646290694073,9.945571358769506
Gavin Collyer,ST,91,13.527002710506979,12.880650597726751
Gavin Hollowell,ALL,176,11.364912179492006,9.6174288224844
Gavin Hollowell,CH,16,10.70583195132008,11.585105927367952
Gavin Hollowell,FF,67,11.525908226045212,9.414763729920677
Gavin Hollowell,SI,36,10.64558632409308,8.661997895877555
Gavin Hollowell,ST,57,11.40461904533506,10.736062882197851
Gavin Williams,ALL,2030,10.382468875612995,9.30357530272855
Gavin Williams,CU,450,11.693285562959883,10.275457687135411
Gavin Williams,FC,135,9.300498418473897,8.694494509064532
Gavin Williams,FF,520,9.55530399967438,8.30092411901354
Gavin Williams,SI,348,8.792382256205965,8.280963669738373
Gavin Williams,ST,577,11.453797146889466,10.41955324942086
Geoff Hartlieb,ALL,198,10.522330551864552,9.22804954891961
Geoff Hartlieb,FC,33,8.490491544308837,7.764730882774143
Geoff Hartlieb,FF,72,9.845939743834414,9.735846362742414
Geoff Hartlieb,SI,30,11.845847400867626,8.194658600815876
Geoff Hartlieb,SL,63,11.002055714397454,11.615742821388723
George Kirby,ALL,1928,9.770887468016232,9.074601124291128
George Kirby,CH,121,12.685065366318286,9.375990668900817
George Kirby,FC,64,9.657956860432746,9.692133495060254
George Kirby,FF,530,8.06285038625644,7.726796591366709
George Kirby,FS,23,12.16837102953613,12.483367581656664
George Kirby,KC,190,13.71765470250158,10.3783610236862
George Kirby,SI,413,8.542838878354166,7.796767115461492
George Kirby,ST,587,11.245301136829598,9.965151517983712
George Klassen,ALL,377,11.252185545106775,10.496563158001692
George Klassen,CH,71,10.372890237488043,9.930512889095612
George Klassen,CU,16,17.13579710369607,15.077582293248536
George Klassen,FF,152,10.895883950824775,10.264576655205202
George Klassen,SI,33,12.768749310944434,10.496563158001692
George Klassen,SL,105,10.920516418592651,11.065446306205317
George Soriano,ALL,889,11.784957611332018,10.653574834111723
George Soriano,CH,269,13.155232710701485,10.365290236744437
George Soriano,FF,260,10.8916830423262,10.601397666253655
George Soriano,SI,72,8.434577500078063,9.850861716050314
George Soriano,SL,199,11.444754442608923,10.824024723933677
George Soriano,ST,89,13.380727357367096,12.044371401102381
Gerardo Carrillo,ALL,139,13.206129185855607,12.251116408947333
Gerardo Carrillo,FC,40,10.90587626765378,11.416114864203736
Gerardo Carrillo,FF,18,15.538790434117697,13.266685138498257
Gerardo Carrillo,FS,35,15.235127271650034,13.95822961502718
Gerardo Carrillo,SI,30,10.718988333013037,10.415638062936518
Gerardo Carrillo,ST,16,12.071903316977155,13.628184401752968
Germán Márquez,ALL,798,10.387583460951959,10.096307959046207
Germán Márquez,CH,28,17.795745716341692,16.838881284588965
Germán Márquez,FF,301,9.503946756670883,9.503263218730638
Germán Márquez,KC,253,11.6195214780299,10.997938152974818
Germán Márquez,SI,115,8.249398755293681,8.21888393307115
Germán Márquez,SL,101,11.35325376882364,10.313284706026883
Gerrit Cole,ALL,1242,9.618408059903636,8.467966073104918
Gerrit Cole,CH,188,11.62950555080928,10.053377691719017
Gerrit Cole,FF,613,8.773943264540163,7.8806502866359684
Gerrit Cole,KC,155,11.541048700587021,9.867775238174891
Gerrit Cole,SI,48,9.918784243671965,8.69638307136814
Gerrit Cole,SL,238,9.381091822147873,8.127090371584522
Gordon Graceffo,ALL,831,11.81603873404642,10.3089042405199
Gordon Graceffo,CH,100,14.624859410791945,10.502351502116325
Gordon Graceffo,CU,79,15.63273592955097,12.990628760192136
Gordon Graceffo,FF,330,9.972836597335846,9.87792110159356
Gordon Graceffo,SI,58,13.966600392566892,9.334459709961905
Gordon Graceffo,SL,264,12.514333717770782,10.370723268102424
Graham Ashcraft,ALL,381,11.728456327121773,11.539545533389381
Graham Ashcraft,FC,195,11.523494522265105,11.373224038933918
Graham Ashcraft,SL,186,11.827725236375471,11.708903189386644
Grant Anderson,ALL,641,10.53434319567539,9.295503187587029
Grant Anderson,CH,15,12.66435729037803,9.310054197884654
Grant Anderson,FC,1,13.741321471733146,14.92938120140531
Grant Anderson,FF,249,10.463385415079562,9.397621974955731
Grant Anderson,SI,138,10.19390873739695,8.844089977127773
Grant Anderson,SL,1,3.695322568676142,1.2625717371465826
Grant Anderson,ST,237,10.703038627886746,9.537004161306927
Grant Holmes,ALL,1629,10.407871869480914,9.021519455742164
Grant Holmes,CH,100,14.623369390382917,11.499068186583408
Grant Holmes,CU,116,12.456189191362558,10.670544357783893
Grant Holmes,FC,137,9.82798744898414,8.774306444040144
Grant Holmes,FF,472,8.853706805340854,8.126722571312335
Grant Holmes,SI,187,9.857831504818458,8.63790927676144
Grant Holmes,SL,617,11.09704624360135,9.289108118228532
Grant Taylor,ALL,790,10.659104006274084,10.386419725567059
Grant Taylor,CU,222,10.761044339718456,10.685037766808136
Grant Taylor,FC,4,9.43514774103651,8.958823952339108
Grant Taylor,FF,362,10.296008973215272,10.023647477721454
Grant Taylor,SI,84,9.156646955371171,10.161530383905681
Grant Taylor,SL,118,11.360542550845516,11.942502398276744
Grant Wolfram,ALL,540,12.320108551236366,10.206582059914128
Grant Wolfram,CU,90,12.918158615081094,12.67399838283139
Grant Wolfram,FC,9,16.39152670756656,7.7923622870766565
Grant Wolfram,FF,121,13.117732364453122,9.509925240856054
Grant Wolfram,SI,204,10.535606295567156,9.50492164202273
Grant Wolfram,SL,66,13.89187014791818,11.678431550169506
Grant Wolfram,ST,50,18.13904885933031,12.731047765479607
Grayson Rodriguez,ALL,1140,10.994835787517909,9.64850292964977
Grayson Rodriguez,CH,269,12.242860646037407,10.482965674169659
Grayson Rodriguez,CU,121,11.176546681203028,10.370757669645151
Grayson Rodriguez,FF,618,10.666772826934288,9.25817303143321
Grayson Rodriguez,SL,132,9.917443981134815,10.06510257830173
Greg Weissert,ALL,739,9.74392360609879,8.985113769296
Greg Weissert,CH,85,10.316852517783142,8.706246073684088
Greg Weissert,CU,17,17.978052895628704,12.628390336405714
Greg Weissert,FF,209,9.41273295065085,8.823667157605248
Greg Weissert,SI,264,9.02606680317162,8.897971849418045
Greg Weissert,SL,63,9.584961624943809,8.215506925786626
Greg Weissert,ST,101,11.162668271174617,9.585334824390324
Gregory Santos,ALL,78,10.958331065353331,8.831171655821262
Gregory Santos,CH,2,5.361389247341188,3.5626036387595716
Gregory Santos,FF,11,13.25711376157716,11.492937857376159
Gregory Santos,SI,27,8.348993174377503,7.508319570485557
Gregory Santos,SL,38,12.709981150981568,9.234303548301929
Gregory Soto,ALL,797,12.384048104701765,11.20433730355709
Gregory Soto,FF,135,10.993445512886542,11.329391562949784
Gregory Soto,FS,1,25.310376520499688,32.33029510450872
Gregory Soto,SI,298,10.603414716536957,10.777604775739466
Gregory Soto,SL,235,15.48448643501843,11.492418976664238
Gregory Soto,ST,128,13.448505444775286,12.01429024350912
Griffin Canning,ALL,1118,11.072301609657025,9.605385815204457
Griffin Canning,CH,247,10.540092248091335,9.830411718977105
Griffin Canning,FC,74,11.315605347312886,11.642168320488572
Griffin Canning,FF,288,10.103072035828795,8.318345195881662
Griffin Canning,KC,82,10.627547932403136,9.269104865972473
Griffin Canning,SI,117,10.78632657123625,8.93102022118082
Griffin Canning,SL,268,11.764302397728304,10.582352076667995
Griffin Canning,ST,42,14.733274433469633,13.898322700697753
Griffin Jax,ALL,1270,10.965204361009707,9.297834727484638
Griffin Jax,CH,297,11.316578584923274,9.127230087286138
Griffin Jax,CU,118,13.39088002586817,10.017197150727654
Griffin Jax,FC,45,10.850500444420918,9.78177377320708
Griffin Jax,FF,228,10.866912122962406,9.951784803851282
Griffin Jax,SI,273,9.589391217682572,8.539789298896324
Griffin Jax,ST,309,10.94383675483082,9.853353792100968
Guillo Zuñiga,ALL,16,12.380616218638743,11.662935251998125
Guillo Zuñiga,CH,1,11.083764454557587,9.613240302131048
Guillo Zuñiga,FF,7,14.082345114805328,12.533798487745011
Guillo Zuñiga,SI,4,9.623153776132899,9.009812162988124
Guillo Zuñiga,ST,4,15.647439826072063,14.829343554306263
Gus Varland,ALL,490,11.228882466248113,9.835805666834823
Gus Varland,CH,11,14.61180776440604,15.807935561895343
Gus Varland,FF,287,12.425380828360787,9.989526339060609
Gus Varland,SL,192,9.985160625543024,9.646226481184428
Hagen Smith,ALL,79,11.102069800114393,10.637118286658126
Hagen Smith,CH,4,14.352543440570175,16.426737378159377
Hagen Smith,FC,18,12.00848547915219,10.521797505095845
Hagen Smith,FF,40,9.478071084207723,9.503095143252036
Hagen Smith,SL,17,18.883111825553957,18.24019147230433
Hayden Juenger,ALL,228,10.151106652990109,9.413553529931939
Hayden Juenger,CH,50,11.845067934882362,10.010979942653536
Hayden Juenger,FC,45,10.050335741702687,10.238096491864411
Hayden Juenger,FF,76,10.242272934460448,9.058170200776043
Hayden Juenger,SL,57,9.463311282563971,9.243369625790297
Hayden Wesneski,ALL,297,10.576716032870097,9.43312755393637
Hayden Wesneski,CH,24,11.158035929065907,11.467356717381094
Hayden Wesneski,CU,2,7.8392689202738595,8.185520862802116
Hayden Wesneski,FC,50,7.6259681659968175,7.422095174800169
Hayden Wesneski,FF,79,9.171430016731948,8.732030517794055
Hayden Wesneski,SI,56,11.279433908078452,9.327660086220671
Hayden Wesneski,ST,86,12.97588371959879,10.893110538814799
Hoby Milner,ALL,367,9.311409381190357,8.143746989505608
Hoby Milner,CH,61,11.310913778288585,8.124895844504797
Hoby Milner,FF,47,10.428308973626876,8.143746989505608
Hoby Milner,SI,162,8.269601770674821,7.904754619939725
Hoby Milner,ST,97,9.205693725325114,8.662276511490012
Hogan Harris,ALL,955,10.507756940406557,9.881398203386619
Hogan Harris,CH,45,13.625869550792274,11.437210618817078
Hogan Harris,CU,253,11.33481885180704,11.469237380631895
Hogan Harris,FC,14,11.469659523346419,9.670997223475306
Hogan Harris,FF,570,9.855567103128745,9.10493568709418
Hogan Harris,SL,69,10.995393799387463,10.165719737325482
Hogan Harris,SV,4,13.798904254913833,12.216819942998459
Huascar Brazobán,ALL,758,12.740601866690575,10.313764789886799
Huascar Brazobán,CH,307,14.778510939895225,11.383030888038416
Huascar Brazobán,FC,16,17.065135992613342,9.196877888339262
Huascar Brazobán,FF,49,10.974939945117297,9.987398568057353
Huascar Brazobán,SI,380,11.22728491137892,9.929587976790181
Huascar Brazobán,SL,6,8.806364066956865,11.151354811691132
Hunter Barco,ALL,315,11.474603946926306,10.756360865867233
Hunter Barco,CH,27,13.923136269793929,13.556887672894494
Hunter Barco,FF,117,9.211949386087063,9.352912864580384
Hunter Barco,FS,14,15.894606336689577,10.504518695105434
Hunter Barco,SI,59,10.399856540651909,9.705807723111482
Hunter Barco,SL,79,14.01112113054284,12.287940806054591
Hunter Barco,ST,19,11.377514442939312,11.010207247088973
Hunter Bigge,ALL,277,13.057594085888043,11.606904206119177
Hunter Bigge,CU,6,7.079309815188839,4.990421652367181
Hunter Bigge,FF,143,12.984999623414954,10.200118235882629
Hunter Bigge,FS,12,15.52606502687642,13.668345509164045
Hunter Bigge,SL,116,13.462566932894994,12.99822957718586
Hunter Brown,ALL,1058,13.058770932421776,10.533193739238
Hunter Brown,CH,99,13.278597059975946,10.911724596579978
Hunter Brown,FF,352,13.501294433581908,9.825949651288745
Hunter Brown,KC,206,15.381110116315076,12.165346806831048
Hunter Brown,SI,314,11.951359584357078,9.782755317889599
Hunter Brown,SL,87,11.3475732883643,10.86638085912324
Hunter Dobbins,ALL,780,11.113819231315166,10.000404756309162
Hunter Dobbins,CU,85,14.504042801224498,10.290127122920145
Hunter Dobbins,FF,253,9.000696079696176,9.414270659292672
Hunter Dobbins,FS,99,13.917612716333107,11.706621034106362
Hunter Dobbins,SI,94,10.677515918131798,9.795398403540414
Hunter Dobbins,SL,132,10.307708538593854,9.42721401441684
Hunter Dobbins,ST,117,12.816698415956234,10.495142459289998
Hunter Gaddis,ALL,680,11.084986146775808,9.620810008282879
Hunter Gaddis,CH,141,15.02853406486386,11.173543161692555
Hunter Gaddis,FF,198,10.007027379124136,8.572249469043351
Hunter Gaddis,FS,7,28.691293971310163,20.996266248725735
Hunter Gaddis,SL,334,10.443262202346567,9.54515763154518
Hunter Greene,ALL,411,9.392376659101313,9.12093750619417
Hunter Greene,FF,216,8.667828375108257,8.502302591311903
Hunter Greene,FS,38,9.820376061370599,10.880448069187633
Hunter Greene,SI,27,5.09526362963149,5.929925620899425
Hunter Greene,SL,130,12.130575909492938,10.404446411076135
Hunter Harvey,ALL,70,9.556846838997712,8.656431470380987
Hunter Harvey,CU,2,12.448859637805786,13.092708464612961
Hunter Harvey,FF,36,9.159039807225744,8.512237740041607
Hunter Harvey,FS,23,13.708825646916756,9.5069992249164
Hunter Harvey,SL,9,10.642059015275375,7.892860205315429
Hunter Stratton,ALL,27,10.847095510324168,10.593698353004308
Hunter Stratton,FC,3,10.184780340191294,10.590059303304857
Hunter Stratton,FF,15,10.324537385987398,11.92389539179117
Hunter Stratton,SL,9,11.238649981942782,9.073117159364214
Hurston Waldrep,ALL,165,12.844006263316402,9.696822031466896
Hurston Waldrep,CU,24,16.941128207678467,12.430592734165234
Hurston Waldrep,FC,22,11.208219044683126,10.139988004826192
Hurston Waldrep,FS,30,17.262595396658043,12.831457485461264
Hurston Waldrep,SI,66,9.076442436823825,8.474918414465627
Hurston Waldrep,SL,23,12.844006263316402,8.390244390490002
Ian Hamilton,ALL,73,12.326279837384686,11.687736789986081
Ian Hamilton,FF,19,15.09131675982379,12.490819266876272
Ian Hamilton,SI,8,13.776631659085165,10.869658685970489
Ian Hamilton,SL,46,11.44333131979326,11.551748977499898
Ian Seymour,ALL,1526,11.107614400176976,10.167047856506771
Ian Seymour,CH,461,11.804287844759239,10.935471107094369
Ian Seymour,CU,11,15.088785074480622,16.7532049658042
Ian Seymour,FC,11,14.022575625640563,9.67856199377016
Ian Seymour,FF,425,9.717303149008334,9.435232607277545
Ian Seymour,SI,204,12.038358398508917,10.321177854485544
Ian Seymour,SL,73,11.141439009612998,10.413392108853872
Ian Seymour,ST,341,11.127543318017517,9.843437196967967
Ildemaro Vargas,ALL,41,17.570903086797358,13.029273502725559
Ildemaro Vargas,CS,7,11.642385858229868,12.34635655050965
Ildemaro Vargas,EP,12,19.558317095683194,16.87341779010174
Ildemaro Vargas,FA,22,16.768441803414646,11.96952245677442
Isaac Mattson,ALL,634,11.181615531410978,10.261969669920546
Isaac Mattson,CH,65,16.80224900568428,14.821497314063357
Isaac Mattson,FF,454,10.658994680170597,9.232439500130056
Isaac Mattson,SL,68,12.674014625878096,12.548989966259487
Isaac Mattson,ST,47,9.927091720709003,10.75606446707571
J.P. France,ALL,54,13.212748117720125,11.539178345083808
J.P. France,CH,13,9.936816805784185,7.87839009725455
J.P. France,CU,10,23.51273317701195,19.204841949075245
J.P. France,FC,14,12.7784396186669,9.184240616216897
J.P. France,FF,12,10.59194843216748,14.386757143072963
J.P. France,SI,4,8.564337506449963,4.131996515069278
J.P. France,ST,1,20.985222180951975,19.7728455558228
J.T. Ginn,ALL,1889,10.286016192829223,9.431009912654869
J.T. Ginn,CH,384,10.705771548849022,9.88836613819192
J.T. Ginn,FC,310,10.33790312749601,9.687373778718023
J.T. Ginn,FF,221,10.953494935107473,9.027329570775176
J.T. Ginn,SI,674,9.950330243825892,9.099269039012977
J.T. Ginn,SL,300,9.688672107119547,9.442889390427316
JP Sears,ALL,431,9.943340791959567,9.210375933521
JP Sears,CH,93,10.414463573090181,9.866939306488723
JP Sears,FC,9,11.794887448785092,12.019514979725109
JP Sears,FF,153,9.158524949205862,8.245158703141215
JP Sears,SI,55,8.323240639600273,7.356397744766736
JP Sears,SL,55,11.084731424114853,10.236276893130764
JP Sears,ST,66,12.419025912870861,10.003666272903988
JR Ritchie,ALL,848,11.241758502402021,10.45179960156061
JR Ritchie,CH,150,11.608389423908234,10.698325074749247
JR Ritchie,CU,225,11.659881752941521,11.154416890569047
JR Ritchie,FC,87,10.09566808743603,9.36504653794548
JR Ritchie,FF,157,10.955325279681901,9.30328320526583
JR Ritchie,SI,170,11.207462156268345,10.902061824035583
JR Ritchie,SL,59,10.636918943168189,9.428724350232045
JT Brubaker,ALL,834,11.601686068976202,9.051438269559744
JT Brubaker,CH,115,14.599980114559335,9.372736469986172
JT Brubaker,CU,69,14.053241268876754,9.967244279326733
JT Brubaker,FF,58,9.365629086907324,9.360185549567316
JT Brubaker,SI,377,10.304803934971044,8.831603733650168
JT Brubaker,SL,215,11.961674295709868,8.35844740653156
Jack Anderson,ALL,172,10.3402355429062,9.80152299075326
Jack Anderson,CU,10,20.357519107513518,11.940154397846312
Jack Anderson,FF,58,8.303491793340333,7.822595125735589
Jack Anderson,FS,39,12.093454480416344,10.610891179781985
Jack Anderson,SL,38,10.736625656138397,10.968292493556575
Jack Anderson,ST,27,10.645469154799914,9.862333235067501
Jack Dreyer,ALL,758,12.138322872121336,10.671865597663519
Jack Dreyer,CU,118,11.92572624463965,11.73163864817039
Jack Dreyer,FF,361,11.390534234248703,9.33551329972564
Jack Dreyer,SL,279,13.27052917647846,12.373115994173103
Jack Flaherty,ALL,1481,10.436920581394173,8.736260819330735
Jack Flaherty,CH,41,20.948599267390374,13.738910334387628
Jack Flaherty,FF,728,9.217850428819705,8.449480361397345
Jack Flaherty,KC,287,13.954972786331941,10.085301066018712
Jack Flaherty,SI,67,14.0508092871758,12.098348138216963
Jack Flaherty,SL,358,9.704490681191961,7.64211281010628
Jack Kochanowicz,ALL,1000,11.388091893277267,10.829311201165705
Jack Kochanowicz,CH,227,11.174334907125655,10.794336913591808
Jack Kochanowicz,FF,228,12.025179808858766,10.001683739365495
Jack Kochanowicz,SI,379,10.333705075350572,10.12883646163548
Jack Kochanowicz,SL,166,14.246347306247625,14.4119319231378
Jack Leiter,ALL,1243,12.919125984383088,10.687501316859944
Jack Leiter,CH,222,13.60400643174804,11.451284770057455
Jack Leiter,CU,106,13.339558434001479,12.427459244824911
Jack Leiter,FC,116,12.241429481859935,9.838105424419005
Jack Leiter,FF,470,13.633794980482786,10.535817686730566
Jack Leiter,SI,100,10.316905902388534,10.990189711689489
Jack Leiter,SL,229,12.174980322148071,9.8525354145097
Jack Perkins,ALL,1402,11.038035487721269,10.262645601057944
Jack Perkins,CH,264,12.364081893029741,10.822695310925308
Jack Perkins,FC,173,10.760292301947029,9.874422148734482
Jack Perkins,FF,460,10.981330598434823,9.95924340669499
Jack Perkins,SI,52,8.371503016731992,8.265372488406442
Jack Perkins,SL,39,12.889958148171615,13.86195603582558
Jack Perkins,ST,414,10.701083164180552,9.956503910349003
Jack Weisenburger,ALL,68,9.766889604022253,8.071239077368997
Jack Weisenburger,CH,2,8.706310741082183,7.710545378495699
Jack Weisenburger,CU,2,34.4349175990359,22.224837357603043
Jack Weisenburger,FC,12,10.874274764100909,7.746077000508297
Jack Weisenburger,FF,14,9.003725916802711,7.206971879087919
Jack Weisenburger,SI,14,7.999047210491231,7.668512672470198
Jack Weisenburger,ST,24,12.78912508904716,8.131466462619983
Jackson Jobe,ALL,143,10.11631589742754,8.487894320501194
Jackson Jobe,CH,19,9.15311009387111,8.797654138663768
Jackson Jobe,CU,10,16.17085691730734,15.56406734165186
Jackson Jobe,FF,58,7.20121284482938,7.822576434981471
Jackson Jobe,SI,24,12.320546800634322,8.99917657757789
Jackson Jobe,SL,32,10.424146649912608,8.154687226241977
Jackson Kent,ALL,148,13.300125292444084,11.58804153949088
Jackson Kent,CH,31,13.498945110524144,8.669472323100987
Jackson Kent,CU,15,14.176540510680741,13.698877297139806
Jackson Kent,FF,66,12.832362353945781,10.858450066097314
Jackson Kent,SL,36,14.34814650067257,12.824650479031796
Jackson Rutledge,ALL,37,10.900669479824407,9.437088344207341
Jackson Rutledge,FC,18,12.707734758024898,10.17970379482938
Jackson Rutledge,FS,10,20.632096613852703,14.169247920787242
Jackson Rutledge,SI,9,5.804931927161421,3.40998431835036
Jacob Latz,ALL,862,11.930176799289889,10.297779053397111
Jacob Latz,CH,162,11.272843030710938,11.51709099354849
Jacob Latz,CU,69,17.96250798965257,11.13429986158343
Jacob Latz,FF,472,12.081371405129598,9.93447984012992
Jacob Latz,SL,159,11.378693654433825,10.184634262591297
Jacob Lopez,ALL,1412,10.327218514043325,9.45891584979363
Jacob Lopez,CH,122,9.899148226304842,9.61982258122254
Jacob Lopez,FC,285,9.663461201468364,8.804653751465192
Jacob Lopez,FF,483,11.504485877841985,10.317333831478553
Jacob Lopez,SI,44,12.880309204148638,9.955849331742813
Jacob Lopez,SL,478,9.229551041371582,9.153993920165313
Jacob Misiorowski,ALL,1843,10.202070008184789,9.672367058768542
Jacob Misiorowski,CH,26,16.406771430574217,14.424671816743562
Jacob Misiorowski,CU,199,14.675628620613377,12.9687415522184
Jacob Misiorowski,FC,250,8.729625386322036,8.654050924677069
Jacob Misiorowski,FF,1168,9.840882283657411,9.287407518995755
Jacob Misiorowski,SL,200,10.203860805966151,10.090991029528148
Jacob Waguespack,ALL,383,10.670848900058354,10.289079993485107
Jacob Waguespack,CH,77,14.586142778448835,13.403043168578646
Jacob Waguespack,CU,13,11.68818172430142,7.397224035858363
Jacob Waguespack,FC,121,9.01573450236685,9.165605654968868
Jacob Waguespack,FF,172,10.53331575306304,9.746824695065015
Jacob Webb,ALL,797,10.68016650813165,9.30007096278285
Jacob Webb,CH,298,10.41411730487772,9.10281572677583
Jacob Webb,CU,53,10.017489881138927,9.757224883814372
Jacob Webb,FF,350,11.058821008597942,9.380839961190576
Jacob Webb,SL,73,8.93088402590594,8.873058361568368
Jacob Webb,ST,23,10.80660723635273,11.49710363537208
Jacob deGrom,ALL,1837,9.605004189364092,8.0165083847226
Jacob deGrom,CH,241,13.971557932384052,11.872464490659869
Jacob deGrom,CU,114,10.584702770204865,9.847359270980629
Jacob deGrom,FF,774,9.481083632098642,7.933642714534688
Jacob deGrom,SI,40,6.936477830382848,6.785984159825654
Jacob deGrom,SL,668,8.924832441304979,7.147330044090559
Jaden Hill,ALL,462,11.269868327070714,9.63689640212582
Jaden Hill,CH,90,13.739542488723808,10.326127870052774
Jaden Hill,FF,146,8.917469231520563,8.821521016838178
Jaden Hill,SI,92,9.294865712595179,8.38409577646264
Jaden Hill,SL,134,14.006677367975605,11.383858521583708
Jake Bennett,ALL,1041,10.055294642099357,8.923470762618791
Jake Bennett,CH,273,11.284298832026217,9.055711545870052
Jake Bennett,CU,38,19.695494931137226,10.821690582585042
Jake Bennett,FC,44,10.196676420693557,10.317568225008806
Jake Bennett,FF,379,9.135509447368173,8.17415331182663
Jake Bennett,SI,241,8.826409700032347,8.382884801720845
Jake Bennett,ST,66,16.52583924000067,13.548994506131887
Jake Bird,ALL,555,10.946249321921714,10.202746378611502
Jake Bird,CH,2,11.73317449300316,9.075513012864882
Jake Bird,CU,76,11.81779514225507,10.549122905383392
Jake Bird,FF,75,12.075711284058615,10.479639582886936
Jake Bird,SI,185,11.81629248910669,10.682890158516887
Jake Bird,ST,217,9.575406108934288,9.645647947952398
Jake Eder,ALL,29,13.616211317170238,9.73639393952893
Jake Eder,CH,1,31.75854012092234,29.818388288368688
Jake Eder,CU,2,15.41298571808725,13.660321602109732
Jake Eder,FF,20,12.516273504899882,8.989311186993241
Jake Eder,SL,6,10.765133913903037,7.590666892573271
Jake Irvin,ALL,1096,10.729529305335792,9.749416309574418
Jake Irvin,CH,80,10.323199931121795,10.14364568423807
Jake Irvin,CU,268,10.898538657858122,10.453991575777806
Jake Irvin,FC,119,10.593558240763192,9.375841419359503
Jake Irvin,FF,315,10.859152015165604,9.396761059078042
Jake Irvin,SI,215,10.016278749198712,9.232007318630947
Jake Irvin,ST,99,11.8062645019923,10.134053805861752
Jake Meyers,ALL,7,13.113879404140146,11.988793480306867
Jake Meyers,SL,7,13.113879404140146,11.988793480306867
Jake Rogers,ALL,28,15.27152722503527,13.309895845731411
Jake Rogers,EP,14,19.02302652992889,17.027814555462115
Jake Rogers,FA,13,13.535529360523869,13.132448644743882
Jake Rogers,KN,1,14.794351896847614,10.986398137026583
Jake Woodford,ALL,376,9.706418523058591,8.48361300583958
Jake Woodford,CU,4,10.891877679108884,10.045845026955671
Jake Woodford,FC,139,8.703946591940847,8.472249154211479
Jake Woodford,FF,4,15.710413936197975,12.063227475975879
Jake Woodford,FS,58,14.146280692968194,8.279327436752371
Jake Woodford,SI,105,7.740660346493453,7.444658353382869
Jake Woodford,SL,7,19.726459010842948,11.709857558890475
Jake Woodford,ST,59,11.234605914638953,10.934174131810147
Jakob Junis,ALL,556,10.614395229658165,8.954034902500158
Jakob Junis,CH,101,10.942535573896278,9.234006075866372
Jakob Junis,FF,107,10.848414469567235,9.518052183114452
Jakob Junis,SI,106,10.852189981464218,7.487764030059239
Jakob Junis,ST,242,10.148826630483585,9.10150490941379
Jalen Beeks,ALL,366,10.009039779228747,9.891630080719453
Jalen Beeks,CH,145,11.580950069410958,10.933297551727767
Jalen Beeks,FC,35,11.796835833729123,11.880065699269265
Jalen Beeks,FF,186,9.238440807618534,8.501294767681264
James Karinchak,ALL,134,12.389926048283598,11.213416223588435
James Karinchak,CU,57,13.057393020332782,13.848054322070283
James Karinchak,FF,77,11.228284805949436,10.387128421168999
James McCann,ALL,34,13.572073261516021,12.279909382302279
James McCann,CU,1,6.064916215030313,9.344860928812388
James McCann,EP,32,14.464164551268823,13.38242099846057
James McCann,FA,1,12.927955731720646,11.55423049617763
Jameson Taillon,ALL,1250,10.54781226505011,8.848449239268499
Jameson Taillon,CH,195,11.730456527061104,10.271428356414615
Jameson Taillon,CU,139,11.821915078252685,11.535143065522035
Jameson Taillon,FC,231,8.755943348601866,8.768009807328353
Jameson Taillon,FF,348,12.097746519179665,8.422584081068837
Jameson Taillon,SI,116,9.616666478575137,7.95247801284482
Jameson Taillon,SL,11,9.470930903610117,7.175306651564458
Jameson Taillon,ST,210,9.906685483291975,8.391121464066934
Janson Junk,ALL,1224,9.989680321286428,9.408887932966621
Janson Junk,CH,211,12.566668267064475,10.324665302444453
Janson Junk,CU,93,13.343904367842011,12.655542585312563
Janson Junk,FF,447,8.603081973314978,8.703351026676955
Janson Junk,SI,51,7.5736807928639465,6.974963381307435
Janson Junk,SL,256,8.848205280588704,9.19518742147175
Janson Junk,ST,166,11.563325651243588,10.317045117147561
Jared Jones,ALL,888,11.101904219307302,9.80695826742245
Jared Jones,CH,100,12.881205223300253,9.110482995022888
Jared Jones,CU,61,12.73332507037675,11.899731534309636
Jared Jones,FF,409,9.869614205416456,9.704649478167212
Jared Jones,SL,318,12.16688128847984,9.787451597440619
Jared Koenig,ALL,138,11.054128596716941,9.553188288448235
Jared Koenig,CH,30,9.124895009996479,9.799324236722374
Jared Koenig,CU,8,16.423409154085896,15.230957725433456
Jared Koenig,FC,36,10.952286084515006,10.0379813755303
Jared Koenig,FF,2,16.310356390049307,13.90831395360031
Jared Koenig,SI,62,11.371738166291372,9.392272170884196
Jared Shuster,ALL,151,12.473135089916585,10.043095420178496
Jared Shuster,CH,30,15.997286120832275,11.537467589072513
Jared Shuster,FC,23,10.036356337713782,8.964465156453068
Jared Shuster,FF,47,10.621739182239772,9.064330624006374
Jared Shuster,SI,20,13.364474460167415,12.674987111478845
Jared Shuster,SL,31,12.660196205699975,9.738057032560041
Jason Adam,ALL,499,11.65331254974355,10.638814388935659
Jason Adam,CH,161,15.136729967414668,11.783423624807424
Jason Adam,FF,112,9.854578918536209,9.983530017317907
Jason Adam,SL,191,10.74768945220448,9.561598942247162
Jason Adam,ST,35,13.685845486145594,13.642982436243143
Jason Alexander,ALL,276,11.03791989674258,9.624236917011746
Jason Alexander,CH,96,13.188495884800858,10.958068476331942
Jason Alexander,FC,19,11.796478643729056,9.977260073987294
Jason Alexander,FF,65,9.043514028450767,8.850119923544712
Jason Alexander,SI,65,9.663708015030604,8.547437628624056
Jason Alexander,SL,14,8.810037316933812,8.907971624054738
Jason Alexander,ST,17,9.912513751714862,7.51074650102646
Jason Foley,ALL,147,15.024578805769846,10.275479346150364
Jason Foley,FF,20,12.698292309856159,9.173099400859195
Jason Foley,FS,25,17.1810974219214,9.426660850196468
Jason Foley,SI,66,14.859318744772107,10.232085678318795
Jason Foley,SL,36,14.333306684390099,11.570829650742219
Javier Assad,ALL,1100,11.09970097841791,9.387547335019757
Javier Assad,CH,77,13.987056255922571,10.787865776062521
Javier Assad,CU,76,10.961290141080486,11.333391240256754
Javier Assad,FC,131,10.037202624282763,9.431784565336512
Javier Assad,FF,214,10.75172032627486,8.5259550532219
Javier Assad,SI,474,10.820961666238158,9.237688366111877
Javier Assad,SL,46,10.280013181889865,10.2419466818649
Javier Assad,ST,82,14.076962959679141,10.53086100929349
Javier Sanoja,ALL,58,12.72334145449088,13.573296381517798
Javier Sanoja,FA,58,12.72334145449088,13.573296381517798
Jayden Murray,ALL,292,12.632736030443404,9.974676620289832
Jayden Murray,CH,22,16.1430782272921,13.18882022976932
Jayden Murray,FC,13,14.40309866869669,12.107751877975309
Jayden Murray,FF,157,12.417064267986147,8.976951417938924
Jayden Murray,FS,1,9.437627526130417,11.228553641320982
Jayden Murray,SI,28,10.51733529467634,11.520016948131634
Jayden Murray,ST,71,12.517656358105855,11.278709444963152
Jedixson Paez,ALL,64,11.476764552331758,9.260822983907115
Jedixson Paez,CH,15,14.78043157956879,10.943592724466596
Jedixson Paez,CU,7,18.68892359646403,16.791035962554048
Jedixson Paez,FC,10,10.107728843377902,9.108110710103702
Jedixson Paez,FF,23,11.45816814028105,7.58326504877798
Jedixson Paez,SI,9,10.178776580708881,8.380772477525356
Jeff Criswell,ALL,78,11.91294559804181,11.508232190531615
Jeff Criswell,CH,9,13.440350640410246,11.799530763737305
Jeff Criswell,FF,32,13.06444530595214,10.874708578488136
Jeff Criswell,SL,37,9.732990161635678,11.240635709277825
Jeff Hoffman,ALL,928,11.064197006630259,9.925380850109695
Jeff Hoffman,FF,292,9.602614335899696,9.234512542957066
Jeff Hoffman,FS,199,12.859340853723712,10.791429062479061
Jeff Hoffman,SI,42,7.967498623521948,7.781173265529009
Jeff Hoffman,SL,395,11.74922888147307,10.235061002949479
Jeffrey Springs,ALL,1760,10.29132666006329,9.258292344421083
Jeffrey Springs,CH,423,9.692768639156082,8.499230996817605
Jeffrey Springs,FC,33,13.731459625482097,11.155743040643229
Jeffrey Springs,FF,779,10.56933513717113,9.538174725283929
Jeffrey Springs,SL,418,9.977974376836805,9.128849014494996
Jeffrey Springs,ST,107,11.437080666462995,11.09682999502897
Jefry Yan,ALL,98,14.27228162354955,11.617208577397363
Jefry Yan,FF,21,10.526125281970268,9.946157822490145
Jefry Yan,SI,51,12.117230479411516,11.613544116900691
Jefry Yan,SL,26,24.127799788485092,14.133242998425601
Jeremiah Estrada,ALL,435,11.825930277294143,10.160721759839255
Jeremiah Estrada,FF,256,11.017125696220283,9.462478161932797
Jeremiah Estrada,FS,138,13.857021286002729,12.612722033435045
Jeremiah Estrada,SL,41,11.922928528809315,11.934630903126674
Jesse Scholtens,ALL,660,10.745979121565156,9.181362398024504
Jesse Scholtens,FF,144,10.685084880879105,8.680193959678661
Jesse Scholtens,FS,94,14.792969012342208,11.54111512564961
Jesse Scholtens,SI,156,11.394816178892755,9.995772151796615
Jesse Scholtens,SL,193,8.409582459622257,8.411298329948691
Jesse Scholtens,ST,73,10.527409492247877,8.967927293760669
Jesús Luzardo,ALL,2140,10.297625396588494,9.265807236550385
Jesús Luzardo,CH,405,10.057784502565484,9.114104386356194
Jesús Luzardo,FF,523,9.022441168475906,8.302000174799556
Jesús Luzardo,SI,380,8.076758180621256,7.639705763929141
Jesús Luzardo,ST,832,13.103526562984442,11.33268085184908
Jhoan Duran,ALL,691,10.822723659371565,9.496559205781699
Jhoan Duran,CH,40,14.710561751019988,13.242151695339455
Jhoan Duran,FF,189,11.12828831063162,9.322158785291341
Jhoan Duran,FS,322,9.358366301881183,8.335230809374572
Jhoan Duran,KC,69,14.95930609496886,13.320825374954843
Jhoan Duran,ST,71,13.495619859582565,12.109405915456268
Jhonathan Díaz,ALL,23,16.616478746488628,10.855851541156479
Jhonathan Díaz,CH,2,14.143764911755273,13.530697400718513
Jhonathan Díaz,CU,1,17.15387132216078,22.22023734392947
Jhonathan Díaz,SI,13,13.378633796146355,9.032170672306785
Jhonathan Díaz,ST,7,17.160063130811523,13.182630602202563
Jhony Brito,ALL,72,9.031405371051363,7.486449320289516
Jhony Brito,CH,19,8.75500438952534,6.333816612906084
Jhony Brito,FF,7,6.472275289193131,9.272804850566237
Jhony Brito,SI,16,8.698601527374827,7.814562700793484
Jhony Brito,SL,12,6.5958248143112,8.479304487499828
Jhony Brito,ST,18,12.220787113244981,8.611285352814068
Jimmy Herget,ALL,594,11.24613400004622,9.820772328258926
Jimmy Herget,CH,49,18.97525732049725,11.979198148968441
Jimmy Herget,FF,48,11.161987752595945,11.185313173617747
Jimmy Herget,SI,127,11.826562111309146,9.993513029398454
Jimmy Herget,SL,181,9.883704778379894,8.463663831108844
Jimmy Herget,ST,189,10.085874327770107,9.885424672012077
JoJo Romero,ALL,604,10.244148959347566,9.323742411412688
JoJo Romero,CH,110,14.889627912439906,10.371546411363394
JoJo Romero,FF,12,10.197035378231206,9.850771859116474
JoJo Romero,SI,261,9.345006975847673,9.227762082394012
JoJo Romero,ST,221,9.695363181492748,8.999914298473964
Joe Boyle,ALL,284,12.49432044103892,10.795526683758236
Joe Boyle,FF,62,13.124415084344038,10.491952999223223
Joe Boyle,FS,36,13.811909852040142,9.48480202341983
Joe Boyle,SI,54,12.018880406950878,11.421096872607635
Joe Boyle,SL,98,12.43234018358952,10.822251036420226
Joe Boyle,ST,34,9.780859582382345,9.214234243274916
Joe La Sorsa,ALL,7,11.819886418873168,10.57480000918743
Joe La Sorsa,FF,2,6.332092288362598,8.906036910231027
Joe La Sorsa,SI,1,11.999181139938303,10.57480000918743
Joe La Sorsa,ST,4,11.018946256649862,10.991971879489256
Joe Mantiply,ALL,230,11.344603541445927,8.256302128106356
Joe Mantiply,CH,64,13.394356562401583,7.7429878791866775
Joe Mantiply,CU,62,12.058874480789557,9.61841413276867
Joe Mantiply,SI,104,9.952638531209065,8.223381358180806
Joe Rock,ALL,178,10.922463841283934,10.40810451992898
Joe Rock,CH,6,22.36190509620573,25.577724962788814
Joe Rock,FF,84,11.4221153536851,11.121428572537088
Joe Rock,SI,18,13.753624172871051,10.595186541324438
Joe Rock,SL,70,9.201923668954807,9.17459787989285
Joe Ross,ALL,198,10.80047851261691,8.025158349375108
Joe Ross,CU,13,12.453973088735063,8.944818407099872
Joe Ross,FF,40,14.71930338017268,9.949358438904934
Joe Ross,FS,40,12.251439072671019,9.20739900475106
Joe Ross,SI,48,13.102433160217334,8.660314876835809
Joe Ross,SL,57,6.902867068153342,6.799628215640211
Joe Ryan,ALL,1826,9.436677808076334,8.721549358525303
Joe Ryan,FF,841,8.721103766515155,8.106420383380607
Joe Ryan,FS,232,9.937150078021325,8.704899212140296
Joe Ryan,KC,215,11.797182629566358,10.546338224646247
Joe Ryan,SI,166,8.578749384653069,8.3124156840395
Joe Ryan,SL,112,9.289849105485446,9.07981526578149
Joe Ryan,ST,260,10.253691773845905,9.615783489369111
Joel Kuhnel,ALL,520,11.205344209858954,10.514194232670643
Joel Kuhnel,CH,37,10.85001986300324,9.37532451480037
Joel Kuhnel,CU,16,9.643675895613097,11.007402368892041
Joel Kuhnel,FC,165,12.820468552130393,12.15171141281912
Joel Kuhnel,FF,30,13.470292468433318,11.501234879935579
Joel Kuhnel,SI,264,10.186073966822537,9.812452834993056
Joel Kuhnel,SL,8,20.17186841859055,12.204296556466332
Joel Payamps,ALL,119,10.687346637277649,9.593971687561442
Joel Payamps,CH,4,6.03376938868986,6.034834045253275
Joel Payamps,FC,1,12.409084016237925,11.418621139795118
Joel Payamps,FF,48,10.3932490115908,9.869407949402586
Joel Payamps,SI,15,9.406035236806884,11.153148169801925
Joel Payamps,ST,51,11.15282607888496,9.214846083672384
Joel Peguero,ALL,155,10.556649788656056,8.33679428260067
Joel Peguero,FF,67,9.933205645751045,8.298145086401927
Joel Peguero,SI,52,10.888280010127666,9.072561549380094
Joel Peguero,SL,36,12.734795480989575,8.825924346761209
Joey Cantillo,ALL,1873,12.060903009422136,11.236282366969082
Joey Cantillo,CH,470,12.119517804434928,12.21376470444887
Joey Cantillo,CU,539,13.254590437431286,12.147216042456797
Joey Cantillo,FC,103,11.817310673036598,9.767315706610036
Joey Cantillo,FF,660,11.291357558908883,10.830784275139978
Joey Cantillo,SL,101,12.447285057391952,10.589414480272032
Joey Estes,ALL,70,9.586244939076838,6.626576063346347
Joey Estes,CH,4,8.962752720971336,8.148288087969776
Joey Estes,FC,15,7.1472585116566485,4.600951980419769
Joey Estes,FF,29,11.004071896317319,8.327650131822189
Joey Estes,SL,15,6.939218062125647,6.040773354170242
Joey Estes,ST,7,14.39519688922973,13.058350651178557
Joey Gerber,ALL,86,10.597720739712075,10.533230987109645
Joey Gerber,CH,1,11.8992956576684,17.881034026595206
Joey Gerber,FC,34,10.194603810260148,9.358559399054023
Joey Gerber,FF,48,10.826178058521203,11.434200405290664
Joey Gerber,SL,3,8.190138009419819,8.127513207402997
Joey Lucchesi,ALL,93,16.595396818165145,11.153951008412115
Joey Lucchesi,CU,28,18.53767539721933,14.066265585467683
Joey Lucchesi,FF,13,16.595396818165145,15.651252742676677
Joey Lucchesi,FS,7,13.159572211706829,15.599979336851659
Joey Lucchesi,SI,45,13.481866715792515,9.624238610485923
Joey Wiemer,ALL,33,20.318283609179424,15.225845691242629
Joey Wiemer,CH,1,25.458282718151477,26.477638353886068
Joey Wiemer,CU,2,48.93965697930143,42.861122945313355
Joey Wiemer,FA,17,20.318283609179424,14.559395157469696
Joey Wiemer,SL,13,14.950415907406565,14.258837992585192
Johan Oviedo,ALL,67,10.444033326817241,10.589345223950737
Johan Oviedo,CU,18,13.489765111578638,12.191439365691414
Johan Oviedo,FC,1,17.31450546420638,16.717433419655503
Johan Oviedo,FF,21,9.662527340521763,11.097617931422905
Johan Oviedo,SI,13,7.9762535804398444,7.916910401256331
Johan Oviedo,SL,14,9.021072778157432,7.785980398259216
John Brebbia,ALL,89,9.01921890821206,8.135301555817897
John Brebbia,CH,7,12.105462224859982,10.963686238966119
John Brebbia,FF,35,9.119926046901536,8.319252286404268
John Brebbia,SL,43,7.855776747859342,7.838777390013583
John Brebbia,ST,4,14.638445352177177,12.619187308218319
John King,ALL,644,11.241502161906165,9.685594553546128
John King,CH,125,14.082747778898247,9.699980406576392
John King,CU,73,9.74946924313843,10.015492407908047
John King,FF,7,14.721039887946908,18.66713680373535
John King,SI,210,9.750617929034895,9.149055368017713
John King,SL,123,11.452139008448423,9.707685473721263
John King,ST,106,12.031158545739439,11.062582043375908
John Klein,ALL,75,10.947017462959467,10.83282359595408
John Klein,CH,21,12.390208736156207,15.735939249651889
John Klein,CU,6,11.784253020680874,13.311151989172235
John Klein,FC,9,8.598262445146801,6.108052062810297
John Klein,FF,36,10.922317632668308,10.627121272228829
John Klein,ST,3,10.947017462959467,10.526699202679694
John Schreiber,ALL,684,10.212500150206173,9.824916152813799
John Schreiber,CH,53,14.394274512302532,10.826512884849025
John Schreiber,FC,81,9.113629436472614,8.718804104505404
John Schreiber,FF,191,9.723980360112998,9.670861266326929
John Schreiber,SI,163,9.085032454872998,9.42552332683705
John Schreiber,ST,196,11.258722416369679,10.973692831202097
Jonah Tong,ALL,181,12.428324787983746,10.858137143388204
Jonah Tong,CH,49,12.74624536724523,11.226737719318054
Jonah Tong,CU,11,19.495893864276653,17.05571960939104
Jonah Tong,FC,36,8.972559865106813,9.641876312271465
Jonah Tong,FF,85,12.222203428298673,10.798585223970624
Jonathan Bowlan,ALL,718,10.308767286037309,9.171520499818742
Jonathan Bowlan,CH,104,9.598751387856282,9.12567895980056
Jonathan Bowlan,CU,9,12.951990666443661,10.094107386085184
Jonathan Bowlan,FF,329,10.353442904608135,8.631596372474906
Jonathan Bowlan,SI,84,9.95148339766785,9.051193168753322
Jonathan Bowlan,SL,127,11.202918435895862,10.147756423992451
Jonathan Bowlan,ST,65,10.16334195488315,9.355155462675569
Jonathan Cannon,ALL,14,20.575209157879975,13.317236782830264
Jonathan Cannon,CH,1,24.32775390259046,14.009047228903578
Jonathan Cannon,FF,8,15.899687901406933,12.164246952839536
Jonathan Cannon,SL,2,24.900373697587,13.833340372623784
Jonathan Cannon,ST,3,28.694847865192603,17.257979806254607
Jonathan Heasley,ALL,63,10.943176302076084,9.685353529543764
Jonathan Heasley,CH,12,11.45486765646055,9.705338189205355
Jonathan Heasley,CU,6,10.007975238346663,7.19256653756336
Jonathan Heasley,FF,25,9.17792034374609,9.685353529543764
Jonathan Heasley,SL,20,12.204364928652282,10.387515546263153
Jonathan Hernández,ALL,323,11.012622270575596,10.722097042716326
Jonathan Hernández,CH,3,25.420230511442444,21.932876831148
Jonathan Hernández,FF,56,11.411173231019998,11.4248664065249
Jonathan Hernández,FS,2,9.171407416559008,8.03286611419141
Jonathan Hernández,SI,118,10.082016027968095,10.035229463986798
Jonathan Hernández,SL,144,11.831393862182457,11.476699008943047
Jonathan Loáisiga,ALL,682,10.159351972456758,9.22102319517494
Jonathan Loáisiga,CH,199,11.977189790559324,10.514525398581931
Jonathan Loáisiga,CU,107,10.54827337847169,8.600743093195408
Jonathan Loáisiga,FC,46,7.354275340479882,6.609155344170004
Jonathan Loáisiga,FF,108,10.967017169122641,9.871746048003779
Jonathan Loáisiga,SI,222,9.178815093536178,8.702753461933394
Jonathan Pintaro,ALL,283,11.215948674617183,10.81409275622184
Jonathan Pintaro,CH,20,17.088503358774084,13.114445234563537
Jonathan Pintaro,CU,15,16.231617948019277,16.626691731280832
Jonathan Pintaro,FC,155,9.786505214055184,9.611937669323865
Jonathan Pintaro,FF,30,12.147419837220788,12.309498635295114
Jonathan Pintaro,SI,63,11.795712105258614,10.848903916432123
Jorbit Vivas,ALL,24,19.462287766355942,17.502077650180716
Jorbit Vivas,CU,14,15.744294295857081,11.769740591867098
Jorbit Vivas,SL,10,28.24312976799161,21.912016923868457
Jordan Hicks,ALL,541,10.72424643396832,10.221936812431764
Jordan Hicks,FF,89,9.419575899104927,7.619173043403747
Jordan Hicks,FS,16,12.270051503427684,9.553754080546945
Jordan Hicks,SI,257,9.839629492997789,9.874543509175409
Jordan Hicks,ST,179,13.394526132808576,13.421188946901866
Jordan Leasure,ALL,247,11.142496271661752,10.327742009377747
Jordan Leasure,FF,135,11.261856334620555,10.285697852544278
Jordan Leasure,FS,8,9.537677023877944,10.298075169633897
Jordan Leasure,SI,8,9.342320304185428,8.803335781296235
Jordan Leasure,SL,96,11.417834049842233,10.76240069797376
Jordan Montgomery,ALL,158,11.542547703374748,10.517039849872463
Jordan Montgomery,CH,23,10.844603692380273,8.683698642423286
Jordan Montgomery,CU,41,12.536132658785302,12.917144919177973
Jordan Montgomery,FF,25,11.347076353422874,11.09141240224459
Jordan Montgomery,SI,49,10.94422627129709,9.449614428024871
Jordan Montgomery,SL,20,12.141349408383622,11.162217939563183
Jordan Romano,ALL,411,12.061427646112564,10.623928415802837
Jordan Romano,FF,185,10.626331508183796,10.465969341893532
Jordan Romano,FS,9,17.552082640955206,14.939873160962664
Jordan Romano,SL,215,13.079378737384014,10.410417581915706
Jordan Romano,ST,2,17.28424815840876,19.31824915937692
Jordan Wicks,ALL,173,10.948617707435108,9.983633369208368
Jordan Wicks,CH,48,10.739961970794948,10.022770595358057
Jordan Wicks,CU,7,12.21990592669729,10.91466610552407
Jordan Wicks,FF,68,12.432718920300378,9.299611325596684
Jordan Wicks,SI,15,9.540461259553199,8.15159739814962
Jordan Wicks,SL,35,9.845140180882678,11.228732374309528
Jorge Mateo,ALL,25,11.642530485672193,12.174913160080688
Jorge Mateo,FA,25,11.642530485672193,12.174913160080688
Jose Cabrera,ALL,242,11.742139360218133,10.51367639666632
Jose Cabrera,CH,27,13.749467329512504,10.622930493451559
Jose Cabrera,CU,32,19.941225505632413,12.798573661324564
Jose Cabrera,FC,66,10.3694762213111,10.145257080085912
Jose Cabrera,FF,57,11.864566405923064,10.882607923777664
Jose Cabrera,SI,24,10.297058608042185,8.85943390361831
Jose Cabrera,ST,36,11.937781314950852,10.529586423495154
Jose Corniell,ALL,89,15.307710247458438,9.374708319941396
Jose Corniell,CH,23,13.341264748164294,9.348119486855524
Jose Corniell,FC,12,8.342721462095263,7.396496753014571
Jose Corniell,FF,21,16.866162165589532,9.691275222257511
Jose Corniell,SI,9,15.942398337161915,8.686312579331787
Jose Corniell,SL,7,21.540392508423146,13.82319142332775
Jose Corniell,ST,17,16.635155673222908,13.016831812866979
Jose Cuas,ALL,178,10.977555310346517,9.485272978754146
Jose Cuas,CH,2,6.552383001529758,8.799055998732037
Jose Cuas,FC,14,12.999410821089029,10.52467652173316
Jose Cuas,FF,63,11.462735844135942,9.333128471697519
Jose Cuas,SI,49,9.610787492973902,8.622447738462444
Jose Cuas,ST,50,11.176850091149792,10.112918226824549
Jose Espada,ALL,15,11.27491636310083,10.203840257393644
Jose Espada,FF,6,7.899267857437116,8.3477918539134
Jose Espada,FS,1,28.057592243255343,24.58742322196889
Jose Espada,SL,8,13.366703443268914,12.631067478437451
Jose Franco,ALL,311,11.21457647778579,10.400039126386798
Jose Franco,CH,43,13.820981804210504,11.725751908726814
Jose Franco,FC,1,12.913167838091843,11.273313095150234
Jose Franco,FF,141,9.99742225061057,8.92270213008788
Jose Franco,SL,126,12.102783939032742,11.50707606200721
Jose Quintana,ALL,651,11.31376843360304,9.145773397319534
Jose Quintana,CH,137,15.146117838238192,9.462881494786192
Jose Quintana,CU,99,11.436649710222174,8.430749061852316
Jose Quintana,FF,193,9.288612972234018,8.948412022588274
Jose Quintana,SI,130,9.946542928989153,8.625412218423124
Jose Quintana,SV,92,15.148975926579958,11.371257216940537
Jose Trevino,ALL,44,13.408999178817128,13.30421383167289
Jose Trevino,EP,22,11.942105082227137,12.717501405749534
Jose Trevino,FA,4,11.055667350396309,10.730763690833138
Jose Trevino,KN,18,15.365743271115782,15.746400310165729
Josh Ekness,ALL,207,11.563094789534826,10.527432577570389
Josh Ekness,CU,16,11.555232504794041,11.808379551720574
Josh Ekness,FF,115,10.764928245184752,9.211846471677399
Josh Ekness,SI,19,12.501002498203235,10.962090870038354
Josh Ekness,SL,1,8.445764073163888,6.683172691274478
Josh Ekness,ST,56,13.811930510571901,11.661070974963142
Josh Fleming,ALL,76,9.631296634732571,8.4344091641622
Josh Fleming,CH,18,11.831486667347692,8.767369625873467
Josh Fleming,CU,26,9.176837770837405,9.279378206883953
Josh Fleming,FC,3,15.912319124445975,15.320664017935842
Josh Fleming,SI,29,8.740909127955945,7.168987788353284
Josh Hader,ALL,426,10.324197095760061,9.11771153175576
Josh Hader,SI,268,9.737241863169942,8.76999018561546
Josh Hader,SL,158,11.594550726045782,10.006172022964952
Josh Rojas,ALL,9,14.026880344278439,6.906305270483277
Josh Rojas,CS,4,19.040701742590194,8.867816585449933
Josh Rojas,EP,2,13.599255336837397,10.628916576205679
Josh Rojas,FA,3,9.19973229922518,6.906305270483277
Josh Simpson,ALL,124,10.725105142878416,9.09635426725566
Josh Simpson,CH,8,18.999921407254174,16.825850244017616
Josh Simpson,CU,34,11.29346948756341,9.792312824010455
Josh Simpson,FF,7,10.874614359267014,10.532290109813877
Josh Simpson,SI,42,8.046122167652904,7.56126787065106
Josh Simpson,ST,33,11.247546661418683,9.847419862938777
Josh Walker,ALL,246,12.127093719854086,10.606155794507073
Josh Walker,CH,17,12.85630604120016,13.04257033751745
Josh Walker,FF,56,11.664358734500809,8.765523414533217
Josh Walker,SI,63,11.028591938566919,8.840821794337081
Josh Walker,SL,110,13.365168085489998,11.599980362810589
Josh White,ALL,30,11.260221433244308,12.089104066181994
Josh White,CU,6,15.827154011520214,14.16344685996745
Josh White,FF,17,9.882264237739824,11.441599163853684
Josh White,SL,7,11.960853796893161,10.329519950490827
José A. Ferrer,ALL,729,10.236217591962651,9.091522100062909
José A. Ferrer,CH,121,15.511348830718724,12.140136076512109
José A. Ferrer,FF,1,4.162476409587437,5.688991785766435
José A. Ferrer,SI,521,8.696415190011427,8.370527359194536
José A. Ferrer,SL,86,13.491602895705006,12.796277537531205
José Alvarado,ALL,835,12.72641326604593,10.47859837632413
José Alvarado,CU,27,18.879168979026407,14.995358658470039
José Alvarado,FC,270,15.60245926911898,10.463598028323005
José Alvarado,FF,18,15.46344216979788,10.67234355611939
José Alvarado,SI,520,10.935556409877952,10.209832859048978
José Buttó,ALL,59,12.817696855511436,10.839794086464178
José Buttó,CH,8,13.900316102336305,13.035301468805454
José Buttó,CU,1,18.4230174178675,13.572706505891961
José Buttó,FF,13,10.57328786966473,10.8297406085018
José Buttó,SI,24,13.06665137848934,10.99988717599366
José Buttó,SL,13,12.061108706399326,8.582141760093027
José Fermin,ALL,682,10.763213822726922,10.261256223558304
José Fermin,CH,42,12.715272970724062,9.912313697656156
José Fermin,FF,40,15.880757420013742,11.913686483057665
José Fermin,SI,204,10.289429361093807,9.693279774419851
José Fermin,SL,396,10.54320889782942,10.361913335131945
José Soriano,ALL,2105,10.623180117255588,9.661838106347112
José Soriano,FF,472,10.186527627899867,8.687743922048288
José Soriano,FS,412,12.247689883912392,10.665488843380139
José Soriano,KC,563,10.67407181208605,9.913807200638976
José Soriano,SI,560,9.6944436185865,9.075202871222077
José Soriano,SL,98,13.488878116236304,11.127024889569324
José Suarez,ALL,925,10.893845206192312,9.969854555029379
José Suarez,CH,227,12.458547969875587,9.80977052947748
José Suarez,FF,344,10.481571438532646,10.147139998540366
José Suarez,SI,78,9.19567720173405,8.740188678098441
José Suarez,SL,248,10.555574186112716,9.944805288610109
José Suarez,ST,27,12.56050463336402,12.263035089771819
José Suarez,UN,1,57.78597205763652,
José Urquidy,ALL,227,9.992669269020618,8.63525234092124
José Urquidy,CH,66,8.558748462010325,7.691407070108579
José Urquidy,CU,35,13.610655710629445,13.219871462976055
José Urquidy,FF,52,8.689644307090646,8.779583478358187
José Urquidy,FS,1,6.604697196549319,8.37130690351484
José Urquidy,SI,45,8.899783357492069,7.1148770203969045
José Urquidy,ST,28,12.474859361103626,9.828289266498096
Jovani Morán,ALL,794,11.594726226079327,10.849144999420563
Jovani Morán,CH,293,12.661819741836524,11.146904667275829
Jovani Morán,CU,1,5.399482690757146,7.166165468214635
Jovani Morán,FC,97,12.503053683332569,11.490589016861824
Jovani Morán,FF,310,10.79459289208338,10.605988529068771
Jovani Morán,SI,57,9.459097303978645,9.199490019137238
Jovani Morán,ST,36,15.678146118261967,12.433522456419155
Juan Burgos,ALL,32,12.638767760620741,12.18694308053162
Juan Burgos,FC,12,11.957537642147066,10.78128824814587
Juan Burgos,SI,13,13.48805958817377,12.515402923777115
Juan Burgos,ST,7,16.209236588750663,14.693005730893406
Juan Mejia,ALL,873,11.407483052174022,11.3485165664701
Juan Mejia,CH,26,11.075336195673485,12.578446083077083
Juan Mejia,FF,456,11.04191937647751,11.161453454171918
Juan Mejia,SI,55,9.863973458483974,9.897699634496142
Juan Mejia,SL,23,12.317812986737778,12.238721778096307
Juan Mejia,ST,313,12.627339017917148,12.06581700678987
Juan Morillo,ALL,729,11.147365420579721,10.349024697142168
Juan Morillo,CH,152,13.163746483538873,10.616259647984666
Juan Morillo,FF,351,10.148675002179825,10.155174091572299
Juan Morillo,SI,120,9.617910605840322,9.40144814977933
Juan Morillo,SL,106,14.730873436856031,10.834176697885953
Julian Fernández,ALL,58,15.280374528076988,13.383952266754704
Julian Fernández,CH,27,15.221710191788604,14.816352672764253
Julian Fernández,FF,31,15.339038864365373,10.478521021946776
Julian Garcia,ALL,409,11.38113268703549,9.974416023631331
Julian Garcia,FF,123,10.455656849988005,10.433244887827392
Julian Garcia,SL,58,9.778463456917859,9.242416632131143
Julian Garcia,ST,228,12.282950652833524,10.435613449492662
Justin Bruihl,ALL,917,10.978681226881877,10.110273928002059
Justin Bruihl,CH,89,16.143348518525613,12.068717044345812
Justin Bruihl,FC,9,12.911873847669495,11.04042830738454
Justin Bruihl,FF,45,10.697175547833531,9.963524155749093
Justin Bruihl,SI,397,9.580413806876324,9.523689539974503
Justin Bruihl,ST,377,11.53869029636607,10.468877557269236
Justin Lawrence,ALL,598,12.403370975148512,11.376296276756845
Justin Lawrence,FF,81,10.607791093486984,10.302375635115029
Justin Lawrence,SI,261,10.785082544236358,9.614576026936962
Justin Lawrence,ST,256,14.188965272595617,14.04614191505145
Justin Martinez,ALL,18,12.916178524802827,9.398764230989856
Justin Martinez,FF,11,12.630293457310854,9.572410990064105
Justin Martinez,FS,4,19.30749228162625,15.901091135583915
Justin Martinez,SI,1,7.826021887831039,8.846938322442222
Justin Martinez,SL,2,13.253497021887622,8.608805480341736
Justin Slaten,ALL,470,9.901355125208188,9.708303290833816
Justin Slaten,CU,17,10.604845191252672,12.807310154533727
Justin Slaten,FC,194,9.658089490473152,9.482928394688084
Justin Slaten,FF,122,9.764882067457032,9.812679964931485
Justin Slaten,SI,55,7.582118646418276,7.313420531820206
Justin Slaten,ST,82,12.20853425498677,11.097341412993838
Justin Sterner,ALL,661,10.67138395228831,9.871845186949473
Justin Sterner,FC,205,10.309553684348582,9.611992920318645
Justin Sterner,FF,258,10.20564158149007,9.431176469170971
Justin Sterner,ST,198,12.442185397351409,10.64489393339139
Justin Topa,ALL,297,9.283489946657825,8.760030439877525
Justin Topa,CH,37,11.044404954887675,8.37484870163078
Justin Topa,FC,90,8.660551518221844,8.497843756497797
Justin Topa,SI,121,8.65733427483059,7.951396605453352
Justin Topa,ST,49,14.779619704673827,12.262464230189178
Justin Verlander,ALL,71,10.951389100094758,10.070874496284368
Justin Verlander,CH,6,7.527407246492302,12.436426067796944
Justin Verlander,CU,10,14.551715896257019,11.579254126822999
Justin Verlander,FF,32,9.60442174143284,8.48760916430577
Justin Verlander,SL,21,12.701560672379156,11.49637606836224
Justin Verlander,ST,2,12.89223424579066,12.750770370411196
Justin Wrobleski,ALL,1500,10.494228294398287,9.539758011462963
Justin Wrobleski,CH,85,13.144206705318888,12.104966608908288
Justin Wrobleski,CU,76,11.975161258974474,10.975628485889484
Justin Wrobleski,FC,22,11.599095411166065,12.9628482215033
Justin Wrobleski,FF,726,10.362903912302103,8.765839138112785
Justin Wrobleski,SI,108,10.039356213453157,9.71496877741231
Justin Wrobleski,SL,438,9.913000374427337,9.983829029051885
Justin Wrobleski,ST,45,14.728176775254804,12.903771957585437
Kade Morris,ALL,195,10.558810623892466,9.854676233110292
Kade Morris,CH,16,12.596915064210698,7.7777005433396065
Kade Morris,CU,16,15.814606009499325,12.380058323714067
Kade Morris,FF,37,6.192596098549717,7.784069718698179
Kade Morris,SI,70,9.960798724997456,8.417097831604458
Kade Morris,SL,32,11.629710374283253,12.295635336611053
Kade Morris,ST,24,14.377244149507595,12.73029412864259
Kade Strowd,ALL,32,14.403928623267106,13.089546081290662
Kade Strowd,CU,6,10.602064522665835,7.440164194904055
Kade Strowd,FC,23,14.237211549349295,14.138511523768699
Kade Strowd,FF,2,26.458779701705517,22.31069369217262
Kade Strowd,SI,1,14.608879585266736,16.556126893959956
Kai-Wei Teng,ALL,1056,11.47466070851909,10.853635659614879
Kai-Wei Teng,CH,113,13.190824523584583,12.319765246323357
Kai-Wei Teng,CU,106,14.731791220215275,13.370975311388708
Kai-Wei Teng,FF,287,10.856124017828392,10.53352795251848
Kai-Wei Teng,SI,162,10.52550552167931,10.311356807402124
Kai-Wei Teng,SL,20,14.96111328638357,11.5990377877209
Kai-Wei Teng,ST,368,10.7986492833664,10.121570592927698
Keaton Winn,ALL,571,11.39726058796645,9.799630069036091
Keaton Winn,FF,139,9.276771588622296,7.973032743659159
Keaton Winn,FS,263,13.888959969627757,10.316282140946573
Keaton Winn,SI,130,9.732415982408867,9.413191031713783
Keaton Winn,SL,39,12.168749535812232,10.502079773197163
Keegan Akin,ALL,402,9.997247688617094,10.022406457470849
Keegan Akin,CH,104,9.663204291119373,10.192627426372201
Keegan Akin,FF,195,10.451339208923331,9.812020277810932
Keegan Akin,SL,103,9.863903846236742,10.069022924623718
Keegan Thompson,ALL,179,9.874098777727276,9.187823773618806
Keegan Thompson,CH,10,16.668276559527342,17.120393143249622
Keegan Thompson,CU,16,14.923160921042985,10.975598282281915
Keegan Thompson,FC,45,8.971410530292758,7.756089378515542
Keegan Thompson,FF,48,8.151616848178055,8.141663296329764
Keegan Thompson,SI,41,9.581515235063344,8.715557243141705
Keegan Thompson,ST,19,17.720281244452938,9.59144916022993
Keider Montero,ALL,1718,10.267890468288519,9.401946919162079
Keider Montero,CH,235,10.021068079811023,10.244860816504119
Keider Montero,FF,531,10.162086326038317,9.608795807063052
Keider Montero,KC,244,10.318802821673653,9.51339606864046
Keider Montero,SI,391,10.62862164379406,9.118980312466473
Keider Montero,SL,317,10.312479530980637,9.193859748608638
Ken Waldichuk,ALL,121,12.745500780182185,12.026361446536495
Ken Waldichuk,CH,1,9.873107971783133,10.761819139956389
Ken Waldichuk,CU,50,12.59236255172322,12.927844415388197
Ken Waldichuk,FC,23,9.142227930498127,10.4909907950497
Ken Waldichuk,FF,39,15.556562169910999,13.775078597145933
Ken Waldichuk,ST,8,12.743467207827235,9.012818220382814
Kendry Rojas,ALL,433,11.501056197569774,10.652773015369247
Kendry Rojas,CH,55,11.803063911100883,13.080763521834587
Kendry Rojas,FF,188,10.701486905628155,9.932996783440423
Kendry Rojas,SI,62,11.717344474327874,11.156769527785912
Kendry Rojas,SL,128,12.797688423903477,10.70422600919305
Kenley Jansen,ALL,552,12.092444755210828,10.527443723681975
Kenley Jansen,FC,468,12.079146773478078,10.39363202097836
Kenley Jansen,SI,38,10.776339913811025,10.671960327237812
Kenley Jansen,SL,46,13.95755086318428,11.357769730541953
Kent Emanuel,ALL,91,9.688855723757928,9.287305889214597
Kent Emanuel,CH,19,10.942634055401564,10.592633404781408
Kent Emanuel,SI,27,7.638131770783422,7.728624064372591
Kent Emanuel,SL,20,9.430740334817258,8.787874781916702
Kent Emanuel,ST,25,12.369829958831206,10.108573308050785
Kervin Castro,ALL,83,11.146433719885179,9.721694063188313
Kervin Castro,CU,10,12.056127361562023,13.18501327578178
Kervin Castro,FC,14,9.635064322214134,8.082679669597091
Kervin Castro,FF,45,11.370837231428219,9.208340452877337
Kervin Castro,SI,14,10.238102448869814,8.824631505275573
Kevin Gausman,ALL,2203,10.92542454377152,8.474641622090031
Kevin Gausman,CH,5,10.426347569653947,13.081152434258787
Kevin Gausman,FF,1130,8.80215693717296,7.779480068673585
Kevin Gausman,FS,862,13.570619879924179,8.839889202585804
Kevin Gausman,SL,206,13.604950015928246,10.638818840590988
Kevin Ginkel,ALL,702,10.7440491436595,9.256927791610385
Kevin Ginkel,FF,322,9.654272469808475,9.232239142753805
Kevin Ginkel,SI,33,12.096030917596703,8.925865001993063
Kevin Ginkel,SL,347,11.992687288433151,9.272679243409435
Kevin Herget,ALL,7,8.661411804925795,9.47135202531671
Kevin Herget,CH,1,21.660340937131974,18.37387447772852
Kevin Herget,FC,2,14.177384415827788,12.60640637155401
Kevin Herget,FF,4,6.182478984917474,5.378168910097266
Kevin Kelly,ALL,696,10.872986802299344,9.041858964199214
Kevin Kelly,CH,188,12.056693505986082,10.269612108353872
Kevin Kelly,FC,2,18.311902477155375,16.125143891528573
Kevin Kelly,FF,41,12.921180271888158,8.58375073423544
Kevin Kelly,SI,407,10.033337108825318,8.294434248828079
Kevin Kelly,ST,58,12.231513153272505,9.854741695449665
Khristian Curtis,ALL,61,10.628394023178004,8.96478250266107
Khristian Curtis,CH,14,10.008037998698764,9.779325319196442
Khristian Curtis,CU,3,29.327347010890445,23.4779255161582
Khristian Curtis,FC,19,8.584792419861076,8.190006152915736
Khristian Curtis,FF,18,12.06589806688448,9.112857156011168
Khristian Curtis,SL,7,10.827969058531284,9.00064610201978
Kirby Yates,ALL,572,11.796584962072817,9.254826981641362
Kirby Yates,FF,379,11.3805818605675,8.808058832631465
Kirby Yates,FS,184,13.008571814102782,9.88689221963256
Kirby Yates,ST,9,17.620920821673685,16.16942838615947
Kodai Senga,ALL,872,12.621741793038943,10.743782967201724
Kodai Senga,CU,2,27.33351167938804,21.676122493487064
Kodai Senga,FC,132,11.358154625965154,10.412904466028408
Kodai Senga,FF,352,10.806179967324443,10.728643478397906
Kodai Senga,FO,216,18.120877831380945,11.570474381558551
Kodai Senga,SI,32,12.883747776820746,8.99860122518509
Kodai Senga,SL,64,11.975968392427205,9.208616632931003
Kodai Senga,ST,74,11.172197002795851,10.08429181285859
Kody Funderburk,ALL,485,10.83614666021698,10.157875428215418
Kody Funderburk,CH,23,10.167539492653713,10.235721340959987
Kody Funderburk,FC,175,10.302156176513188,9.460142335909245
Kody Funderburk,SI,166,9.993579494651847,10.11136967177628
Kody Funderburk,SL,30,12.967227949407528,8.410551242257778
Kody Funderburk,ST,91,14.308265661190434,12.66393644672606
Kohl Drake,ALL,205,10.060616941451643,10.06560080702586
Kohl Drake,CH,33,10.558069067405347,10.663882762846223
Kohl Drake,CU,38,19.65904238755533,13.231044502088299
Kohl Drake,FC,25,13.602564521852878,10.17224431725042
Kohl Drake,FF,91,8.802949444591764,9.244096834944493
Kohl Drake,SL,18,9.194234995047294,7.639925289077025
Kolby Allard,ALL,155,10.445856540587721,10.303265083196257
Kolby Allard,CH,28,9.863452550335499,9.920407656054039
Kolby Allard,CU,19,16.601954597507593,15.520797014226458
Kolby Allard,FC,33,9.593137831361739,10.707934465496583
Kolby Allard,FF,58,10.581044412063445,10.180503595894773
Kolby Allard,SI,17,8.07974085550715,7.105329309980094
Kris Bubic,ALL,598,10.40190296252676,10.271977612291817
Kris Bubic,CH,129,11.822735285084768,12.136659134885223
Kris Bubic,FF,233,9.810596017707384,9.410596490521115
Kris Bubic,SI,82,9.063090095668308,8.795203107517297
Kris Bubic,SL,59,12.987849715956466,11.678548001818394
Kris Bubic,ST,95,10.660655762882902,11.039217823580035
Kumar Rocker,ALL,1849,12.169622037248317,10.24200583693962
Kumar Rocker,CH,71,12.335484677008132,11.610323253294368
Kumar Rocker,FC,263,10.99879312313604,10.509525894715015
Kumar Rocker,FF,235,12.089356334182947,10.152380212743132
Kumar Rocker,FS,19,15.66417274262064,11.700073782441002
Kumar Rocker,SI,538,10.957496759991473,9.551756317674904
Kumar Rocker,SL,723,13.75485675556172,10.55092832696072
Kyle Backhus,ALL,306,9.880766398451243,9.416860441626891
Kyle Backhus,CH,33,12.955557908670402,11.678073525420485
Kyle Backhus,SI,163,9.024422589223217,9.309501545218932
Kyle Backhus,ST,110,10.267721913237274,9.375794805084212
Kyle Bradish,ALL,2003,11.8917703354934,10.027018085572664
Kyle Bradish,CH,14,15.055908472531252,10.401529205479513
Kyle Bradish,CU,442,13.184400661537566,10.427125850830523
Kyle Bradish,FF,353,11.672801441789707,9.4095713409476
Kyle Bradish,SI,687,11.912295917371509,9.909231590095995
Kyle Bradish,SL,507,11.053026307696827,10.546757449713878
Kyle Finnegan,ALL,827,11.704227969657937,10.267239226978308
Kyle Finnegan,FF,434,10.158864745077658,10.36590511786532
Kyle Finnegan,FS,274,13.506107001217769,10.334983394233674
Kyle Finnegan,SL,119,11.363851156751682,9.481580983976121
Kyle Freeland,ALL,1929,9.839197029819905,9.131313528127277
Kyle Freeland,CH,264,10.334375665079133,9.359883202656011
Kyle Freeland,FC,418,8.376443348573652,8.035534876089855
Kyle Freeland,FF,456,8.518780020169388,8.303422070400021
Kyle Freeland,KC,415,13.545425476575895,10.888366893166415
Kyle Freeland,SI,173,9.066819922102503,8.676349506052212
Kyle Freeland,ST,203,11.2146274660443,10.456956571996393
Kyle Harrison,ALL,1310,10.920936271956496,9.953273150288094
Kyle Harrison,CH,125,13.981733696562952,12.388829010892984
Kyle Harrison,FF,771,10.119391686084217,9.069969465937097
Kyle Harrison,SI,26,10.726351102783791,9.599476756690068
Kyle Harrison,SV,388,11.528767513237852,11.214359637731958
Kyle Hart,ALL,771,11.561798849294119,9.808179925771267
Kyle Hart,CU,1,30.810670044001476,37.805149912026714
Kyle Hart,FF,71,9.617677410867673,9.421452579516295
Kyle Hart,FS,152,14.726966748499942,11.245679021667822
Kyle Hart,SI,219,11.644074892768865,9.514604667691701
Kyle Hart,SL,117,8.85029921151821,8.93900876329449
Kyle Hart,ST,211,11.745121864033074,9.763085255001249
Kyle Higashioka,ALL,39,20.849863920331067,16.90747892643409
Kyle Higashioka,EP,26,21.05881821555416,19.236904729229703
Kyle Higashioka,FA,13,20.604140884480014,14.980651020341375
Kyle Hurt,ALL,561,10.85166992920932,9.792350753193729
Kyle Hurt,CH,194,10.894107749284137,10.323982444064821
Kyle Hurt,FF,310,10.56547693117199,9.191742122119486
Kyle Hurt,SL,57,12.034486350642986,11.960034249483442
Kyle Leahy,ALL,1523,10.24217865231433,9.373166109399458
Kyle Leahy,CH,204,12.063193125101986,10.267795387571816
Kyle Leahy,CU,253,13.152657581036282,10.650437146318927
Kyle Leahy,FF,411,9.544399571916351,8.525161277299917
Kyle Leahy,SI,193,9.39878764403578,8.533421834022857
Kyle Leahy,SL,254,8.824363380164446,8.671055805276858
Kyle Leahy,ST,208,9.974829412076499,9.54751189079024
Kyle Nicolas,ALL,170,12.983859290378227,12.534689683728399
Kyle Nicolas,CU,30,12.232250751453273,12.872063586753065
Kyle Nicolas,FF,84,13.067479587301877,11.860179819168007
Kyle Nicolas,SI,4,14.91265718615325,13.960692921421286
Kyle Nicolas,SL,52,12.557437959909258,11.78103623144744
LaMonte Wade Jr.,ALL,10,12.494635857105212,13.053440447574943
LaMonte Wade Jr.,SL,10,12.494635857105212,13.053440447574943
Lake Bachar,ALL,1031,12.948110642544439,9.753078203827357
Lake Bachar,CU,177,14.943279175757995,10.523644856760441
Lake Bachar,FF,288,10.325879636412846,9.123632825488402
Lake Bachar,FS,92,18.69578939809719,12.61621883571754
Lake Bachar,SI,53,9.911098065176187,7.6324898289802885
Lake Bachar,SL,244,13.403355832352343,9.336910099967891
Lake Bachar,ST,177,13.231431195569687,10.22053059615559
Lance McCullers Jr.,ALL,673,12.161978062856559,10.473063953715107
Lance McCullers Jr.,CH,104,15.753450862755699,11.12330555336342
Lance McCullers Jr.,FC,179,10.42810595200645,10.055428255060875
Lance McCullers Jr.,FF,24,15.749400157072166,13.465495375991008
Lance McCullers Jr.,KC,110,13.136884268739095,10.190208954893443
Lance McCullers Jr.,SI,139,11.534978661050967,9.696205729021749
Lance McCullers Jr.,ST,117,11.350070072628334,11.04789421467512
Landen Roupp,ALL,1982,11.821001109135086,8.97593669305095
Landen Roupp,CH,397,15.356653373712394,8.974251155467076
Landen Roupp,CU,505,12.762704915461939,8.979094853744304
Landen Roupp,FC,275,8.866743688437476,7.880552103367031
Landen Roupp,FF,115,11.5270560251871,9.460390042633055
Landen Roupp,SI,690,9.960976473221777,8.977305127501277
Landon Knack,ALL,107,11.559515146939251,9.833563860143448
Landon Knack,CH,30,16.276856008140342,16.384149522588956
Landon Knack,FF,49,11.175349611080792,9.03724189049031
Landon Knack,KC,11,11.110472139447102,11.938804735872647
Landon Knack,SL,17,7.77109208588008,6.122160132687139
Lazaro Estrada,ALL,210,11.299723635107203,10.111906836136132
Lazaro Estrada,CU,37,12.007347153294413,10.319957256517592
Lazaro Estrada,FC,19,8.327232375566712,10.031971797790668
Lazaro Estrada,FF,94,9.80144433924358,10.122005942686899
Lazaro Estrada,FS,14,19.031778686236905,15.478788301861144
Lazaro Estrada,SL,46,13.316127529295235,9.633330980302697
Leo Rivas,ALL,20,12.28463026589608,16.047424106003213
Leo Rivas,EP,20,12.28463026589608,16.047424106003213
Logan Allen,ALL,155,10.113314567638737,9.597453700393748
Logan Allen,CH,11,13.199231237994402,9.68422742087744
Logan Allen,FC,41,9.10135028848901,9.317385413236588
Logan Allen,FF,53,10.154944643530643,9.614977147213347
Logan Allen,SI,28,10.435905641141716,9.857872541880967
Logan Allen,ST,22,9.815921689597978,9.684246259625192
Logan Gilbert,ALL,2053,12.040310480546484,9.869136809535682
Logan Gilbert,CH,163,15.188512136687535,11.456814593884538
Logan Gilbert,CU,3,15.739568947546903,15.534678980432917
Logan Gilbert,FC,128,9.22758252959144,9.113197470662627
Logan Gilbert,FF,824,10.209916660555768,8.879731289605953
Logan Gilbert,FS,283,19.491056322118215,12.963613327146826
Logan Gilbert,SI,7,9.980743806607878,13.937156714718448
Logan Gilbert,SL,499,12.0323815767315,9.709066110016506
Logan Gilbert,ST,146,13.8762970732709,9.922683468916253
Logan Henderson,ALL,869,10.45655260412358,9.44504111066437
Logan Henderson,CH,282,11.101956939483777,10.618876901813703
Logan Henderson,FC,153,8.917788303949713,8.524298297085348
Logan Henderson,FF,405,10.142937487846691,8.9011526977292
Logan Henderson,ST,29,11.557922173019934,11.317394627997736
Logan VanWey,ALL,75,11.276071798836028,9.874731737345458
Logan VanWey,CH,7,19.05078027609399,12.106721127140016
Logan VanWey,FC,6,11.995497966047008,11.798065087456548
Logan VanWey,FF,37,9.884411558039234,8.62423574759996
Logan VanWey,SI,3,25.921172220959487,20.876770624447133
Logan VanWey,ST,22,13.834181454353445,9.693664941150058
Logan Webb,ALL,1525,11.738671670228063,8.705274214087613
Logan Webb,CH,381,15.377683071203466,8.23756830266651
Logan Webb,FC,210,8.698536784543471,7.978486098921534
Logan Webb,FF,213,9.291017073282328,9.03653917543713
Logan Webb,SI,457,11.062777512073497,8.976311153773054
Logan Webb,ST,264,9.863660032709403,9.412089637648737
Lou Trivino III,ALL,134,10.834745854193905,11.234930842311114
Lou Trivino III,CH,24,16.286450978905332,13.38687999720645
Lou Trivino III,FC,41,8.287102714335212,8.57014441706225
Lou Trivino III,FF,7,6.839805535183339,10.10180749921836
Lou Trivino III,SI,39,10.962281432690949,11.153884704350693
Lou Trivino III,ST,23,13.029057511028059,11.819308821160663
Louis Varland,ALL,899,10.761439545397714,8.803238639678552
Louis Varland,CH,153,12.898296965910637,9.7142008029981
Louis Varland,FF,362,8.274732610556663,8.234153883948267
Louis Varland,KC,277,13.946924125186957,9.682157278667857
Louis Varland,SI,24,12.861619658312359,10.308949674008403
Louis Varland,SL,83,7.369872681033386,6.543942472152062
Lucas Erceg,ALL,696,10.666115773094553,10.075961990192575
Lucas Erceg,CH,98,11.35546872998336,9.474636665845013
Lucas Erceg,FC,6,23.00736761062113,21.60669696894963
Lucas Erceg,FF,196,9.611641479012,9.5434651098817
Lucas Erceg,SI,195,9.20112331167956,8.965547946923605
Lucas Erceg,SL,201,13.854895343852599,12.129862303285893
Lucas Giolito,ALL,517,11.416503131108893,11.029948948388382
Lucas Giolito,CH,178,11.530167373926998,11.512372731254725
Lucas Giolito,CU,35,12.824981847659918,13.025870203176547
Lucas Giolito,FF,214,10.348977667173642,9.973495202734142
Lucas Giolito,SL,90,14.262641244373455,12.347417169227132
Lucas Sims,ALL,99,12.01879932684002,9.85578743027424
Lucas Sims,CU,5,15.158566638866178,17.086357193909425
Lucas Sims,FF,44,13.201576664692654,10.55868850530759
Lucas Sims,FS,3,10.248578643420222,8.821548074876299
Lucas Sims,SI,1,16.161392534225193,13.752528137943601
Lucas Sims,SL,22,8.6748793046197,9.76364642188301
Lucas Sims,ST,24,9.634786561679302,9.084097947558785
Luinder Avila,ALL,1152,11.067462132314791,10.201515353755088
Luinder Avila,CH,120,14.095990542130224,11.176677706083407
Luinder Avila,CU,174,10.941191733786457,10.896136461823428
Luinder Avila,FF,298,9.24531587592422,8.713368747671726
Luinder Avila,SI,314,11.203119656005086,10.138710846119523
Luinder Avila,SL,246,12.084060652901568,10.818745303394227
Luis Castillo,ALL,1705,9.982992366511672,8.719430452259145
Luis Castillo,CH,234,13.253281605977756,10.331011567192757
Luis Castillo,FF,750,9.140432921159867,8.387503999039088
Luis Castillo,SI,296,9.383981981085144,8.266809337176038
Luis Castillo,SL,425,10.511791381168523,8.932751431617897
Luis Curvelo,ALL,164,11.707703225580836,8.945264424549062
Luis Curvelo,FF,51,11.842127792345709,8.072057288778973
Luis Curvelo,FS,33,10.914007323867898,10.585399156945908
Luis Curvelo,SI,35,11.960442694938676,8.170124125882705
Luis Curvelo,SL,45,10.314684964992868,9.259594734055236
Luis García,ALL,244,11.350532311286166,9.90022336370358
Luis García,FF,5,10.808406722463644,10.00435586790203
Luis García,FS,76,15.51632274887422,11.43656720980195
Luis García,SI,112,8.244141610834578,8.366723116673043
Luis García,ST,51,13.827593844736958,10.598780573933452
Luis Gastelum,ALL,277,11.302005984468947,9.664997374693616
Luis Gastelum,CH,107,14.843331589527912,10.0080264268416
Luis Gastelum,FF,89,9.723017028748895,8.786713645402614
Luis Gastelum,SI,27,9.179767916082985,6.921489402311012
Luis Gastelum,ST,54,11.48422620037018,11.385274548071102
Luis Gil,ALL,289,11.898423097086653,10.436282206127249
Luis Gil,CH,60,11.242761817663967,10.524724445020773
Luis Gil,FF,132,12.679640496401898,9.820835931052127
Luis Gil,SI,37,13.09507820168633,13.834055980745424
Luis Gil,SL,60,9.808308209913157,8.94951264546616
Luis Medina,ALL,952,12.209456062688377,11.39724179677131
Luis Medina,CH,137,17.025605125904924,14.043396876629734
Luis Medina,CU,117,13.63082672688688,13.162648656723096
Luis Medina,FF,292,11.79107940312635,10.517128674727187
Luis Medina,SI,248,10.758657664239033,10.300311341538062
Luis Medina,SL,158,12.599925391100584,11.961742589533415
Luis Mey,ALL,319,11.663728593654765,10.683851373504078
Luis Mey,FF,5,15.357596347398509,16.598151625131692
Luis Mey,SI,189,11.048577814198401,10.154467122409496
Luis Mey,SL,125,12.93579292765996,11.352675796703755
Luis Morales,ALL,315,11.38784773303767,11.059972041704102
Luis Morales,CH,30,16.212837836511383,12.649274837505867
Luis Morales,FF,141,10.96913556454002,9.725072263393017
Luis Morales,SI,37,11.747636168319056,12.079165616398878
Luis Morales,SL,84,11.477644398712773,10.341169332415479
Luis Morales,ST,23,13.52219762232657,13.513698488944524
Luis Severino,ALL,924,10.246416329484688,9.546672041599507
Luis Severino,CH,51,13.072285212386495,11.513264299844282
Luis Severino,FC,185,9.496200052790721,9.474723848525798
Luis Severino,FF,208,9.542039578118715,8.49923706242484
Luis Severino,SI,210,9.442692133163936,8.744408320657254
Luis Severino,SL,42,11.216692340898206,10.245056697514586
Luis Severino,ST,228,11.272212261329903,11.048997636262705
Luis Torrens,ALL,8,19.302045346936772,19.10788126062524
Luis Torrens,EP,7,23.265788519170435,20.036930011442102
Luis Torrens,FA,1,15.338302174703113,18.17883250980838
Luisangel Acuña,ALL,8,18.39015753419791,15.286313725362511
Luisangel Acuña,EP,6,22.417663993799625,16.859350258112045
Luisangel Acuña,SL,2,6.948491461720285,7.0383714829246635
Luke Little,ALL,18,6.976995596789506,9.301986156301442
Luke Little,FF,14,6.976995596789506,9.301986156301442
Luke Little,ST,4,11.464130310086654,8.029788882086137
Luke Murphy,ALL,143,12.53957243777967,11.113479979339962
Luke Murphy,CH,13,11.592951458264984,10.169669526270635
Luke Murphy,FC,31,13.445945423454893,11.3870775413148
Luke Murphy,FF,89,12.528351980158225,11.065228142674021
Luke Murphy,SL,10,16.21586888504965,14.476635701228247
Luke Weaver,ALL,625,10.152652793282638,8.633102065699223
Luke Weaver,CH,216,11.742013139518948,9.00283626160882
Luke Weaver,FC,94,9.148887329895157,8.285156952596388
Luke Weaver,FF,314,9.262438446804612,8.621940361972356
Luke Weaver,SL,1,13.474875067526646,10.22592188736488
Lyon Richardson,ALL,50,14.397095474893835,9.760599983075334
Lyon Richardson,CH,24,15.806192348498179,8.192612641747615
Lyon Richardson,FF,6,13.172818499585784,14.011507220535655
Lyon Richardson,SI,15,7.379059174020517,9.629078556160856
Lyon Richardson,SL,3,14.923854863720086,18.55346712228086
Lyon Richardson,ST,2,13.805308211345071,18.390543969258513
MacKenzie Gore,ALL,2208,11.243836743512237,10.249226003550067
MacKenzie Gore,CH,271,12.004762506754906,11.436746400490028
MacKenzie Gore,CU,410,12.408576810870503,11.361583606361755
MacKenzie Gore,FC,169,10.709512785877338,10.21743221370047
MacKenzie Gore,FF,1023,10.46598313618208,9.335154206289191
MacKenzie Gore,SI,121,9.716549066326916,9.7808527321781
MacKenzie Gore,SL,214,12.21634704070061,11.663190369423184
Marco Gonzales,ALL,109,10.769617600903237,9.334872873909115
Marco Gonzales,CH,21,10.769617600903237,8.291617267934885
Marco Gonzales,CU,5,12.68233925130499,11.454174874728036
Marco Gonzales,FC,19,8.660591014199298,9.517965088334154
Marco Gonzales,FF,35,9.638915434803321,8.711734869286861
Marco Gonzales,SI,5,14.851282855214,11.490076595607356
Marco Gonzales,SV,24,17.850501071124917,12.901716393550522
Marco Raya,ALL,92,11.019235844815928,10.162831386053531
Marco Raya,CH,15,9.867594544851103,7.884838219603799
Marco Raya,CU,10,10.0238725300653,10.052429671061262
Marco Raya,FC,1,1.2695799491304398,2.045042827242032
Marco Raya,FF,39,9.95253111640365,10.058487683182507
Marco Raya,ST,27,12.28657382170526,11.970733603504874
Mark Leiter Jr.,ALL,490,10.753994052860005,9.916939545559625
Mark Leiter Jr.,CU,97,11.509936177118858,10.403325946518311
Mark Leiter Jr.,FC,47,9.628154118118767,9.169135211297968
Mark Leiter Jr.,FF,51,12.029219452004407,10.425395879586008
Mark Leiter Jr.,FS,160,13.199902839195845,11.87152511719744
Mark Leiter Jr.,SI,131,9.495054987980048,8.7396595190623
Mark Leiter Jr.,SL,4,14.757147864483116,17.041941352127807
Mark Manfredi,ALL,18,12.399109515102346,8.602331092345487
Mark Manfredi,CH,1,2.380464531534539,6.809827927304011
Mark Manfredi,FF,11,11.199804006512558,7.508085858776491
Mark Manfredi,SI,2,18.380659914703052,15.067168520082689
Mark Manfredi,SL,3,19.726852498172995,10.021293260763157
Mark Manfredi,ST,1,10.040890192164156,2.586438685306031
Martín Pérez,ALL,1519,8.833069987686455,8.493673873324989
Martín Pérez,CH,447,9.402072140197351,8.704975304937005
Martín Pérez,CU,119,12.13945682976407,11.022788732244818
Martín Pérez,FC,347,9.321840848547112,8.661036705410107
Martín Pérez,FF,75,8.638001456355084,8.31165620392425
Martín Pérez,SI,531,7.703933187004187,7.778217261926746
Mason Barnett,ALL,699,11.362475258694314,9.898139908234397
Mason Barnett,CH,51,13.432115931397473,10.362154248544412
Mason Barnett,CU,67,11.629168206205126,10.032804063101084
Mason Barnett,FF,341,11.61916575414837,10.204099314717723
Mason Barnett,SL,139,11.172680628098787,10.434290254707838
Mason Barnett,ST,101,8.329236711138568,8.271909872510138
Mason Black,ALL,484,11.577283679053934,10.840941325799193
Mason Black,CH,22,13.001136069206671,9.565179581024776
Mason Black,CU,28,9.980033214535567,9.576345038726682
Mason Black,FC,39,15.725013597711845,13.663931563582493
Mason Black,FF,107,11.21965330291141,10.336646608315597
Mason Black,SI,123,11.291159916731383,11.025113903069297
Mason Black,SL,66,11.275339532988964,11.851309957370908
Mason Black,ST,99,9.934524838674742,10.599662468403944
Mason Englert,ALL,548,11.375806423920935,9.832724914634829
Mason Englert,CH,153,11.940735317481465,10.956528698495124
Mason Englert,CS,7,14.398789059026866,15.746351605089659
Mason Englert,CU,92,10.614872458230222,10.424976305774003
Mason Englert,FC,56,11.727512874300025,9.6172531441923
Mason Englert,FF,99,12.958336842485528,8.60664502732733
Mason Englert,SI,106,9.635124752678363,8.396036601957903
Mason Englert,SL,33,12.11337510062197,10.98600728963153
Mason Englert,ST,2,16.907509793212327,14.08647617447475
Mason Fluharty,ALL,752,10.494334511282112,9.8602620034324
Mason Fluharty,CH,76,12.436893433338415,11.301381348353662
Mason Fluharty,FC,369,9.602027054005434,9.52850321647252
Mason Fluharty,SL,1,9.484613395037492,8.755428516392097
Mason Fluharty,ST,306,10.556672995184384,10.01168015570315
Mason Miller,ALL,793,12.259602883573722,11.223140866797408
Mason Miller,CH,17,15.730487127782393,15.372084069376017
Mason Miller,FF,369,11.793436257226126,10.534487015196476
Mason Miller,SI,1,12.070438298375239,11.39335723029569
Mason Miller,SL,406,12.896875955043184,11.780147490408304
Mason Montgomery,ALL,760,11.048058452580257,9.975435438611559
Mason Montgomery,CH,17,12.49016423204914,13.967548093291521
Mason Montgomery,CU,107,14.84085451276864,10.83136999402162
Mason Montgomery,FF,402,9.872710701236329,9.324294777963114
Mason Montgomery,SI,114,10.247692213771625,10.651395680098089
Mason Montgomery,SL,120,13.340403069896746,11.006049867683735
Matt Brash,ALL,217,12.268416068144022,10.500825893051038
Matt Brash,CH,26,11.004306322256642,7.944695345412618
Matt Brash,FF,15,12.570322981626976,12.61664801145842
Matt Brash,SI,45,10.517511736008782,10.488717589660252
Matt Brash,SL,131,12.833318156340134,10.77918059257236
Matt Festa,ALL,735,10.891629906430973,10.432801274394567
Matt Festa,FC,48,8.481619250316655,8.903656662542165
Matt Festa,FF,347,10.603611355964905,10.033490699227631
Matt Festa,SI,44,10.292675905248457,10.204264313917808
Matt Festa,ST,295,11.866375162295098,11.62968327713329
Matt Festa,UN,1,21.691846421915738,
Matt Gage,ALL,491,12.619034797759516,9.831653991303483
Matt Gage,CH,71,15.566693968971938,12.671039137804259
Matt Gage,FF,166,10.793656569757465,9.132741466164685
Matt Gage,SI,38,11.193734904183813,9.574606016680178
Matt Gage,SL,216,13.818701391109432,9.629520422698334
Matt Krook,ALL,153,12.643989420022349,11.824436568767567
Matt Krook,CH,1,25.238174509215256,26.40221263649536
Matt Krook,FC,6,19.95591442967983,16.899168899925442
Matt Krook,SI,63,11.437676550766254,11.679964358724991
Matt Krook,ST,83,12.706398962686587,11.824436568767567
Matt Pushard,ALL,84,12.383792873589782,11.832846586697627
Matt Pushard,CH,7,19.229632032867997,18.366010047804902
Matt Pushard,CU,13,16.194859141789955,18.786957148417056
Matt Pushard,FF,40,11.201561179188438,10.968602040925566
Matt Pushard,SI,1,7.799462335769106,8.24827723403635
Matt Pushard,SL,17,14.427395116492216,11.827145701912436
Matt Pushard,ST,6,14.969744614030294,17.171519812356003
Matt Seelinger,ALL,51,10.596048657932442,9.506096508158395
Matt Seelinger,FC,21,9.102359716839075,9.506096508158395
Matt Seelinger,FF,20,9.028127853372776,8.935911722521158
Matt Seelinger,KC,10,19.820148255045773,14.2094791162056
Matt Strahm,ALL,557,10.524832826220816,10.067583962390087
Matt Strahm,CH,63,12.928498013250014,12.255373132376414
Matt Strahm,FC,40,10.513671903869572,10.293428743592706
Matt Strahm,FF,217,10.423480126457617,9.5364279972066
Matt Strahm,SI,80,8.985952495451322,9.037376654248412
Matt Strahm,SL,157,11.121963237407304,11.5088309756435
Matt Svanson,ALL,661,10.209606702224194,9.658561996372889
Matt Svanson,FC,145,9.695146411567965,9.00090326899413
Matt Svanson,FF,8,18.787406007044403,14.978477097436102
Matt Svanson,SI,293,9.252466985823965,8.819816429839843
Matt Svanson,ST,215,11.99103638607582,10.554973673960312
Matt Waldron,ALL,571,8.762013787181164,8.589266792668576
Matt Waldron,FC,117,7.937760323983701,7.891165823691769
Matt Waldron,FF,114,8.085691365322305,8.278255085493113
Matt Waldron,KN,164,11.265049297724676,11.221608276366673
Matt Waldron,SI,92,8.57470977728664,7.746379941538345
Matt Waldron,ST,84,8.191300076474473,7.671043155445913
Matt Wilkinson,ALL,25,7.259109209223094,8.454542393694739
Matt Wilkinson,CH,3,13.895235507766992,10.802485703690735
Matt Wilkinson,FC,1,3.434426291655459,3.0391432462575665
Matt Wilkinson,FF,18,6.511740981437752,6.984942818025001
Matt Wilkinson,SL,3,25.871418118597145,22.67061555041011
Matthew Boyd,ALL,1160,12.478859520742233,9.818496688977836
Matthew Boyd,CH,301,9.704172045591834,8.643600057531991
Matthew Boyd,CU,147,12.671238976361968,12.694480933823257
Matthew Boyd,FF,530,14.93854356064027,9.075918107055141
Matthew Boyd,SI,5,10.115478646892695,13.337317865652825
Matthew Boyd,SL,177,12.442773485971728,11.282090188524332
Matthew Liberatore,ALL,1920,10.137740322742792,9.45653132460889
Matthew Liberatore,CH,276,8.735529606604167,8.049019864164542
Matthew Liberatore,CU,325,14.724206799360697,12.96593449848818
Matthew Liberatore,FC,74,10.319918294591917,10.244806941015089
Matthew Liberatore,FF,609,8.82479617458553,8.331169199027695
Matthew Liberatore,FS,9,17.16940498405098,13.103154771995001
Matthew Liberatore,SI,167,6.906174924319555,7.106164073713716
Matthew Liberatore,SL,458,11.901084920134483,10.864750327885204
Matthew Liberatore,ST,2,14.96794114092626,10.134304472482876
Max Fried,ALL,1145,12.517379787850924,10.313796249145884
Max Fried,CH,151,12.157258942119812,11.468132028589975
Max Fried,CU,143,10.801768682678833,10.416488127128542
Max Fried,FC,259,13.079636726157773,9.669976519466644
Max Fried,FF,196,15.19860850207479,9.829643231369346
Max Fried,SI,259,10.166711525208214,10.313796249145884
Max Fried,SL,14,12.98013049004073,13.873473957148725
Max Fried,ST,123,14.876977499729541,11.001418171242522
Max Kranick,ALL,207,11.655263451069356,9.42952480251382
Max Kranick,CU,52,12.146946101966325,9.402160372750206
Max Kranick,FF,83,14.20868990205934,10.2197661407279
Max Kranick,SL,65,10.335145507354135,8.8197809619804
Max Kranick,ST,7,11.131790017870108,7.327450719106019
Max Lazar,ALL,99,11.734891005041913,10.967932215639154
Max Lazar,FC,19,11.670029569237025,9.417560965138764
Max Lazar,FF,36,9.661888892207433,10.866524192838128
Max Lazar,FS,27,13.54231698469089,12.403786256301332
Max Lazar,KC,17,5.5908583384372825,6.38584841679377
Max Meyer,ALL,1601,12.147536570504236,10.74762673654746
Max Meyer,CH,153,14.295636828670197,11.63534963219549
Max Meyer,FF,377,10.338477886863751,10.091697709424855
Max Meyer,SI,156,11.309518393007567,10.073737413832738
Max Meyer,SL,417,11.45475883151879,10.023330300747746
Max Meyer,ST,498,13.861624107484488,11.389541276049883
Max Rajcic,ALL,156,12.264716690090111,11.485014419110396
Max Rajcic,CH,19,10.54551567805434,11.401137278188633
Max Rajcic,CU,39,14.679186553868963,10.052913695173993
Max Rajcic,FF,65,12.862293798865982,12.446416046347501
Max Rajcic,SI,12,9.551047577149332,10.870561973797534
Max Rajcic,SL,5,10.132157956408511,9.280207281245817
Max Rajcic,ST,16,11.738021423612818,12.184239429736511
Max Scherzer,ALL,701,10.326490755821348,9.320014005645143
Max Scherzer,CH,101,12.762887418364548,10.399543667196442
Max Scherzer,CU,98,11.795314505286669,12.492592506079873
Max Scherzer,FC,33,9.568387370536612,9.436012245727914
Max Scherzer,FF,331,9.568571781021094,8.669429423675274
Max Scherzer,SL,138,10.263049788107342,8.577281760323828
Max Schuemann,ALL,9,20.356386220220713,21.526027383609243
Max Schuemann,CU,6,19.13832524393913,19.10417211493841
Max Schuemann,SL,3,24.589062799980432,23.48381485007735
Merrill Kelly,ALL,1757,10.395667414007237,8.365910548936315
Merrill Kelly,CH,474,12.550294662322646,8.251201704107253
Merrill Kelly,CU,201,11.668199343085687,9.311740052594043
Merrill Kelly,FC,249,7.86127286775553,8.084853622568259
Merrill Kelly,FF,481,8.597752057579374,8.846390702337196
Merrill Kelly,SI,181,9.952547898702305,7.8176587149099355
Merrill Kelly,SL,171,11.462438646946131,7.558827065529745
Michael Fulmer,ALL,42,8.536277114417043,7.67739354549568
Michael Fulmer,CH,4,14.064678278407733,10.894534543446536
Michael Fulmer,CU,6,6.7074170411779335,8.819995011411471
Michael Fulmer,FC,14,3.6737039610283952,4.403673027921066
Michael Fulmer,FF,3,21.977272051119535,19.542719757914977
Michael Fulmer,SI,7,11.538868595393991,8.482587035511765
Michael Fulmer,ST,8,12.02270000142794,8.05917067493807
Michael Grove,ALL,83,9.73352957147397,7.586892188445547
Michael Grove,FC,12,8.858012586421793,9.199965539309698
Michael Grove,FF,16,10.641332874957449,11.333294712458027
Michael Grove,KC,7,14.140228950961362,5.828713160834587
Michael Grove,SI,17,5.8921016892790865,5.978422046179249
Michael Grove,SL,31,11.084107891536869,7.14986188921344
Michael Kelly,ALL,98,11.380948348703566,10.292202962150723
Michael Kelly,CH,1,24.6039488753835,27.18758165005467
Michael Kelly,FF,15,12.65265036175084,11.983524187778007
Michael Kelly,SI,10,11.150878965073757,9.782966072644296
Michael Kelly,SL,27,12.094815839788959,11.199388233042429
Michael Kelly,ST,45,8.60673627206233,8.051018741319714
Michael King,ALL,2178,10.664302737824384,9.017765377927361
Michael King,CH,614,11.984816413283866,8.999542120152686
Michael King,FF,422,9.82893677846003,8.934682316853982
Michael King,SI,610,9.61869109008739,8.52306078941584
Michael King,SL,101,12.666218148888861,10.199838621299246
Michael King,ST,431,10.48956447101323,9.574998496059445
Michael Lorenzen,ALL,1920,11.316505540977078,9.847583102100224
Michael Lorenzen,CH,385,14.322185271755746,11.665821210313815
Michael Lorenzen,CU,217,13.355120396792344,10.758641193961052
Michael Lorenzen,FC,277,10.058231100037078,8.969907079632522
Michael Lorenzen,FF,373,8.835953990475925,8.841726340521
Michael Lorenzen,SI,372,10.367355476842663,8.532634057323097
Michael Lorenzen,SL,159,11.767972292560035,9.715227747867603
Michael Lorenzen,ST,136,12.382110958760968,10.338561799632629
Michael Lorenzen,UN,1,55.39289590053288,
Michael McGreevy,ALL,1939,10.726510666948744,8.663889647433296
Michael McGreevy,CH,375,12.440138599632833,9.300337864918257
Michael McGreevy,CU,238,13.363054190156229,9.097456508680613
Michael McGreevy,FC,228,8.862089670982051,8.24755773170982
Michael McGreevy,FF,484,8.67074331204174,7.622002867862639
Michael McGreevy,SI,330,10.620950839449426,9.102754423052872
Michael McGreevy,SL,88,11.989958165334272,8.650954739935358
Michael McGreevy,ST,196,12.75698682068686,9.232816934517919
Michael Petersen,ALL,857,11.359344976936798,10.502222544708603
Michael Petersen,CH,105,13.893452593276482,11.020282239604244
Michael Petersen,FF,517,10.336751665258477,10.104048874484562
Michael Petersen,SI,2,22.40159194185091,18.41721404938375
Michael Petersen,SL,233,13.256088454753364,11.630763616563932
Michael Rucker,ALL,409,11.24076039757891,9.357247682196114
Michael Rucker,CH,1,8.065054329913018,3.717179079907272
Michael Rucker,CU,130,14.310776670472757,10.05327711582833
Michael Rucker,FC,79,11.640742107399705,8.688506468435252
Michael Rucker,FF,146,9.534842379705617,8.793496378838313
Michael Rucker,SI,45,9.099842187814119,8.81548191458057
Michael Rucker,SL,8,14.84933978326011,9.884647667973034
Michael Soroka,ALL,1234,10.061471520804458,9.070269434978325
Michael Soroka,CH,153,10.796351947834934,9.79578748844904
Michael Soroka,FC,150,9.746077011384559,8.715035455903521
Michael Soroka,FF,406,9.761663414545339,9.143231570879552
Michael Soroka,SI,123,7.104286336947223,6.8697739307191235
Michael Soroka,ST,10,14.25875324117619,15.428671424122948
Michael Soroka,SV,392,10.910562354158719,9.664817173827185
Michael Wacha,ALL,2057,9.736657966356153,9.746548866253013
Michael Wacha,CH,511,10.735739960216458,10.52513511688711
Michael Wacha,CU,199,12.401050636193457,13.151973311187877
Michael Wacha,FC,299,8.677986832144379,8.915134799406767
Michael Wacha,FF,565,8.80113174530789,8.706870459382147
Michael Wacha,SI,304,9.642624387739207,9.625530320908066
Michael Wacha,SL,179,10.848589639592788,10.242120933928469
Mick Abel,ALL,323,10.237682539794765,8.823704202818876
Mick Abel,CH,57,9.379419764310493,9.540814082753911
Mick Abel,CU,37,11.30855264365526,8.511462711226887
Mick Abel,FF,143,9.241540583059901,8.471801398983128
Mick Abel,SI,10,10.227379207677103,11.010520488898205
Mick Abel,SL,42,9.882150508249751,9.993215340466321
Mick Abel,ST,34,11.9755234133782,10.996745143154634
Miguel Rojas,ALL,35,15.44309493466777,10.151843420593355
Miguel Rojas,EP,25,16.283439916449236,10.549086405905433
Miguel Rojas,FA,10,11.820857009661687,8.639732823537468
Miguel Ullola,ALL,88,11.51965557289751,8.995686410946313
Miguel Ullola,CH,1,29.646369575314793,25.853950922172704
Miguel Ullola,CU,3,5.480331627918936,5.1252941218972135
Miguel Ullola,FF,67,11.44524720440377,9.072069806430088
Miguel Ullola,SL,17,11.655067592859282,8.919303015462537
Mike Burrows,ALL,1432,10.875362655145356,9.247294877247281
Mike Burrows,CH,387,12.451246490674372,10.038625149155928
Mike Burrows,CU,207,11.997962269847166,10.205689873600544
Mike Burrows,FF,407,10.062851358542167,8.904319063210504
Mike Burrows,SI,196,10.02143358817103,8.639656724599526
Mike Burrows,SL,235,9.818933265858634,9.48900513654392
Mike Paredes,ALL,517,10.74326986117188,9.390191528754755
Mike Paredes,CH,135,9.956943002749986,9.969761954892363
Mike Paredes,FC,78,10.02651682615452,9.379850957523939
Mike Paredes,FF,190,10.732929458233833,8.727875344297882
Mike Paredes,ST,114,11.247585912622746,10.63934188408986
Miles Mikolas,ALL,1533,9.745871471458843,8.98349752556106
Miles Mikolas,CH,123,12.29897087249425,11.0341659138988
Miles Mikolas,CS,1,23.533495282626667,14.642087853743023
Miles Mikolas,CU,222,12.296587949606398,12.34061005844528
Miles Mikolas,FF,368,8.919686014806373,8.007097540409802
Miles Mikolas,SI,373,9.197266576658723,8.406418163314994
Miles Mikolas,SL,362,9.444804375681287,8.659727250150809
Miles Mikolas,ST,84,11.32324812031291,9.541439872996445
Mitch Bratt,ALL,557,10.908483522703271,10.664902289840189
Mitch Bratt,CH,52,12.222601537996866,10.667879564928036
Mitch Bratt,CU,19,13.004349097754321,14.52575464011301
Mitch Bratt,FF,238,10.650368273864114,10.658842412234339
Mitch Bratt,SI,50,9.679568093794513,10.76797247197175
Mitch Bratt,SL,58,11.456727041953087,9.934858606159292
Mitch Bratt,SV,140,11.262676769226218,10.646833175107316
Mitch Farris,ALL,720,11.596772568263757,10.240259785953011
Mitch Farris,CH,184,15.06591498101848,12.647284980793955
Mitch Farris,FC,100,9.332402438950957,8.531042515055297
Mitch Farris,FF,350,10.985104985084323,9.647620877927668
Mitch Farris,SL,86,12.534926200821204,10.35245972972983
Mitch Keller,ALL,1583,10.693867182942608,8.884123250535879
Mitch Keller,CH,142,13.434531509448249,9.674530930387697
Mitch Keller,CU,139,16.311146198432358,12.032527192617438
Mitch Keller,FC,114,8.184086655340694,8.361149364920507
Mitch Keller,FF,514,9.05940150868582,8.135230922358136
Mitch Keller,SI,268,10.30314012554986,8.731555424325995
Mitch Keller,SL,161,13.072977800222718,8.632060345497793
Mitch Keller,ST,245,12.197136285047975,9.595002546693966
Mitch Spence,ALL,174,10.3283384400703,8.963676312914789
Mitch Spence,CH,15,13.996740081893524,11.452376433602858
Mitch Spence,CU,31,11.433732559672404,8.159733749006989
Mitch Spence,FC,66,7.5583973704253244,7.946351470900169
Mitch Spence,SI,24,9.93089479546356,8.921121253413983
Mitch Spence,SL,38,9.0263869048026,9.460646776902617
Mitchell Parker,ALL,618,11.308649890820497,10.50998210267884
Mitchell Parker,CU,100,12.659742160619063,13.277905660761387
Mitchell Parker,FF,214,11.332952846259966,10.013772669688505
Mitchell Parker,FS,3,13.327503251255521,9.758571773356396
Mitchell Parker,SL,301,10.24038051252941,10.291032489978098
Myles Straw,ALL,17,25.703083683177166,16.71812097254175
Myles Straw,EP,12,25.01765931264883,13.848003380002215
Myles Straw,FA,2,27.637519619067437,26.308767087915427
Myles Straw,KN,2,22.019722110765425,25.22785139004874
Myles Straw,SL,1,47.315246943489505,42.26643255968672
Nate Lavender,ALL,70,10.816721192329382,9.417723917767884
Nate Lavender,CH,3,8.282463014557738,12.855207919681195
Nate Lavender,FF,43,9.859382280828259,8.134938631777324
Nate Lavender,SL,16,10.709463646642213,8.971530030352259
Nate Lavender,ST,8,20.061365985174675,15.731537283189557
Nate Pearson,ALL,418,11.710706583549324,10.862204743843105
Nate Pearson,CH,13,14.457725212750855,16.10646359188991
Nate Pearson,CU,46,13.051408307228325,11.936369130582744
Nate Pearson,FF,165,11.459420157078764,10.753660203667096
Nate Pearson,SI,56,10.64152793860669,9.719075767732456
Nate Pearson,SL,138,11.49340419885343,9.865597200335642
Nathan Eovaldi,ALL,1685,9.959440149897588,8.508284095275139
Nathan Eovaldi,CU,381,11.282217789455856,10.084941504749906
Nathan Eovaldi,FC,323,10.517330397239812,8.280607772699186
Nathan Eovaldi,FF,223,9.947304388263277,7.765899424822578
Nathan Eovaldi,FS,617,9.065452005795233,8.468607685189038
Nathan Eovaldi,SI,126,7.492299269285397,7.698865865578361
Nathan Eovaldi,SL,15,10.644767365314573,10.568043644435635
Nick Davila,ALL,334,11.986916475983087,11.016063908768654
Nick Davila,FF,38,12.675839067988296,12.784941203441868
Nick Davila,SI,82,10.109804489083752,9.073989971877156
Nick Davila,SL,213,12.598475792656311,11.2819247233617
Nick Davila,ST,1,19.68581187848845,14.389218320739321
Nick Frasso,ALL,101,13.08076313671996,10.634870415091687
Nick Frasso,CH,20,20.987526973591606,15.924249278320902
Nick Frasso,FC,7,13.315364565320461,11.056059624867332
Nick Frasso,FF,64,9.938823818777788,8.638144017388807
Nick Frasso,SL,10,22.053624860879857,14.766617718710368
Nick Lodolo,ALL,1109,10.102701548042223,9.24463240453381
Nick Lodolo,CH,266,10.507051301603473,8.764300172050875
Nick Lodolo,CU,277,14.039747851193505,11.515794416382514
Nick Lodolo,FF,289,9.783093125353517,9.342017486528599
Nick Lodolo,SI,277,7.472629915982915,7.516887095165311
Nick Martinez,ALL,1805,10.881255042426801,8.82642999776203
Nick Martinez,CH,496,14.006789365889302,10.200871890819354
Nick Martinez,CU,95,13.512890815102725,11.477934762769193
Nick Martinez,FC,375,8.792087454459777,8.456385490265928
Nick Martinez,FF,224,9.773626964191525,8.365984524085409
Nick Martinez,SI,551,9.94595520341354,7.86243935585274
Nick Martinez,SL,64,11.120708173924362,8.38006392429123
Nick Mears,ALL,315,11.11962161836161,10.23166023218951
Nick Mears,CH,31,13.52853660309771,14.082092010315703
Nick Mears,CU,43,10.668233412408268,9.72425426029658
Nick Mears,FF,114,11.834778280028413,10.99136711650158
Nick Mears,SI,39,8.024374305405752,7.770817939952643
Nick Mears,SL,88,9.980510966317883,9.462433018401217
Nick Pivetta,ALL,243,10.873335335114733,10.018839570081461
Nick Pivetta,CU,45,11.3652720131859,11.972617307821318
Nick Pivetta,FC,24,10.761094983896118,8.951490758848003
Nick Pivetta,FF,142,12.049113859830452,9.777069182109523
Nick Pivetta,SI,3,6.0601547530980975,5.369605021315218
Nick Pivetta,SL,2,9.095836401900423,7.928281538586475
Nick Pivetta,ST,27,9.543672800274548,10.559180195585855
Nick Raquet,ALL,72,11.629962268392045,10.026351381225059
Nick Raquet,CH,1,19.434527815516685,14.458185425912161
Nick Raquet,FC,3,3.1228923526927743,5.94315452371518
Nick Raquet,SI,18,12.119445430333435,11.071167889629184
Nick Raquet,SL,20,12.109966137799791,9.41445704076068
Nick Raquet,ST,30,10.069323365509433,7.325353809285703
Nick Sandlin,ALL,153,11.516152179183516,10.732544800671326
Nick Sandlin,FF,20,12.435432105735629,11.524680444220703
Nick Sandlin,FS,36,12.630182864090626,12.867892084411846
Nick Sandlin,SI,14,8.699891507882558,8.651441444762618
Nick Sandlin,SL,83,11.516152179183516,9.671670663980628
Nicky Lopez,ALL,17,13.521048443133681,12.395280113475355
Nicky Lopez,EP,4,11.504751129199981,13.89616508905361
Nicky Lopez,FA,13,13.521048443133681,12.395280113475355
Noah Cameron,ALL,2032,10.26741002940399,9.778145320442897
Noah Cameron,CH,422,10.4776075984186,10.376009087868724
Noah Cameron,CU,349,12.839299525560435,12.509297372987142
Noah Cameron,EP,1,22.974681818251266,8.467714772841386
Noah Cameron,FC,412,8.483130202379577,7.877471201570225
Noah Cameron,FF,522,9.732426864357798,9.090847391728513
Noah Cameron,SI,85,9.254488282322148,9.636882025417556
Noah Cameron,SL,241,10.748421189361558,9.940262429472225
Noah Murdock,ALL,53,17.560015887459304,11.259058450601993
Noah Murdock,CU,17,26.925621214872027,16.52999557122086
Noah Murdock,FC,8,14.953900112131421,9.736191934326264
Noah Murdock,FF,2,24.275766151376637,19.841588817733875
Noah Murdock,SI,25,15.446811431928744,10.290727462730832
Noah Murdock,ST,1,31.84480719901697,17.44577879577338
Noah Schultz,ALL,929,10.61779185380366,10.103979873950998
Noah Schultz,CH,98,12.52227330354567,11.026431034719693
Noah Schultz,CU,24,7.452833468390482,9.218540855787813
Noah Schultz,FC,189,9.390032131705757,8.910731929770174
Noah Schultz,FF,213,10.434374419340164,9.811704846003257
Noah Schultz,SI,243,9.81071004875797,9.294201468858896
Noah Schultz,ST,162,12.806096447421723,11.769455511203606
Nolan Hoffman,ALL,77,10.408605590099823,9.501682136589295
Nolan Hoffman,CH,2,21.48461113256713,18.864414660966286
Nolan Hoffman,FC,26,10.049727106551668,7.878954102548992
Nolan Hoffman,FF,27,11.040045783460986,10.286088536235216
Nolan Hoffman,SI,11,9.490143432494126,11.014209042728364
Nolan Hoffman,ST,11,13.237659135003751,14.533939697449645
Nolan McLean,ALL,1929,12.019156951724836,10.354699774192397
Nolan McLean,CH,116,14.052134796992766,11.44580467022174
Nolan McLean,CS,4,9.493241104759377,10.381250798445155
Nolan McLean,CU,283,15.640110675144648,12.752083819626943
Nolan McLean,FC,198,9.829622392951677,10.039033817191806
Nolan McLean,FF,393,11.1639235416531,9.622340027945143
Nolan McLean,SI,634,11.777982322926093,9.333455514044779
Nolan McLean,SL,47,8.14483371831495,9.731986276479208
Nolan McLean,ST,254,12.61112139798561,12.432795580278318
Orion Kerkering,ALL,824,10.519110351684297,9.737914669705415
Orion Kerkering,FF,269,10.52990464595635,9.749758473190662
Orion Kerkering,FS,43,15.141275630582909,10.86076419132507
Orion Kerkering,SI,150,10.647214077706561,9.664014016801925
Orion Kerkering,ST,362,9.96218409629084,9.623238369937
Orlando Arcia,ALL,7,13.832145006300793,13.325782385502578
Orlando Arcia,CU,3,23.25545375334879,18.629241236336632
Orlando Arcia,SL,4,7.689598527919473,8.106204845986406
Orlando Ribalta,ALL,623,11.561090378401126,9.618903127313443
Orlando Ribalta,CH,93,12.212462846106561,10.033915523691817
Orlando Ribalta,FF,173,13.898097387966196,9.592227633754637
Orlando Ribalta,SI,111,12.438833901805815,10.124543704691881
Orlando Ribalta,SL,246,9.181515526201943,9.143638204540075
Osvaldo Bido,ALL,257,12.12364853657713,11.74250758841969
Osvaldo Bido,CH,18,16.777840134047448,14.96690532087474
Osvaldo Bido,FF,69,13.160973999585414,12.623933911474559
Osvaldo Bido,SI,56,10.393358665479976,9.123727198605739
Osvaldo Bido,SL,73,11.660036295618882,10.967548216095423
Osvaldo Bido,ST,41,12.327735115073274,13.26283403593408
Owen Murphy,ALL,116,9.949815712114976,8.838845735616934
Owen Murphy,CH,24,9.947458115927734,8.329812821825762
Owen Murphy,CU,12,10.956453393784045,10.558471344065476
Owen Murphy,FF,65,9.479516220944975,8.15912038722579
Owen Murphy,SI,2,12.648287120068122,16.048473074166097
Owen Murphy,SL,13,9.36329871291506,9.488914830232359
P.J. Higgins,ALL,8,14.083778700763428,11.373764196594456
P.J. Higgins,CH,7,15.38813133122701,10.739062941317911
P.J. Higgins,SL,1,11.612303957053225,12.008465451871
PJ Poulin,ALL,571,9.95718166901673,9.65093453941219
PJ Poulin,CH,66,11.772565626096878,10.644064403366542
PJ Poulin,FF,165,10.577281320001317,9.832482587458964
PJ Poulin,SI,137,9.539771025601947,9.251171652850706
PJ Poulin,ST,203,10.058753210706906,10.00855133463516
Parker Messick,ALL,1880,10.704083942913092,9.185938500830819
Parker Messick,CH,421,12.78180675897746,10.688924615910173
Parker Messick,CU,184,11.077942556769576,9.693384950711966
Parker Messick,FC,115,11.339143516314849,9.870782104521602
Parker Messick,FF,739,10.543966173445064,8.492129650243513
Parker Messick,SI,313,8.3289271165244,8.136822595023393
Parker Messick,SL,108,9.422213523445953,9.497461078142596
Parker Mushinski,ALL,107,10.710115805253254,10.089939833318603
Parker Mushinski,CH,5,5.495423828538943,8.13763649102646
Parker Mushinski,CU,17,13.152291132775828,11.729446383152553
Parker Mushinski,FC,18,11.3546701501718,9.166066258158356
Parker Mushinski,FF,23,9.712035450744713,9.454640817991663
Parker Mushinski,SI,19,12.487855399475992,10.381700754444994
Parker Mushinski,ST,25,8.334588404765512,9.071213553606393
Patrick Corbin,ALL,1203,10.033745731400487,9.09074117885546
Patrick Corbin,CH,203,13.99038118125618,11.550821963862454
Patrick Corbin,CU,14,11.139481486144062,8.050039213963371
Patrick Corbin,FC,183,8.296336861383761,8.299366317513293
Patrick Corbin,FF,141,8.632232304180171,8.415838742318728
Patrick Corbin,SI,330,7.753882055932142,7.529246275340958
Patrick Corbin,SL,332,12.016799676116726,9.57991937646996
Patrick Sandoval,ALL,549,10.09221191865471,9.930432583848988
Patrick Sandoval,CH,132,11.134594148546642,10.759894065940127
Patrick Sandoval,CU,26,10.51745432605125,11.018435977667743
Patrick Sandoval,FF,121,9.07682592865109,8.058876206952345
Patrick Sandoval,SI,105,9.452033367038233,9.847895514339273
Patrick Sandoval,SL,155,10.338466343550708,10.162808517809657
Patrick Sandoval,ST,10,13.903799338320649,14.06645085496862
Paul Blackburn,ALL,873,10.65011889587909,9.929798712520025
Paul Blackburn,CH,186,10.374442354153668,9.59411930187661
Paul Blackburn,CU,124,14.009967485751801,13.816606246965646
Paul Blackburn,FC,189,10.118395725523836,9.159978618105939
Paul Blackburn,FF,24,11.709304467133114,10.58525478315952
Paul Blackburn,SI,292,10.514541635332105,9.22731424357308
Paul Blackburn,SL,6,11.54874839680382,12.431215200921748
Paul Blackburn,ST,52,10.510207802574737,10.282874983316152
Paul Gervase,ALL,117,12.20474618634074,11.06251424022951
Paul Gervase,CH,2,13.280766285096773,12.786559274861268
Paul Gervase,FC,18,8.185398642410151,8.720108032111435
Paul Gervase,FF,54,12.83743950534662,11.160071740015836
Paul Gervase,SL,43,13.487015199550525,13.146656355155821
Paul Sewald,ALL,580,10.416235820601202,9.175003574182561
Paul Sewald,FC,6,14.110427368156635,14.299446996485631
Paul Sewald,FF,335,8.258750797771139,8.591282672389076
Paul Sewald,ST,239,13.786723381050503,9.756083510423059
Paul Skenes,ALL,2168,12.148135253917834,8.629060294809046
Paul Skenes,CH,286,19.069794876593264,9.697197802038298
Paul Skenes,CU,10,15.351540300490033,10.06364591554941
Paul Skenes,FF,909,9.191436422147174,7.735288641368202
Paul Skenes,FS,240,16.448093753833902,8.390236783912401
Paul Skenes,SI,236,11.840724668093337,8.686308070567822
Paul Skenes,SL,158,13.517613039171394,9.504772563671857
Paul Skenes,ST,329,10.91483722915906,9.575399841990171
Paxton Schultz,ALL,553,11.437588464047014,9.266458329732522
Paxton Schultz,CH,80,14.483374235138076,11.638196750501802
Paxton Schultz,FC,243,9.659430762393164,8.803820365306482
Paxton Schultz,FF,191,12.596474807853703,9.204859839496288
Paxton Schultz,SL,39,11.040531088427654,11.57471632346256
Payton Tolle,ALL,1623,9.744896320025077,9.721972075424173
Payton Tolle,CH,48,12.675139339408359,11.895134870532424
Payton Tolle,CU,156,12.940036841095898,12.961144886836326
Payton Tolle,FC,326,9.401956875826327,9.517504653950407
Payton Tolle,FF,739,9.655188114717188,9.21423071016624
Payton Tolle,SI,354,9.21539291759083,9.744581721255717
Pete Fairbanks,ALL,655,12.05182727358258,10.9437965966839
Pete Fairbanks,CH,14,20.86669989268911,19.420780116258676
Pete Fairbanks,FC,153,12.389804922399854,11.94117094172125
Pete Fairbanks,FF,330,11.623030417200507,10.442356067195883
Pete Fairbanks,SL,158,12.212002407805546,11.719802603524668
Peter Lambert,ALL,1907,10.716098848430125,8.91602783743578
Peter Lambert,CH,444,13.447841498767415,9.65955908642895
Peter Lambert,CU,7,23.819618352002863,13.557007663105303
Peter Lambert,FC,200,9.42878997201904,8.679894479677127
Peter Lambert,FF,613,9.652551887009016,8.383744637669917
Peter Lambert,SI,192,9.937257049664531,8.374375462839811
Peter Lambert,SL,234,10.275817434554714,9.009870054456165
Peter Lambert,ST,135,10.409352685525826,9.32356673439788
Peter Lambert,SV,82,13.33154397318392,12.103063927881443
Peter Strzelecki,ALL,194,12.033757595620536,9.412747183308129
Peter Strzelecki,CH,21,17.737875826888786,13.68398328414758
Peter Strzelecki,CU,57,14.03375910953587,12.391361554877909
Peter Strzelecki,FF,23,11.9729221248894,7.3983343096640475
Peter Strzelecki,SI,73,10.704128944510451,9.031308586114957
Peter Strzelecki,ST,20,9.261639531849527,8.909122847158812
Peyton Gray,ALL,700,11.31140346453801,9.36168237662256
Peyton Gray,CH,282,12.423323140318868,9.810619042248941
Peyton Gray,FF,278,10.275185598101306,8.724040098026926
Peyton Gray,SL,140,10.765039286202716,9.897464519977756
Peyton Pallette,ALL,380,10.927617334962646,10.3684513479547
Peyton Pallette,CH,5,16.59278280449748,14.50240662808153
Peyton Pallette,CU,93,11.173846956433357,10.17314188615715
Peyton Pallette,FF,198,10.499163111367238,9.810884931817933
Peyton Pallette,SL,84,12.239137237440367,12.00597639534909
Phil Maton,ALL,506,11.438055915928773,10.112185080092026
Phil Maton,CU,140,13.441305503933403,12.694940663494428
Phil Maton,FC,190,10.966785045310228,9.25198680805875
Phil Maton,SI,101,9.416680015775478,9.442955346624776
Phil Maton,ST,75,10.640988760924806,10.17637067769245
Philip Abner,ALL,207,10.887979788090524,9.793345986380224
Philip Abner,CH,11,13.263341292437353,9.495170548613798
Philip Abner,CU,43,10.99126775258197,10.564983486904705
Philip Abner,FF,119,10.296890918433439,9.164009577096678
Philip Abner,SI,1,6.20047808357408,7.118752830600773
Philip Abner,SL,33,11.201968775316447,10.38313381653799
Pierce Johnson,ALL,567,10.454713441062724,9.658782705333339
Pierce Johnson,CU,362,9.947109667992612,9.664259600479898
Pierce Johnson,FC,2,19.06328069803188,15.396917411320434
Pierce Johnson,FF,203,11.05282673772672,9.627909837974583
Quinn Mathews,ALL,179,10.551045129396416,9.849727098565019
Quinn Mathews,CH,36,10.918988460051235,7.220687937156743
Quinn Mathews,CU,24,11.047550522686551,10.455615475314243
Quinn Mathews,FF,79,10.010581107204942,9.726364452977798
Quinn Mathews,SI,4,21.192964964277074,19.79551667030292
Quinn Mathews,SL,36,9.675301353349674,12.019726189793353
Rafael Flores Jr.,ALL,3,8.737440106245447,4.891460725953115
Rafael Flores Jr.,CU,1,21.533955842702994,23.41488558983403
Rafael Flores Jr.,SL,2,7.363383005558288,3.334695682392176
Raisel Iglesias,ALL,638,9.066592900575547,7.9512815205926035
Raisel Iglesias,CH,229,10.803501277608651,8.398980700943573
Raisel Iglesias,FF,244,7.660584083845919,7.5296321510288715
Raisel Iglesias,SI,126,8.857356466974196,7.947384299094075
Raisel Iglesias,SL,39,11.468844295905644,10.644810273157523
Randy Dobnak,ALL,697,10.080293286130736,9.279224077829987
Randy Dobnak,CH,145,13.124821485316374,10.41512700997001
Randy Dobnak,FF,61,8.745421293172573,8.961132827221794
Randy Dobnak,SI,273,8.210026845233157,8.241930619580064
Randy Dobnak,SL,40,10.61785915717153,8.681308351558371
Randy Dobnak,ST,178,10.384263167627015,9.801243313185344
Randy Vásquez,ALL,1555,9.543997442772499,8.907919194010974
Randy Vásquez,CH,118,15.193322851307556,10.886182314814494
Randy Vásquez,CU,149,12.067456656754006,9.737785568694084
Randy Vásquez,FC,376,9.326168893348473,8.289922041189438
Randy Vásquez,FF,490,8.722802354270831,8.765025207386184
Randy Vásquez,SI,223,9.246864520690735,8.563842123152908
Randy Vásquez,SL,97,9.845283568182007,9.472896530873138
Randy Vásquez,ST,102,8.879438577935847,9.32373343946168
Ranger Suarez,ALL,1459,9.225590453670549,8.222543076217525
Ranger Suarez,CH,194,12.621327491241487,9.706061520042507
Ranger Suarez,CU,237,12.71656997483888,10.961300090392378
Ranger Suarez,FC,303,7.9355923088548845,7.7818295082968945
Ranger Suarez,FF,340,8.07572725036931,7.719432022864455
Ranger Suarez,SI,321,7.305513135935987,7.3348365448020685
Ranger Suarez,SL,64,13.401029512475043,9.121646714509584
Ray Kerr,ALL,28,12.819202336440664,9.802290037848433
Ray Kerr,CU,16,12.819202336440664,8.349546678152159
Ray Kerr,FF,11,12.663337643197993,10.12233484733274
Ray Kerr,SI,1,18.181199448326616,14.604823036018646
Raymond Burgos,ALL,110,9.594503316599987,8.919023747300315
Raymond Burgos,CH,17,13.25885033936603,10.902296489460127
Raymond Burgos,FC,25,11.089307880972688,10.716016613077862
Raymond Burgos,FF,6,9.920083123367473,9.276203584475713
Raymond Burgos,SI,39,7.268895558849633,7.57940439680112
Raymond Burgos,ST,23,11.528050490744938,9.657202190136719
Reese McGuire,ALL,1,1.3456493864773875,1.5286484178898605
Reese McGuire,EP,1,1.3456493864773875,1.5286484178898605
Reid Detmers,ALL,2135,12.169377828273456,10.057329784823857
Reid Detmers,CH,204,12.347163145163577,11.471132468226084
Reid Detmers,CU,238,11.115266656839992,10.472466703406564
Reid Detmers,FF,985,13.317720286668752,9.305386581795105
Reid Detmers,SI,27,13.200884912092285,9.986490642921964
Reid Detmers,SL,681,11.218383351569027,10.719379346547198
Reiver Sanmartin,ALL,122,9.98017892944817,8.706363967596266
Reiver Sanmartin,CH,27,11.710578765729485,10.191251405859775
Reiver Sanmartin,FF,11,7.103817770188875,9.077299238895502
Reiver Sanmartin,SI,43,8.257478201843195,8.236445794507933
Reiver Sanmartin,SL,41,17.123301440187433,9.709117442823405
Reynaldo López,ALL,1062,12.003411663753472,9.384633558311812
Reynaldo López,CH,33,14.90226933638955,13.042346134921154
Reynaldo López,CU,112,14.669842254862477,11.977460930793452
Reynaldo López,FF,594,10.51843599938874,8.616995591936693
Reynaldo López,SL,323,14.123108655683808,10.156381825984989
Rhett Lowder,ALL,1483,10.712471982895215,9.291214764568203
Rhett Lowder,CH,305,13.40622800497075,9.656247197580074
Rhett Lowder,CU,32,14.194121151005454,10.449212589270358
Rhett Lowder,FF,299,8.767627085783525,8.85950955670355
Rhett Lowder,SI,446,9.046022994924538,8.674133970709757
Rhett Lowder,SL,399,12.820599027805736,9.879069809278885
Rhett Lowder,ST,2,15.077392067896074,15.99154848264174
Richard Lovelady,ALL,465,11.07328035555822,10.2059256219535
Richard Lovelady,FF,100,11.864109700512202,10.159352541318109
Richard Lovelady,SI,133,9.912253835300552,10.282108672267816
Richard Lovelady,SL,28,11.179257149304613,8.428277290097089
Richard Lovelady,ST,204,11.52624675874264,10.539845425381499
Ricky Tiedemann,ALL,25,8.227045261248074,6.987832223197316
Ricky Tiedemann,CH,1,0.8482277303217242,2.5707344137226507
Ricky Tiedemann,FF,10,8.560925649907805,9.228061005665339
Ricky Tiedemann,ST,14,8.377535979726447,6.641466601324089
Ricky Vanasco,ALL,158,11.837378317749529,10.346611781981306
Ricky Vanasco,CH,40,13.547887023965849,9.314332731028841
Ricky Vanasco,CU,35,13.432736198536766,12.303781468103077
Ricky Vanasco,FF,83,10.336362683835675,10.218233700504413
Rico Garcia,ALL,725,10.786027313372912,10.225992384597586
Rico Garcia,CH,206,11.936360597732007,10.802316986104419
Rico Garcia,CU,145,11.408090217739893,10.408051512196494
Rico Garcia,FF,245,9.476088593186917,9.567385413126917
Rico Garcia,SL,129,10.786027313372912,10.299621120447329
Riley Cornelio,ALL,356,11.835918318772038,11.23792987923801
Riley Cornelio,FC,15,12.980238077695164,12.688482504520245
Riley Cornelio,FF,153,11.46095549253583,10.25544913800115
Riley Cornelio,SL,188,12.933014837425745,12.308446517966994
Riley Martin,ALL,107,9.365667170909859,8.370545476844375
Riley Martin,CU,34,12.903698492250786,11.41515875755244
Riley Martin,FF,57,8.31324248196915,7.306841904712492
Riley Martin,SL,16,9.339212231407117,10.304512610006999
Riley O'Brien,ALL,750,11.777153617154472,10.34860997794209
Riley O'Brien,CH,5,18.650887616478364,8.811594300271945
Riley O'Brien,SI,459,9.894169730895072,10.130886193684619
Riley O'Brien,SL,58,11.755725779934323,10.19538395489484
Riley O'Brien,ST,228,15.847065313388022,11.154962535525126
Robbie Ray,ALL,2156,11.080186050018817,9.862116669276539
Robbie Ray,CH,392,11.797401671591498,10.352338180200533
Robbie Ray,FF,722,10.138205939706705,9.18777940399941
Robbie Ray,KC,238,13.173213263747908,11.718732091279659
Robbie Ray,SI,287,9.150881319402128,9.25218262730605
Robbie Ray,SL,517,13.087502851348148,9.77293194043646
Robby Ahlstrom,ALL,400,11.542862233834075,10.025052947262495
Robby Ahlstrom,CH,64,10.367928833428863,8.450015602051895
Robby Ahlstrom,CU,16,15.237093950176355,10.763397276697631
Robby Ahlstrom,FF,137,12.673357547815467,10.40971196750991
Robby Ahlstrom,SI,92,11.515132205381015,9.781444797660976
Robby Ahlstrom,SL,91,11.249951960398201,10.342834647422768
Robby Snelling,ALL,80,11.008633543983567,9.641150713218597
Robby Snelling,CH,13,14.497075206365142,9.487366988664114
Robby Snelling,CU,26,9.3365933278677,10.364644662593395
Robby Snelling,FF,27,9.079582208013969,9.217052324420216
Robby Snelling,SI,7,11.41328761014058,9.29937522209272
Robby Snelling,SL,7,13.802548367833706,17.919183419828222
Robert Garcia,ALL,136,9.433981835223172,9.975673097158936
Robert Garcia,CH,41,9.261976588754381,10.364983617883746
Robert Garcia,FF,60,9.787006954034766,9.504385773397265
Robert Garcia,SL,35,9.192665744796441,10.24532464954258
Robert Gasser,ALL,1075,10.048671034865002,9.51980093193637
Robert Gasser,CH,100,10.870991452114314,10.302600453402814
Robert Gasser,FC,192,10.567182323427902,9.454974416443308
Robert Gasser,FF,263,9.856160531019935,8.847702226689822
Robert Gasser,SI,241,9.486878391493434,9.177065059926152
Robert Gasser,ST,279,10.30499483024598,10.220952801292224
Robert Stock,ALL,271,12.020665342517633,10.096418472137094
Robert Stock,CH,31,17.53014312289729,13.234251828220831
Robert Stock,FC,84,10.3163466398501,9.752748248379124
Robert Stock,FF,73,10.10869129541477,9.555533410290394
Robert Stock,SI,56,13.598319579064178,10.607269747551667
Robert Stock,ST,27,12.294772565949277,12.222511103023095
Robert Suarez,ALL,409,10.23966225359852,9.517121477830562
Robert Suarez,CH,136,11.266512190870468,9.640066360504177
Robert Suarez,FC,53,10.011776470352455,9.660598134647179
Robert Suarez,FF,196,9.703802644930754,9.402415040982408
Robert Suarez,SI,24,8.40730168605279,9.76231499128518
Roddery Muñoz,ALL,107,13.096758380814546,11.340627167631295
Roddery Muñoz,CH,5,16.98628907399025,13.373016139081349
Roddery Muñoz,FC,18,13.845186585888179,12.656556215640762
Roddery Muñoz,FF,29,12.131002335727269,8.473879203936821
Roddery Muñoz,SI,13,11.579204275201004,11.893457017898017
Roddery Muñoz,SL,42,13.260078822028115,11.472899130927573
Rodolfo Durán,ALL,38,8.851848493752783,8.11792490571814
Rodolfo Durán,CU,1,1.3889366031672925,3.951452847461295
Rodolfo Durán,EP,7,9.259045700996662,5.800877090423912
Rodolfo Durán,FA,30,8.851848493752783,9.18995130099214
Roki Sasaki,ALL,1580,10.939775424976299,9.995206903514914
Roki Sasaki,FF,669,10.41532412909298,9.423938871503058
Roki Sasaki,FO,133,14.073964272985789,12.661442949546904
Roki Sasaki,FS,422,11.646105107296133,10.8430799760202
Roki Sasaki,SL,356,10.677102460698643,9.717542022708475
Rolddy Muñoz,ALL,47,11.14083392196056,8.071124642891292
Rolddy Muñoz,CH,3,13.200184946241906,2.2746099382985268
Rolddy Muñoz,FF,3,15.325985527728703,12.606609856241354
Rolddy Muñoz,SI,15,9.305397118000638,5.775631019096756
Rolddy Muñoz,SL,26,12.674255026771055,11.084277337210999
Ron Marinaccio,ALL,960,11.728679230473361,10.236779240029634
Ron Marinaccio,CH,255,15.01501457440865,12.046725572513457
Ron Marinaccio,FC,201,10.795967190856384,9.79058194559586
Ron Marinaccio,FF,415,10.543000687969688,9.688582509587862
Ron Marinaccio,ST,89,13.138125911454415,11.06968328325945
Ronel Blanco,ALL,343,12.055939373452775,10.019814007652817
Ronel Blanco,CH,104,12.272963968223657,10.141885037337905
Ronel Blanco,CU,58,9.863334390147775,8.629921027516728
Ronel Blanco,FF,123,12.466926301107412,10.883385035804617
Ronel Blanco,SL,58,11.43958042940904,8.446673870161739
Ryan Borucki,ALL,304,12.175567958484121,10.560555738232393
Ryan Borucki,FC,17,8.080039928449724,8.796290327036273
Ryan Borucki,FS,40,13.37815964494931,7.927044495007818
Ryan Borucki,SI,107,11.332322545330786,9.669144374570639
Ryan Borucki,SL,109,13.716368108690606,11.536208865113267
Ryan Borucki,ST,31,12.27461096684223,14.56052508682695
Ryan Feltner,ALL,1274,10.972182926144345,10.50424678949874
Ryan Feltner,CH,212,12.410525427307046,10.67968716658769
Ryan Feltner,CU,98,11.93396852825178,11.933287633584726
Ryan Feltner,FF,352,10.328660403745971,10.136749271495543
Ryan Feltner,SI,176,10.430409250992943,9.446978534114798
Ryan Feltner,SL,309,11.030579207802127,10.880401893019148
Ryan Feltner,ST,127,12.801596486320959,11.299111449747825
Ryan Fernandez,ALL,152,11.858840123072719,11.824027413175038
Ryan Fernandez,CH,23,14.680490817867152,14.449958660246317
Ryan Fernandez,FC,4,21.556469570045063,15.866302622394763
Ryan Fernandez,FF,65,9.864164413168107,9.92778017320971
Ryan Fernandez,SL,60,13.51053599564689,13.300015165465021
Ryan Gusto,ALL,795,10.38001401756561,9.897238298857523
Ryan Gusto,CH,124,14.298079033758698,11.452181336245054
Ryan Gusto,CU,54,11.5105821547408,10.727674257546202
Ryan Gusto,FC,105,8.193073200800228,8.217713482604232
Ryan Gusto,FF,224,10.591696638754339,9.891765292439938
Ryan Gusto,SI,103,9.43678683860085,8.660428283905208
Ryan Gusto,SL,79,10.061950747017972,9.64242065480093
Ryan Gusto,ST,106,10.366330763826104,10.114374943544657
Ryan Helsley,ALL,223,11.929355422534083,10.88547010894121
Ryan Helsley,CU,10,13.779177827353935,14.731172171995318
Ryan Helsley,FF,95,11.929355422534083,11.522247161361971
Ryan Helsley,FS,32,9.51701444825235,8.407525987423746
Ryan Helsley,SL,86,12.420800846617418,10.967917834576713
Ryan Johnson,ALL,941,9.74586911243002,9.357159813906849
Ryan Johnson,FC,327,8.84668069762445,8.832985273504423
Ryan Johnson,FS,217,10.877683014509971,10.087759515690879
Ryan Johnson,SI,207,10.142783009760782,9.707139102803719
Ryan Johnson,SL,3,8.884478768624831,10.605255317938424
Ryan Johnson,ST,187,9.591867492354076,9.269550327335017
Ryan Rolison,ALL,689,11.174396844138974,10.659101769151931
Ryan Rolison,CH,9,9.131546941661123,8.612878432244807
Ryan Rolison,CU,124,12.171021415992243,11.0442309032394
Ryan Rolison,FF,297,10.129266699289195,10.456555131170111
Ryan Rolison,SI,58,11.391548083676987,10.6870638961726
Ryan Rolison,SL,100,12.088341845369985,10.788757044918937
Ryan Rolison,ST,101,11.684294863410782,10.7650766922567
Ryan Thompson,ALL,585,9.700530131744337,8.899545529265817
Ryan Thompson,FF,27,10.091799214387589,8.555950169177446
Ryan Thompson,SI,359,9.959774388595081,8.74979728373931
Ryan Thompson,SL,199,9.239193733293568,8.932604330905859
Ryan Walker,ALL,441,13.45284964679288,10.665418128327255
Ryan Walker,FF,13,9.801644554775173,13.229630819589444
Ryan Walker,SI,301,13.624777681917061,10.252802229921318
Ryan Walker,SL,127,13.427540705003345,11.59522053476087
Ryan Watson,ALL,875,10.6890532525086,9.349839166535977
Ryan Watson,CU,133,13.95217892552938,9.93275567259137
Ryan Watson,FC,226,8.693140132917286,8.465092289430064
Ryan Watson,FF,169,9.261104810061912,8.507841116169931
Ryan Watson,FS,9,12.94534833131842,7.310622888900903
Ryan Watson,SI,142,10.223077711808767,8.779387189792608
Ryan Watson,ST,196,11.81853469319606,10.88846735215338
Ryan Weathers,ALL,2004,10.597522207617947,9.957760872047317
Ryan Weathers,CH,509,11.188477709730819,10.606489127249288
Ryan Weathers,FF,450,10.496361028071398,9.993753559417415
Ryan Weathers,SI,394,9.362444540600645,8.804620806960125
Ryan Weathers,SL,248,9.679479627217507,9.145909563813683
Ryan Weathers,ST,403,11.833041935891362,10.985018240079262
Ryan Weiss,ALL,431,11.38803138865576,10.705997155424582
Ryan Weiss,CH,59,12.485086897608033,11.206736133915403
Ryan Weiss,CU,17,9.616656591279687,10.56606186522829
Ryan Weiss,FF,146,9.73855757123415,9.826263482424835
Ryan Weiss,SI,59,12.350865549767741,9.474805562829205
Ryan Weiss,ST,150,12.173252340083275,11.294076017223226
Ryan Yarbrough,ALL,743,10.22694739032453,8.814241690148425
Ryan Yarbrough,CH,149,8.694889153667587,7.708531569675468
Ryan Yarbrough,FC,200,10.790562299140355,8.657209126762286
Ryan Yarbrough,FF,126,10.07830583878308,8.247116049450437
Ryan Yarbrough,SI,99,10.052403532436513,9.2557951386058
Ryan Yarbrough,ST,169,10.436695943969216,10.41561563845626
Ryan Zeferjahn,ALL,950,11.646614196487636,10.595841761964572
Ryan Zeferjahn,CH,1,1.989268616477872,4.655047309351893
Ryan Zeferjahn,CU,26,19.248508234432997,14.951820677718747
Ryan Zeferjahn,FF,336,12.549135023632232,10.866783740344406
Ryan Zeferjahn,SI,130,12.599456781010277,9.887915594189273
Ryan Zeferjahn,SL,102,9.820539750792172,10.252981030302557
Ryan Zeferjahn,ST,354,11.289089584342129,10.691736892876811
Ryan Zeferjahn,UN,1,11.413074795834602,
Ryne Nelson,ALL,1179,9.991476358773637,9.683152230639365
Ryne Nelson,CU,114,15.177725934910061,11.873111738903184
Ryne Nelson,FC,115,10.450101891920808,10.146086648764198
Ryne Nelson,FF,678,9.293041214197558,9.409586805890893
Ryne Nelson,SI,46,9.73652873141093,8.74492179651479
Ryne Nelson,SL,226,10.643273358680148,9.264928548195508
Ryne Stanek,ALL,724,11.467660648109092,10.763369645581474
Ryne Stanek,FF,351,10.308248311887587,10.391430717815384
Ryne Stanek,FS,121,14.951278043137377,10.99784434769446
Ryne Stanek,SI,79,9.746268167585308,9.767019182863505
Ryne Stanek,SL,171,13.677628786717905,12.54733377347659
Ryne Stanek,ST,2,9.688167215099824,4.597314741614203
Sam Aldegheri,ALL,566,10.162760577767013,9.79539465703785
Sam Aldegheri,CH,176,9.505825993511799,10.09930585909139
Sam Aldegheri,CU,39,11.096279050736829,10.627020810578742
Sam Aldegheri,FC,54,11.36240365167334,11.967528949416645
Sam Aldegheri,FF,270,9.481116039573728,9.129408267130795
Sam Aldegheri,SL,27,16.40389728172117,18.007493334245655
Sam Bachman,ALL,702,11.933882022613115,11.162921779758788
Sam Bachman,CH,102,11.360400600675998,10.174863576545565
Sam Bachman,FF,21,14.597234792046832,11.644122946090242
Sam Bachman,SI,215,12.616976763672216,11.006248953756664
Sam Bachman,SL,362,11.151890863014817,11.326025185713311
Sam Bachman,ST,2,14.252178848376492,15.240148172256779
Sam Hentges,ALL,466,12.304664354481108,10.655041692714633
Sam Hentges,CU,82,17.780015606855635,11.820860391327141
Sam Hentges,FF,149,11.580254288294524,11.121898143221488
Sam Hentges,SI,125,11.538997014958898,10.464731866715011
Sam Hentges,SL,110,11.742058585056002,9.475028472661776
Sam Moll,ALL,892,11.271114966744221,10.221297558530846
Sam Moll,CH,144,16.029040062444576,12.959791146382173
Sam Moll,FF,98,10.599895262624726,10.207152871744821
Sam Moll,SI,328,8.957801838045711,8.817922277716775
Sam Moll,ST,322,12.236716872265937,10.636592904073456
Sammy Peralta,ALL,92,9.774315168757079,9.495948239542114
Sammy Peralta,CH,14,14.328062409753795,14.46670395896408
Sammy Peralta,FF,8,13.038842771118055,12.931978576685562
Sammy Peralta,SI,31,7.166217197899174,9.061518865295414
Sammy Peralta,SL,26,8.073885920505647,9.427890693636307
Sammy Peralta,ST,13,9.876336233566422,8.868212134489955
Samy Natera Jr.,ALL,433,11.654294702768215,10.094696066115695
Samy Natera Jr.,FF,351,11.123398473493516,9.781404262988172
Samy Natera Jr.,FS,5,23.24754446133999,17.403351453284643
Samy Natera Jr.,SL,77,15.42954127539296,10.649483033634365
Sandy Alcantara,ALL,2451,11.074217030240522,8.874193337556793
Sandy Alcantara,CH,496,13.228422275039836,9.05654946472293
Sandy Alcantara,CU,83,14.508703845594887,9.932706652893003
Sandy Alcantara,FC,363,9.236713166030361,8.631679994412838
Sandy Alcantara,FF,476,10.514787906083676,8.82961904964318
Sandy Alcantara,SI,659,10.37239837207644,8.478971610874188
Sandy Alcantara,SL,167,12.266090317174303,9.45741209823673
Sandy Alcantara,ST,207,11.948404187404677,10.156190735214274
Scott Barlow,ALL,546,11.33566640378778,10.5096854601796
Scott Barlow,CU,187,11.778981394808877,10.112495132927101
Scott Barlow,FF,72,10.424641593037276,9.848534676873145
Scott Barlow,FS,2,15.911626623459352,12.488992107611974
Scott Barlow,SI,71,11.642655666215994,11.232120951015359
Scott Barlow,SL,23,17.39986762544939,14.291560432050364
Scott Barlow,ST,191,10.661973157541983,10.321180808884794
Scott Blewett,ALL,271,9.886471231367045,9.135376566019794
Scott Blewett,FC,82,9.03732800167125,9.057036302660709
Scott Blewett,FF,70,9.657396209465496,9.18136048163364
Scott Blewett,FS,21,13.366948256405298,11.054584644814087
Scott Blewett,SI,30,8.870271503280156,8.056159605946966
Scott Blewett,SL,68,11.187188377686542,8.57313525271825
Sean Burke,ALL,1723,10.969028451727075,9.890606471488653
Sean Burke,CH,37,11.02864327747592,9.680447343077782
Sean Burke,FC,147,9.699103577580024,8.806101403444005
Sean Burke,FF,647,10.803619735388986,9.266628921649266
Sean Burke,KC,362,12.266173359530034,11.771434636397657
Sean Burke,SI,235,12.510261943255523,9.79493118449979
Sean Burke,SL,295,9.746686292489414,9.961118618554515
Sean Manaea,ALL,1540,10.57122053396057,9.66927435806427
Sean Manaea,CH,52,15.315564277133072,12.912875878082714
Sean Manaea,FC,102,10.127222830525193,10.114323022136809
Sean Manaea,FF,613,9.182423479666125,8.58438930199094
Sean Manaea,SI,308,9.680962289795474,8.499455969183476
Sean Manaea,ST,465,12.978529195958945,11.814844621349563
Sean Newcomb,ALL,795,10.945144820389965,10.15986066872469
Sean Newcomb,CH,23,11.87143022873631,10.979907358659602
Sean Newcomb,CU,18,12.386976195411185,11.835376721887023
Sean Newcomb,FC,12,10.909522923102994,10.18262516347566
Sean Newcomb,FF,286,9.52735479154412,8.889333431411767
Sean Newcomb,SI,179,9.539575760171818,10.058969148563374
Sean Newcomb,SV,277,12.416199523178669,11.522166078400302
Sean Sullivan,ALL,385,11.484950864184551,10.19747423405998
Sean Sullivan,CH,61,11.735599173767485,10.741258779923461
Sean Sullivan,FC,56,10.813789229010753,10.25022535495935
Sean Sullivan,FF,177,9.712564530147912,9.111387645949362
Sean Sullivan,SI,24,16.834300178617134,11.873013064738121
Sean Sullivan,ST,67,13.936876287053694,10.518966906017194
Seranthony Domínguez,ALL,653,12.119468480514392,11.599520019072878
Seranthony Domínguez,CU,8,23.362290999696825,20.779819766166767
Seranthony Domínguez,FF,274,10.206128848407992,10.291603089509373
Seranthony Domínguez,FS,73,18.973119468494406,14.28789756390052
Seranthony Domínguez,SI,113,12.211258362312247,10.34268391286935
Seranthony Domínguez,ST,185,14.021693518020639,13.625569585752393
Seth Halvorsen,ALL,365,12.105158640347124,11.687346529339436
Seth Halvorsen,FF,229,10.992874504753981,10.648589990265457
Seth Halvorsen,FS,29,13.230651224845918,12.11130010504387
Seth Halvorsen,SL,107,14.608300446525925,13.53344026867803
Seth Johnson,ALL,413,11.443911774461645,10.320046720839962
Seth Johnson,CU,26,16.65490088434275,15.665431390827418
Seth Johnson,FF,195,12.733574438797504,10.093089551941654
Seth Johnson,FS,4,17.201720014663373,15.580056496740141
Seth Johnson,SI,33,12.216942165604385,11.798946703867882
Seth Johnson,SL,144,9.543712387469057,9.513204544407873
Seth Johnson,ST,11,9.768752119778847,10.204846314340262
Seth Lugo,ALL,1986,9.946833481954938,9.436508618916108
Seth Lugo,CH,176,11.132308032087828,10.227543519929208
Seth Lugo,CS,52,13.257066977530794,13.077740035821018
Seth Lugo,CU,307,10.873938185242267,9.782212507128746
Seth Lugo,FC,321,9.369282937072635,8.414854648414618
Seth Lugo,FF,316,9.93799417624226,9.239534039221358
Seth Lugo,SI,388,9.187808158815596,9.069001844664363
Seth Lugo,SL,182,10.009424335323775,9.805322208209638
Seth Lugo,ST,219,10.505863568165067,10.324492728304026
Seth Lugo,SV,25,11.381588292112218,10.54803779984303
Seth Martinez,ALL,19,10.60094445773574,10.139578351191856
Seth Martinez,CH,1,10.60094445773574,13.247485737702146
Seth Martinez,FF,3,14.84879138585133,9.722842762114984
Seth Martinez,SI,7,8.853326312048768,6.46255414900527
Seth Martinez,ST,8,8.693860093074704,11.41186659464686
Shane Baz,ALL,2186,10.711509043089357,9.945081344517282
Shane Baz,CH,190,11.500927534324976,10.913723600094727
Shane Baz,FA,1,74.76078161880865,60.89194134708763
Shane Baz,FC,338,8.964125078039574,8.532491588485122
Shane Baz,FF,748,11.309150446267214,10.273496886641603
Shane Baz,KC,720,11.087217899385498,10.301352963097797
Shane Baz,SI,189,9.539312661292419,8.860506188198897
Shane Bieber,ALL,846,9.842490925261952,8.921839757906142
Shane Bieber,CH,157,12.105057246672494,9.352969680686462
Shane Bieber,FC,104,9.730919275133026,9.465972857779487
Shane Bieber,FF,307,8.617836814275828,8.07175751990118
Shane Bieber,KC,162,11.061224143984019,9.338997241665767
Shane Bieber,SI,35,8.665105789575874,7.457565640080788
Shane Bieber,SL,81,11.187413472740461,8.760956399372045
Shane Drohan,ALL,1432,10.842035791434249,9.854991922142728
Shane Drohan,CH,72,15.959200755019397,12.487448742067043
Shane Drohan,CU,196,11.244616387538127,10.670535150455311
Shane Drohan,FC,170,11.149130221603992,9.396553192534464
Shane Drohan,FF,412,10.294279260157357,10.024329114967472
Shane Drohan,SI,278,9.446306036145177,8.93010392551124
Shane Drohan,SL,304,11.425969961935143,9.598520686309271
Shane McClanahan,ALL,1422,11.109434502777543,10.258218449121948
Shane McClanahan,CH,411,10.790937800812143,10.538998766805795
Shane McClanahan,CU,199,10.885531882709742,10.490926534986572
Shane McClanahan,FF,553,11.69457244692114,10.38131463447012
Shane McClanahan,SL,259,10.647305060849686,8.934988228515305
Shane Smith,ALL,156,10.94664809643701,9.613003581980482
Shane Smith,CH,31,11.750802203130524,8.769605358012146
Shane Smith,CU,24,9.526547246215713,9.892084525887102
Shane Smith,FF,48,10.683183526562487,10.307001151020117
Shane Smith,SI,31,11.30999602506217,9.29652821365382
Shane Smith,SL,22,10.083071257348411,9.370213265914206
Shaun Anderson,ALL,317,10.779763859272833,10.345960826114391
Shaun Anderson,CH,84,11.833910344933518,11.62133522023806
Shaun Anderson,FF,87,10.779763859272833,9.897937768884924
Shaun Anderson,SI,23,8.203019901560022,11.140896904027384
Shaun Anderson,SL,81,9.940618374363545,9.46487751060107
Shaun Anderson,ST,42,12.072008665986578,12.551640158029656
Shawn Armstrong,ALL,572,10.243647429160891,9.536724089351235
Shawn Armstrong,FC,140,8.556350369667282,8.749696271808027
Shawn Armstrong,FF,186,10.204875549841713,9.397659905999102
Shawn Armstrong,SI,89,9.255237152667744,10.172454630696434
Shawn Armstrong,ST,157,11.181865297482547,10.023933015932418
Shohei Ohtani,ALL,1212,11.841105126348086,10.761170714403182
Shohei Ohtani,CU,117,11.977632165114475,13.263374598318402
Shohei Ohtani,FC,7,13.227084512204007,13.078074770339624
Shohei Ohtani,FF,559,11.360553361778933,9.643839348892897
Shohei Ohtani,FS,102,12.988934915806123,12.472550197973261
Shohei Ohtani,SI,64,14.848440072487161,13.202041896234235
Shohei Ohtani,SL,14,10.136703671222811,11.211480348791909
Shohei Ohtani,ST,349,11.671890524975193,10.918965924679856
Shota Imanaga,ALL,1548,11.18078256193796,9.698249943734643
Shota Imanaga,CU,40,10.777887649072651,10.0521453377198
Shota Imanaga,FF,733,11.509149538387346,9.43751854249745
Shota Imanaga,FS,467,9.934554041395849,9.691230732563083
Shota Imanaga,SI,93,10.908749712090831,10.123099713132403
Shota Imanaga,SL,11,19.27427952330489,11.814196572644493
Shota Imanaga,ST,204,12.288250279713157,11.1219369372606
Simeon Woods Richardson,ALL,938,11.31522587145282,9.90142897626476
Simeon Woods Richardson,CU,81,11.634330884477055,10.769369253712135
Simeon Woods Richardson,FF,413,9.71262938587446,9.336160123338999
Simeon Woods Richardson,FS,229,14.370571319370496,11.295335279520893
Simeon Woods Richardson,SI,1,19.796865908333256,17.183013380189152
Simeon Woods Richardson,SL,214,11.317213301037171,9.16583571818322
Slade Cecconi,ALL,1618,10.402586116285955,9.688570068284651
Slade Cecconi,CH,36,12.22647313598544,8.932741149079135
Slade Cecconi,CU,234,12.006570632165284,12.11695710921758
Slade Cecconi,FC,416,10.005553581594402,9.706766540792179
Slade Cecconi,FF,417,9.517151629097109,8.649427021230334
Slade Cecconi,FS,2,16.114601037002444,13.580932238607417
Slade Cecconi,SI,343,9.908002131468994,8.970165398035876
Slade Cecconi,SL,79,13.494929494930487,12.155109941719196
Slade Cecconi,ST,91,10.085413809165143,10.047108211142483
Sonny Gray,ALL,1715,10.147379949872558,8.982201488104025
Sonny Gray,CH,82,10.996962580174033,11.567740881849215
Sonny Gray,CS,2,28.002460532373348,17.319180742710998
Sonny Gray,CU,282,11.309078750654091,10.264248304573433
Sonny Gray,FC,333,9.130520535107982,7.4388657448105455
Sonny Gray,FF,305,9.563545105459667,8.113033240491061
Sonny Gray,SI,359,9.106328014530936,8.528648141119103
Sonny Gray,ST,352,11.872985804153508,10.123104108548041
Spencer Arrighetti,ALL,1361,12.306142179544635,10.294916187463455
Spencer Arrighetti,CH,89,14.98233780844576,11.282428084036637
Spencer Arrighetti,CU,472,14.268296757897168,11.02618894446248
Spencer Arrighetti,FC,73,10.57390002255131,8.727280930513192
Spencer Arrighetti,FF,411,10.499366181887442,9.446707913126769
Spencer Arrighetti,SI,141,10.934372792490043,9.778814018005109
Spencer Arrighetti,SL,16,10.730268547606954,9.501596135392106
Spencer Arrighetti,ST,159,12.211912252900035,11.48921869583785
Spencer Bivens,ALL,43,8.876100650396362,8.60361026566117
Spencer Bivens,CH,2,24.506693135413812,21.91381049835605
Spencer Bivens,FC,4,6.632164468222437,6.0230259581165555
Spencer Bivens,FF,1,14.083068887459518,14.24357680644031
Spencer Bivens,SI,26,7.87611367673882,8.050977516249546
Spencer Bivens,ST,10,14.116306091378444,12.051195936458882
Spencer Miles,ALL,1136,10.534084419582076,9.275711131981286
Spencer Miles,CH,2,16.164741309834685,10.139143528033005
Spencer Miles,CU,285,10.822182448211704,10.546578774871127
Spencer Miles,FF,173,10.102843144122026,9.397385347353211
Spencer Miles,SI,481,10.70530678166794,8.538583808111145
Spencer Miles,SL,195,10.100553337030469,9.355385199003289
Spencer Strider,ALL,630,10.85411356097418,9.772523589912819
Spencer Strider,CH,67,12.559530627802786,11.683488088213789
Spencer Strider,CU,90,13.9204592524648,10.02753153194276
Spencer Strider,FF,298,9.976327660581784,9.255649564840162
Spencer Strider,SL,175,10.427156524329288,9.190035401214576
Stephen Kolek,ALL,744,9.285672967834127,8.67357203087542
Stephen Kolek,CH,88,9.445203902962895,8.411648429342941
Stephen Kolek,FC,95,8.817944281092363,8.177906646769165
Stephen Kolek,FF,206,8.813163956061905,8.454696504703657
Stephen Kolek,SI,161,8.035751272100674,7.8261921346210865
Stephen Kolek,SL,124,10.998436232668258,9.406517834224562
Stephen Kolek,ST,70,9.970574414282389,10.105962888299196
Steven Cruz,ALL,674,10.88914549056284,10.330739279271203
Steven Cruz,FC,190,10.438678662265055,10.525207910326086
Steven Cruz,FF,372,10.399854463073682,10.109833003022327
Steven Cruz,SL,109,13.791706046895658,10.971968430103171
Steven Cruz,ST,3,12.963242669119376,18.335507048438252
Steven Matz,ALL,980,10.409624833191106,9.568224273407015
Steven Matz,CH,296,10.115898796031548,10.034602169445172
Steven Matz,CU,124,11.790975670500838,11.072501728737139
Steven Matz,FC,3,9.222443491949045,13.007283824889878
Steven Matz,SI,474,10.052585139690809,8.583322586349762
Steven Matz,SL,83,11.376132489277188,11.357010542225574
Steven Okert,ALL,881,9.813425708941164,9.078084548687503
Steven Okert,CH,2,20.551932070813667,17.48636119408179
Steven Okert,FF,238,10.485325310096318,8.858034897302383
Steven Okert,SI,50,9.580858606794244,9.34317520380293
Steven Okert,SL,591,9.541901270267315,9.321994381580721
TJ Shook,ALL,116,10.935771875487035,9.176006779331416
TJ Shook,CH,25,13.976217270181834,10.017017845645583
TJ Shook,FC,14,9.063876419626107,9.23361166142912
TJ Shook,FF,53,10.071923441450569,8.484809573434914
TJ Shook,ST,24,11.60190092503086,12.91847372432493
Taijuan Walker,ALL,359,10.680330043691326,9.263342889817991
Taijuan Walker,CU,44,12.255563362830639,10.834473351933179
Taijuan Walker,FC,71,8.759067547105053,7.974770153560876
Taijuan Walker,FF,34,12.946238875057329,11.143937595571817
Taijuan Walker,FS,86,12.192214381701694,8.762630597213935
Taijuan Walker,SI,86,8.587308205191702,9.703765717592365
Taijuan Walker,SL,38,11.306060242305193,10.405457242275915
Taj Bradley,ALL,2012,11.451509381072242,10.924885204053957
Taj Bradley,CU,192,15.073593371347581,13.516333795086
Taj Bradley,FC,476,11.209441452281649,10.927089154823898
Taj Bradley,FF,933,10.203321556170826,9.573971968823107
Taj Bradley,FS,411,13.313317751076783,13.050150423381908
Tanner Andrews,ALL,43,13.5571158508099,11.38182439538339
Tanner Andrews,FF,16,13.095142479680645,9.884200665038804
Tanner Andrews,FS,18,12.662083285869958,9.264582859251444
Tanner Andrews,SL,9,15.685164112786376,11.588257882785527
Tanner Banks,ALL,481,10.208935380806341,10.2023598058504
Tanner Banks,CH,24,15.234376116247535,15.055365962208606
Tanner Banks,FF,100,9.595781849511814,9.309427539148121
Tanner Banks,SI,77,9.699067374120553,10.192937765098781
Tanner Banks,SL,169,9.220966088246364,9.363587592105526
Tanner Banks,ST,111,11.92002210858245,11.573561406098511
Tanner Bibee,ALL,2145,9.69903660351377,9.431309445583453
Tanner Bibee,CH,316,11.864308168051549,11.260289484336326
Tanner Bibee,CU,229,12.71407865136304,11.097621546846769
Tanner Bibee,FC,515,9.38707368922158,9.352812320945631
Tanner Bibee,FF,502,9.498722660733003,9.379831433714577
Tanner Bibee,SI,476,8.528647135522114,8.271162472499931
Tanner Bibee,ST,107,9.818458868778873,9.819978365595318
Tanner Gordon,ALL,1014,10.667253224052551,9.263137146873849
Tanner Gordon,CH,220,13.047018902018806,8.754649697161373
Tanner Gordon,CU,88,12.907736186309847,10.645757272000644
Tanner Gordon,FF,429,9.055581402137229,8.616804692423566
Tanner Gordon,SI,35,12.703584176371942,10.798898363087114
Tanner Gordon,SL,242,11.074900202026,10.076690981606486
Tanner McDougal,ALL,18,14.583737601966767,8.078886122933504
Tanner McDougal,CH,1,6.996037990317379,7.421300018528378
Tanner McDougal,FF,15,14.561459273111241,7.891884910518661
Tanner McDougal,SL,2,30.742699714206164,28.46837376946302
Tanner Rainey,ALL,52,13.446992744855038,11.932654894212007
Tanner Rainey,CU,2,21.50490743998138,21.065069225610728
Tanner Rainey,FF,30,11.71456832043388,11.727239659644866
Tanner Rainey,SL,20,14.533410680097361,11.511161945994242
Tanner Scott,ALL,690,10.787890683782194,9.801423381446503
Tanner Scott,FF,323,11.4863973381977,9.923049895172491
Tanner Scott,SL,367,10.545989404665645,9.725821147165025
Tarik Skubal,ALL,1598,9.964902062893717,8.808819721373556
Tarik Skubal,CH,424,11.161122948440418,9.484196585130636
Tarik Skubal,CU,67,14.556504515520569,12.636224829685114
Tarik Skubal,FF,563,9.388259272853508,8.281718795350612
Tarik Skubal,SI,328,9.04128558904946,8.59445756440711
Tarik Skubal,SL,216,9.16743692093339,9.030757327711783
Tatsuya Imai,ALL,1174,12.767119362579246,10.38531559782549
Tatsuya Imai,CH,25,10.173326714095527,11.038127175858001
Tatsuya Imai,CU,4,16.70016445043425,12.838899193575688
Tatsuya Imai,FF,532,10.625773797196668,9.65598478905996
Tatsuya Imai,FS,42,18.319405040309732,14.984673890103213
Tatsuya Imai,SI,37,14.087372970322539,11.605562842181413
Tatsuya Imai,SL,534,14.808589201632504,10.45409466101536
Tayler Saucedo,ALL,152,11.725437604292432,11.957281145467888
Tayler Saucedo,CH,19,16.044648593676698,12.463528703005101
Tayler Saucedo,FF,28,13.800114181404707,13.175040543967683
Tayler Saucedo,SI,29,11.241256873401635,11.392458494120598
Tayler Saucedo,SL,42,9.792132109137583,9.761161572057528
Tayler Saucedo,ST,34,12.04401484673566,13.001675273682697
Taylor Clarke,ALL,710,9.769977218017903,9.331414575017234
Taylor Clarke,CH,201,11.167945807628618,10.093947514995822
Taylor Clarke,FC,136,8.648083420218674,7.9515779755875595
Taylor Clarke,FF,12,4.9825749844935086,6.784211705005498
Taylor Clarke,SI,136,9.45686253833846,9.673858024546373
Taylor Clarke,SL,225,9.828612649242201,9.451982477963076
Taylor Rashi,ALL,83,10.199846494075306,8.976181104709953
Taylor Rashi,CU,12,16.173987794033522,14.374716884192495
Taylor Rashi,FF,35,6.679893590369336,6.997907212839729
Taylor Rashi,FS,13,11.803989771100206,11.830095285796261
Taylor Rashi,SL,22,8.833519011562416,8.652358514507029
Taylor Rashi,SV,1,12.37569221918461,17.669994242623183
Taylor Rogers,ALL,698,11.504619706560344,9.8551345020493
Taylor Rogers,FC,93,11.999369836455893,10.265088220499337
Taylor Rogers,SI,253,10.393050028949057,9.678702066685938
Taylor Rogers,ST,352,11.849069938115626,10.017909067847677
Tejay Antone,ALL,633,10.02465886317423,10.320438735556774
Tejay Antone,CH,1,13.06416814118153,10.01077201703493
Tejay Antone,CU,77,11.957535438455487,10.845517309090743
Tejay Antone,FC,108,8.511884866466538,8.318600760226875
Tejay Antone,FF,35,9.206791522890617,9.102347553803384
Tejay Antone,SI,58,12.765516542690742,12.635734261108583
Tejay Antone,SL,10,15.34975182297173,16.582136973882815
Tejay Antone,ST,344,10.03378305731302,10.473133585309723
Thomas Pannone,ALL,55,11.302197369486658,8.759966967962526
Thomas Pannone,CH,6,9.156189221915831,4.360316856016119
Thomas Pannone,CU,7,19.112356475466928,12.781155538066916
Thomas Pannone,FC,24,12.369894522275647,10.560111129426751
Thomas Pannone,FF,4,9.346939274063665,5.55736979650871
Thomas Pannone,SI,10,10.326251279017487,9.883448443553242
Thomas Pannone,ST,4,6.8866037439454395,5.612631494157124
Tim Herrin,ALL,601,11.08464090641681,10.496603395164717
Tim Herrin,CH,3,21.334800832556887,16.18936836112595
Tim Herrin,CU,166,13.369333429336432,12.082720238959352
Tim Herrin,FF,132,9.729452212804741,9.468719797787534
Tim Herrin,SI,132,9.198648692878837,9.655320822502091
Tim Herrin,SL,168,11.838404804609436,10.830602801921259
Tim Hill,ALL,385,10.734235717272494,9.440273980457441
Tim Hill,FF,32,12.09400902700283,10.236202376136116
Tim Hill,SI,287,10.043665621634684,9.261093467047711
Tim Hill,SL,66,13.302057826909088,9.16102475053562
Tim Mayza,ALL,817,9.858240784926387,9.270565027212596
Tim Mayza,FF,62,9.289563768446994,8.28204069692908
Tim Mayza,FS,21,11.091373205042233,10.400608468567457
Tim Mayza,SI,474,8.857234817938894,8.70442539345975
Tim Mayza,SL,260,12.663514424681182,10.698446944135815
Tobias Myers,ALL,599,10.057400006870441,9.679347162564394
Tobias Myers,FC,65,9.928437199535013,9.134540814136844
Tobias Myers,FF,287,8.910616547917176,9.085036294803494
Tobias Myers,FS,135,11.530021844838746,10.15197051067899
Tobias Myers,SL,103,10.373292439905578,11.050854300127517
Tobias Myers,ST,9,12.140286525315327,14.368216545202799
Tom Cosgrove,ALL,175,11.264122018740146,10.139001141826784
Tom Cosgrove,FF,49,11.242808101697392,9.73891053529867
Tom Cosgrove,SI,14,7.952997129107855,10.76864616681304
Tom Cosgrove,ST,112,12.049967981915431,10.301741334852679
Tommy Kahnle,ALL,143,10.75348034201653,9.579585578174184
Tommy Kahnle,CH,91,10.86590374099724,10.118374415590624
Tommy Kahnle,FF,42,10.400943386281938,8.938835279577354
Tommy Kahnle,SL,10,13.647432350694508,12.376626981407663
Tommy Nance,ALL,646,11.044236990426711,10.064685872517018
Tommy Nance,CU,191,13.377049131977879,12.119801633148986
Tommy Nance,FF,3,14.046915627745637,16.40556190128818
Tommy Nance,SI,185,10.775364075695265,9.431071340751862
Tommy Nance,SL,267,9.54863663941326,9.203743504218279
Tomoyuki Sugano,ALL,1788,10.435239990327242,8.477961464085968
Tomoyuki Sugano,CU,121,13.028171283251439,9.272014634873774
Tomoyuki Sugano,FC,197,9.058445956775628,7.965038721841659
Tomoyuki Sugano,FF,361,8.108475036035774,8.270328347044337
Tomoyuki Sugano,FS,384,14.726458106756853,9.152096249150517
Tomoyuki Sugano,SI,355,9.257608504094486,7.645679731150254
Tomoyuki Sugano,SL,177,12.20479170632867,9.216737757178402
Tomoyuki Sugano,ST,193,9.72017856339632,8.667158454995372
Tony Santillan,ALL,434,11.538137687581516,9.652751401720614
Tony Santillan,FF,281,10.169262391009296,9.434466998986743
Tony Santillan,SL,9,20.590176996504876,17.353344621639238
Tony Santillan,SV,144,14.194596709419766,10.18021764520989
Travis Adams,ALL,570,10.87016625915994,9.927349153327448
Travis Adams,CH,160,12.551503744802663,10.531464965631976
Travis Adams,FC,116,10.333839827243679,9.796850569369902
Travis Adams,FF,141,9.8635390231325,9.311370492892483
Travis Adams,SI,33,8.1805686471041,7.2602612935760815
Travis Adams,SL,120,11.670734546519174,10.521081355821723
Trent Harris,ALL,83,12.510419036027512,10.751306964505378
Trent Harris,CU,18,14.045088985148256,13.537821142655588
Trent Harris,FC,20,11.733300182193773,13.688795210314538
Trent Harris,SI,21,11.900188511881613,8.929068367963724
Trent Harris,ST,24,13.006030267112624,12.381302991099275
Trent Thornton,ALL,442,10.985843110053205,9.747831658231508
Trent Thornton,CH,1,29.189889918367417,29.902514676149156
Trent Thornton,CU,69,10.49850760377676,9.642700735528793
Trent Thornton,FC,103,9.617545457713621,8.39414522049306
Trent Thornton,FF,159,10.604106461671527,9.349316001924992
Trent Thornton,SI,36,12.410320184902623,10.993776891826261
Trent Thornton,ST,74,11.954179814772043,12.202295210420242
Trevor Martin,ALL,168,12.340017606000377,10.097659990549195
Trevor Martin,CU,8,13.992467062995491,7.722194195894445
Trevor Martin,FC,38,10.88431462813203,10.096719851595914
Trevor Martin,FF,74,11.815685681678875,8.437921053478043
Trevor Martin,FS,35,15.955296162782323,12.315712408204151
Trevor Martin,SI,13,16.24178305023804,11.706427465994572
Trevor McDonald,ALL,1026,13.225143197946954,9.962553732095571
Trevor McDonald,CH,156,17.680776362004522,11.531943677297777
Trevor McDonald,FC,8,9.22986240134275,8.7736271953946
Trevor McDonald,FF,9,16.79508611202462,11.821852312858091
Trevor McDonald,SI,595,11.568549223605268,9.431512999625834
Trevor McDonald,SL,258,15.852550301499875,10.830544849840667
Trevor Megill,ALL,636,10.81020415171602,9.929231837093845
Trevor Megill,FF,412,10.110687307281847,9.486787419340658
Trevor Megill,KC,224,12.342348947252086,11.336210068975841
Trevor Richards,ALL,703,10.552496102154878,9.671155191163827
Trevor Richards,CH,212,16.055416668123442,11.996503484628242
Trevor Richards,FF,438,8.790960842554549,8.277388308028096
Trevor Richards,SI,2,17.50401219900776,17.108042850581214
Trevor Richards,SL,50,13.150424005520893,12.058766408904884
Trevor Richards,ST,1,44.6607493594745,46.784928227665816
Trevor Rogers,ALL,1686,10.226940978727644,8.983510190068268
Trevor Rogers,CH,381,11.287872457196741,9.340520368543167
Trevor Rogers,FC,165,10.571446441563921,8.480580857887698
Trevor Rogers,FF,753,9.741058679663661,8.716688495812896
Trevor Rogers,SI,173,8.427850860395543,8.546669363719129
Trevor Rogers,ST,214,11.338340109457214,9.701654360085934
Trevor Williams,ALL,226,9.717340899647315,8.812113332014704
Trevor Williams,CH,19,16.72744398254824,8.84108589821698
Trevor Williams,FF,100,9.186131082094308,7.986999468351494
Trevor Williams,SI,32,10.228583640952621,9.009617791592857
Trevor Williams,SL,14,12.049421291166844,11.316129971608316
Trevor Williams,ST,61,9.324098725976354,9.053284804537286
Trey Gibson,ALL,543,11.73553160253851,9.877014268379599
Trey Gibson,CU,76,11.255081164643668,9.748246155206864
Trey Gibson,FC,100,10.139559116651311,9.009826196826673
Trey Gibson,FF,103,11.455750167342561,11.740365018891922
Trey Gibson,SI,140,12.499779199090382,10.109261896935056
Trey Gibson,SL,112,12.469461763580878,9.577285470987189
Trey Gibson,ST,12,12.856282786612478,10.501493966837463
Trey Yesavage,ALL,1264,11.484112379380747,11.383373215894096
Trey Yesavage,FF,575,9.88934068085163,10.008583401653238
Trey Yesavage,FS,366,15.53737411836806,13.770077704275877
Trey Yesavage,SL,323,11.547316824163753,11.241648898220905
Tristan Beck,ALL,222,11.02311691903499,9.889763054868421
Tristan Beck,CH,2,14.555665677412456,16.030450470594513
Tristan Beck,CU,12,9.526303236977412,6.586744428224545
Tristan Beck,FF,86,12.306387538427291,10.477320605058633
Tristan Beck,SL,38,9.65538250880632,9.136847225479583
Tristan Beck,ST,84,10.508979263597066,10.620460222004795
Troy Johnston,ALL,19,13.909426121410215,11.294126588998925
Troy Johnston,CH,9,14.146531938165625,12.967508609551231
Troy Johnston,SL,10,12.915983437632725,8.945557066824094
Troy Melton,ALL,1129,10.97052658136663,9.577498755914553
Troy Melton,CH,88,13.716641328172114,11.380982727985483
Troy Melton,CU,82,11.315225134798085,9.284796823475347
Troy Melton,FC,258,8.557557521205993,8.266866626595942
Troy Melton,FF,387,10.611538176679677,9.62029544435762
Troy Melton,FS,40,15.686297228074494,13.618603055848958
Troy Melton,SI,93,12.827781304399405,9.237053071800698
Troy Melton,SL,181,11.900213016212433,9.93672835993377
Ty Blach,ALL,27,8.594067869444627,7.402632954644557
Ty Blach,CH,3,8.325894275780989,10.806578046422764
Ty Blach,FC,7,6.313316258064883,5.146061387598262
Ty Blach,SI,17,10.235295613664885,8.863534231031311
Ty Madden,ALL,541,12.167499935397656,10.497734900015363
Ty Madden,FC,100,11.343915910617053,10.062293412280118
Ty Madden,FF,186,10.904776723035166,9.033872217321205
Ty Madden,FS,73,15.54430401986018,11.742651765089827
Ty Madden,KC,5,10.600681453149754,14.977185450331989
Ty Madden,SI,57,11.88552414510029,10.497734900015363
Ty Madden,SL,120,14.590354600249377,11.638270753082223
Tyler Alexander,ALL,849,10.018465661163983,8.458407679242002
Tyler Alexander,CH,204,10.43274338182891,8.915548687727409
Tyler Alexander,FC,187,10.91938941184672,9.176152520833247
Tyler Alexander,FF,149,8.59457872312687,7.834977343488625
Tyler Alexander,SI,164,9.500492179468333,7.752049831659898
Tyler Alexander,SL,1,46.92170058531755,44.722647113929604
Tyler Alexander,ST,144,9.123241166662776,8.596544883269143
Tyler Callihan,ALL,30,16.941155457902262,16.428065082059163
Tyler Callihan,CH,3,18.4186841550669,17.455239477783678
Tyler Callihan,FA,11,18.90690247096748,16.626390617573243
Tyler Callihan,SL,16,16.714031110016734,15.467394746473143
Tyler Davis,ALL,343,10.11205521067774,9.658405293451334
Tyler Davis,FF,211,9.955701551093107,9.782915403047186
Tyler Davis,FS,23,17.525734121514652,15.873982168088414
Tyler Davis,SL,109,9.721594869796059,8.479636898614672
Tyler Ferguson,ALL,186,11.004909984226792,9.461775355398029
Tyler Ferguson,CH,12,13.411860175615676,10.131761041885696
Tyler Ferguson,FC,14,6.997642615191621,5.546998195093847
Tyler Ferguson,FF,90,12.629584335484484,9.826748056833404
Tyler Ferguson,SI,15,10.339609066682227,10.143926319778558
Tyler Ferguson,SL,17,9.559904366264787,7.627804459507503
Tyler Ferguson,ST,38,10.936536075119635,9.585433633250688
Tyler Gilbert,ALL,81,9.757252890946473,9.40089337545136
Tyler Gilbert,FC,15,12.032207279649828,9.961828866816422
Tyler Gilbert,FF,6,7.918043934431429,8.238151862236192
Tyler Gilbert,FS,2,25.894206196049097,24.292178466417642
Tyler Gilbert,SI,29,6.520998007682755,5.763787597866283
Tyler Gilbert,ST,29,13.069543980179132,10.696416556687142
Tyler Glasnow,ALL,536,10.809190960169431,10.016385408206308
Tyler Glasnow,CU,49,17.502424860377694,12.19197798878665
Tyler Glasnow,FF,152,9.159705482491578,8.508645540648004
Tyler Glasnow,KC,106,12.794700788650463,12.390197153664738
Tyler Glasnow,SI,141,9.842199816604358,9.8144954774882
Tyler Glasnow,SL,88,11.675149568293513,9.143561793747423
Tyler Heineman,ALL,29,16.33231140604527,10.141146960948559
Tyler Heineman,EP,16,16.511296700432336,11.237956350074008
Tyler Heineman,FA,13,16.275258772662944,9.910429952209096
Tyler Holton,ALL,826,10.16254334608709,9.293531778578574
Tyler Holton,CH,139,12.040556204787725,9.587690743575632
Tyler Holton,CU,35,18.18497821674243,16.505887109785547
Tyler Holton,FC,264,9.141260641004617,8.477655538804136
Tyler Holton,FF,100,10.059673677158722,9.909297409556553
Tyler Holton,SI,156,8.512761838339056,8.683388975063483
Tyler Holton,ST,132,12.568833385964258,10.572028654794586
Tyler Kinley,ALL,663,11.309447138088126,10.43490542499832
Tyler Kinley,CU,106,12.508869051958097,11.865916306236446
Tyler Kinley,FF,108,12.327887939492758,10.355568598141653
Tyler Kinley,FS,3,17.654108268611427,12.84655506217653
Tyler Kinley,SI,7,15.47410741598206,16.853228346772465
Tyler Kinley,SL,439,10.738015608689027,10.235129496848318
Tyler Mahle,ALL,1622,8.879580337067631,7.867912982827989
Tyler Mahle,FC,292,7.274191489102938,7.164907587662075
Tyler Mahle,FF,790,8.429016374702975,7.33185807489527
Tyler Mahle,FS,413,10.369956880454055,8.615489701799824
Tyler Mahle,SI,16,9.534794574614985,11.40965249415625
Tyler Mahle,SL,111,11.666725773428483,9.469649113948712
Tyler Phillips,ALL,1482,12.518500723022122,9.778901634461828
Tyler Phillips,CU,254,13.947356516371121,10.024520745181075
Tyler Phillips,FF,127,10.152163944291447,9.439899279820867
Tyler Phillips,FS,356,14.350381684954712,9.6030180245138
Tyler Phillips,SI,369,11.815513400482919,9.445431131426597
Tyler Phillips,SL,20,9.826292403136929,10.446914531668547
Tyler Phillips,ST,356,11.519983986213347,10.208392061291088
Tyler Rogers,ALL,457,8.287361308083335,8.291380895431145
Tyler Rogers,SI,350,8.346049701846454,8.138636623089415
Tyler Rogers,SL,107,8.221370533829253,8.846406529726384
Tyler Samaniego,ALL,285,10.277762359870813,9.873097331970293
Tyler Samaniego,CH,18,15.742605642339402,12.111343891364204
Tyler Samaniego,FC,21,7.870794727335842,7.42436661783245
Tyler Samaniego,FF,80,10.927983735363615,10.569327282849295
Tyler Samaniego,SI,110,8.137793991337901,8.024066785353885
Tyler Samaniego,ST,56,15.822351808684203,12.201571962560287
Tyler Schweitzer,ALL,345,10.177191035845972,9.462905938353256
Tyler Schweitzer,CH,36,12.6684728219916,11.065108304888614
Tyler Schweitzer,FF,136,9.341937038790714,8.703598545844748
Tyler Schweitzer,SI,11,11.440449430416132,11.53313067043604
Tyler Schweitzer,SL,126,10.815043279641781,10.219983017818848
Tyler Schweitzer,ST,36,8.520027777283307,9.478106993314553
Tyler Tolbert,ALL,72,17.414883929908747,15.455016511586443
Tyler Tolbert,EP,41,16.98959480843569,14.016293612666665
Tyler Tolbert,FA,31,22.135819512230153,17.158171622155376
Tyler Uberstine,ALL,43,9.452203692103147,9.951193144688816
Tyler Uberstine,CH,5,10.366014520887632,14.433551356743012
Tyler Uberstine,FC,8,10.78505248284893,9.755593761509603
Tyler Uberstine,FF,10,7.552077608314775,8.004352151512425
Tyler Uberstine,SI,9,13.766343160042744,9.951193144688816
Tyler Uberstine,ST,11,9.452203692103147,10.651502158998433
Tyler Wells,ALL,838,9.785418065407587,8.68851241008882
Tyler Wells,CH,195,10.27918555469315,8.744912794326547
Tyler Wells,CU,41,15.855397450548212,12.924006858600894
Tyler Wells,FC,242,9.271537959450683,8.913055864016055
Tyler Wells,FF,232,10.61586701817134,8.332808616928457
Tyler Wells,SL,128,8.52241102935442,8.508365630019707
Tyler Zuber,ALL,407,10.252733840211222,8.757124332151447
Tyler Zuber,CU,21,13.741058948419766,10.86634620512298
Tyler Zuber,FF,162,8.946203890857337,7.972742718648851
Tyler Zuber,SI,41,9.652033144778217,8.969941923562578
Tyler Zuber,SL,67,11.00626370819057,9.236522647904554
Tyler Zuber,ST,116,11.958349653864197,9.383158822026044
Tyron Guerrero,ALL,470,10.521771349087366,9.883996605505068
Tyron Guerrero,FS,21,14.889484048228907,11.014306657511348
Tyron Guerrero,SI,396,10.191845353301698,9.721702060696183
Tyron Guerrero,SL,53,14.445311612958962,11.713595889829648
Valente Bellozo,ALL,156,11.18315990786988,10.477041278539996
Valente Bellozo,CH,30,17.56355553117269,11.701970984979026
Valente Bellozo,CU,8,18.87695860026827,9.45850904128443
Valente Bellozo,FC,33,9.439024977893274,8.650000026628108
Valente Bellozo,FF,34,7.2151524710496435,8.13639415444543
Valente Bellozo,SI,18,14.055329599333339,12.473365660015151
Valente Bellozo,ST,33,13.04266687535357,11.452818841623127
Victor Mederos,ALL,296,11.616526570625377,10.671387041183511
Victor Mederos,CH,25,18.06071164601749,14.811901307525133
Victor Mederos,FC,148,10.418800926006387,10.154469314869434
Victor Mederos,FF,67,12.140195353537914,9.328903368471728
Victor Mederos,SI,43,10.656123453285629,11.992927796744445
Victor Mederos,SL,2,12.989322398120187,14.057458898810228
Victor Mederos,ST,11,15.834907778758298,15.207763267710297
Victor Robles,ALL,21,8.96308407213364,11.25561638088487
Victor Robles,CU,12,10.123776003081037,10.059477721382969
Victor Robles,FF,9,8.728396824742866,12.996230250137547
Victor Vodnik,ALL,637,11.695060017559612,10.618823961491275
Victor Vodnik,CH,103,13.508173096911225,10.794436368874784
Victor Vodnik,FC,10,6.2720151321247855,4.638619424475768
Victor Vodnik,FF,309,10.605887458032624,10.564564450923905
Victor Vodnik,SI,9,11.446558746106426,10.48609232192192
Victor Vodnik,SL,206,13.279962322832809,10.93480974184537
Vince Velasquez,ALL,11,11.265013592136945,11.667482008020212
Vince Velasquez,FC,2,11.86770365590823,11.083885362112692
Vince Velasquez,FF,8,11.921855872878508,11.413136711483897
Vince Velasquez,KC,1,7.442345322798997,13.081532383086532
Walbert Ureña,ALL,1815,11.51355165268497,10.169185331819119
Walbert Ureña,CH,610,11.322507171355895,9.857534623193821
Walbert Ureña,FA,1,29.560632564567854,25.12752906395787
Walbert Ureña,FF,381,11.408816880261437,10.50847314115592
Walbert Ureña,SI,553,11.529391021841905,9.814996071852233
Walbert Ureña,ST,270,12.626968755697497,11.960264145758218
Walker Buehler,ALL,1771,9.580667723501445,9.09131076744056
Walker Buehler,CH,176,13.015237788146731,11.15796650982076
Walker Buehler,FC,437,8.16498067301215,8.571987222240997
Walker Buehler,FF,337,8.717975273039496,9.093998176535067
Walker Buehler,KC,157,14.42291159798365,11.017139220195459
Walker Buehler,SI,343,8.863695511548949,8.256828599066043
Walker Buehler,SL,190,9.129600099388565,8.429595673306487
Walker Buehler,ST,131,11.531167037243602,9.515784409562075
Wandy Peralta,ALL,861,11.459840645323016,9.449822693786905
Wandy Peralta,CH,284,12.635811114067561,9.018719504617929
Wandy Peralta,FF,87,10.571643385958824,10.740263348956452
Wandy Peralta,SI,345,10.035811667389433,9.19694584309541
Wandy Peralta,SL,145,11.738198301113048,10.788672428993705
Welinton Herrera,ALL,37,12.43452132805691,10.659882940944732
Welinton Herrera,CH,6,16.773761240747056,13.66306664231565
Welinton Herrera,FF,22,11.432388151151592,8.96116247985669
Welinton Herrera,SL,9,15.617098687195613,12.05761103571309
Weston Wilson,ALL,34,12.854213533645996,11.321309897594679
Weston Wilson,CS,1,34.2915792559718,21.641030856135675
Weston Wilson,EP,25,12.40951118747162,10.950794084549226
Weston Wilson,FA,8,14.641291486047791,13.312075829444513
Wilber Dotel,ALL,417,11.420172329321304,9.79628125522354
Wilber Dotel,CH,37,16.455199231696145,12.956347898576555
Wilber Dotel,FC,95,10.79814986850889,9.706377100552615
Wilber Dotel,FF,192,10.875172765349756,9.918516082357318
Wilber Dotel,SL,93,12.25064393018957,9.572976740746359
Wilkin Ramos,ALL,58,13.758771895766124,10.962000081244566
Wilkin Ramos,CU,9,13.304762705385496,15.164234019989014
Wilkin Ramos,FC,2,25.08234536797129,24.56635411235998
Wilkin Ramos,FF,13,13.499142737320494,8.665697254190192
Wilkin Ramos,SI,34,13.758771895766124,10.081526119690814
Will Dion,ALL,386,9.875410097326878,9.509530447015784
Will Dion,CH,81,10.696139168735895,10.257319975710121
Will Dion,CU,75,11.297062192916446,10.887235329485092
Will Dion,FC,36,7.041269647378815,8.341844319541458
Will Dion,FF,175,10.289255348887531,9.436779561757431
Will Dion,SI,19,5.576459479360442,5.495943150428344
Will Klein,ALL,667,11.763708521033905,10.74259255426004
Will Klein,CU,105,15.88421394215988,14.229203698533055
Will Klein,FF,339,11.352072732189383,9.967275318016453
Will Klein,SL,27,9.673890503313446,11.05749983975746
Will Klein,ST,196,10.6037301276471,10.750156666671538
Will Vest,ALL,448,11.175483850382147,8.336174311629566
Will Vest,CH,54,17.5182111619659,8.698637276155345
Will Vest,FF,197,9.015906710369066,7.782380354214217
Will Vest,SI,68,10.307497614970945,9.070703435339947
Will Vest,SL,129,12.639873195201886,8.682737882015966
Will Warren,ALL,1770,10.245935064024685,9.146310755058803
Will Warren,CH,225,12.947670341076686,9.603697669603434
Will Warren,CU,89,13.65496561799265,10.744673795657299
Will Warren,FF,653,9.232982010756354,8.458730047194535
Will Warren,SI,471,9.584931632555898,8.586197959491205
Will Warren,ST,332,10.35836097474164,10.267703862569252
William Kempner,ALL,191,13.477559269455638,10.721165027965741
William Kempner,CH,4,12.798837688250568,12.005132248256727
William Kempner,FC,23,10.386616722710528,9.75721004833402
William Kempner,FF,94,13.101754951064812,10.585278897215614
William Kempner,SI,29,15.766238043484114,11.54369170826156
William Kempner,ST,41,14.01308170741298,11.00685151221723
Winston Santos,ALL,33,11.851204456343378,9.423104011772207
Winston Santos,CH,5,5.514576019598655,6.171408772334009
Winston Santos,FF,18,14.301313436315588,9.868137966050778
Winston Santos,SL,10,13.540300221420397,12.724934891147566
Woo-Suk Go,ALL,65,12.47491043187461,12.003986617085946
Woo-Suk Go,CU,12,10.620025845545854,10.789906995024904
Woo-Suk Go,FF,25,14.78736778215761,12.122409930928264
Woo-Suk Go,FS,4,17.59247868575278,17.352598453581642
Woo-Suk Go,SL,24,11.894197837328354,10.92998351431298
Wyatt Mills,ALL,145,14.077828559509689,11.637763563981977
Wyatt Mills,FF,40,11.227725987172253,10.954371057973209
Wyatt Mills,SI,39,15.43317324853374,11.534541676613467
Wyatt Mills,SL,44,11.69495945111869,9.8603206673118
Wyatt Mills,ST,22,17.936329912759955,17.671911231559022
Wyatt Olds,ALL,23,12.072012679141876,11.260646634526259
Wyatt Olds,FC,3,10.66963073937354,9.360206871894826
Wyatt Olds,FF,11,11.704912840746697,9.211556063489148
Wyatt Olds,SL,9,13.34395295989458,11.796625896929616
Xzavion Curry,ALL,225,11.313178923966726,10.279325304812652
Xzavion Curry,CU,26,8.741872812262413,9.343386482640803
Xzavion Curry,FC,1,36.49674012185233,33.45890069261272
Xzavion Curry,FF,76,11.336112381619852,10.51769590853258
Xzavion Curry,FO,3,30.48314223181261,14.774203772064542
Xzavion Curry,FS,37,14.141022378602539,11.155389363209915
Xzavion Curry,SI,17,7.713284920451206,9.133968151511406
Xzavion Curry,SL,65,10.022665025839608,9.42750523494417
Yacksel Ríos,ALL,10,12.221905478871314,9.00248534011126
Yacksel Ríos,FF,2,18.01485659809454,14.022098856705401
Yacksel Ríos,FS,2,12.571837811932147,13.035050281601835
Yacksel Ríos,SI,5,10.245102244596913,6.769914096626636
Yacksel Ríos,SL,1,9.09076075385203,7.448364237560201
Yaramil Hiraldo,ALL,124,11.67444634356131,10.619889935976127
Yaramil Hiraldo,FF,56,11.599422568564174,10.79518194908342
Yaramil Hiraldo,FS,36,12.882977748634556,10.302918979780943
Yaramil Hiraldo,SL,32,10.4522880328907,9.474115253589453
Yariel Rodríguez,ALL,169,13.341572552489113,10.908503493789016
Yariel Rodríguez,FF,36,14.16917742781035,12.448814685475549
Yariel Rodríguez,FS,42,14.04819764458461,10.066630642285737
Yariel Rodríguez,SI,25,15.493024688174016,12.765859736896608
Yariel Rodríguez,SL,66,9.407018808054584,9.466760979144519
Yennier Cano,ALL,579,9.477493946401776,8.43957250768411
Yennier Cano,FF,31,16.27329610609248,10.761032000952977
Yennier Cano,FS,165,10.262170332774295,8.31579175519237
Yennier Cano,SI,303,8.289392699422995,7.646579933239492
Yennier Cano,SL,6,13.405886209342478,11.53074891960296
Yennier Cano,ST,74,13.064375842046497,10.184576847526543
Yerry De los Santos,ALL,207,9.65459794515318,9.638447346217117
Yerry De los Santos,CH,49,12.93308129809812,11.969313947432735
Yerry De los Santos,FF,23,8.998325561522416,10.77688943423328
Yerry De los Santos,SI,123,9.282125554468958,8.832942497618951
Yerry De los Santos,SL,12,7.279949981943544,8.258603568468951
Yilber Díaz,ALL,64,11.314689568164518,9.072527831912875
Yilber Díaz,FF,32,8.749213024706021,8.83169550021033
Yilber Díaz,KC,4,19.20135849581599,18.76394367614801
Yilber Díaz,SL,28,13.029821596270722,8.912443218683611
Yoendrys Gómez,ALL,840,11.35759637702797,10.391314698335123
Yoendrys Gómez,CH,42,14.124931149045764,12.240274800222455
Yoendrys Gómez,FC,121,10.14019963720253,9.466634873681082
Yoendrys Gómez,FF,389,10.897017756971612,10.472199099085143
Yoendrys Gómez,SI,83,12.82338298567624,10.117564027491264
Yoendrys Gómez,ST,205,12.739948904269964,11.640442676341937
Yohan Ramírez,ALL,972,12.216980457506434,10.885429070658287
Yohan Ramírez,CH,4,12.7453620690505,15.091428071336972
Yohan Ramírez,CU,128,14.997755805178677,12.238384749414884
Yohan Ramírez,FF,233,10.266329360058732,9.32990306720075
Yohan Ramírez,SI,229,11.896782574758264,9.446755636830932
Yohan Ramírez,ST,377,13.290535338152992,11.792949196337474
Yohan Ramírez,UN,1,15.167245647470091,
Yoshinobu Yamamoto,ALL,1956,9.01274864223376,8.018150532358542
Yoshinobu Yamamoto,CU,243,9.799856663508907,9.455728848850462
Yoshinobu Yamamoto,FC,289,8.85265249347849,7.124818718578228
Yoshinobu Yamamoto,FF,532,9.35475698233362,7.880386988147431
Yoshinobu Yamamoto,FS,522,9.694186654708837,8.976447939353264
Yoshinobu Yamamoto,SI,244,7.380989142512554,7.5271521349943065
Yoshinobu Yamamoto,SL,126,7.705944754455759,7.316527091753924
Yovanny Cruz,ALL,134,12.370906515501005,11.371278779796105
Yovanny Cruz,FF,48,14.937529490653858,12.434248933758404
Yovanny Cruz,FS,13,15.069624986512574,10.199205277378542
Yovanny Cruz,SL,73,11.861050986374064,10.717523526897416
Yuki Matsui,ALL,740,12.006262664524819,10.39026237192396
Yuki Matsui,FF,274,10.009957705295093,9.912856863642677
Yuki Matsui,FS,190,14.989796472752406,10.63088550242046
Yuki Matsui,SI,22,15.212010150962213,9.61113597854488
Yuki Matsui,SL,225,11.362691763549606,10.49471102357718
Yuki Matsui,ST,29,12.131497327505961,13.08372796993179
Yunior Marte,ALL,21,15.850009685022913,11.085331834326748
Yunior Marte,FF,6,13.018589114459257,11.409664064027282
Yunior Marte,SI,3,19.134096144247124,20.305093044722376
Yunior Marte,SL,12,15.741033436918151,9.389133618315476
Yunior Tur,ALL,110,10.974791788884525,11.178010511824978
Yunior Tur,FC,34,11.23636415025912,11.364707471729915
Yunior Tur,FF,34,9.950415604165329,10.34575450542498
Yunior Tur,FS,41,10.02716121106413,10.350767708962353
Yunior Tur,ST,1,19.350749220750856,21.2859434256058
Yusei Kikuchi,ALL,518,11.452791463931124,11.108600795725799
Yusei Kikuchi,CU,48,11.973992118233443,10.939694715390583
Yusei Kikuchi,FC,54,10.934763844075292,9.2468641994559
Yusei Kikuchi,FF,179,11.884006077607358,11.2530302611792
Yusei Kikuchi,FS,116,11.299805217352969,12.155216558309817
Yusei Kikuchi,SL,121,10.894242042052962,10.716754402793365
Zac Gallen,ALL,1485,10.219326560885145,8.454487178537313
Zac Gallen,CH,263,12.401063199953498,8.34024042579936
Zac Gallen,FA,1,14.206050744857405,13.626308889400871
Zac Gallen,FF,552,8.272093884396138,8.424152270522715
Zac Gallen,KC,280,12.976457109415161,8.504388863054785
Zac Gallen,SI,79,8.930385466596455,7.393147652376469
Zac Gallen,SL,310,10.7483716151567,8.593634807231481
Zac Thornton,ALL,631,10.63528399106387,9.43241483786155
Zac Thornton,CH,23,9.993839105138841,9.929675810084175
Zac Thornton,CU,18,15.466285159286171,14.687647707778659
Zac Thornton,FC,184,10.24191423157966,8.792121998803996
Zac Thornton,FF,162,9.219050216215754,8.93327785676551
Zac Thornton,SI,70,9.63452252881833,8.706800416687532
Zac Thornton,SL,90,13.251368857786202,10.382069570935421
Zac Thornton,ST,84,13.52637151576032,10.83527996047545
Zach Agnos,ALL,1045,10.860958360237168,9.293222634558393
Zach Agnos,FC,240,8.661175298717403,8.613765917700672
Zach Agnos,FF,274,8.661785601110818,8.541336929220916
Zach Agnos,FS,112,18.25296483369786,10.998010285298493
Zach Agnos,SI,134,10.57924659217664,8.63546241569756
Zach Agnos,SL,139,13.165574663173302,8.919355420726717
Zach Agnos,ST,146,12.92541034545037,11.698512200232795
Zach Brzykcy,ALL,47,10.78406881652303,11.07335652075757
Zach Brzykcy,CH,7,12.363853018522997,13.385503484927932
Zach Brzykcy,CU,6,13.595136322286345,10.995131839619884
Zach Brzykcy,FF,23,10.186737646199967,9.795042828849967
Zach Brzykcy,SL,10,5.850812725678016,8.225044537270328
Zach Brzykcy,ST,1,10.233008102401604,11.541536070284582
Zach Eflin,ALL,70,9.995906738290124,7.087825174874331
Zach Eflin,CH,19,10.641190552894692,5.878613895111346
Zach Eflin,CU,14,12.803269330486472,8.34517100754872
Zach Eflin,FC,10,6.7525940740163675,6.10604087189121
Zach Eflin,FF,7,10.188356907322097,10.634688852673015
Zach Eflin,SI,13,8.90214887141394,5.744032836397209
Zach Eflin,ST,7,7.6759819059000325,5.341961526928377
Zach Maxwell,ALL,239,11.067477514946866,10.958189706512611
Zach Maxwell,FC,49,10.048202464538614,10.094339388966068
Zach Maxwell,FF,142,10.859802771069287,10.424807755750267
Zach Maxwell,ST,48,17.73039974022298,15.06547671489035
Zach McCambley,ALL,161,11.88969366295661,11.088729193009623
Zach McCambley,FC,68,11.093363997940129,9.692146516368407
Zach McCambley,FF,55,10.857580284018468,10.977112263508149
Zach McCambley,SI,2,8.784569349909773,12.381736547719475
Zach McCambley,ST,36,16.116038347137263,14.446847175150726
Zach McKinstry,ALL,13,12.22231193514958,12.012067442282548
Zach McKinstry,EP,9,16.3334250135125,13.39699909189237
Zach McKinstry,FA,4,11.761539144053845,9.086241251350039
Zach Pop,ALL,106,13.330240626523056,11.27512325255286
Zach Pop,FC,12,17.373261505620228,14.517752365044743
Zach Pop,SI,67,12.651923157675059,10.898354699416904
Zach Pop,SL,27,14.737429841507653,11.807765027527498
Zack Kelly,ALL,278,11.1895614704107,10.523751614119474
Zack Kelly,CH,10,16.229462053180157,10.97447965198956
Zack Kelly,FC,121,10.978960241156603,10.490363322376698
Zack Kelly,FF,39,10.623703000957713,8.90421309367948
Zack Kelly,SI,47,11.727639277061686,11.27170786174801
Zack Kelly,ST,61,10.509318209027892,10.860985863078685
Zack Littell,ALL,1678,11.309724214362882,9.669164864855471
Zack Littell,FF,437,12.136821500034857,9.065212901630353
Zack Littell,FS,379,11.331253677128304,10.37327664833739
Zack Littell,SI,240,9.727937111718855,8.845905608479626
Zack Littell,SL,482,11.135839291781927,9.430550814284135
Zack Littell,ST,140,12.180346924221634,12.257523175623064
Zack Wheeler,ALL,1800,10.449500004457407,8.622392158425146
Zack Wheeler,CU,149,15.32516761713029,11.1275322452146
Zack Wheeler,FC,201,8.954119130336775,8.112337587316093
Zack Wheeler,FF,636,9.954309940383613,8.306189177667346
Zack Wheeler,FS,287,11.42765563739235,8.274331768994895
Zack Wheeler,SI,276,8.160751750956893,7.45798985827426
Zack Wheeler,ST,251,11.101811078031659,9.71625443945123
Zak Kent,ALL,235,11.793500212117797,11.031987795175542
Zak Kent,CU,43,11.793500212117797,12.11715093351285
Zak Kent,FF,101,9.95013897488862,10.020139006589194
Zak Kent,SI,4,22.463432929985675,19.43944872402014
Zak Kent,SL,86,14.074160972744366,12.2622235466226
Zak Kent,ST,1,5.8993571921219425,3.0231116741621125
Zebby Matthews,ALL,1240,10.629822641714558,9.927906705261211
Zebby Matthews,CH,156,11.677602425252353,10.455601139965637
Zebby Matthews,CU,163,13.435787976243445,11.533875162094864
Zebby Matthews,FC,144,9.271528827423829,9.373875738503264
Zebby Matthews,FF,453,9.632988077498416,9.578082051931045
Zebby Matthews,SI,49,8.773107645847322,9.023244996654022
Zebby Matthews,SL,275,11.252579926100593,10.059309280112608
