pitcher,pitch_type,n,naive_in,inferred_in
A.J. Minter,ALL,504,10.331579030228916,9.36366768135219
A.J. Minter,CH,93,12.219323493567328,9.903026139817499
A.J. Minter,FC,170,10.84307669322032,9.971207273968414
A.J. Minter,FF,241,9.783789674081575,8.671469533819252
A.J. Puk,ALL,1119,10.677183009808477,9.824463782264214
A.J. Puk,CH,17,13.148547708189408,11.675507313683529
A.J. Puk,FF,486,9.793986548909455,9.302161853317834
A.J. Puk,FS,27,11.938958721383447,10.30100730772788
A.J. Puk,SI,166,10.190500382133305,9.931719807816531
A.J. Puk,SL,235,12.343568024556781,10.657920663520708
A.J. Puk,ST,188,11.395885174992928,10.514068575846075
AJ Smith-Shawver,ALL,111,13.098059970025613,11.300793081190879
AJ Smith-Shawver,CU,21,17.132908874308146,12.496207294750137
AJ Smith-Shawver,FF,58,11.380545532784446,9.319653402249878
AJ Smith-Shawver,FS,31,15.59481647940131,11.89343000529902
AJ Smith-Shawver,SL,1,20.14898104082464,20.099674169231346
Aaron Ashby,ALL,318,11.475214458384862,10.447885859197811
Aaron Ashby,CH,49,10.730919879829106,10.054260505494467
Aaron Ashby,CU,65,10.41295936024877,9.78017941906733
Aaron Ashby,FF,7,13.05380349674489,10.57394301976301
Aaron Ashby,SI,142,11.508241796057968,10.212244815937918
Aaron Ashby,SL,55,13.479510663081905,13.240329166025207
Aaron Brooks,ALL,391,8.726131315933406,7.90811292450404
Aaron Brooks,CH,53,10.279650810989201,8.901875969337445
Aaron Brooks,FF,107,9.290882484417809,8.49175143665874
Aaron Brooks,KC,7,11.864307041267084,13.627672354540431
Aaron Brooks,SI,96,7.513530839405171,7.583927089779873
Aaron Brooks,SL,128,8.510492538799234,7.626492711984268
Aaron Bummer,ALL,952,11.727594977172426,9.905067793495293
Aaron Bummer,CH,11,16.473134300171292,11.031038241719145
Aaron Bummer,CU,22,22.148146267293498,13.994984972265339
Aaron Bummer,FC,47,9.315588236523359,9.801223353997592
Aaron Bummer,FF,92,9.581409064065689,9.39096973434312
Aaron Bummer,SI,377,10.271372722886579,9.07520493114217
Aaron Bummer,ST,403,12.94205827852397,10.667429203260815
Aaron Civale,ALL,2555,9.839465063708008,8.799469997021934
Aaron Civale,CU,411,12.397074601340726,11.22339331061439
Aaron Civale,FC,826,8.09185449464197,7.437572287290768
Aaron Civale,FF,249,9.461960577283113,8.19870315370592
Aaron Civale,FS,51,12.367045677851744,9.291828167983972
Aaron Civale,SI,605,10.482593673940837,8.77061342793001
Aaron Civale,SL,37,10.637777074848326,7.104022262847262
Aaron Civale,ST,376,10.48495340373885,9.208150344543789
Aaron Hicks,ALL,18,21.612701456431278,11.389059990951132
Aaron Hicks,FA,18,21.612701456431278,11.389059990951132
Aaron Nola,ALL,3019,9.564870842590386,7.987160237748837
Aaron Nola,CH,291,10.759890745918877,8.990704635422128
Aaron Nola,FC,271,8.362758365806016,8.117194072170092
Aaron Nola,FF,844,9.91261809987763,7.803988747369691
Aaron Nola,KC,987,9.711916868248762,8.33500614406446
Aaron Nola,SI,626,8.99556723202734,7.664557072498577
Abner Uribe,ALL,240,12.326466211076037,11.468162991094811
Abner Uribe,FF,3,17.549742124025077,20.855865561760027
Abner Uribe,SI,154,12.88425184389931,11.378637187859223
Abner Uribe,SL,83,11.919243268579743,11.220176012953534
Adam Cimber,ALL,377,11.70892879769529,10.032393001026874
Adam Cimber,FF,112,11.176449466720936,9.730991880162247
Adam Cimber,SI,140,10.511686392016237,9.579496437128427
Adam Cimber,SL,125,14.338692255649452,11.218931053909952
Adam Mazur,ALL,548,11.681131536090085,9.971395497258332
Adam Mazur,CH,56,15.649583880846315,11.847418196513466
Adam Mazur,CU,69,11.676785515457524,9.817375282544681
Adam Mazur,FF,221,11.137193630993224,9.091641201035586
Adam Mazur,SI,21,15.591948494896611,10.184317686077476
Adam Mazur,SL,180,11.600544254067533,9.935407808726266
Adam Mazur,ST,1,13.597760372862695,11.898619549766531
Adam Oller,ALL,683,11.644560463841584,10.149295834804104
Adam Oller,CH,49,13.609835020552632,11.026320190516579
Adam Oller,CU,104,12.272639690968479,11.085559175888967
Adam Oller,FF,286,12.530621266354153,9.50536688754412
Adam Oller,SI,66,9.482211759879387,9.61257780695564
Adam Oller,SL,6,11.425110760974588,10.591626559337893
Adam Oller,SV,172,11.429220878129883,11.01809033229683
Adam Ottavino,ALL,969,11.051302063208476,10.493996608283469
Adam Ottavino,CH,48,14.014369144198746,12.237692213282076
Adam Ottavino,CU,8,20.94997263769784,12.38720253653732
Adam Ottavino,FC,104,10.65834895520784,8.988546085158175
Adam Ottavino,FF,96,10.885994591054878,11.152724167082848
Adam Ottavino,SI,324,9.87445952438602,10.054468372676995
Adam Ottavino,SL,20,11.80411576866748,10.567649482333955
Adam Ottavino,ST,369,11.76239374794821,10.789883253010217
Adbert Alzolay,ALL,306,12.630228775712661,10.507009497288713
Adbert Alzolay,CH,2,19.398742341402944,12.545025422458304
Adbert Alzolay,FC,25,13.178478226294539,9.937461349291814
Adbert Alzolay,FF,61,11.56998786405201,10.070082891818727
Adbert Alzolay,SI,77,14.145111114400525,11.030091232364114
Adbert Alzolay,SL,141,12.995818558947748,10.448963464294089
Adrian Houser,ALL,1063,9.475398134156194,9.006383989496499
Adrian Houser,CH,138,12.964216979548816,9.919315908904
Adrian Houser,CU,89,15.269569219812693,12.00017246463963
Adrian Houser,FF,179,8.928144049846955,9.75311634358028
Adrian Houser,SI,473,8.390222427846846,7.9443663656269115
Adrian Houser,SL,184,10.03362267488758,9.133572765034057
Adrian Morejon,ALL,1026,11.036894574928283,9.67169041100803
Adrian Morejon,CU,8,18.32318896412889,11.965340292902262
Adrian Morejon,FF,237,10.18231180515806,9.025578547087548
Adrian Morejon,KN,81,13.607853933291215,12.911287232085728
Adrian Morejon,SI,368,10.322873611024814,9.274688264920242
Adrian Morejon,SL,311,13.019152186676406,9.879124061879587
Adrian Morejon,ST,21,15.577902605125963,10.389111854124431
Alan Busenitz,ALL,66,9.295593240551202,8.494711979467306
Alan Busenitz,CH,4,12.424109853752606,7.310502702822918
Alan Busenitz,CU,9,13.35664087794406,10.814225712501525
Alan Busenitz,FC,13,5.912338135738715,6.297599343260894
Alan Busenitz,FF,14,12.082065793601476,9.306406865300042
Alan Busenitz,SI,16,6.74414042022774,7.690478599979203
Alan Busenitz,SL,8,8.816394282601554,9.920571921598428
Alan Busenitz,ST,2,12.953586962280006,11.972742794976686
Albert Suárez,ALL,2148,10.484841289075078,9.337052720934198
Albert Suárez,CH,376,10.904623322267359,9.495441114038591
Albert Suárez,CU,289,12.26054996676171,11.850569807287208
Albert Suárez,FC,414,11.16161074404922,10.410569569689702
Albert Suárez,FF,1065,9.80065070498412,8.534718092472382
Albert Suárez,SV,4,17.41291876726023,17.10996571760886
Alec Marsh,ALL,2006,11.60321318270529,10.809137850794224
Alec Marsh,CH,197,12.458917615064907,10.376783317480374
Alec Marsh,CU,327,11.65823767585709,11.48115398498093
Alec Marsh,FF,741,11.870248460789375,10.72099620176021
Alec Marsh,SI,280,10.665584392465147,9.806805594086274
Alec Marsh,SL,372,11.085083621794174,11.244169156969608
Alec Marsh,ST,89,12.091822354879103,11.459895885437737
Alek Jacob,ALL,225,13.642893166998801,9.0703283693385
Alek Jacob,CH,71,13.748281744174863,10.468884503671916
Alek Jacob,FF,48,13.309781389982332,7.466725869820004
Alek Jacob,SI,73,14.407387079420362,8.379055938253487
Alek Jacob,ST,33,13.810060994484887,8.300039385809292
Alek Manoah,ALL,382,12.896205076801431,11.196814829572695
Alek Manoah,CH,56,12.32561100619559,10.719961391935975
Alek Manoah,FF,105,12.898847405260506,11.913110284821174
Alek Manoah,SI,105,14.730818510277219,11.419484491038503
Alek Manoah,SL,116,12.38948379989981,10.050979456306631
Alex Cobb,ALL,318,10.96007051010756,8.89281447006639
Alex Cobb,FF,3,15.188995144164952,13.996293685201158
Alex Cobb,FS,134,11.705510365885484,8.314637588017584
Alex Cobb,KC,41,11.367540991489525,11.522189579427414
Alex Cobb,SI,140,10.21369807440346,8.91304902180228
Alex Faedo,ALL,961,12.640732664774516,10.017028035073443
Alex Faedo,CH,188,14.581444391844837,9.891381499484599
Alex Faedo,FF,340,11.196390402002155,10.449920963642985
Alex Faedo,SI,52,12.084834267178223,9.404509748720443
Alex Faedo,SL,381,12.62201823569847,9.806051394658091
Alex Lange,ALL,360,13.428949403601056,10.835038059143855
Alex Lange,CH,27,18.247199265198514,13.104359717145815
Alex Lange,FF,43,12.1757460554478,10.800651005876901
Alex Lange,SI,86,10.258013480246976,9.914122457510675
Alex Lange,SL,204,14.329146802089316,11.212444740642091
Alex Speas,ALL,37,13.890853560475756,11.623038578638313
Alex Speas,FC,5,12.254357737419586,12.73592789981651
Alex Speas,FF,7,12.283280020910098,10.543526135636883
Alex Speas,SL,22,15.067189833249287,12.160751210767867
Alex Speas,ST,3,13.890853560475756,9.419223009663988
Alex Vesia,ALL,1094,11.909470784921805,10.127692170336832
Alex Vesia,CH,55,11.509319899659749,11.17694262553164
Alex Vesia,FF,693,13.00787381062375,10.089770705780511
Alex Vesia,SI,1,14.777304448241635,5.362305357720159
Alex Vesia,SL,345,9.95576184645481,10.198652877560248
Alex Wood,ALL,637,10.149027414082033,9.047427480453111
Alex Wood,CH,147,8.065058328462806,8.231983305404771
Alex Wood,FF,1,3.615966615606432,2.486913977098159
Alex Wood,SI,297,10.043586661605353,8.79745802692403
Alex Wood,SL,192,12.253455869274799,10.440552089291389
Alex Young,ALL,257,13.95959092183064,9.546566516178954
Alex Young,CH,119,18.938567624835073,9.935311634838335
Alex Young,CU,37,10.283894184373063,7.099592396262694
Alex Young,FF,2,8.000389036001206,4.341740162410474
Alex Young,SI,98,11.065871761673783,9.810088756732796
Alex Young,SL,1,2.1731383728798566,13.511775668023464
Alexis Díaz,ALL,917,13.312320567640567,10.601638020884346
Alexis Díaz,FF,542,14.847447975549187,10.447170974882532
Alexis Díaz,SL,375,11.713861017289243,10.774126160582224
Allan Winans,ALL,145,11.579112927917164,9.860128426353677
Allan Winans,CH,59,9.913783996002152,7.540531615563278
Allan Winans,FF,23,10.568024922288279,10.980510044877152
Allan Winans,SI,34,12.021739350551686,8.505166573341231
Allan Winans,ST,29,14.078948972734038,13.961266158859358
Amir Garrett,ALL,96,12.719257522603161,10.760173290964575
Amir Garrett,FF,34,13.88091416151786,13.012765243398993
Amir Garrett,SI,1,10.093510475576533,7.866957650856675
Amir Garrett,SL,61,12.276099350547755,10.362422486751157
Amos Willingham,ALL,19,9.499503853150763,8.287616430572575
Amos Willingham,FC,4,8.80127981465461,6.076816191948719
Amos Willingham,FF,12,16.63860989407511,9.444981457144536
Amos Willingham,SL,3,8.175540498962809,7.657102331183511
Andre Pallante,ALL,1715,10.961865742584274,10.422728700290305
Andre Pallante,FF,850,10.069547596488214,10.068865395058491
Andre Pallante,KC,215,16.648284084669726,13.615033856995023
Andre Pallante,SI,347,10.93504159293674,9.996237312825393
Andre Pallante,SL,303,10.16201598177038,10.422728700290305
Andrew Abbott,ALL,2210,10.914412594180092,9.930266174979412
Andrew Abbott,CH,357,10.3528164597145,10.638683046500432
Andrew Abbott,CU,250,10.69071858266597,10.123084161031283
Andrew Abbott,FF,1200,11.077562742192239,9.521181687532895
Andrew Abbott,SL,5,16.090165552879647,15.315398529887059
Andrew Abbott,ST,398,10.52820501696107,10.537953163194633
Andrew Chafin,ALL,941,12.785087215897128,9.674630458409373
Andrew Chafin,FF,140,10.660417933976198,10.165632775053421
Andrew Chafin,SI,373,8.765217417672563,7.560067381977242
Andrew Chafin,SL,428,18.535595801554486,10.717975897771101
Andrew Heaney,ALL,2620,9.887915494464794,9.072943551245327
Andrew Heaney,CH,440,9.93429504724645,9.400898550229023
Andrew Heaney,CS,3,5.138523129184347,3.9062167403115615
Andrew Heaney,CU,90,10.916254120033482,10.14241161467957
Andrew Heaney,FC,4,8.627963983056564,9.032219866753115
Andrew Heaney,FF,1337,9.565746091829268,8.69926204466126
Andrew Heaney,SI,12,14.309635628264578,12.715092799256091
Andrew Heaney,SL,718,10.339904502937436,9.072696441790658
Andrew Heaney,SV,16,11.117695528115927,10.932547869774165
Andrew Kittredge,ALL,968,9.618562393514646,9.070714178313109
Andrew Kittredge,CH,1,19.583486447744885,23.14725436675845
Andrew Kittredge,FF,120,8.393068437817615,7.75610063252715
Andrew Kittredge,SI,355,10.077829222719322,9.604912685265834
Andrew Kittredge,SL,492,9.562995177643513,8.974466851555075
Andrew Knizner,ALL,21,26.46151976748936,10.710883514374581
Andrew Knizner,EP,20,26.83225470467219,10.579094730258042
Andrew Knizner,FA,1,25.052586815625602,33.181027332626755
Andrew Nardi,ALL,863,10.541226353838505,9.517791302974283
Andrew Nardi,CH,7,17.495881490903237,11.827855622394972
Andrew Nardi,FF,529,9.858524484463741,8.90533272234483
Andrew Nardi,SL,6,12.552473223259039,8.122044298427348
Andrew Nardi,ST,321,12.008757152582376,10.86062575291837
Andrew Saalfrank,ALL,26,15.017545373460713,15.03248581114458
Andrew Saalfrank,CU,7,24.58126690240887,25.697264677215323
Andrew Saalfrank,SI,19,11.690839536957277,9.516778811022022
Andrew Walters,ALL,178,12.044267728777527,11.386476337976019
Andrew Walters,FF,122,11.433462356971042,11.161446509248023
Andrew Walters,SL,56,13.119721402638195,12.826912722785956
Andrew Wantz,ALL,35,15.143872983615076,9.74682380676648
Andrew Wantz,FC,8,10.447190543166549,10.478812807050218
Andrew Wantz,FF,7,16.27815990630076,15.263236074539925
Andrew Wantz,SI,10,13.091397697263353,8.827105649555225
Andrew Wantz,ST,10,13.909587265800354,9.675659324139659
Andrés Muñoz,ALL,864,14.005823085362342,9.729404402759105
Andrés Muñoz,FF,276,10.745717593196641,9.890880209571188
Andrés Muñoz,SI,178,17.342386145331396,10.373875494542759
Andrés Muñoz,SL,410,14.316767722947624,9.624078888177987
Angel Chivilli,ALL,496,10.239224724619215,9.750073674612374
Angel Chivilli,CH,199,9.29058978443387,9.016368561393952
Angel Chivilli,FF,207,11.372779593422935,10.860520741588251
Angel Chivilli,SL,90,10.22521176898292,9.426201482178039
Angel Zerpa,ALL,991,10.82426867615272,9.908164054754595
Angel Zerpa,CH,101,11.053714238781305,10.357138704189426
Angel Zerpa,CU,4,28.449237037682085,24.435901235648387
Angel Zerpa,FF,187,12.001544171660816,10.869146854844711
Angel Zerpa,SI,443,10.569034516919983,8.920074595482768
Angel Zerpa,SL,256,10.200146885159771,9.819555057982829
Anthony Banda,ALL,740,12.09295867909064,9.75369398079533
Anthony Banda,CH,90,8.56998102838666,8.427913893850816
Anthony Banda,CU,5,14.906065893755558,11.311068734108098
Anthony Banda,FF,250,12.798753288509612,9.367223886083988
Anthony Banda,SI,175,13.06163394171781,9.600977789691743
Anthony Banda,SL,219,11.359258631237463,11.263110048470178
Anthony Banda,ST,1,22.23305350075515,23.603121671079517
Anthony Bender,ALL,938,11.812659877665983,10.464635034640084
Anthony Bender,CH,35,16.107363665200207,12.012593974107922
Anthony Bender,FC,21,12.084397892145061,10.28907715552898
Anthony Bender,FF,18,10.554324553089984,9.405501264152406
Anthony Bender,SI,423,12.420853415761037,10.746579250469457
Anthony Bender,SL,15,11.233828865684071,8.047803481841521
Anthony Bender,ST,426,11.143692839637115,10.30112915268062
Anthony Gose,ALL,73,10.056039502888959,8.976077538385647
Anthony Gose,FF,39,9.873960932432992,7.7998841148314355
Anthony Gose,SL,34,11.060742712480558,9.514258387318668
Anthony Maldonado,ALL,286,11.38047014147736,10.259278526472677
Anthony Maldonado,FC,14,12.636571653945424,12.568687119963364
Anthony Maldonado,FF,94,12.04025664144308,10.833983752102434
Anthony Maldonado,SL,178,10.806724070945101,9.876072732982713
Anthony Misiewicz,ALL,30,11.35155161837526,11.029608876002552
Anthony Misiewicz,CU,12,15.858736811997623,13.219276335882
Anthony Misiewicz,FC,16,11.35155161837526,10.61098622993567
Anthony Misiewicz,FF,2,6.590957474536136,7.2663437918277705
Anthony Molina,ALL,938,10.326400171544455,9.503282844784081
Anthony Molina,CH,210,11.28307878042764,10.855771722072284
Anthony Molina,CU,69,13.821778510370272,11.361845281482342
Anthony Molina,FC,10,5.459851895109901,5.9349602927244245
Anthony Molina,FF,460,9.820532568235715,8.649552682027585
Anthony Molina,KC,1,5.353623323755013,1.058029231409649
Anthony Molina,SL,188,10.294829777542283,10.072164838993777
Anthony Veneziano,ALL,237,10.906927453240867,10.10193796540495
Anthony Veneziano,CH,15,8.231481216120656,9.042694336776623
Anthony Veneziano,FF,111,11.348992100078057,9.956029644933013
Anthony Veneziano,SI,1,20.219633347941564,24.847074264711924
Anthony Veneziano,SL,55,11.124972127307625,11.982099934211865
Anthony Veneziano,ST,55,9.785291076618837,9.278831594811358
Antonio Senzatela,ALL,197,9.663754919717322,8.936273928360224
Antonio Senzatela,CH,25,12.967401151087786,10.255473090332716
Antonio Senzatela,CU,13,13.635730332049533,12.623737799197164
Antonio Senzatela,FF,113,8.925367424518075,8.458939409610453
Antonio Senzatela,SI,3,13.961522792784889,12.761788334380771
Antonio Senzatela,SL,43,6.877294280618951,6.487411246539809
Aroldis Chapman,ALL,1090,10.773238163163484,10.362843898451004
Aroldis Chapman,FF,363,10.139567929210312,9.97989287615866
Aroldis Chapman,FS,132,15.382071821133465,11.349606314294956
Aroldis Chapman,SI,305,9.983526902763657,10.1499122924424
Aroldis Chapman,SL,290,11.07165705695223,10.610559039067908
Austin Adams,ALL,766,11.73991085725783,11.878632104504849
Austin Adams,FF,181,10.404608218597021,10.665495929867353
Austin Adams,SI,21,13.67686991734029,12.319118617852451
Austin Adams,SL,564,12.512018166745538,12.070578375973094
Austin Davis,ALL,138,14.304528126346687,11.712949439465607
Austin Davis,FC,53,13.180304418284042,10.908823570510584
Austin Davis,SI,52,14.335442035072589,11.154727488497326
Austin Davis,ST,33,15.558868292986142,12.478765838313835
Austin Gomber,ALL,2476,10.909815799502839,9.930038297067401
Austin Gomber,CH,504,10.781555852784615,10.012932062298372
Austin Gomber,FF,993,10.974320585793476,9.598420919161367
Austin Gomber,KC,559,11.221517516276725,10.594459006598761
Austin Gomber,SI,1,7.151742589142315,11.8597465929567
Austin Gomber,SL,419,10.130716472087439,9.987162413459464
Austin Hedges,ALL,16,10.799106634057745,8.500083061200048
Austin Hedges,EP,6,18.17554150782592,12.219758795304907
Austin Hedges,FA,10,10.292486832851024,7.9154513498256005
Austin Kitchen,ALL,152,10.799622348938977,8.855899465162935
Austin Kitchen,CH,26,8.11417229297742,7.165500530977446
Austin Kitchen,CU,16,9.102608773112628,9.541034557401579
Austin Kitchen,FF,12,14.386791857845727,7.983826228942867
Austin Kitchen,SI,62,11.117781200347167,9.66806672474814
Austin Kitchen,ST,36,11.426252622841771,9.608879958519019
Austin Pruitt,ALL,76,8.461850805786451,7.830870313078025
Austin Pruitt,CH,10,8.565596790421344,7.357339361214718
Austin Pruitt,CU,7,5.918575923307504,6.861136715889019
Austin Pruitt,FF,22,7.894627196349193,8.824014314332175
Austin Pruitt,SI,10,9.574091127092498,5.730137461078945
Austin Pruitt,SL,27,8.539368412829894,8.672328395081207
Austin Voth,ALL,853,10.85002992697478,9.78306393756524
Austin Voth,CU,155,13.487133448554468,12.047810785345753
Austin Voth,FC,286,9.870049307232659,9.295599073210823
Austin Voth,FF,203,8.94310898758201,8.850672718811436
Austin Voth,ST,209,11.774083032901832,10.317038236146034
Austin Warren,ALL,160,10.258091179461127,9.634417253392897
Austin Warren,FC,22,9.655390261958509,7.8057725784617755
Austin Warren,FF,30,10.931798310395397,10.945242037417831
Austin Warren,SI,43,10.56814017740827,9.059327982313661
Austin Warren,ST,65,9.737319930470578,10.010118759701395
Bailey Falter,ALL,2048,10.532006074392644,9.725788894501825
Bailey Falter,CU,310,12.106995287564567,10.940963785354688
Bailey Falter,FF,1000,10.183162497815513,9.433554483377193
Bailey Falter,FS,10,14.429112099208876,14.266665455332106
Bailey Falter,SI,284,8.895834637771534,9.25487493419966
Bailey Falter,SL,444,11.82501552374203,10.215912393678355
Bailey Horn,ALL,283,9.737868447519054,10.07674663258772
Bailey Horn,CU,20,10.373478085020286,11.337230427088473
Bailey Horn,FC,30,9.872326442836346,10.412564159953419
Bailey Horn,FF,68,9.655966369057019,9.773561708509835
Bailey Horn,ST,165,9.667613764748584,10.10766484981445
Bailey Ober,ALL,2487,9.649233259509618,8.333756155272058
Bailey Ober,CH,721,12.061459268659645,8.890657611074348
Bailey Ober,CU,26,11.414140217964103,12.216936240957676
Bailey Ober,FF,967,8.422934485518248,7.749309207822549
Bailey Ober,SL,486,8.147025276146536,7.66778312770043
Bailey Ober,ST,287,12.241231873802596,11.304643319834078
Beau Brieske,ALL,1204,12.128740294923091,10.111122388416513
Beau Brieske,CH,325,13.189222938532358,9.676613379577425
Beau Brieske,FF,478,10.923498997780953,10.282598495221059
Beau Brieske,SI,198,11.573973304190154,8.776328993259867
Beau Brieske,SL,203,14.389480608602137,11.763439776056515
Ben Brown,ALL,806,12.707917456835585,11.09760054803219
Ben Brown,CH,14,10.007221575945088,9.453107994919122
Ben Brown,FF,506,12.377181504001806,10.399864325647073
Ben Brown,KC,286,13.986617740057506,12.802357371102087
Ben Casparius,ALL,148,17.20862407056114,11.217799350620066
Ben Casparius,CU,16,14.276204369649513,12.59287540020551
Ben Casparius,FC,6,6.137336359511101,10.300924040377598
Ben Casparius,FF,72,19.310572647202598,10.612609580548092
Ben Casparius,SI,1,4.90726182431072,11.964055536612666
Ben Casparius,ST,53,14.523485863489094,12.324246534651616
Ben Heller,ALL,226,11.688906884366823,10.62030578052929
Ben Heller,CH,44,14.35263066330816,9.394715092359696
Ben Heller,FC,46,12.894722102198134,12.011408662744623
Ben Heller,FF,27,10.102366865853114,9.891479439651286
Ben Heller,SI,59,10.242287644243529,10.01051036395484
Ben Heller,SL,41,12.394384852736389,11.904530098740738
Ben Heller,ST,9,18.80065000233938,19.136499502234052
Ben Joyce,ALL,488,12.002428276958842,10.358788063003022
Ben Joyce,CH,20,13.559395129299535,13.502179078333128
Ben Joyce,FF,221,12.107257256539876,10.26375868270762
Ben Joyce,SI,168,10.915088461354657,9.62406229132402
Ben Joyce,SL,79,12.714982265587702,11.31562422265724
Ben Lively,ALL,2333,8.802207763667386,8.483073610123691
Ben Lively,CH,207,10.462903463710823,9.033399629834486
Ben Lively,CU,199,11.44604119446333,10.898031011811142
Ben Lively,FC,2,11.787441550933863,12.229161858940966
Ben Lively,FF,719,8.355710131713032,7.780933354704324
Ben Lively,SI,700,7.611540727597609,7.628040686750137
Ben Lively,SL,113,8.845016069231125,8.486644392520402
Ben Lively,ST,393,10.157695761282087,9.709981624169128
Ben Rortvedt,ALL,33,14.798199510272394,12.77187847918284
Ben Rortvedt,CH,5,18.716978521541506,17.550573533711653
Ben Rortvedt,EP,9,18.65885422811478,12.050121542226075
Ben Rortvedt,FA,19,13.268436332314096,12.100254063991294
Blair Henley,ALL,38,10.066365600310748,10.962441154913524
Blair Henley,CH,2,21.08526619244161,18.99419215006795
Blair Henley,CU,9,11.475432896226705,12.608901075597586
Blair Henley,FC,1,23.77832336412444,22.218066310847988
Blair Henley,FF,15,7.682376145192552,9.12784337108556
Blair Henley,SI,6,10.910513140395604,11.574871496571237
Blair Henley,ST,5,7.229204857083978,7.670213932499
Blake Snell,ALL,1654,10.208279966430451,9.032107462041754
Blake Snell,CH,293,9.227750984228372,8.091061346887592
Blake Snell,CU,426,14.300869067414347,11.504050888279632
Blake Snell,FF,767,8.986271874591182,8.261795189746312
Blake Snell,SI,1,5.443032835984519,5.266663708439265
Blake Snell,SL,167,12.952877817514658,10.262193813991281
Blake Treinen,ALL,698,12.197473639533005,9.480563426054673
Blake Treinen,FC,111,11.300152198414505,8.79906082367913
Blake Treinen,FF,76,11.9051622174009,8.683085321075488
Blake Treinen,SI,236,12.71000718524593,9.121420578576737
Blake Treinen,ST,275,12.32461821161591,9.903886253334566
Blake Walston,ALL,330,11.159264807935692,10.777818381521204
Blake Walston,CH,55,13.21352899539074,13.2125500976155
Blake Walston,CU,44,11.307158316790968,11.050598698977677
Blake Walston,FC,54,9.115882418635474,9.128039648568258
Blake Walston,FF,109,12.643244575942688,11.536739451542637
Blake Walston,SI,12,15.93413204106665,11.516715002914186
Blake Walston,ST,56,11.099010471933687,10.032390830634897
Bobby Miller,ALL,836,13.21202935655224,11.009692533722186
Bobby Miller,CH,166,13.689665104852608,13.991642738679129
Bobby Miller,CU,163,12.153691470873415,11.176438444390753
Bobby Miller,FF,301,13.980043987727845,9.992088707689513
Bobby Miller,SI,131,12.297264768478172,10.68063966134382
Bobby Miller,SL,75,13.25540596353748,12.357778235054761
Bowden Francis,ALL,1446,10.562575868731553,9.776570019800658
Bowden Francis,CU,259,12.313992085562539,11.389861063111647
Bowden Francis,FF,745,9.521834152073367,8.740049388138482
Bowden Francis,FS,261,12.19853914876739,10.438898814495055
Bowden Francis,SI,43,8.791377029249597,9.327880271019557
Bowden Francis,SL,138,11.849427409744802,11.863524050202328
Brad Keller,ALL,667,10.668174731736572,9.742718568257798
Brad Keller,CH,88,12.884426578855265,10.093413005061086
Brad Keller,FF,250,10.750888975402022,10.327998788174785
Brad Keller,KC,9,14.75508543175605,10.29519303008419
Brad Keller,SI,35,10.227826427197222,10.19565461377818
Brad Keller,SL,244,9.349253234479194,8.415467041645666
Brad Keller,ST,41,12.126049260734822,11.691327309248104
Bradley Blalock,ALL,516,11.67516777383758,10.480664877717851
Bradley Blalock,CU,56,10.79935319525427,9.640129820025065
Bradley Blalock,FC,20,8.679221606739613,8.784647868658336
Bradley Blalock,FF,245,11.484904528337122,10.097013488071283
Bradley Blalock,FS,76,12.820140305852235,12.786064249596043
Bradley Blalock,SL,119,11.861189704501754,11.280787011075295
Brady Basso,ALL,324,9.743249864404735,8.682095019988601
Brady Basso,CH,38,12.027657296464831,8.093095915642948
Brady Basso,CU,71,12.995026621949522,11.076902139650992
Brady Basso,FC,57,7.79850221211008,8.204997197460822
Brady Basso,FF,152,8.530215122324165,7.888570958776974
Brady Basso,SI,6,14.790195975712244,11.484480121449536
Brady Feigl,ALL,41,8.447808780185504,8.396373952709911
Brady Feigl,CH,5,22.665774503611235,24.017368947533747
Brady Feigl,CU,10,8.86527709905787,9.413023930947734
Brady Feigl,FF,26,6.341797479703683,6.792707586260157
Brady Singer,ALL,2833,9.714549826520768,8.987507550133081
Brady Singer,CH,50,13.58418586222594,11.336914918676136
Brady Singer,FC,1,10.466478158050736,8.978427626032627
Brady Singer,FF,317,12.163270477375926,10.64753061834309
Brady Singer,SI,1174,8.963441333617304,8.630571614053359
Brady Singer,SL,1142,9.52884856986769,8.65846038876855
Brady Singer,ST,149,10.96927344932423,9.887890448779125
Brandon Bielak,ALL,479,11.805656647556972,10.287473192632008
Brandon Bielak,CH,128,12.561512405843338,10.853373491967343
Brandon Bielak,CU,46,16.124341683310423,12.305897322643236
Brandon Bielak,FF,111,11.440155995446629,8.309495122975022
Brandon Bielak,SI,119,9.607925044262487,8.765101795457527
Brandon Bielak,SL,3,14.354718610030318,11.678825283380888
Brandon Bielak,ST,72,13.197499672235493,11.653406949620916
Brandon Crawford,ALL,35,16.467504594899392,15.403385005898395
Brandon Crawford,CH,2,26.978988940631744,26.638177653806352
Brandon Crawford,CU,1,24.692394833427066,23.915168110913505
Brandon Crawford,FF,32,16.19923176649869,14.50751069624644
Brandon Eisert,ALL,103,11.31306054634691,9.908908649051432
Brandon Eisert,CH,24,14.48304008570635,10.664779452229823
Brandon Eisert,CU,2,4.746518542684267,5.063461035232199
Brandon Eisert,FF,38,10.9201751293247,9.982934826336624
Brandon Eisert,SL,39,11.772421750740643,9.760627012622598
Brandon Hughes,ALL,330,11.862053349205986,10.155930889019636
Brandon Hughes,FF,109,12.333633191294277,9.95234560754549
Brandon Hughes,SI,90,11.715679326964231,9.871878436783515
Brandon Hughes,SL,131,11.497779025523155,10.689553099742099
Brandon Leibrandt,ALL,99,8.899211923031373,8.28347219109879
Brandon Leibrandt,CH,33,8.899211923031373,8.022011784015668
Brandon Leibrandt,FF,22,8.007656815658999,7.382935410207132
Brandon Leibrandt,SI,10,7.465069895797576,7.230333180814666
Brandon Leibrandt,SL,26,8.249304993348492,7.365850262459745
Brandon Leibrandt,ST,8,17.465568426305218,15.973218660964886
Brandon Pfaadt,ALL,2570,9.268958927581652,8.290577531592142
Brandon Pfaadt,CH,295,11.391944379435436,9.581715771653691
Brandon Pfaadt,CU,129,10.607245829762114,9.7501244181392
Brandon Pfaadt,FF,838,8.457139488002298,7.853596064744666
Brandon Pfaadt,FS,15,11.75846518844155,9.536697129366265
Brandon Pfaadt,SI,581,8.671493766691201,7.6191916612729695
Brandon Pfaadt,ST,712,9.76773365393288,8.570056672009684
Brandon Williamson,ALL,244,12.142814762323354,9.99197934064437
Brandon Williamson,CH,51,14.37618040789754,14.389418578542744
Brandon Williamson,CU,17,12.373809458806178,13.241072361073002
Brandon Williamson,FC,114,11.783338593328486,9.274349464555772
Brandon Williamson,FF,61,12.312032911639216,9.07705719937788
Brandon Williamson,ST,1,4.38672764686786,5.422411360419468
Brant Hurter,ALL,662,10.37458485339873,9.323872293024126
Brant Hurter,CH,71,13.615986267400736,11.772863747820033
Brant Hurter,FF,46,13.109737310838309,9.960194100704221
Brant Hurter,SI,339,8.535938876027744,7.543654651474097
Brant Hurter,ST,206,11.890671392760805,10.897020427875107
Braxton Garrett,ALL,568,10.592548817710401,9.329328325131819
Braxton Garrett,CH,70,10.193079012157291,10.553835261503256
Braxton Garrett,CU,25,8.876936592714426,9.380905025263713
Braxton Garrett,FF,84,12.382983984103982,10.381655646243354
Braxton Garrett,SI,181,9.753108586500401,7.899712146680758
Braxton Garrett,SL,55,10.919838010404597,8.81950297240231
Braxton Garrett,ST,153,10.788046241206551,10.34374838192025
Brayan Bello,ALL,2459,10.249569022083188,9.098957014091582
Brayan Bello,CH,666,11.558306031092005,9.328178002502408
Brayan Bello,FF,122,10.563649724346764,9.003154267722831
Brayan Bello,SI,992,9.171632255470309,8.699390694030386
Brayan Bello,SL,3,22.1374861606043,15.97963922174824
Brayan Bello,ST,676,10.459684960429506,9.648886102192655
Brenan Hanifee,ALL,444,12.36485889527734,10.081388219209686
Brenan Hanifee,CH,44,15.325289711602563,10.981911623940016
Brenan Hanifee,FF,65,9.028079581971108,8.401894141771201
Brenan Hanifee,SI,235,12.052933829654403,9.746631030490843
Brenan Hanifee,SL,100,14.697757940532217,10.927938952060394
Brendon Little,ALL,644,13.388657067878167,11.103377691882788
Brendon Little,FC,68,11.848721814194453,9.171094444485403
Brendon Little,FF,4,24.220791825237036,17.910481549891742
Brendon Little,KC,206,20.785636582208163,12.698982882686963
Brendon Little,SI,366,11.357325231683497,10.663515624671195
Brennan Bernardino,ALL,810,11.089376696658896,9.755703341656108
Brennan Bernardino,CU,284,12.279388747508943,11.716449366182474
Brennan Bernardino,FC,93,10.667273138970534,9.49164886752955
Brennan Bernardino,SI,381,10.569335777261232,8.80304326024927
Brennan Bernardino,SL,52,10.553770987395303,10.458843129457822
Brent Headrick,ALL,43,15.269897186819378,10.449673902937812
Brent Headrick,FF,16,10.613361100186342,9.15071547044666
Brent Headrick,FS,2,22.92557169455678,8.822877012171647
Brent Headrick,SL,25,22.573891006529745,10.63133623096687
Brent Honeywell,ALL,516,11.471406129880002,9.629739552547885
Brent Honeywell,CH,3,17.583133114141283,16.869558070414264
Brent Honeywell,FF,256,12.947828337352604,9.088083455055482
Brent Honeywell,SC,120,11.464734892453588,10.878494007415021
Brent Honeywell,SI,10,9.472752347281086,8.72293067922966
Brent Honeywell,SL,116,9.026895934219311,9.1821916961249
Brent Honeywell,ST,11,15.114181531636584,10.657000688530548
Brent Suter,ALL,920,10.963886305202314,9.659614660307193
Brent Suter,CH,179,12.050661958617846,12.0926716853996
Brent Suter,FF,396,11.527042203345108,9.143278066644754
Brent Suter,SI,196,9.158154928909337,9.044289599558972
Brent Suter,SL,149,10.242001494423322,9.818959531987417
Brett de Geus,ALL,154,11.995061141570833,9.938299441666608
Brett de Geus,FC,34,8.865104091505934,8.404973339115568
Brett de Geus,FF,1,15.507000842118375,13.916906698078842
Brett de Geus,FS,8,12.969555237295049,4.915011826678514
Brett de Geus,KC,46,14.812212573237975,12.16249252253655
Brett de Geus,SI,65,12.919653206999724,11.43238130193193
Brock Burke,ALL,556,11.697319484431807,10.537122977458637
Brock Burke,CH,95,12.601080948390004,10.706172519319711
Brock Burke,FF,277,12.361624184551008,10.636868217615023
Brock Burke,SI,40,9.629109376586028,9.584596685302303
Brock Burke,SL,144,10.603348967029177,10.70646653925573
Brock Stewart,ALL,259,11.21097725060577,10.231962843488606
Brock Stewart,CH,3,15.04466140616727,7.5827507671977905
Brock Stewart,FC,47,10.602843179532886,10.059750464485772
Brock Stewart,FF,117,9.690836603834812,9.28376878341448
Brock Stewart,SI,27,13.932554526191687,10.747310706899436
Brock Stewart,ST,65,14.596789605871665,11.622553844887133
Brooks Raley,ALL,116,13.141719266197082,10.842249497471256
Brooks Raley,CH,22,18.533809133713405,11.683988596701539
Brooks Raley,FC,28,13.298389535196629,10.186564775178216
Brooks Raley,SI,11,7.231979761538571,8.77185526282629
Brooks Raley,ST,55,13.238408495573541,11.23060981360584
Brusdar Graterol,ALL,87,10.402136785502467,7.797873915478376
Brusdar Graterol,FC,10,10.340654059270717,8.14882690891216
Brusdar Graterol,FF,13,14.18760097922839,11.701362019865918
Brusdar Graterol,SI,41,9.016811436341518,7.538009478328348
Brusdar Graterol,SL,23,10.402136785502467,7.426936934137909
Bryan Abreu,ALL,1234,11.383421390037073,10.675161854740399
Bryan Abreu,CH,7,22.805130605773236,19.568643972424606
Bryan Abreu,FF,579,10.7062478732275,10.39398073523303
Bryan Abreu,SI,1,9.137576516771762,9.687809089575072
Bryan Abreu,SL,647,11.841587068198947,11.073957792036559
Bryan Baker,ALL,362,10.232645242800485,10.264587966985623
Bryan Baker,CH,51,12.306359155883264,13.369131600628577
Bryan Baker,CU,33,7.994889523510607,7.8348372830662
Bryan Baker,FF,177,10.75108614141856,11.12600392349081
Bryan Baker,SL,101,8.771382832861251,8.526966528296322
Bryan Hoeing,ALL,743,12.113201245091108,9.642677129344996
Bryan Hoeing,FF,31,11.234194261780852,10.06947744048271
Bryan Hoeing,FS,157,14.68589977606234,11.057209659255426
Bryan Hoeing,SI,385,11.587722065081886,9.103201141808217
Bryan Hoeing,SL,170,11.587135093675634,10.623210958267697
Bryan Hudson,ALL,828,10.014965597461492,9.119208445186544
Bryan Hudson,FC,201,9.596113262317093,9.255059552888227
Bryan Hudson,FF,432,8.412338093263658,8.216670588630716
Bryan Hudson,ST,195,15.41001304027903,10.846111808848383
Bryan King,ALL,392,10.497950058115535,9.138611913268452
Bryan King,CU,26,7.544409742680601,8.008693292418197
Bryan King,FF,215,10.423441502027371,8.659603416094809
Bryan King,SI,24,10.750458720441246,11.130523382672894
Bryan King,ST,127,10.744988466444807,9.400668748531272
Bryan Sammons,ALL,352,9.904284978701604,9.571038963813548
Bryan Sammons,CH,31,15.811836839249544,10.58373980178946
Bryan Sammons,CU,25,11.98912594902043,8.940757911328166
Bryan Sammons,FC,90,8.900640575212343,9.62840333283944
Bryan Sammons,FF,137,9.556316341504203,8.985733036779642
Bryan Sammons,ST,69,11.45831492344972,9.806266918418853
Bryan Shaw,ALL,86,14.358356558874409,11.984589146667439
Bryan Shaw,CH,4,13.735975689619385,15.33479513068502
Bryan Shaw,CU,11,16.357267947511833,15.0762353447764
Bryan Shaw,FC,54,12.4864633622041,10.813259756133682
Bryan Shaw,SI,6,12.610030638811482,13.402612108211054
Bryan Shaw,ST,11,15.738476252032891,15.075841622326276
Bryan Woo,ALL,1632,9.757334813942336,8.823432924125928
Bryan Woo,CH,152,15.357995834086239,9.835787631244795
Bryan Woo,FF,801,8.6481341940666,8.326140556507035
Bryan Woo,SI,382,9.723340801194285,8.42180269221518
Bryan Woo,SL,151,12.226452764384087,9.071341693115523
Bryan Woo,ST,146,12.8125505717383,10.916183232600513
Bryce Elder,ALL,806,10.321027980093866,9.294435677388403
Bryce Elder,CH,108,12.915629157683405,11.602670271951986
Bryce Elder,FC,1,17.15475019803672,16.249699048986255
Bryce Elder,FF,102,10.612048264970362,9.970267443116944
Bryce Elder,SI,344,9.344453281409631,9.067060079455086
Bryce Elder,SL,251,10.60453701085307,9.216686658894846
Bryce Jarvis,ALL,949,10.980430913400367,10.290218707005218
Bryce Jarvis,CH,121,13.992961085821074,11.70046597903248
Bryce Jarvis,CU,7,9.887574380866141,12.694342947491872
Bryce Jarvis,FC,121,10.980430913400367,10.439986791814668
Bryce Jarvis,FF,329,9.36793930287769,9.207593929052965
Bryce Jarvis,SI,140,10.594505955948698,10.237093101361403
Bryce Jarvis,SL,231,12.557999142000565,10.671874225001293
Bryce Miller,ALL,2440,10.921415317065168,9.924766167248876
Bryce Miller,FC,52,8.74314372516426,8.30863379681534
Bryce Miller,FF,1032,9.256533369459074,9.24251481052179
Bryce Miller,FS,397,14.178123656365427,11.638859330667204
Bryce Miller,KC,112,14.826423311748641,9.62967017568269
Bryce Miller,SI,440,11.190823550517639,9.038082535248698
Bryce Miller,SL,203,11.62932666085375,11.116641026911875
Bryce Miller,ST,204,12.068710827311682,10.551378484154899
Bryse Wilson,ALL,1430,10.820445024950754,9.521251483404036
Bryse Wilson,CH,61,15.070252471343231,9.607299159361784
Bryse Wilson,CU,199,11.872334722049251,10.65145530046376
Bryse Wilson,FC,488,9.808527905640233,10.073131965188002
Bryse Wilson,FF,224,11.919344896300917,9.616934929250291
Bryse Wilson,SI,458,10.74573638811331,8.820649885409349
Buck Farmer,ALL,1075,10.982657851324163,9.561435938468886
Buck Farmer,CH,229,12.828775354249201,10.321982648061509
Buck Farmer,FF,216,12.061068408245706,10.02030574870685
Buck Farmer,SI,263,10.707425820793159,9.407365847082835
Buck Farmer,SL,367,9.604327427675916,9.35568177838674
Burch Smith,ALL,869,10.231218719864438,9.800479436486604
Burch Smith,CH,7,9.649802172095852,9.608682074076933
Burch Smith,CU,160,10.180325975489756,9.81129657438523
Burch Smith,FC,186,10.479019208692055,10.466981889938605
Burch Smith,FF,436,9.993647323658323,9.358984381108758
Burch Smith,SI,2,17.16667894686638,18.632223285848376
Burch Smith,ST,78,10.893627697673114,9.890527984890088
Cade Povich,ALL,1320,10.648134815925681,10.109010966504009
Cade Povich,CH,141,11.774135537846796,10.754254217147217
Cade Povich,CU,257,10.815059748966396,10.537052547535197
Cade Povich,FC,98,9.506331440920203,9.694561499381553
Cade Povich,FF,538,10.071067577007707,9.891283558968269
Cade Povich,SI,110,11.197909875182802,9.245728045618057
Cade Povich,SL,85,9.633518696466378,10.321765642301168
Cade Povich,ST,91,11.753778444544762,11.015321442205096
Cade Smith,ALL,1194,9.965726316681412,9.05337278132226
Cade Smith,FF,845,8.76977973952337,8.421984890346195
Cade Smith,FS,238,14.936083475088855,10.483429039752643
Cade Smith,ST,111,11.067925468546232,10.377158754377138
Caden Dana,ALL,198,11.3406871998268,11.137950006869648
Caden Dana,CH,17,16.524625174420375,11.978058405083624
Caden Dana,CU,14,17.7882098238542,18.01117831630529
Caden Dana,FC,10,19.229791685411854,18.931637153791286
Caden Dana,FF,102,10.295317679949164,8.982936728915508
Caden Dana,SL,55,12.154020956372014,11.5979024605888
Cal Quantrill,ALL,2544,12.027242393986104,9.954219351154737
Cal Quantrill,CH,55,13.868441201291319,11.94473758111774
Cal Quantrill,CS,1,25.95425921351097,14.783862031358249
Cal Quantrill,CU,296,11.944110172791566,10.341626452865189
Cal Quantrill,FC,325,11.299158881125855,10.57177706363721
Cal Quantrill,FF,409,14.776077753327874,9.82965608094925
Cal Quantrill,FS,826,11.844376642124042,10.541588885339046
Cal Quantrill,SI,617,10.812324636038696,8.789602677696976
Cal Quantrill,SL,15,13.133154216897193,11.956668868777964
Caleb Boushley,ALL,62,11.071344704214992,8.902402825801662
Caleb Boushley,CH,7,12.442672017357104,9.944558591266414
Caleb Boushley,CU,10,16.17852340309842,11.30170778963393
Caleb Boushley,FC,12,10.885126418741086,8.275673435209663
Caleb Boushley,FF,11,8.92666910599208,7.429566897641714
Caleb Boushley,SI,12,7.626650590250563,8.1108886217373
Caleb Boushley,SL,3,12.363885322280861,10.724401340547171
Caleb Boushley,ST,7,16.3288865226382,16.658835986440184
Caleb Ferguson,ALL,862,11.065382590406447,10.0933417387126
Caleb Ferguson,FC,229,11.660008948880918,10.27425347230854
Caleb Ferguson,FF,372,10.480649900042563,9.288298921385849
Caleb Ferguson,SI,86,11.846066986280086,9.376527418544292
Caleb Ferguson,ST,2,34.58994786110043,28.331833180602942
Caleb Ferguson,SV,173,11.447494459825045,11.445035355544853
Caleb Kilian,ALL,156,12.508888234782287,11.85659216715801
Caleb Kilian,CH,2,7.427449839605638,9.533603293939166
Caleb Kilian,FC,60,13.739444870919868,13.510217349747862
Caleb Kilian,FF,70,12.280874792475124,10.61067260257126
Caleb Kilian,KC,8,9.722721319820455,12.263864742241077
Caleb Kilian,SI,4,13.127169451940667,12.26483736797271
Caleb Kilian,ST,12,15.408341045825185,15.437468481921162
Caleb Thielbar,ALL,868,10.888569217471977,10.280173549439139
Caleb Thielbar,CU,214,13.450382375234359,12.068819553408535
Caleb Thielbar,FF,377,9.986489416132983,9.153827869778976
Caleb Thielbar,SL,8,9.174661007301513,7.088499639274895
Caleb Thielbar,ST,269,10.987723289568557,10.154960712479179
Calvin Faucher,ALL,944,12.416239633950902,11.14749634801936
Calvin Faucher,CU,207,12.757843763819956,12.55944023566969
Calvin Faucher,FC,358,12.085063688514431,10.367108872622484
Calvin Faucher,FF,313,12.838557195304329,11.603944310583088
Calvin Faucher,ST,66,11.403639256030502,10.255866642133405
Cam Booser,ALL,633,11.228469350436074,10.442718962854164
Cam Booser,FC,228,11.322726330222038,10.654827805634817
Cam Booser,FF,259,10.03675897363252,9.983261406695666
Cam Booser,ST,146,13.055908459801916,11.15312378731545
Camilo Doval,ALL,1033,12.367903326132042,10.455743295276466
Camilo Doval,FC,356,11.828449205620245,11.3016709646907
Camilo Doval,FF,3,3.8920878929307796,5.130235891544064
Camilo Doval,SI,146,11.283247295917047,10.08170272982369
Camilo Doval,SL,528,12.921857396180847,9.920576648018297
Carl Edwards Jr.,ALL,11,17.58728729817389,14.523176525292161
Carl Edwards Jr.,CU,5,7.702273860172505,11.285809371166613
Carl Edwards Jr.,FF,6,18.740708591730385,17.781105110331474
Carlos Carrasco,ALL,1614,11.333873569203568,9.970874900578162
Carlos Carrasco,CH,374,13.463722419761424,10.014986863246119
Carlos Carrasco,CU,111,14.898632140024453,11.770290928393988
Carlos Carrasco,FF,407,9.21551015744308,9.299146835987635
Carlos Carrasco,SI,276,11.466267670969982,10.28144474486005
Carlos Carrasco,SL,395,10.590491852945057,9.909257079190855
Carlos Carrasco,ST,51,12.94053130535088,12.03461987836677
Carlos Estévez,ALL,778,10.4635664618467,9.863669690557282
Carlos Estévez,CH,82,10.436895801166052,10.068787758207778
Carlos Estévez,CU,3,26.252763466019985,25.699855247393955
Carlos Estévez,FF,483,10.099830127871442,9.624389537406403
Carlos Estévez,SL,210,11.254249516652566,10.359949568195994
Carlos Hernández,ALL,529,11.93719506552419,10.007993020527927
Carlos Hernández,FC,1,11.763089366545575,8.637444595672868
Carlos Hernández,FF,289,10.994267393234423,9.40558722217928
Carlos Hernández,FS,60,15.550675600302837,11.538851544485905
Carlos Hernández,KC,81,14.364720566773322,12.37778392707303
Carlos Hernández,SL,84,10.653207974412103,9.558249849411382
Carlos Hernández,ST,14,12.090684569783843,9.460142279583657
Carlos Rodriguez,ALL,206,13.22952380088398,10.531018359716665
Carlos Rodriguez,CH,29,11.920246125616739,9.794770384544703
Carlos Rodriguez,CU,21,12.665820824629948,11.402984934134171
Carlos Rodriguez,FC,39,12.198450228002567,11.88722684099874
Carlos Rodriguez,FF,42,18.560592278582483,8.260856324297329
Carlos Rodriguez,SI,41,11.901616913702572,9.365420976211977
Carlos Rodriguez,SL,30,8.857956042781826,11.076236031353105
Carlos Rodriguez,ST,4,16.489825155338444,13.982511003820912
Carlos Rodón,ALL,3172,10.981339174694403,9.716384986350349
Carlos Rodón,CH,396,13.10331971941681,10.805002479126767
Carlos Rodón,CU,249,14.926466114718858,13.171731063169986
Carlos Rodón,FC,113,13.740119993970145,11.790555778244546
Carlos Rodón,FF,1574,8.753634316495383,8.24054676897879
Carlos Rodón,SL,840,14.256237301103663,10.832418122784613
Carmen Mlodzinski,ALL,807,10.4262501253512,9.688538944596143
Carmen Mlodzinski,CH,2,12.64683378577984,12.476154423925845
Carmen Mlodzinski,FC,163,7.923038141993689,7.682632211165276
Carmen Mlodzinski,FF,326,9.580407230770492,9.12712823240085
Carmen Mlodzinski,SL,210,12.661140651625866,11.311092629181662
Carmen Mlodzinski,ST,106,11.390028162042409,10.61846940455153
Carson Fulmer,ALL,1404,11.051699839465769,9.802085477569268
Carson Fulmer,CH,379,12.67506605584006,9.38436715544274
Carson Fulmer,CU,82,11.375904483422083,10.686232035119918
Carson Fulmer,FF,322,10.68015436638882,9.6790372819917
Carson Fulmer,SI,340,10.391964426450139,9.63298192624255
Carson Fulmer,SL,228,10.053146394012403,9.512941957653801
Carson Fulmer,ST,53,14.008603236059338,11.58162502102779
Carson Spiers,ALL,1444,9.810056369322007,9.25346197716808
Carson Spiers,CH,173,10.086901757457678,9.956441007085123
Carson Spiers,FC,229,8.590257298068392,8.526791623107401
Carson Spiers,FF,443,10.41867163816866,9.427087908283573
Carson Spiers,SI,248,9.092394213721697,8.630336280043917
Carson Spiers,SL,12,6.887715308782357,6.78483588812337
Carson Spiers,ST,339,10.943768446485498,10.004398057560323
Casey Kelly,ALL,76,9.12513631441251,9.397632694358895
Casey Kelly,CH,15,8.702147202843939,7.589175782007275
Casey Kelly,CU,8,9.776772639875487,7.8800956232695025
Casey Kelly,FF,20,8.650862185546716,10.29675320176252
Casey Kelly,SI,13,12.536418290764624,10.757526242650158
Casey Kelly,SL,20,8.064834946669274,8.714385494777396
Casey Legumina,ALL,153,10.755259542309291,8.926378910321862
Casey Legumina,CH,41,11.687734539996924,9.067602278064808
Casey Legumina,FF,77,11.359119944343941,8.952297820272397
Casey Legumina,SL,34,7.2152756714833775,7.867889248989467
Casey Legumina,ST,1,15.49390090312069,15.717320326521937
Casey Mize,ALL,1711,11.181088339987825,9.802992867678187
Casey Mize,FC,14,9.40777052961409,8.700071150254228
Casey Mize,FF,660,10.98232194627737,9.493850907556585
Casey Mize,FS,309,13.565276086877843,10.587979051030668
Casey Mize,KC,128,14.627681206624427,13.307605293252752
Casey Mize,SI,140,10.269702696631205,8.883966512466312
Casey Mize,SL,445,10.221096251967674,9.483966069584737
Casey Mize,SV,15,12.335134790659831,9.930019664458385
Chad Green,ALL,803,10.464120482103231,9.198774740028867
Chad Green,FC,6,11.979610924953807,9.44102880784799
Chad Green,FF,483,9.364209135184622,8.905231273311205
Chad Green,SL,314,12.008222221453366,10.233448072341073
Chad Kuhl,ALL,879,12.056247570329612,10.927798185022132
Chad Kuhl,CH,110,10.28412185947177,10.506292094040756
Chad Kuhl,FC,81,12.417434324731936,11.287900592674838
Chad Kuhl,FF,89,14.504952920052867,12.211512861330126
Chad Kuhl,SI,195,10.416884077273354,10.347038115122041
Chad Kuhl,SL,311,11.217798656932041,10.45685255759744
Chad Kuhl,ST,93,15.035461182746706,13.284883892642158
Charlie Morton,ALL,2703,10.972858311568514,9.940607745212484
Charlie Morton,CH,300,10.638944549005785,9.720731268285164
Charlie Morton,CU,1155,11.95995229405543,10.303176703487065
Charlie Morton,FC,208,10.49401636651514,9.911255586720173
Charlie Morton,FF,767,10.00966546540298,9.7065842951459
Charlie Morton,SI,273,10.179636537405013,9.856361026903
Chase Anderson,ALL,884,10.376017046485032,9.559750977784478
Chase Anderson,CH,265,9.69419419011652,9.264493191461929
Chase Anderson,CU,33,11.255502656573558,9.500269143584022
Chase Anderson,FC,295,9.520805220272505,9.202265633808356
Chase Anderson,FF,149,12.469889928571655,10.042523686000605
Chase Anderson,SI,11,11.268393424223992,7.548322143090469
Chase Anderson,ST,131,13.320341362551252,11.897598689136206
Chase Shugart,ALL,97,9.203954835195898,8.312259571636162
Chase Shugart,CH,19,12.165646875810486,9.796842994521628
Chase Shugart,FC,23,5.831451932924546,5.994946920839394
Chase Shugart,FF,15,9.30087553094741,7.180013059516975
Chase Shugart,SI,14,8.49341531687736,8.431781861465929
Chase Shugart,ST,26,9.762783848052521,10.028319167759971
Chase Silseth,ALL,161,11.997874295568645,10.292176370663112
Chase Silseth,CU,5,16.816294871656396,16.179647348922536
Chase Silseth,FF,72,10.367627936042597,9.27242440590718
Chase Silseth,FS,29,9.796845522943975,10.023281322212005
Chase Silseth,SI,13,8.738617941657719,9.160479202558637
Chase Silseth,ST,42,15.733569239013887,13.837912823581064
Chasen Shreve,ALL,8,10.900044885184442,10.214930672565234
Chasen Shreve,FF,1,5.444177064864334,7.13535898773881
Chasen Shreve,FS,4,14.631691013130965,12.515621502534167
Chasen Shreve,ST,3,8.921786374272418,9.231418713603931
Chayce McDermott,ALL,81,12.026231228729129,11.075585819681882
Chayce McDermott,CH,16,19.26708251236804,12.601737104941446
Chayce McDermott,CU,8,10.460540147677024,7.561438634944043
Chayce McDermott,FF,33,9.646907289291862,11.063644626022075
Chayce McDermott,SL,19,13.893767281679308,14.748327368878142
Chayce McDermott,ST,5,5.5101343116995976,9.804075184319968
Chris Bassitt,ALL,2724,11.079049208110979,9.78396878072091
Chris Bassitt,CH,140,13.257266132607977,10.767578310720566
Chris Bassitt,CU,372,12.736009335429138,11.246309702096998
Chris Bassitt,FC,545,9.839080388115287,9.423653632600125
Chris Bassitt,FF,121,10.225959982958141,9.95800954272205
Chris Bassitt,FS,122,17.223037731921686,12.726084989762072
Chris Bassitt,SI,1114,9.805120809539778,8.936962668246295
Chris Bassitt,SL,111,12.293304549107647,10.665649326410325
Chris Bassitt,ST,199,13.361062331334997,9.969669536760806
Chris Devenski,ALL,505,12.226048087433618,9.866301209832903
Chris Devenski,CH,238,15.344573342852614,10.17739648150883
Chris Devenski,FC,70,9.533167261632656,9.469205705070902
Chris Devenski,FF,145,8.878782768068392,8.928052346512832
Chris Devenski,SI,15,7.9154149614459195,8.714360793905305
Chris Devenski,ST,37,15.277636271734812,12.481836165390048
Chris Flexen,ALL,2509,11.135540804447984,10.330823376747121
Chris Flexen,CH,400,11.841869646139777,11.5297599258027
Chris Flexen,CU,323,11.727472116582698,10.862044645230231
Chris Flexen,FC,651,9.613795936705479,9.357124266680389
Chris Flexen,FF,925,11.461609932035808,10.149134193071973
Chris Flexen,SI,1,17.930009374309858,19.211321928921638
Chris Flexen,SL,29,12.519182598531893,10.053810804993361
Chris Flexen,ST,180,12.155459634840913,11.2030833800883
Chris Martin,ALL,572,9.797866544538575,8.37818841951185
Chris Martin,FC,258,9.129265300861483,8.065232013807783
Chris Martin,FF,185,10.601343664509388,8.426856716898211
Chris Martin,FS,71,10.873052137150166,9.248821877815079
Chris Martin,SI,52,8.78995784450607,8.50693313393759
Chris Martin,ST,6,9.251761925779444,8.797596564653396
Chris Paddack,ALL,1358,10.002967252020959,8.332534707738024
Chris Paddack,CH,354,13.211633773464326,8.346190179929533
Chris Paddack,CU,181,15.32567470553648,12.424213725761398
Chris Paddack,FF,592,7.217101184249302,7.110747236958703
Chris Paddack,SL,231,11.343495256188973,11.327404936348785
Chris Roycroft,ALL,560,10.505685691549193,9.905626124748075
Chris Roycroft,FF,182,10.960548743788927,10.113599789454737
Chris Roycroft,SI,260,9.973827832555992,9.029230471487068
Chris Roycroft,ST,118,11.519461268510643,11.148965485748036
Chris Sale,ALL,2628,11.480194869200485,9.610035274788217
Chris Sale,CH,382,10.153248520715591,8.579744625972808
Chris Sale,FF,1008,12.83520386503536,9.53539367382156
Chris Sale,SI,194,10.3388100465801,8.945278447324029
Chris Sale,SL,1044,11.151468040295201,10.183605539290799
Chris Stratton,ALL,972,10.747532999256933,10.17936185945501
Chris Stratton,CH,98,10.689854850271761,10.002138272691358
Chris Stratton,CU,218,12.673638016870056,11.157244291670608
Chris Stratton,FF,366,10.450745029468948,9.867561125427574
Chris Stratton,SI,91,10.182361525910169,8.662704014654707
Chris Stratton,SL,196,10.17000007530014,9.968915315535423
Chris Stratton,ST,3,16.549008915588452,12.723138296307935
Christian Scott,ALL,739,10.450044670912593,9.134236749170226
Christian Scott,FC,2,20.43750931512541,22.422675940532443
Christian Scott,FF,387,9.819647908147852,8.542762113704205
Christian Scott,FS,81,17.7873267418086,12.356104809008944
Christian Scott,SL,134,9.750228193841197,9.557663794093454
Christian Scott,ST,135,9.80036541828722,9.372146158015486
Cionel Pérez,ALL,794,11.511989691558451,10.40227867947807
Cionel Pérez,CU,1,15.2121869456409,7.774798340226562
Cionel Pérez,FF,190,9.968844565200602,9.850681554494756
Cionel Pérez,SI,308,11.225298292908803,10.096455012546095
Cionel Pérez,SV,295,14.029337058574322,11.095882699884282
Clarke Schmidt,ALL,1387,10.314077046740433,9.350335503144052
Clarke Schmidt,CH,7,6.507161525080072,7.130238638094955
Clarke Schmidt,FC,506,8.512674589941955,8.401246892834097
Clarke Schmidt,FF,1,14.39889754641278,16.85100597896033
Clarke Schmidt,KC,246,15.126257096777046,11.948394365216792
Clarke Schmidt,SI,275,10.742481298573875,9.792282051623152
Clarke Schmidt,SL,19,10.532872031157888,10.34701124369678
Clarke Schmidt,ST,333,9.762363675917285,8.382446912281347
Clay Holmes,ALL,1025,11.446897335810377,10.292617059604536
Clay Holmes,FF,9,9.667187890384431,10.07371531479423
Clay Holmes,SI,601,11.831290975166084,10.469857583901272
Clay Holmes,SL,235,10.780395534256886,9.657590887072987
Clay Holmes,ST,180,11.520246413915423,10.587533599392362
Clayton Andrews,ALL,15,13.279580032978199,13.579306965185003
Clayton Andrews,CH,9,13.279580032978199,13.579306965185003
Clayton Andrews,FF,1,15.582994138818139,12.457946561178261
Clayton Andrews,SI,2,11.15254122344883,9.474004779362108
Clayton Andrews,SL,3,12.097259698012584,14.324187205544154
Clayton Beeter,ALL,49,12.946244425434532,10.810211545894619
Clayton Beeter,FF,33,12.946244425434532,11.08466270752495
Clayton Beeter,SL,16,11.620541645103206,10.723030699477345
Clayton Kershaw,ALL,476,12.77459963277778,10.21055354920544
Clayton Kershaw,CH,2,6.550222331586679,6.63981103679971
Clayton Kershaw,CU,72,15.17027392561075,12.176448948637546
Clayton Kershaw,FF,166,16.316531189151476,10.286736353412756
Clayton Kershaw,FS,20,19.886544011586075,13.112310189683706
Clayton Kershaw,SI,5,11.524788421602691,16.307486639197947
Clayton Kershaw,SL,211,9.847799242569964,9.317013642175286
Cody Bolton,ALL,276,11.793219679096879,9.643143973571576
Cody Bolton,CH,35,16.30882014374475,10.877571464818685
Cody Bolton,FC,87,12.93818063183097,11.278900137466112
Cody Bolton,FF,11,7.446838340565764,8.409410733769466
Cody Bolton,SI,77,11.399153811787682,9.164878749462495
Cody Bolton,ST,66,9.283833144582838,8.151629396893988
Cody Bradford,ALL,1134,8.9552522680528,7.995193480658072
Cody Bradford,CH,312,9.455943664929837,9.022408093013237
Cody Bradford,CU,146,9.882718000199077,8.744047597745638
Cody Bradford,FC,4,9.348192077613032,9.168156927169733
Cody Bradford,FF,593,8.274705358043208,7.428325625329509
Cody Bradford,SL,79,8.674944758463699,9.088068089686603
Cody Poteet,ALL,359,10.667327127837114,10.513448832050996
Cody Poteet,CH,72,12.802729644305074,10.542792343406894
Cody Poteet,CU,37,13.449495379602343,10.942171393899127
Cody Poteet,FF,103,11.124595218952335,11.156739822442871
Cody Poteet,SI,87,9.687456950692788,9.46686074164261
Cody Poteet,ST,60,8.926947271369126,9.428181363407287
Cole Irvin,ALL,1587,11.035872475666336,9.684993225449297
Cole Irvin,CH,208,11.662486229451149,9.00867491105084
Cole Irvin,CU,61,11.585771620130089,9.516036851089016
Cole Irvin,FC,188,9.95022169953129,9.424486508383469
Cole Irvin,FF,364,11.243352792337081,9.533796862100264
Cole Irvin,SI,365,11.494573774875812,9.330981633248067
Cole Irvin,SV,401,10.573734616800978,10.816746377194526
Cole Ragans,ALL,3143,11.606395425185646,10.439313699187275
Cole Ragans,CH,731,11.189686467158245,10.257050074377647
Cole Ragans,FC,359,10.951632231648434,10.566221200087945
Cole Ragans,FF,1326,11.331815915122412,9.670343834681919
Cole Ragans,KC,325,13.472452907273215,12.567541986168306
Cole Ragans,SI,4,15.282589901993138,10.122226783506761
Cole Ragans,SL,398,13.397641659590754,12.284803453428061
Cole Sands,ALL,1093,10.624778123379592,9.737317074868733
Cole Sands,CU,151,12.495801056123243,10.563847436024345
Cole Sands,FC,327,8.785507367097436,8.744108177305021
Cole Sands,FF,317,9.077027896005527,9.311359558223078
Cole Sands,FS,189,16.00841708730494,11.586132577757391
Cole Sands,SI,109,10.911999650571767,9.837058601320454
Cole Sulser,ALL,227,10.835761104452795,8.713546582078296
Cole Sulser,CH,49,21.127471238054905,11.863605996911284
Cole Sulser,FC,37,8.140300403333168,7.872401054870501
Cole Sulser,FF,120,7.772597521191241,6.971809296909775
Cole Sulser,ST,21,13.365221782148733,12.114167710680693
Cole Tucker,ALL,9,23.775398178457323,12.506603562886857
Cole Tucker,EP,8,23.011557228724264,10.889153132339374
Cole Tucker,FA,1,28.416119925512604,29.774432164196966
Cole Winn,ALL,272,11.802172009216092,10.922578425749272
Cole Winn,CU,8,11.574614779809181,9.087147869513766
Cole Winn,FF,111,11.38778649796352,9.923123047695576
Cole Winn,FS,59,11.412505213819124,11.357351977828161
Cole Winn,SI,19,14.921836493731096,13.365840275277558
Cole Winn,SL,75,11.851878217011967,11.61556072022121
Colin Holderman,ALL,803,11.084321078737528,10.670854069396906
Colin Holderman,FC,207,11.493457200952772,11.003166604103532
Colin Holderman,FF,8,11.998319744429708,15.012660137635802
Colin Holderman,SI,205,9.575955234880595,9.411263283768998
Colin Holderman,ST,383,11.537022737226849,11.231132324342502
Colin Poche,ALL,499,12.612393034745605,11.364042685251981
Colin Poche,FF,341,11.457152895571992,11.364042685251981
Colin Poche,SL,158,15.12869047886499,11.313018969521526
Colin Rea,ALL,2270,10.517773596607627,9.067926510443861
Colin Rea,CH,214,13.988398452531737,10.04131864028452
Colin Rea,CU,98,12.19469263194443,9.639164647306554
Colin Rea,FC,433,8.821682488670055,8.530517658348813
Colin Rea,FF,452,9.726851326194954,8.866481474125223
Colin Rea,SI,696,9.761839770291502,8.798310336554714
Colin Rea,ST,377,12.802003648292324,10.93386979399075
Colin Selby,ALL,110,13.479175870552513,11.824316025933479
Colin Selby,FF,30,11.161004919281588,11.763064158239114
Colin Selby,KC,24,19.539607318265276,14.958610865674114
Colin Selby,SI,35,12.32233799722836,10.06498850287127
Colin Selby,SL,21,12.367058976560358,11.963496360783699
Collin Snider,ALL,575,10.215493654508785,9.634218317819268
Collin Snider,FC,96,9.876894234906853,9.3718202602224
Collin Snider,FF,244,9.27170213541865,8.99302235346555
Collin Snider,SI,29,8.90266863004139,8.29940251032998
Collin Snider,ST,206,12.117636050917174,10.16775032516286
Colten Brewer,ALL,366,11.845456284245895,10.69294446676298
Colten Brewer,CU,105,16.87753104948571,15.7938032133591
Colten Brewer,FC,6,9.152451490191776,6.603059000650864
Colten Brewer,FF,147,10.496663540604318,9.025531790696224
Colten Brewer,SI,7,8.332219468738222,7.542151463588602
Colten Brewer,SL,98,9.261382882883485,10.131839207703397
Colten Brewer,ST,3,14.753160874751467,13.428591429552348
Connor Brogdon,ALL,92,12.953670967360377,9.76626283398554
Connor Brogdon,CH,35,11.672761184261613,9.821390948566284
Connor Brogdon,FC,17,14.626048646381005,12.091933025549706
Connor Brogdon,FF,40,12.938328688896945,9.64732026272938
Connor Gillispie,ALL,134,10.88351605772918,10.437023008880061
Connor Gillispie,CH,30,10.90926147353722,11.628668624711839
Connor Gillispie,FC,28,9.36845048703334,9.747882791176146
Connor Gillispie,FF,57,10.470321582259071,8.62313821015813
Connor Gillispie,ST,19,12.073300719832398,13.048921293706684
Cooper Criswell,ALL,1422,10.01348229799318,8.909325807841704
Cooper Criswell,CH,357,10.823985469301668,8.773582918129339
Cooper Criswell,FC,219,10.463159882924055,9.249470718126862
Cooper Criswell,SI,426,8.627991950923345,7.870166626499546
Cooper Criswell,SL,21,10.8952235462199,8.789246272818245
Cooper Criswell,ST,399,11.62767677796521,10.261362163305943
Corbin Burnes,ALL,2768,10.28360075613486,9.2943976691229
Corbin Burnes,CH,313,12.047840789369877,10.504739002072897
Corbin Burnes,CU,605,11.007354811906241,10.315166190138713
Corbin Burnes,FC,1245,9.178541397386482,8.623085226381182
Corbin Burnes,FF,3,3.374891862284088,8.82480235173308
Corbin Burnes,SI,187,10.62207902616518,9.37160252221982
Corbin Burnes,SL,347,11.176047331890096,9.188911154497234
Corbin Burnes,ST,68,8.18797486356205,8.018220140419565
Craig Kimbrel,ALL,918,11.799462031436457,9.780973431474695
Craig Kimbrel,CH,5,8.127026187016126,11.607289688323506
Craig Kimbrel,FF,603,10.163508771188111,9.523276255151549
Craig Kimbrel,KC,271,13.923111438084973,10.230774495054627
Craig Kimbrel,ST,39,18.630182155614087,12.470189593290108
Cristian Javier,ALL,557,12.73328373801035,10.669422278548762
Cristian Javier,CH,151,12.73328373801035,9.980037592189062
Cristian Javier,FF,217,12.76391925385874,11.069703761953937
Cristian Javier,KC,23,13.46575424047619,13.222628572453697
Cristian Javier,ST,166,12.414186691339616,11.064461087135761
Cristian Mena,ALL,70,12.564876950798205,11.82306527590648
Cristian Mena,CH,8,13.26973819849641,10.483401285533064
Cristian Mena,CU,22,13.732231740141607,11.980267605907304
Cristian Mena,FF,27,9.622662105514538,11.837116037657145
Cristian Mena,SI,6,11.294388417708372,11.308493908117388
Cristian Mena,ST,7,11.742100685087033,10.192670596439367
Cristopher Sánchez,ALL,2472,10.404979491052181,9.545400416862117
Cristopher Sánchez,CH,881,11.731881867457645,10.278675785613949
Cristopher Sánchez,FC,5,22.797340549926876,18.612241606389205
Cristopher Sánchez,SI,1169,9.029604642373702,8.603495592037099
Cristopher Sánchez,SL,417,11.975275178328813,10.616021946722181
DJ Herz,ALL,1487,11.57199844440413,11.041201606794456
DJ Herz,CH,368,11.89117409949621,11.380356027012635
DJ Herz,FF,796,11.348614798647281,10.62720979451139
DJ Herz,KC,50,10.572732989323296,13.37734859430298
DJ Herz,SL,273,12.742860529030953,11.762290316600977
DL Hall,ALL,705,10.503456221163729,9.640346785447663
DL Hall,CH,147,11.477453197258656,10.126379788599197
DL Hall,CU,137,10.978757581719332,10.822873539164576
DL Hall,FC,2,10.910770989524359,9.808605353206094
DL Hall,FF,321,9.80916211625673,9.06505933167678
DL Hall,SI,3,5.929520953216266,5.163920229741423
DL Hall,SL,95,13.042387331122416,9.736506799057024
Dakota Hudson,ALL,1452,11.4953800449576,10.219147080281811
Dakota Hudson,CH,145,12.091537577867385,11.762058074598016
Dakota Hudson,CU,247,12.624062626569966,11.628776918034047
Dakota Hudson,FC,5,8.769698608545578,8.352741852167943
Dakota Hudson,FF,231,12.736024172615297,10.431313309432266
Dakota Hudson,SI,473,11.064502348855825,9.463791351217825
Dakota Hudson,SL,351,9.97284113819109,9.739277619833064
Dallas Keuchel,ALL,271,8.277329669584358,8.60234735944339
Dallas Keuchel,CH,80,12.54642027879853,10.671493996649371
Dallas Keuchel,FC,35,8.030413265674865,6.315387737812565
Dallas Keuchel,SI,153,7.162949607629422,7.9880110726630384
Dallas Keuchel,SL,3,13.812502040936456,8.927300062129488
Dan Altavilla,ALL,82,12.286050625415974,10.277005128719114
Dan Altavilla,CH,4,7.516944781262669,8.57914135166522
Dan Altavilla,FF,48,11.762051286326347,9.554203666313361
Dan Altavilla,SL,30,12.752536840547018,10.803274392308978
Dane Dunning,ALL,1603,10.951375990961939,9.812756903486726
Dane Dunning,CH,199,12.003927035692298,10.303670589924536
Dane Dunning,FC,304,10.01764706055577,9.451613881955016
Dane Dunning,FF,45,13.554451643502942,10.676616057691838
Dane Dunning,FO,1,19.41888007885132,20.40231279708541
Dane Dunning,KC,71,14.93761370783068,11.873237281977191
Dane Dunning,SI,608,9.913965396847779,9.211503119983291
Dane Dunning,SL,375,11.63593762796665,10.24140450017714
Daniel Duarte,ALL,54,10.83311242316569,8.623314876227823
Daniel Duarte,CH,8,15.061066509183853,7.020189656688302
Daniel Duarte,FC,8,10.71850564473769,7.7045490527386145
Daniel Duarte,FF,14,8.099921765733454,9.752582454458414
Daniel Duarte,SI,4,10.698059739482474,10.07682445868094
Daniel Duarte,SL,3,8.27432676267126,6.272857544609977
Daniel Duarte,ST,17,12.199357424267195,8.924456806705837
Daniel Hudson,ALL,982,13.381888619510928,9.650698983586892
Daniel Hudson,CH,36,13.47504285106506,11.976977850757867
Daniel Hudson,FF,495,16.217986611764253,9.311809906875894
Daniel Hudson,SI,48,8.63667657950588,8.482015428403383
Daniel Hudson,SL,403,10.825019232460074,10.054287299370742
Daniel Lynch IV,ALL,574,10.99166549933061,9.76189403871754
Daniel Lynch IV,CH,121,10.578541794762423,9.653583978977679
Daniel Lynch IV,CU,1,18.26256511653004,13.816661040861806
Daniel Lynch IV,FC,3,7.364203738284632,6.616440921388154
Daniel Lynch IV,FF,206,10.821682342127136,9.636545342454564
Daniel Lynch IV,KC,31,9.932524454846645,9.534275523343743
Daniel Lynch IV,SI,58,10.77919943941413,8.5782736977356
Daniel Lynch IV,SL,154,11.472474923033044,10.903334353931708
Daniel Palencia,ALL,236,11.963986318280021,9.915231653554446
Daniel Palencia,FF,139,9.477023394008757,8.781880006889239
Daniel Palencia,FS,25,17.784445204404154,10.984259070692643
Daniel Palencia,SI,20,14.53301525347907,12.934802251711988
Daniel Palencia,SL,52,13.369206858911987,10.43169701616026
Daniel Robert,ALL,103,10.913584488498552,11.518947847166276
Daniel Robert,CH,1,25.788274617462484,23.371451430870717
Daniel Robert,FC,4,5.770989187577098,6.6427840527841955
Daniel Robert,FF,46,11.108055965430024,11.606070129082605
Daniel Robert,SI,2,15.919131662957003,16.749632963838877
Daniel Robert,ST,50,10.872029725741793,11.392509630340221
Danny Coulombe,ALL,439,12.860197600942993,11.07408825293872
Danny Coulombe,FC,131,11.269129842442485,10.79039493579322
Danny Coulombe,FF,65,11.148601170653778,9.319722718372239
Danny Coulombe,KC,53,14.123408375997094,14.558400075024885
Danny Coulombe,SI,66,13.539390234275876,9.998446650197469
Danny Coulombe,ST,124,14.079782511079728,12.356086588302869
Danny Mendick,ALL,7,11.725089978612349,11.45858647270839
Danny Mendick,EP,1,17.72023333597359,9.550536862433727
Danny Mendick,FA,6,11.424943344646618,11.915722823948268
Danny Young,ALL,610,15.117307241673036,11.458511495259552
Danny Young,FC,4,12.787419539872193,17.47116263109865
Danny Young,SI,282,12.074876375360933,10.034131159285028
Danny Young,ST,324,17.701396286380643,12.811385502008179
Dany Jiménez,ALL,420,12.101313798818563,11.671649366611923
Dany Jiménez,CH,17,11.607690486474675,14.725326942366136
Dany Jiménez,FF,163,12.072229450999217,11.340396919203572
Dany Jiménez,SL,240,12.465795336970512,11.94578513070503
Darius Vines,ALL,244,10.275370567388588,9.777249653556154
Darius Vines,CH,77,8.798829700926476,9.423048644846368
Darius Vines,CU,14,15.06245630721395,15.498307675683302
Darius Vines,FC,31,10.927014143024612,8.275412235611858
Darius Vines,FF,90,9.783403100501205,10.110943134820712
Darius Vines,SL,32,8.391201933658976,10.653074855607331
Darren McCaughan,ALL,691,12.27299591250778,10.510709011885641
Darren McCaughan,CH,73,15.372054581538682,12.162039746716752
Darren McCaughan,FF,134,11.338680443518603,9.259661878241554
Darren McCaughan,SI,217,12.746647559147783,10.935169052145824
Darren McCaughan,ST,267,11.475773018890802,10.510709011885641
Daulton Jefferies,ALL,274,8.999280191269339,8.418656667866962
Daulton Jefferies,CH,40,15.21134943987266,9.61498767402022
Daulton Jefferies,FC,40,8.310238696310277,8.042390014532952
Daulton Jefferies,FF,26,6.254930377427024,7.194723927021063
Daulton Jefferies,SI,101,7.767491969853732,7.917666959341076
Daulton Jefferies,SL,67,9.826058782545658,8.605708486375427
David Bednar,ALL,1003,11.107243707230959,10.09675283300199
David Bednar,CU,201,13.475027873526617,11.992555881854706
David Bednar,FF,562,9.55839364126344,9.772991014276435
David Bednar,FS,240,13.504643396806198,9.978262554405049
David Bote,ALL,12,15.628015812495208,14.002734990614993
David Bote,EP,1,12.543382818823847,6.048741445894949
David Bote,FA,11,16.228855061809394,15.985603080518148
David Festa,ALL,1002,11.9050142519054,10.321430979630659
David Festa,CH,278,14.192174689297602,10.002591375856172
David Festa,FF,404,10.401162014337064,10.446630549315824
David Festa,SL,320,11.21509846075771,10.56765750704739
David Hensley,ALL,24,14.354943636432552,9.828140548206846
David Hensley,CU,1,31.10282078165206,30.934196512737064
David Hensley,FA,23,13.95654274563786,9.03387369528465
David Peterson,ALL,1789,11.921453180685644,9.434730617529254
David Peterson,CH,295,15.98918707136672,10.227486586224513
David Peterson,CU,131,16.736196362625122,11.115250838803362
David Peterson,FF,475,9.672028671095775,8.668735165875043
David Peterson,SI,558,10.08740877649926,8.59934639399346
David Peterson,SL,330,14.878530912364301,11.257496374409094
David Robertson,ALL,1182,11.509680923249665,9.970742600165238
David Robertson,CH,21,11.301357250770163,14.839782989859046
David Robertson,CU,2,18.145315568540177,20.444171940002317
David Robertson,FC,748,10.204860014300618,9.33872165214484
David Robertson,FF,2,19.242588595873414,18.39785159684265
David Robertson,KC,313,14.289186431658228,10.86538474857571
David Robertson,SI,17,13.74760114561024,12.227050363157929
David Robertson,SL,79,13.473041647780194,10.56493190250846
Davis Daniel,ALL,494,10.720000178872366,9.031593975300654
Davis Daniel,CH,85,10.756186629878489,9.152617413497056
Davis Daniel,CU,38,13.600771620729017,13.896332404539487
Davis Daniel,FF,234,10.696013373701696,9.012389446784887
Davis Daniel,FS,18,8.140576229210385,7.8861855614424
Davis Daniel,SL,119,10.457480467417405,8.289017860856301
Davis Martin,ALL,822,10.906631061722221,9.726667201031471
Davis Martin,CH,158,10.630046397100788,10.371153671513863
Davis Martin,CU,60,13.998913583363247,12.29853930473223
Davis Martin,FF,236,12.054559739277297,9.639600891731487
Davis Martin,SL,149,9.645540007186248,8.708274529307696
Davis Martin,ST,219,9.628856954206634,9.605703142034406
Daysbel Hernández,ALL,294,12.088022132743127,10.258854291659322
Daysbel Hernández,FF,128,11.474015211503307,10.20325232295901
Daysbel Hernández,SI,5,11.80155486054266,6.575491121147753
Daysbel Hernández,SL,161,12.953106146176935,10.519125643076794
Dean Kremer,ALL,1912,11.02530607938097,9.879745654327689
Dean Kremer,CU,215,12.379616322637425,12.141102967317504
Dean Kremer,FC,444,10.36358411034248,9.31014408892384
Dean Kremer,FF,617,10.354156725089588,9.342946773611299
Dean Kremer,FS,336,12.398610709222496,11.258983301613284
Dean Kremer,SI,300,10.758954412371168,8.845293007885617
Declan Cronin,ALL,1040,11.515125730459083,10.33078568176913
Declan Cronin,CH,1,9.345398697179192,6.872342851079417
Declan Cronin,FF,73,11.723920146937298,9.567915623800419
Declan Cronin,SI,428,10.93903955826305,9.862753924104327
Declan Cronin,SL,530,11.824548076484849,10.692692191529423
Declan Cronin,ST,8,24.243257751934962,17.328174244690672
Dedniel Núñez,ALL,499,11.1921521291478,9.63874019839792
Dedniel Núñez,CH,16,13.15944854088793,9.680518917716512
Dedniel Núñez,CU,1,9.333881556405101,16.51109086715811
Dedniel Núñez,FF,238,8.626038764124978,8.352602216460896
Dedniel Núñez,SL,244,14.234168812265125,10.481090128426054
Deivi García,ALL,261,14.146809328521973,13.10490757655768
Deivi García,CH,32,12.61173287192183,12.616348707082828
Deivi García,CU,39,16.534186875741117,15.835393923988716
Deivi García,FF,145,13.28732280802338,11.863872829918746
Deivi García,ST,45,16.411589317764363,14.575760327414132
Dennis Santana,ALL,1094,11.140547109237701,10.428063888875784
Dennis Santana,CH,92,13.329748899155632,10.92830732803042
Dennis Santana,CU,2,7.24508342123666,8.510461686811292
Dennis Santana,FC,214,10.026636925055914,9.808741414006711
Dennis Santana,FF,290,11.103756309127338,11.070036911239907
Dennis Santana,SI,144,10.836082422113012,9.84631424297061
Dennis Santana,SL,352,11.725280495685404,10.533542276064004
Derek Law,ALL,1258,10.722313524440377,10.154254115264875
Derek Law,CH,60,9.235948822785842,8.565557924720244
Derek Law,CU,47,16.334981126090693,14.088415419584033
Derek Law,FC,468,9.918509856697586,9.486032442656812
Derek Law,FF,174,11.54713222081407,9.852750775177867
Derek Law,SI,126,11.74675868652584,10.735274368095563
Derek Law,SL,383,10.910864990311355,10.320466362737138
Devin Williams,ALL,364,12.855682279569557,9.78962337516056
Devin Williams,CH,168,13.369173183723525,9.832541840532897
Devin Williams,FF,196,11.85700854778215,9.67484119620507
Diego Castillo,ALL,136,11.976099827092096,11.262822823421729
Diego Castillo,CH,1,32.183677477295134,33.541901520881915
Diego Castillo,FF,8,11.252291160201832,10.707166781997417
Diego Castillo,SI,36,10.6805020754352,9.766738205584954
Diego Castillo,SL,91,12.776672844277458,11.696026932387728
Dillon Tate,ALL,571,11.055781231711899,10.441769431470941
Dillon Tate,CH,74,13.280204767250272,11.553999284833694
Dillon Tate,FF,1,16.014131668837646,19.88442939600998
Dillon Tate,SI,307,9.400665879812511,8.950390449266418
Dillon Tate,ST,189,12.755383948230264,12.78456468902545
Dinelson Lamet,ALL,68,16.80808077726472,12.816281642420606
Dinelson Lamet,CH,1,8.854970347475298,11.318327661868985
Dinelson Lamet,FF,33,17.858209201841877,12.79980699891261
Dinelson Lamet,SI,3,12.509892370237456,13.253005238267447
Dinelson Lamet,SL,31,14.833502788766301,13.702525764169852
Domingo Germán,ALL,343,11.989272897738852,10.778228834874799
Domingo Germán,CH,77,9.455434049212595,9.649916227267175
Domingo Germán,CU,111,12.964735873284804,10.778228834874799
Domingo Germán,FF,141,12.540224076646181,11.092543577041766
Domingo Germán,SI,14,14.366939601144095,13.154708903282831
Dominic Leone,ALL,329,12.889850848739513,9.688529701968353
Dominic Leone,CH,86,13.12043325365692,9.152987933259809
Dominic Leone,FC,51,11.752486958581994,9.487455305432823
Dominic Leone,FF,85,14.811755026154257,11.44370995136475
Dominic Leone,SI,29,9.174750224781786,6.37852234296624
Dominic Leone,SL,64,14.558609932379984,11.532608672060078
Dominic Leone,ST,14,11.706353318900431,8.723010373139068
Dominic Smith,ALL,29,16.435170755694557,15.392070567648368
Dominic Smith,EP,28,16.25561511368603,14.883481997231975
Dominic Smith,FA,1,31.8963548316403,24.760542172506327
Donovan Walton,ALL,12,11.35987141342397,10.113925047169648
Donovan Walton,FA,12,11.35987141342397,10.113925047169648
Drew Rasmussen,ALL,423,10.446731285603098,8.777276433013052
Drew Rasmussen,FC,113,13.496165693690092,9.798171402284243
Drew Rasmussen,FF,163,8.24391872599728,8.161353441288613
Drew Rasmussen,SI,123,10.444374484661706,8.350884416340206
Drew Rasmussen,ST,24,18.352275856495044,12.816168123503452
Drew Smith,ALL,307,10.760256710917899,10.410744497573198
Drew Smith,CH,15,18.01134185715413,14.028925837337333
Drew Smith,CU,24,16.17841759074556,13.41265523371418
Drew Smith,FC,83,10.392533827316315,10.4499690665231
Drew Smith,FF,141,10.03924952304147,9.881828479145446
Drew Smith,SL,44,10.179639381960278,10.098917600691
Drew Smyly,ALL,928,12.09115574862874,10.39437756414861
Drew Smyly,FC,30,13.344382805858015,8.537304393935493
Drew Smyly,FF,3,17.711769357535225,14.613346166762646
Drew Smyly,KC,455,15.111767384150808,11.737117116361123
Drew Smyly,SI,439,9.960438508668258,9.314070651393358
Drew Smyly,ST,1,9.70098532586745,9.148261564148852
Drew Thorpe,ALL,659,10.445486319921216,9.49239311592972
Drew Thorpe,CH,237,10.253037570543322,9.12430914568834
Drew Thorpe,FC,95,9.850482807413913,10.274776822774685
Drew Thorpe,FF,209,10.64708246104477,10.194121468559374
Drew Thorpe,SL,95,9.807329653546244,7.988470817887022
Drew Thorpe,ST,23,13.060508590572448,10.56864401935808
Dylan Cease,ALL,2990,11.564892178268,10.27995827998949
Dylan Cease,CH,23,19.72444793550975,17.62833371977179
Dylan Cease,FC,19,6.990175563017201,7.770286231791531
Dylan Cease,FF,1317,10.12274265936056,9.781923546025368
Dylan Cease,KC,223,13.305272569610993,11.25913024945688
Dylan Cease,SI,2,7.223498394553346,7.4647916370465985
Dylan Cease,SL,1283,12.625965640786646,10.456769270677505
Dylan Cease,ST,123,12.997221654082942,11.596481423549362
Dylan Coleman,ALL,16,13.282519134294343,14.305830536492437
Dylan Coleman,FC,5,7.4542990387792285,8.183568420221826
Dylan Coleman,FF,10,13.282519134294343,14.305830536492437
Dylan Coleman,ST,1,33.12392236184139,27.803335713291958
Dylan Dodd,ALL,33,8.65178417747213,8.68109224654962
Dylan Dodd,CH,5,21.24986793594435,18.093901826247507
Dylan Dodd,FC,7,11.578496216996777,11.72915368235892
Dylan Dodd,FF,14,7.025391714386718,7.228259387583805
Dylan Dodd,SL,7,6.633807997146112,4.9825228330857385
Dylan Floro,ALL,979,10.237984369780946,8.956347755752253
Dylan Floro,CH,94,10.658507926761153,8.560045303432632
Dylan Floro,FF,139,12.170994186465508,9.84985043231723
Dylan Floro,SI,486,9.081165094101063,8.49490001611797
Dylan Floro,SL,260,11.092294859083168,9.438879479300816
Dylan Lee,ALL,797,10.73910662653771,8.922304077589391
Dylan Lee,CH,97,8.906911042693745,8.134022208146868
Dylan Lee,FF,256,10.13471878486823,8.629601395648558
Dylan Lee,SL,444,11.433729990490793,9.515696650095588
Easton Lucas,ALL,241,11.133801072391314,10.51118028728728
Easton Lucas,CH,12,15.171637396644712,12.95222995694682
Easton Lucas,FC,51,10.139170136866058,10.001267984016051
Easton Lucas,FF,129,10.697919216602397,10.505472267310116
Easton Lucas,SL,5,10.529293911890923,7.777552753464017
Easton Lucas,ST,44,12.665526820739144,11.26818481914969
Eddy Alvarez,ALL,11,13.224356454237272,16.14592893689702
Eddy Alvarez,CH,2,12.023864073750847,10.485511282756868
Eddy Alvarez,CU,2,30.537915939344717,30.90731669393751
Eddy Alvarez,SL,7,13.224356454237272,16.14592893689702
Edgardo Henriquez,ALL,59,12.922828267382114,12.539764656755484
Edgardo Henriquez,FC,3,5.250941728585565,7.86097671972804
Edgardo Henriquez,FF,38,14.466329177808861,12.987458933122625
Edgardo Henriquez,SL,18,14.204138040164725,15.323143986915806
Eduard Bazardo,ALL,415,11.834974560730261,9.82874877634455
Eduard Bazardo,FF,115,10.080382355132041,10.25653372205566
Eduard Bazardo,FS,32,13.961980157052158,10.286083179036012
Eduard Bazardo,SI,75,10.41101945649307,10.17497966630063
Eduard Bazardo,ST,193,12.727133719178385,9.57731133977242
Eduardo Rodriguez,ALL,840,9.319583919074296,8.679608014859223
Eduardo Rodriguez,CH,190,11.368772603252285,9.376755831178475
Eduardo Rodriguez,FC,162,8.869299550598921,7.733258964992945
Eduardo Rodriguez,FF,359,8.657220464785945,8.458634557697392
Eduardo Rodriguez,SI,71,8.824639423661166,8.283849338197106
Eduardo Rodriguez,SL,58,10.36871516720942,9.506624707279006
Eduardo Salazar,ALL,414,11.466482875211934,10.806203636118756
Eduardo Salazar,FF,31,12.764361451238972,9.085439057435023
Eduardo Salazar,SI,209,10.313290123717602,10.03804497261886
Eduardo Salazar,SL,174,13.641660807757855,11.456259178199186
Edward Cabrera,ALL,1614,11.202893497299236,10.267799234481249
Edward Cabrera,CH,520,11.170936099612447,9.838180588284725
Edward Cabrera,CU,357,11.880720134827719,10.992232353162365
Edward Cabrera,FF,453,10.623246317247233,10.211367449504285
Edward Cabrera,SI,149,10.901105695212344,9.128311746724735
Edward Cabrera,SL,135,12.074955744867822,10.976541628169105
Edwin Díaz,ALL,867,12.531955591274405,11.10369167248623
Edwin Díaz,FF,450,11.97285865599503,10.936313391808545
Edwin Díaz,SL,417,13.133634154825854,11.433616627532324
Edwin Uceta,ALL,637,11.224617538371328,9.667845289153
Edwin Uceta,CH,214,15.728601235233075,10.423111805544274
Edwin Uceta,CU,4,22.079255722934413,14.124872858152816
Edwin Uceta,FC,138,8.891437803489465,8.989275590213463
Edwin Uceta,FF,255,9.51912403465516,9.471135577948234
Edwin Uceta,SI,1,9.821596643592406,11.123409492856654
Edwin Uceta,ST,25,8.191402764374054,10.955490771841061
Eli Morgan,ALL,675,10.75412808629477,9.599040222738505
Eli Morgan,CH,159,10.238735509709116,9.160344625548847
Eli Morgan,FF,279,11.772384280640527,9.493399567839818
Eli Morgan,SL,237,10.387818295551853,9.872183383765211
Eli Villalobos,ALL,70,14.41748528143577,11.662425732990101
Eli Villalobos,FF,38,12.028890342628646,10.875803511933798
Eli Villalobos,FS,10,16.151547401684383,12.495869636989834
Eli Villalobos,SL,22,15.74122077725658,14.744955657465473
Elieser Hernández,ALL,145,11.532020923873864,10.407203793579097
Elieser Hernández,CH,21,11.4361281672113,10.724493311577056
Elieser Hernández,FC,38,14.226423407537109,12.96820161230166
Elieser Hernández,FF,68,12.45442341297915,10.032150187408053
Elieser Hernández,SI,12,9.854203009926472,10.781273297446049
Elieser Hernández,SL,6,8.272175576816947,6.54129458353427
Elvis Peguero,ALL,741,12.374648041475332,10.104317556641677
Elvis Peguero,SI,366,11.356322249466428,10.081086933395335
Elvis Peguero,SL,375,13.287668364188338,10.17604580814952
Emerson Hancock,ALL,923,10.7112985907585,9.140143748970116
Emerson Hancock,CH,204,12.670906008175212,9.923952623946413
Emerson Hancock,FC,54,10.296072125718979,7.1568190761417165
Emerson Hancock,FF,301,9.182033619988509,9.021466613774423
Emerson Hancock,SI,263,10.397295971069251,8.993721566636333
Emerson Hancock,SL,100,13.111101633743694,9.53033375282774
Emerson Hancock,ST,1,31.86232920545001,27.760784654318915
Emilio Pagán,ALL,576,10.394731688107367,9.707340245946678
Emilio Pagán,FC,158,9.646069520544536,9.770978080818935
Emilio Pagán,FF,332,9.882095721353918,9.158832714880667
Emilio Pagán,FS,86,13.134524879112966,11.77421179373253
Emmanuel Clase,ALL,1090,9.807451355026634,9.459427612794109
Emmanuel Clase,FC,851,9.572056620357063,9.339295344827278
Emmanuel Clase,SI,20,6.83077595910755,7.36720179725509
Emmanuel Clase,SL,219,11.052249722420289,10.578996171974671
Emmanuel Ramirez,ALL,359,12.469648286084572,10.607880893374073
Emmanuel Ramirez,FF,192,10.28098946648889,9.637182132772288
Emmanuel Ramirez,FS,132,16.311557421022815,11.955186926351434
Emmanuel Ramirez,SL,35,16.93236029722594,15.392682499374976
Emmanuel Rivera,ALL,49,11.750365518777564,10.485586063539202
Emmanuel Rivera,CH,12,12.501082340173353,13.601657782081299
Emmanuel Rivera,EP,25,11.178809469463136,9.834285112368178
Emmanuel Rivera,FA,12,11.04400795001676,11.851901161908831
Enoli Paredes,ALL,244,12.883342843098458,12.00996430377544
Enoli Paredes,FF,97,12.931965251900612,12.16287906864634
Enoli Paredes,SI,52,16.15273513501623,11.57991123344107
Enoli Paredes,SL,95,11.450084811154978,11.90775737659845
Enrique Hernández,ALL,39,16.11558464272074,13.0826794586076
Enrique Hernández,CS,3,13.157811239864486,14.705966329050923
Enrique Hernández,EP,35,16.11558464272074,12.06386673247754
Enrique Hernández,FA,1,41.33446731741944,26.41159586487576
Enyel De Los Santos,ALL,1069,11.640428849003204,9.432071683566742
Enyel De Los Santos,CH,84,13.020480583004652,11.838349005403291
Enyel De Los Santos,FF,525,11.13124021438918,8.772613787056375
Enyel De Los Santos,SI,1,10.030178317712313,5.711869362176067
Enyel De Los Santos,SL,459,11.781721217657275,9.582847128990242
Erasmo Ramírez,ALL,285,12.276791550020695,10.795651634675826
Erasmo Ramírez,CH,19,21.549279109262656,15.0384883452349
Erasmo Ramírez,CU,28,14.69468731029898,11.160722380170416
Erasmo Ramírez,FC,114,12.117879709174712,11.672978341921013
Erasmo Ramírez,FF,14,8.63475400821441,9.505824672536857
Erasmo Ramírez,SI,110,11.258608733116088,9.51692989144765
Eric Orze,ALL,40,15.035322682814016,11.118214237911234
Eric Orze,FF,17,18.31428368164086,13.95097488951847
Eric Orze,FS,19,11.498300456584543,8.980309526222436
Eric Orze,SL,4,19.009714270490036,18.375876899575985
Erick Fedde,ALL,2693,10.123528472557549,9.005096091305147
Erick Fedde,CH,450,12.031308058646365,9.162045227549047
Erick Fedde,FC,863,9.427461076312285,8.830085315186778
Erick Fedde,FF,17,10.28147795312992,9.147704545490518
Erick Fedde,SI,816,9.995724242565812,8.912117476452607
Erick Fedde,ST,547,10.160788952068515,9.22884050432648
Erik Miller,ALL,1162,11.129811284390033,10.286878779702015
Erik Miller,CH,392,11.266332494559151,10.051963217956235
Erik Miller,CU,1,2.4058192502607008,2.0797897892930544
Erik Miller,FF,582,10.727614984162576,10.046146507318829
Erik Miller,ST,187,12.549410159617283,12.31598173619196
Erik Sabrowski,ALL,284,11.403768395969378,10.138171383709544
Erik Sabrowski,CU,69,12.706255993657859,11.177653872842164
Erik Sabrowski,FF,150,11.212938171194068,10.417477469997117
Erik Sabrowski,SL,65,11.174286492561178,9.527313813228462
Erik Swanson,ALL,637,11.73900185169991,10.268084062447214
Erik Swanson,FF,315,9.922199940939507,9.729942355769296
Erik Swanson,FS,198,13.80790364245447,10.52494130641313
Erik Swanson,SL,124,11.925856783693074,11.469440343038897
Ernie Clement,ALL,9,10.393643623927677,8.54566649058881
Ernie Clement,FA,9,10.393643623927677,8.54566649058881
Ethan Roberts,ALL,458,11.284116143874474,10.21239692457607
Ethan Roberts,FC,149,11.539211959412777,9.692922583874731
Ethan Roberts,SI,38,10.432039120119097,10.139689687764095
Ethan Roberts,ST,271,11.353656174890926,10.439628107564069
Evan Justice,ALL,8,16.086980804612267,12.730952953921957
Evan Justice,FF,7,16.95004219688006,14.3619495075242
Evan Justice,SL,1,3.6518236340081818,2.8561593725956436
Evan Kravetz,ALL,4,11.667728333495425,10.544791492817772
Evan Kravetz,FF,2,16.53345237256415,16.55145376295757
Evan Kravetz,FS,1,1.7808067472172602,6.949923155341169
Evan Kravetz,KC,1,18.67488643759197,14.139659830294375
Evan Phillips,ALL,875,12.36303244064353,9.674045307122046
Evan Phillips,FC,129,10.598730341858738,10.058162560383225
Evan Phillips,FF,324,13.988437565450802,8.981602009320483
Evan Phillips,SI,83,11.714258663504769,9.44664256749494
Evan Phillips,ST,339,11.99063835494672,10.25762385501263
Fernando Cruz,ALL,1052,12.070443630249322,11.261843640484813
Fernando Cruz,CH,1,13.12251713995871,7.415797767411846
Fernando Cruz,FC,268,10.41722042320022,10.409729766431871
Fernando Cruz,FF,344,11.170853270009587,10.451146305062418
Fernando Cruz,FS,435,14.355461366838727,13.368500686617507
Fernando Cruz,SI,2,12.361597893009218,13.77364610083503
Fernando Cruz,SL,2,20.718335033479903,18.26214239319699
Forrest Whitley,ALL,94,11.992806187872153,10.970806370964883
Forrest Whitley,CH,2,26.969412458582205,24.81678890962672
Forrest Whitley,CU,17,10.423608257012933,10.07612276360774
Forrest Whitley,FC,5,8.464785264213372,6.753263864396593
Forrest Whitley,FF,14,13.065706318062993,11.453005876875586
Forrest Whitley,FS,2,22.062536391753476,18.617917769830118
Forrest Whitley,SI,50,12.132258400235884,10.677329165346183
Forrest Whitley,SV,4,16.28604394532381,12.150654990124057
Framber Valdez,ALL,2467,11.533775896121568,10.225554497995443
Framber Valdez,CH,427,12.16802950702256,9.919964189221227
Framber Valdez,CU,786,13.47258872638978,11.169737964946304
Framber Valdez,FF,18,12.919864238814041,13.595158612677313
Framber Valdez,SI,1124,9.950080232082518,9.589785906555123
Framber Valdez,SL,112,13.966023087023668,12.130016811372833
Frankie Montas,ALL,2450,10.378735131181642,9.343554385938255
Frankie Montas,FC,443,9.17865651120739,9.092008078122289
Frankie Montas,FF,814,10.400082328685244,9.304653877039662
Frankie Montas,FS,460,14.06258643787111,10.57363513943746
Frankie Montas,SI,475,8.407540976050369,8.625229325646881
Frankie Montas,SL,151,10.024159568250539,8.730735544568562
Frankie Montas,ST,107,10.614863873480177,8.87664947148363
Fraser Ellard,ALL,404,11.440732889201058,11.209585751383027
Fraser Ellard,CH,15,12.98737119786886,10.793332862665936
Fraser Ellard,FC,36,9.605511065773001,10.580359171277962
Fraser Ellard,FF,227,11.043217370870149,10.773903952771468
Fraser Ellard,SI,34,8.520406262687644,8.253446198720113
Fraser Ellard,SL,92,15.325426263933078,14.021432654104425
Freddy Peralta,ALL,2691,12.978322063914993,10.513820212045148
Freddy Peralta,CH,482,14.09533430541341,10.45321287806295
Freddy Peralta,CU,175,13.593425937792139,13.485891830161561
Freddy Peralta,FF,1462,12.974067887819793,10.218807620149303
Freddy Peralta,SI,2,12.113078942656504,11.052887884613467
Freddy Peralta,SL,555,11.903759951722288,10.60164027093377
Freddy Peralta,ST,15,11.498180989286533,13.571388511654723
Gabe Speier,ALL,380,11.9134783806963,10.23357866997034
Gabe Speier,CH,3,11.963985017098333,9.270112082445548
Gabe Speier,FF,132,9.617340949966165,9.892375497317353
Gabe Speier,SI,131,12.269610240821967,10.365071010293613
Gabe Speier,SL,108,14.698874128815149,10.781356636577177
Gabe Speier,ST,6,19.82531015858094,12.96579051805626
Garrett Cleavinger,ALL,1004,11.776983381367094,10.31239941897346
Garrett Cleavinger,FC,254,11.334617053678935,9.431370122247792
Garrett Cleavinger,FF,248,11.465666978181755,11.212158446302892
Garrett Cleavinger,SI,96,9.684612721527154,9.97774910500524
Garrett Cleavinger,SL,237,11.916677284763772,9.334795223924724
Garrett Cleavinger,ST,169,14.254987079328147,11.504978167900891
Garrett Crochet,ALL,2173,11.396716856059715,9.983303171497933
Garrett Crochet,CH,135,12.572476834566345,11.060854208632911
Garrett Crochet,FC,611,10.400028072672036,10.448828609382387
Garrett Crochet,FF,1170,11.639007843786262,9.57662465361604
Garrett Crochet,SI,47,10.565962082829516,9.493398228968369
Garrett Crochet,ST,210,12.505864581928506,11.19120135949618
Garrett Hampson,ALL,13,19.932869526308902,17.39140876631305
Garrett Hampson,CU,8,19.641885673295192,17.764822717262295
Garrett Hampson,SL,5,21.2241717748336,16.773424271039016
Garrett Stubbs,ALL,42,13.930354464529866,10.950953063098837
Garrett Stubbs,CS,2,23.212351315224716,9.89475336898484
Garrett Stubbs,EP,33,13.223555293540525,10.867531044085554
Garrett Stubbs,FA,7,14.313952298766576,12.369200448662426
Garrett Whitlock,ALL,216,9.662631864746768,8.678985488617554
Garrett Whitlock,CH,58,8.76344363092865,8.833752090398592
Garrett Whitlock,FC,34,10.559675053029306,8.983974285370197
Garrett Whitlock,SI,49,8.3735574819804,7.517692001370562
Garrett Whitlock,SL,36,10.49072942090605,9.521917662060238
Garrett Whitlock,ST,39,9.721642524802284,9.659587911072377
Gavin Hollowell,ALL,28,12.060847643726717,10.294182732078692
Gavin Hollowell,FF,14,12.060847643726717,9.311509303076031
Gavin Hollowell,SI,2,15.823243394832492,11.593752487860142
Gavin Hollowell,ST,12,10.454120440212012,8.954332199881335
Gavin Stone,ALL,2027,10.581766630898983,9.266238244475087
Gavin Stone,CH,545,10.081144849381225,9.806802445942928
Gavin Stone,CU,84,10.869545643002308,9.900225175494468
Gavin Stone,FC,108,9.331007837447029,8.862487555346572
Gavin Stone,FF,527,11.710534427686932,9.512367660588106
Gavin Stone,SI,435,10.376246049763902,8.12796530217637
Gavin Stone,SL,295,10.592093503330696,9.029550178592379
Gavin Stone,ST,33,9.532279293450141,10.771097682978363
Gavin Williams,ALL,1278,10.499011799458632,9.684477482808912
Gavin Williams,CH,68,14.1934349408122,11.497848933045113
Gavin Williams,CU,255,14.335109465690989,12.939479218959402
Gavin Williams,FC,166,9.761456346871803,8.960862018522064
Gavin Williams,FF,663,9.438840092499447,8.569333646899024
Gavin Williams,SL,126,11.052656180325826,10.474950534628364
Geoff Hartlieb,ALL,130,10.572227228332213,9.99285999385761
Geoff Hartlieb,FC,35,10.88827523205089,10.023067331747763
Geoff Hartlieb,FF,36,12.378885742205568,9.84266490502631
Geoff Hartlieb,SI,34,10.03863325454127,10.619684074678453
Geoff Hartlieb,SL,25,10.494789576193977,9.046788336504743
George Kirby,ALL,2800,9.774203377231752,8.616218052469673
George Kirby,FC,10,10.449118266814422,9.53950860918911
George Kirby,FF,962,8.834676786566101,8.148797623516202
George Kirby,FS,289,13.82215927702782,11.126141288286846
George Kirby,KC,226,12.37911970284795,10.152769594744452
George Kirby,KN,1,24.13655954582255,20.963058799728888
George Kirby,SI,640,9.244907029654456,7.997459942336349
George Kirby,ST,672,9.902937803256545,8.876420803903795
George Soriano,ALL,496,11.19681903616896,10.308492261621158
George Soriano,CH,89,11.297988193057508,10.603378223092264
George Soriano,FF,214,11.620663747196378,10.276048004157708
George Soriano,SL,4,17.673745633846274,13.852049694032345
George Soriano,ST,189,10.299536301653685,10.106564344706591
Gerardo Reyes,ALL,78,12.358400036345483,11.456352427552341
Gerardo Reyes,FC,6,18.050600015728335,18.67439996565767
Gerardo Reyes,FF,48,9.904476954068961,10.459481896333857
Gerardo Reyes,SL,24,14.835397367063727,12.013321905013116
Germán Márquez,ALL,67,11.078112940750046,10.057948238009141
Germán Márquez,CH,2,19.97647600325638,18.668696478129
Germán Márquez,FF,27,11.078112940750046,9.814939963976352
Germán Márquez,KC,13,14.53024366118765,8.152488944683428
Germán Márquez,SI,6,8.373227609333693,9.597907707110702
Germán Márquez,SL,19,10.673731497593769,10.964671209247042
Gerrit Cole,ALL,1635,10.027198386674323,8.752134640877548
Gerrit Cole,CH,66,11.880274119917434,11.04092070573231
Gerrit Cole,FC,254,7.794445467130464,7.999790076031672
Gerrit Cole,FF,747,10.751068008110835,8.409514172743433
Gerrit Cole,KC,307,11.519151785791898,10.412713826839315
Gerrit Cole,SI,29,9.829424627097588,10.000002271302623
Gerrit Cole,SL,232,9.074959328670623,8.691816911106876
Gerson Garabito,ALL,480,11.09284024728501,10.212041919138377
Gerson Garabito,CH,57,15.352258090125458,10.925409092326696
Gerson Garabito,CU,160,10.581875228688263,9.828332234596944
Gerson Garabito,FF,185,11.05562919786626,10.262406672681873
Gerson Garabito,SI,54,9.72280612214539,8.821049059999904
Gerson Garabito,SL,24,15.160990726101367,14.043894791462035
Giovanny Gallegos,ALL,366,12.032322503022899,11.029946074485956
Giovanny Gallegos,CH,25,13.909192362869065,12.119048423878962
Giovanny Gallegos,FF,164,11.266916058057147,9.99765142049037
Giovanny Gallegos,SI,1,10.567782627001499,11.807906455822376
Giovanny Gallegos,SL,176,13.114043655744261,11.402977225252073
Gordon Graceffo,ALL,103,12.526316588206603,9.90655264503545
Gordon Graceffo,CH,24,10.338236479363069,8.476781540137065
Gordon Graceffo,CU,16,12.203631997872865,10.627857263925094
Gordon Graceffo,FF,43,14.40286429830475,10.710819809949138
Gordon Graceffo,SL,20,11.916717062537494,9.356837051935102
Grae Kessinger,ALL,11,8.481336037039663,8.500040629444394
Grae Kessinger,FA,11,8.481336037039663,8.500040629444394
Graham Ashcraft,ALL,1206,11.08418544689223,10.611208351839458
Graham Ashcraft,CH,59,15.237488277376894,13.609518582156696
Graham Ashcraft,FC,590,9.938656310960074,9.387284228370236
Graham Ashcraft,SI,178,11.850717546554629,11.64613676858243
Graham Ashcraft,SL,379,11.62165146130324,11.696803936748283
Grant Anderson,ALL,470,9.167513576199603,8.525934377532376
Grant Anderson,CH,35,13.65277942156512,10.985098101638572
Grant Anderson,FC,14,10.548782939278613,9.273892152043738
Grant Anderson,FF,132,9.734943045942504,9.350009026382018
Grant Anderson,SI,112,8.774489841021504,8.421654103489299
Grant Anderson,SL,177,7.538344622987642,6.933131545989003
Grant Hartwig,ALL,110,12.816931889868503,11.626680000819352
Grant Hartwig,CH,6,23.361511020372884,21.30050902866001
Grant Hartwig,FC,23,12.949330588043916,10.56773015651326
Grant Hartwig,FF,5,10.600721583499396,11.592659295907342
Grant Hartwig,SI,38,11.212488166780133,10.98173969177892
Grant Hartwig,ST,38,13.06896724860123,12.346181205092464
Grant Holman,ALL,284,10.808594078379004,9.901319415210093
Grant Holman,FF,150,8.701236104784613,9.010077746141867
Grant Holman,FS,95,12.735697526287984,10.770886665353586
Grant Holman,SL,39,11.378672915676496,9.215391067247152
Grant Holmes,ALL,992,10.603448764673011,9.301299347206015
Grant Holmes,CH,11,14.886822096992507,7.613411263383816
Grant Holmes,CU,205,11.01838607838196,9.495271461120248
Grant Holmes,FC,79,11.147569712844174,10.179717350504252
Grant Holmes,FF,377,10.535897993483822,8.94925259410658
Grant Holmes,SL,320,9.964127482569978,9.44909997824526
Grayson Rodriguez,ALL,1700,10.425439558606136,9.549720530060878
Grayson Rodriguez,CH,357,10.831034405109657,9.558386662843345
Grayson Rodriguez,CU,253,11.793731588804501,11.31130876785162
Grayson Rodriguez,FF,821,10.00958496309786,8.990876466202197
Grayson Rodriguez,SL,269,10.154481500400161,9.86986562533185
Greg Weissert,ALL,969,10.42498683862062,9.269197275826217
Greg Weissert,CH,89,17.336921771971827,11.275497236129496
Greg Weissert,FC,16,10.086459796522547,9.958331834420934
Greg Weissert,FF,207,11.10691009353392,8.94714478828866
Greg Weissert,SI,325,9.137200120220655,8.888807748813168
Greg Weissert,SL,55,9.558674612859164,9.688098489983743
Greg Weissert,ST,277,9.897890877208852,9.067008538919541
Gregory Santos,ALL,102,10.299451730908636,9.998696697913804
Gregory Santos,CH,5,7.687798503242922,11.13281745793978
Gregory Santos,FF,2,13.522865320405705,13.074401862303047
Gregory Santos,SI,36,11.071490010999792,9.278240709653684
Gregory Santos,SL,59,10.24124174087745,10.261950504561668
Gregory Soto,ALL,858,11.733105374534176,11.28495974798743
Gregory Soto,FC,7,9.4726979046892,10.665272253656754
Gregory Soto,FF,99,12.793705473476445,13.119840909312545
Gregory Soto,SI,409,11.317326157354357,10.236518788972965
Gregory Soto,SL,282,12.938120697294565,11.713068635857557
Gregory Soto,ST,61,12.466547399807443,12.170773721931875
Griffin Canning,ALL,2699,11.463153290294175,10.061434201382058
Griffin Canning,CH,723,9.816026905222257,9.170963873414049
Griffin Canning,FF,968,11.820510635585958,10.124203529291421
Griffin Canning,KC,292,13.630934053499242,11.717558289611176
Griffin Canning,SI,38,10.2827147434123,10.543167881767241
Griffin Canning,SL,678,11.860139734767667,10.544892501400724
Griffin Jax,ALL,977,10.433998902261058,8.938218720411841
Griffin Jax,CH,168,12.27906572217525,9.973943004461038
Griffin Jax,CU,61,14.41705516163821,11.797517299091986
Griffin Jax,FF,295,7.563085900880179,7.160632958147509
Griffin Jax,SI,92,8.954226027757269,8.064885308359763
Griffin Jax,ST,361,11.18632275743039,9.540756291112643
Guillo Zuñiga,ALL,248,12.440567895759074,10.901172526754118
Guillo Zuñiga,CH,30,13.271001653984552,11.743838136806879
Guillo Zuñiga,FF,78,12.302952914437181,8.91366140773011
Guillo Zuñiga,SI,82,9.323311988824695,9.789079007738644
Guillo Zuñiga,SL,58,15.911999073399237,13.746118110243549
Gus Varland,ALL,434,11.743188607785626,10.204828380589607
Gus Varland,CH,23,18.495699971233584,18.408713229345707
Gus Varland,FF,246,11.282136893211089,9.787404490225724
Gus Varland,SI,5,14.178635352641399,10.99757563232276
Gus Varland,SL,160,11.58533790858922,10.081546247159618
Génesis Cabrera,ALL,992,11.852406093973336,10.181460059952917
Génesis Cabrera,CH,77,14.693946180654663,12.128025370546123
Génesis Cabrera,CU,121,14.131937597300798,11.664200485200366
Génesis Cabrera,FC,390,13.466183960673874,10.503115902786032
Génesis Cabrera,FF,188,10.010024991995095,8.80628323113704
Génesis Cabrera,SI,216,9.466580586230428,10.019775370719872
Hans Crouse,ALL,409,11.763091980565987,10.988848687040594
Hans Crouse,CH,48,13.284737186536521,12.836795908990979
Hans Crouse,FF,1,32.13632660957825,37.43010163359053
Hans Crouse,SI,194,11.812792820679068,10.643231904069888
Hans Crouse,SL,166,11.48753800371819,11.022798955483191
Hayden Birdsong,ALL,1342,12.661521389536713,11.349151539487123
Hayden Birdsong,CH,250,12.814124738764892,12.203321409978852
Hayden Birdsong,CU,246,14.05815500849286,13.06839063033786
Hayden Birdsong,FF,599,12.494555222301962,10.433057975301292
Hayden Birdsong,SL,247,11.781997769491197,11.75194582824106
Hayden Wesneski,ALL,1024,11.135164799454909,9.97146855847092
Hayden Wesneski,CH,30,10.098152718670582,9.7737815132669
Hayden Wesneski,FC,92,9.50834399876673,9.049245564717888
Hayden Wesneski,FF,365,11.074189700876442,9.793651848253644
Hayden Wesneski,SI,122,8.604695514968672,8.711370290704863
Hayden Wesneski,ST,415,12.641520878719454,11.638056529595447
Hoby Milner,ALL,836,9.282435747628133,8.389511966789154
Hoby Milner,CH,110,8.801145242191563,7.71118881319461
Hoby Milner,FF,192,10.296956979743769,8.147264481572872
Hoby Milner,SI,268,8.873286878631818,8.266714731386006
Hoby Milner,ST,261,9.77630150018043,8.81515402210298
Hoby Milner,SV,5,7.157907259241181,9.398518819134503
Hogan Harris,ALL,1052,10.84664012242943,10.254737320471126
Hogan Harris,CH,176,11.58175008480005,10.774308018388417
Hogan Harris,CU,158,13.416690891385961,11.121800491246542
Hogan Harris,FC,2,7.680482463766861,8.289857414571573
Hogan Harris,FF,593,10.323153726322223,9.55560166501232
Hogan Harris,SI,2,9.156407342004986,11.351100920859228
Hogan Harris,ST,121,11.039075444547494,10.829827190357603
Huascar Brazobán,ALL,849,13.846860062778703,10.803106977907781
Huascar Brazobán,CH,252,15.516194125572019,10.92942174263896
Huascar Brazobán,FC,207,11.762220798453221,10.410300591893302
Huascar Brazobán,FF,183,12.79434018427723,11.103699979218709
Huascar Brazobán,SI,207,15.048286429529096,10.50193787773719
Humberto Castellanos,ALL,180,10.408568592945363,10.100543385208711
Humberto Castellanos,CH,21,9.962663212406316,8.089752675693441
Humberto Castellanos,CU,26,10.74990276195939,12.577324984528845
Humberto Castellanos,FC,48,8.971294158963877,8.974579559411762
Humberto Castellanos,FF,27,9.59273756978075,8.232041148091596
Humberto Castellanos,SI,58,14.51875844115872,10.761622001308782
Hunter Bigge,ALL,266,11.991831215609487,11.508936613286195
Hunter Bigge,CU,21,13.608816656593925,14.732915585752163
Hunter Bigge,FF,157,11.013576199977388,11.44343963842093
Hunter Bigge,SI,1,11.36791997328785,10.606122823368898
Hunter Bigge,SL,78,14.095801160602452,11.172559788560875
Hunter Bigge,ST,9,13.933141360980851,15.720811302975063
Hunter Brown,ALL,2694,10.96290353672297,9.96695197985046
Hunter Brown,CH,326,10.723263991968548,10.594885146655672
Hunter Brown,FC,393,10.408520091696515,9.73467321982948
Hunter Brown,FF,944,11.426923506446144,9.679047759607514
Hunter Brown,KC,322,13.856048225492309,12.657971442363486
Hunter Brown,SI,515,10.17757923026613,9.025116624200935
Hunter Brown,SL,194,9.718965166035476,9.800615266824792
Hunter Gaddis,ALL,1201,9.019837062360411,8.759892459866517
Hunter Gaddis,CH,214,11.489654179671621,11.929707202115488
Hunter Gaddis,FF,454,8.375293285650873,8.062740937625193
Hunter Gaddis,SL,533,8.664372265468032,8.311639937922136
Hunter Greene,ALL,2301,10.456348624238965,9.830040652734038
Hunter Greene,CU,45,12.31777006280172,11.738370025181615
Hunter Greene,FF,1292,10.14312832062792,9.170806425689229
Hunter Greene,FS,183,12.206868120680523,11.826751535663352
Hunter Greene,SL,781,10.734839477955413,10.30887065319212
Hunter Harvey,ALL,864,10.681991268108924,9.5465691292192
Hunter Harvey,CU,78,10.612276751330134,11.708590589841553
Hunter Harvey,FF,545,10.392701084768106,8.929678608308103
Hunter Harvey,FS,200,11.302838563791799,10.560954231923525
Hunter Harvey,SL,41,11.781793869072176,12.28785432034322
Hunter Stratton,ALL,558,10.735792248350553,10.075671587460747
Hunter Stratton,FC,208,10.154704281037185,9.361538439227683
Hunter Stratton,FF,209,11.072957121729461,10.714847638478808
Hunter Stratton,SI,6,5.947601875178019,3.981681380868215
Hunter Stratton,SL,135,11.055637866438667,11.060437297175644
Hunter Strickland,ALL,1064,10.99679488949452,9.610879271282219
Hunter Strickland,CH,68,13.09660013931089,11.712577690818385
Hunter Strickland,FC,339,10.351579926536967,9.490275607494267
Hunter Strickland,FF,320,12.231637470833576,9.330309566533241
Hunter Strickland,SI,103,9.357041553257458,9.22532218747234
Hunter Strickland,SL,140,9.830076816049123,8.4270120411655
Hunter Strickland,ST,94,13.434132036790862,10.933882787867262
Hurston Waldrep,ALL,128,12.902859989296726,11.34906416743946
Hurston Waldrep,CU,5,20.137779870189053,19.550483953532837
Hurston Waldrep,FF,51,14.51441349533032,11.173011726315055
Hurston Waldrep,FS,44,13.798719721128833,11.224665371325703
Hurston Waldrep,SL,28,11.188011600749697,10.993195190328318
Héctor Neris,ALL,925,12.614009085948117,10.24551635764167
Héctor Neris,FF,451,11.514160222998981,9.787238480246451
Héctor Neris,FS,375,15.5253443815204,11.103348277032463
Héctor Neris,SI,67,10.50200461912211,9.835076702900507
Héctor Neris,SL,32,13.016865698883123,11.122775983716501
Ian Gibaut,ALL,39,13.05562425969894,9.810818387856612
Ian Gibaut,CH,3,20.28444648477377,16.798234863398758
Ian Gibaut,FC,13,13.650825148115912,11.18208788643784
Ian Gibaut,FF,17,11.669202904649733,8.351468184209297
Ian Gibaut,SL,2,12.196229413561738,14.621850084048166
Ian Gibaut,ST,4,13.579923574016934,12.69081788248741
Ian Hamilton,ALL,549,11.365883417964607,10.111626685921102
Ian Hamilton,FF,126,12.280158011152224,11.321434417766167
Ian Hamilton,SI,136,11.119828818932138,11.167850427920342
Ian Hamilton,SL,287,11.162162865392343,9.557970939368447
Ildemaro Vargas,ALL,16,23.621565258513435,14.0872317969861
Ildemaro Vargas,CS,3,27.18902019245919,15.052350100566427
Ildemaro Vargas,EP,5,30.528901769065484,14.340129538290043
Ildemaro Vargas,FA,8,21.626956721719747,13.774808994020606
Isaac Mattson,ALL,96,11.137627156117507,9.728013120537955
Isaac Mattson,CH,22,7.969410487949386,8.887664155273978
Isaac Mattson,FF,67,10.95951711238321,9.473523348550728
Isaac Mattson,SL,7,18.255821700292184,19.8064600572599
Isaiah Campbell,ALL,56,10.630742423647508,10.058845048230719
Isaiah Campbell,FF,9,12.192507689404858,13.240674074643895
Isaiah Campbell,SL,36,11.27512764543851,10.880239711642718
Isaiah Campbell,ST,11,8.346290738073215,8.806201085106235
Isiah Kiner-Falefa,ALL,13,18.09493634088535,17.262278299108832
Isiah Kiner-Falefa,FA,13,18.09493634088535,17.262278299108832
J.B. Bukauskas,ALL,63,11.483356753389485,9.493746386612075
J.B. Bukauskas,SI,30,10.315460855057403,7.30715254909267
J.B. Bukauskas,SL,33,12.805217853716394,11.843196898887015
J.P. Feyereisen,ALL,169,11.52479773000702,9.61761656376868
J.P. Feyereisen,CH,50,11.221014214645944,10.25044913968835
J.P. Feyereisen,FF,78,12.934996970159652,9.3452931041796
J.P. Feyereisen,SI,2,3.708381970386611,7.044129762849575
J.P. Feyereisen,SL,39,9.79063068219238,9.06876455691633
J.P. France,ALL,449,12.9439602890298,11.46743741155989
J.P. France,CH,102,12.987390379389897,12.246528432039094
J.P. France,CU,87,15.668148883724747,12.981245867436709
J.P. France,FC,109,11.108393738531307,9.816357257744398
J.P. France,FF,129,13.31881027448426,12.233836281823702
J.P. France,SI,8,19.899816995170966,14.840605876174683
J.P. France,ST,14,6.513790272616336,6.024915933171236
J.T. Ginn,ALL,482,10.303864802510653,9.278880166089655
J.T. Ginn,CH,66,12.402981883208309,9.91702302974474
J.T. Ginn,FC,3,12.329936063854992,12.271913654255899
J.T. Ginn,FF,15,17.791622208787018,14.093398509216161
J.T. Ginn,SI,243,9.316538580045336,8.019800045063521
J.T. Ginn,SL,155,10.799354617117581,10.107791350268586
JP Sears,ALL,2693,10.084091549330653,9.26158688254876
JP Sears,CH,515,10.254637656524373,9.245560256737404
JP Sears,CU,16,13.003050145114646,13.368402181453451
JP Sears,FF,979,9.759973821079365,8.72601174156955
JP Sears,SI,283,8.856752293902966,8.436100436119492
JP Sears,SL,223,10.490377178239106,10.430440225098108
JP Sears,ST,677,10.301310143289246,10.062960818502484
JT Chargois,ALL,502,12.800776378220675,10.044266955846446
JT Chargois,CH,2,11.837560682740888,13.629227078654765
JT Chargois,FF,28,11.82747595862509,8.33943939424626
JT Chargois,SI,254,13.1645288157946,9.487237350260791
JT Chargois,SL,218,12.800776378220675,10.701736275891047
Jack Flaherty,ALL,2442,11.134677319267068,8.893228165060162
Jack Flaherty,CH,66,12.845245546625062,11.453300328179449
Jack Flaherty,FF,1077,10.541037416512797,8.784306705148058
Jack Flaherty,KC,533,12.848693831334257,9.657321662162607
Jack Flaherty,SI,56,11.89377339776608,10.72453561303011
Jack Flaherty,SL,710,10.947236513063453,8.09370888074676
Jack Kochanowicz,ALL,735,10.562288726981764,9.968400952830121
Jack Kochanowicz,CH,22,11.747921338261623,12.283290866635252
Jack Kochanowicz,FF,43,14.586304540365047,11.631440432916687
Jack Kochanowicz,SI,524,9.723951534467352,9.03734797028205
Jack Kochanowicz,SL,109,11.525066648550473,11.027015823030046
Jack Kochanowicz,ST,37,17.177537568857698,14.717979037152398
Jack Leiter,ALL,658,10.816972227869321,9.977170948908892
Jack Leiter,CH,39,15.91165929562459,12.699881089970107
Jack Leiter,CU,75,18.107583115748255,14.088313781550244
Jack Leiter,FC,12,11.067124462172604,11.345477111532034
Jack Leiter,FF,338,10.207700142812456,8.980073213703992
Jack Leiter,SI,3,11.873275358566119,10.706106196897066
Jack Leiter,SL,191,10.895198156864373,9.877701089215112
Jack Neely,ALL,97,12.631352662833613,12.15988041677083
Jack Neely,FF,52,10.1214025236061,11.00517608429583
Jack Neely,SL,45,14.529361566587566,12.76034486126879
Jack O'Loughlin,ALL,169,11.106506081075343,9.8413209217722
Jack O'Loughlin,CH,17,12.179567804028734,8.722801109340946
Jack O'Loughlin,CU,26,14.667009507391043,11.656622595916204
Jack O'Loughlin,FF,87,9.94323148427832,9.68810424162075
Jack O'Loughlin,SL,38,10.893553230452355,11.567720096553565
Jack O'Loughlin,ST,1,15.783234186176085,20.878402808468262
Jackson Jobe,ALL,72,10.51351403072781,10.23372096674993
Jackson Jobe,CH,12,16.806865172792456,15.920420125822258
Jackson Jobe,FC,5,9.22776967132598,7.921008306317113
Jackson Jobe,FF,39,9.526154777126507,9.827516536559822
Jackson Jobe,SL,8,9.88701456482584,9.288099609183554
Jackson Jobe,ST,8,8.69524759650987,8.890387303137615
Jackson Rutledge,ALL,123,11.586454819539465,10.376746713407666
Jackson Rutledge,CU,3,15.20965563383788,15.94886045653321
Jackson Rutledge,FC,19,13.031553038417798,11.02633217677082
Jackson Rutledge,FF,19,9.954808259692081,8.106394477218325
Jackson Rutledge,FS,13,20.64055568270078,18.82502398855408
Jackson Rutledge,SI,41,7.535825427839873,7.395539641867296
Jackson Rutledge,SL,28,13.124604463601504,14.489237830233208
Jackson Stephens,ALL,48,11.137794288716963,8.372433227354026
Jackson Stephens,CH,4,7.633048474165097,6.925899948523542
Jackson Stephens,CU,11,10.860343662517563,8.619901590690873
Jackson Stephens,FC,5,5.284561027810013,7.779497176132489
Jackson Stephens,FF,13,11.415244914916363,8.124964864017182
Jackson Stephens,SI,13,13.225923447123243,9.907095951943326
Jackson Stephens,SL,2,12.594239229225344,10.13374872670652
Jacob Barnes,ALL,1036,11.220960087324656,9.930972820621722
Jacob Barnes,FC,511,10.447886219218883,9.557639715646499
Jacob Barnes,FF,487,12.124945983569704,10.130348044332276
Jacob Barnes,SL,38,15.335147030479835,11.659507133193564
Jacob Latz,ALL,797,11.28758919385421,9.807016668823016
Jacob Latz,CH,182,10.01052858404882,9.918858725318586
Jacob Latz,CU,40,13.717838886549243,12.230843161397388
Jacob Latz,FF,392,11.120191789766498,9.483939184519375
Jacob Latz,SL,183,12.157009360528786,10.085288725133006
Jacob Lopez,ALL,176,12.486004395461316,10.620919804643503
Jacob Lopez,CH,13,18.327203877748854,15.636703174693482
Jacob Lopez,FC,24,11.389974049846366,10.571805693465038
Jacob Lopez,FF,73,12.803131873053534,11.219192524242994
Jacob Lopez,SL,66,11.645055607604053,8.89403363381001
Jacob Waguespack,ALL,216,11.141181336730313,10.639035828570309
Jacob Waguespack,CH,26,17.04916134917842,12.33655439902897
Jacob Waguespack,CU,30,16.490387944648788,13.008567226429154
Jacob Waguespack,FC,76,8.927505611710732,8.931646072241097
Jacob Waguespack,FF,84,10.79427084528988,10.221244227512525
Jacob Webb,ALL,882,11.107706279495488,9.785122435785524
Jacob Webb,CH,244,10.611943167828322,9.897523821783349
Jacob Webb,FF,395,11.064557796904646,9.017329573300293
Jacob Webb,ST,243,11.604611764680753,10.541823714929054
Jacob deGrom,ALL,162,8.66806109452217,7.397504432162675
Jacob deGrom,CH,10,12.56876063167196,8.635364264202124
Jacob deGrom,CU,4,5.752823392572054,8.913919763913446
Jacob deGrom,FF,77,8.239817638591576,7.8743925906006105
Jacob deGrom,SL,71,8.930510839226613,6.65686816289409
Jaden Hill,ALL,150,9.546480309399662,9.01837899643309
Jaden Hill,CH,42,9.272716607810619,10.133761548273595
Jaden Hill,FF,15,8.703138482671827,8.893041689020247
Jaden Hill,SI,67,9.548018630267194,7.809982943391631
Jaden Hill,SL,26,12.578042905962294,10.286956254530462
Jairo Iriarte,ALL,107,15.118467054487569,13.775537444292416
Jairo Iriarte,CH,16,16.446230702069112,14.316118440507191
Jairo Iriarte,FF,48,12.99164413169189,11.64606512923789
Jairo Iriarte,SL,43,17.396481090047295,16.537915613950656
Jake Bauers,ALL,65,17.551808588593456,14.689769831993976
Jake Bauers,EP,6,19.75336493902995,13.901657355220955
Jake Bauers,FA,58,17.211111961254474,13.960004124039873
Jake Bauers,FF,1,39.156266445731895,29.00000489890834
Jake Bird,ALL,648,12.170499664399937,10.477129715070815
Jake Bird,CH,1,7.75586492377181,10.717000472612394
Jake Bird,CU,116,11.965960393602236,10.790760447836114
Jake Bird,FC,46,10.648772454796188,10.103466547511378
Jake Bird,FF,6,14.856403082943999,11.461974424464167
Jake Bird,SI,286,12.711198081400646,10.667517846962303
Jake Bird,SL,185,10.981607908292673,10.33432236702206
Jake Bird,ST,8,14.874326585111351,11.183254550409808
Jake Bloss,ALL,232,11.155498265243862,10.140352341103117
Jake Bloss,CH,18,10.24935527631369,10.15826438798305
Jake Bloss,CU,30,14.243067735283116,8.837824756815241
Jake Bloss,FF,101,8.919469422654199,8.475504056761757
Jake Bloss,SI,5,13.747921083921193,11.58060414377042
Jake Bloss,SL,53,11.948436336231367,12.431138639235956
Jake Bloss,ST,25,12.333965742952659,13.43485404564347
Jake Cousins,ALL,654,12.717083977764343,10.69801559596323
Jake Cousins,FF,5,18.01742438932111,13.459394617757914
Jake Cousins,SI,220,12.850228524415268,10.538250310156492
Jake Cousins,SL,41,13.214832950047025,9.837938358339011
Jake Cousins,ST,388,12.303068101292958,10.955066100611734
Jake Diekman,ALL,579,11.440688068663615,11.46058185098946
Jake Diekman,CH,60,13.761434356778778,10.88219690589995
Jake Diekman,FF,273,10.777043586197495,10.27310110194615
Jake Diekman,SI,79,11.157791105121774,10.955908623518903
Jake Diekman,ST,167,14.53569361304428,13.166524170927964
Jake Eder,ALL,45,15.533812199244034,12.745561277551957
Jake Eder,CH,11,7.485535034455103,7.170065688460868
Jake Eder,CU,1,39.08361871165001,36.481405677533786
Jake Eder,FF,22,17.994005962589153,13.785939476704051
Jake Eder,SL,11,12.011361124740102,14.858567860998047
Jake Irvin,ALL,2638,11.693590238155917,10.278177428312777
Jake Irvin,CH,92,11.410756081383276,11.826619150899297
Jake Irvin,CU,830,11.115055568913775,10.355566736090367
Jake Irvin,FC,165,11.093546777154943,9.300784244309835
Jake Irvin,FF,999,12.638951741786554,10.20199535217895
Jake Irvin,SI,543,10.96058991288766,10.154038109534278
Jake Irvin,SL,9,18.60407661563673,14.699186103418272
Jake Woodford,ALL,570,9.902803942258608,9.208783840035885
Jake Woodford,CH,30,15.933395388400701,15.367557636551282
Jake Woodford,FC,112,9.169586593969584,8.396166456152546
Jake Woodford,FF,15,12.046607129008239,10.710123225254504
Jake Woodford,SI,255,8.847689248429017,8.101303450253802
Jake Woodford,ST,158,11.817944913538952,10.451083360812383
Jakob Junis,ALL,822,10.191546752391243,9.178814186610754
Jakob Junis,CH,70,10.54311531216273,8.813329344949224
Jakob Junis,FC,2,3.64132434243099,2.941131096054053
Jakob Junis,FF,88,9.10457255479587,10.06601995063849
Jakob Junis,SI,285,10.297266775884546,8.848938812254545
Jakob Junis,ST,377,10.241845938460388,9.394471687872144
Jalen Beeks,ALL,1093,11.880978516701774,10.54584794518159
Jalen Beeks,CH,280,13.689294020550957,12.820396793182283
Jalen Beeks,CU,12,14.310719703679588,12.912816055855657
Jalen Beeks,FC,198,12.36983632942323,10.258555343726925
Jalen Beeks,FF,596,11.14795816788136,9.560809752920022
Jalen Beeks,SC,1,31.59798903634281,
Jalen Beeks,SI,3,8.204814552333367,9.678268518401396
Jalen Beeks,SL,3,12.279500423793847,12.805777829202583
James McArthur,ALL,882,10.92799932523773,9.969032067648259
James McArthur,CU,300,12.567803216632583,10.346987290130942
James McArthur,FF,81,12.15766378447282,9.123893867648098
James McArthur,SI,313,9.883489954326475,9.607481632058779
James McArthur,SL,188,11.143792483555224,10.101150137879849
James McCann,ALL,7,17.96959899349988,10.609390796335827
James McCann,EP,5,14.204256682960597,9.73411178089392
James McCann,KN,2,20.010042634441092,11.214331275548068
James Meeker,ALL,10,11.822179307385468,11.717501469807797
James Meeker,FC,3,11.15245750890427,10.052046050346537
James Meeker,FF,5,9.060880720612241,8.034682987131514
James Meeker,SL,2,17.491174385963024,14.022745961941776
James Paxton,ALL,1638,11.721481080650678,9.829955037770226
James Paxton,CH,105,13.252392546868672,13.02723805646988
James Paxton,FC,49,11.66623935734517,13.476407939771367
James Paxton,FF,896,11.991279050368423,9.091970034120525
James Paxton,KC,492,11.196637836872405,10.988069701098986
James Paxton,SI,96,10.02361202174301,9.071282096611977
Jameson Taillon,ALL,2321,9.951313421238039,8.642171538025247
Jameson Taillon,CH,102,9.562681576363989,9.086457968956015
Jameson Taillon,CU,344,12.350182070835409,10.51444376267067
Jameson Taillon,FC,571,8.240262271307742,7.989735135229904
Jameson Taillon,FF,696,10.267651524257824,8.437425067950658
Jameson Taillon,SI,252,9.372781635647176,8.095960767124469
Jameson Taillon,ST,356,11.340911905722159,9.330577524418725
Janson Junk,ALL,167,11.305425070647647,9.50065910076782
Janson Junk,CU,22,13.078178680876537,8.510356024692197
Janson Junk,FF,78,10.787836786968189,9.468464202990036
Janson Junk,SI,14,14.00523217543498,9.70011930899775
Janson Junk,SL,41,10.953011621686326,9.865472579570298
Janson Junk,ST,12,11.671364801050565,11.846137130422848
Jared Jones,ALL,1817,10.830878199165754,10.185873430156164
Jared Jones,CH,117,12.792224513640525,10.907227752733824
Jared Jones,CU,165,12.258884807583915,12.335639210930939
Jared Jones,FF,900,9.964395926123771,9.663082800148235
Jared Jones,SI,1,1.795050068209931,4.572565816062645
Jared Jones,SL,634,11.356801355561814,10.328521474169047
Jared Koenig,ALL,900,10.698315334410225,9.882822997771385
Jared Koenig,CH,37,11.904369533659615,10.771266798210224
Jared Koenig,CU,123,15.339404332569607,10.803928223160215
Jared Koenig,FC,219,11.367398627954488,10.25385101028972
Jared Koenig,FF,10,8.503880422926404,12.226936500840939
Jared Koenig,SI,511,9.825690614894198,9.42963030159688
Jared Shuster,ALL,1163,10.938118261551466,9.68214560267481
Jared Shuster,CH,340,11.698397941341208,9.143722187968493
Jared Shuster,FF,435,10.773108568832697,9.55574130154328
Jared Shuster,SI,57,10.751473248149125,9.739598933361906
Jared Shuster,SL,331,10.420564839770371,10.368667993688407
Jason Adam,ALL,1108,13.097842275573916,10.654986899060123
Jason Adam,CH,283,14.448570264681848,11.144735399369534
Jason Adam,FC,16,10.490580519646603,8.3541766773873
Jason Adam,FF,412,11.776303210767352,10.158954634582916
Jason Adam,SI,4,2.8149324698050306,5.223100590768619
Jason Adam,SL,214,12.431036354889049,10.247379403624556
Jason Adam,ST,179,14.565221986620006,12.463078377984527
Jason Foley,ALL,902,11.61529531101403,9.82842148544895
Jason Foley,CH,49,16.352592253592597,10.199108681691586
Jason Foley,FF,68,11.529833959877863,8.410328860602117
Jason Foley,SI,503,11.792584568450051,10.088634840194821
Jason Foley,SL,282,10.168322784441003,9.18036260797717
Javier Assad,ALL,2272,11.763467443460058,10.007478746403951
Javier Assad,CH,111,13.770987817265272,11.157531239993666
Javier Assad,CU,266,15.231141885037273,12.279528939187145
Javier Assad,FC,490,10.220219771091278,9.025683223014305
Javier Assad,FF,371,10.58532378300791,9.522987908154535
Javier Assad,SI,797,11.42370436378961,9.624709356048982
Javier Assad,SL,37,15.720933240542028,10.260914242250463
Javier Assad,ST,200,14.965132862525401,11.271387938914483
Jay Jackson,ALL,439,9.830136974654334,9.109894325733029
Jay Jackson,CH,58,12.125001092489814,12.54960494206539
Jay Jackson,FF,114,9.508335809364494,9.765269663554783
Jay Jackson,SI,25,7.0103231914074104,7.357541047350108
Jay Jackson,SL,241,9.43282638947984,9.081030825645593
Jay Jackson,ST,1,9.261319558123844,5.489653549591008
Jeff Criswell,ALL,347,11.06392307734343,10.614427831709172
Jeff Criswell,CH,50,11.730510369430899,9.68417707306238
Jeff Criswell,CU,5,23.31250864291134,20.701701828080736
Jeff Criswell,FF,151,10.539439397544472,9.162108993701914
Jeff Criswell,SL,141,11.193008101015295,12.081718809593804
Jeff Hoffman,ALL,954,11.49537662887846,10.686655020335774
Jeff Hoffman,FF,349,10.209592572865816,9.676413061397348
Jeff Hoffman,FS,118,13.140006098971401,11.782738011754518
Jeff Hoffman,SI,106,10.680651805970783,9.470591223454742
Jeff Hoffman,SL,381,13.302947041499017,11.949980789460206
Jeffrey Springs,ALL,550,12.567070178738776,9.649785106291125
Jeffrey Springs,CH,175,15.201966060987246,9.421189281477341
Jeffrey Springs,FC,14,13.75286372876723,12.31158872903541
Jeffrey Springs,FF,234,10.933884574734094,9.258106920364368
Jeffrey Springs,SL,109,10.885209383291699,9.93040101690624
Jeffrey Springs,ST,18,15.84777326758065,12.599557245744464
Jeremiah Estrada,ALL,992,12.108957363803292,11.094319966693522
Jeremiah Estrada,FF,559,11.199406004376153,10.689505686581029
Jeremiah Estrada,FS,199,15.018056392625102,12.659463835696876
Jeremiah Estrada,SI,1,14.42413887461926,11.656329736210665
Jeremiah Estrada,SL,233,12.285528041664401,10.944525792968527
Jesse Chavez,ALL,991,9.58774470676184,8.26058053220647
Jesse Chavez,CH,133,9.24865387198567,9.26346206453314
Jesse Chavez,CU,72,13.390420556051827,10.996725845717169
Jesse Chavez,FC,506,9.529783899288132,7.824557707436197
Jesse Chavez,SI,264,9.204755154471783,7.800450722096757
Jesse Chavez,SL,16,13.72798781330362,9.81990633589949
Jesus Tinoco,ALL,610,11.023680114145584,9.550484793830872
Jesus Tinoco,CH,23,13.529005838243354,13.701597634730224
Jesus Tinoco,FC,4,11.538421935597524,10.610255208955707
Jesus Tinoco,FF,81,10.497144634860163,9.214277634515062
Jesus Tinoco,SI,187,10.626279303116299,9.037743357563604
Jesus Tinoco,SL,315,11.097934106182665,9.951546203397903
Jesús Luzardo,ALL,1030,9.805155488071101,9.183396891849004
Jesús Luzardo,CH,239,9.804538836966188,8.52278070455318
Jesús Luzardo,FF,369,9.109518155210154,8.352716812982239
Jesús Luzardo,SI,120,9.415063927429278,8.683715796181005
Jesús Luzardo,SL,302,11.01365054784034,10.961408495161436
Jhoan Duran,ALL,843,10.48425283782257,9.72468962324971
Jhoan Duran,FF,342,9.336854572280009,9.308168628190874
Jhoan Duran,FS,263,8.76658072481821,8.500427063089042
Jhoan Duran,KC,237,14.606907444429314,11.848589562264959
Jhoan Duran,ST,1,25.420885677450077,22.371712026071563
Jhonathan Díaz,ALL,159,11.767198789621046,9.481940532372677
Jhonathan Díaz,CH,25,15.190551259921694,9.166657741704727
Jhonathan Díaz,CU,20,9.766676685177096,10.779315211499956
Jhonathan Díaz,FF,49,9.677899488901195,9.015014962507093
Jhonathan Díaz,SI,34,9.65652832528668,7.738567077690147
Jhonathan Díaz,ST,31,16.97707921095502,13.1057648099638
Jhonny Pereda,ALL,4,20.622214101409398,15.958013289513579
Jhonny Pereda,EP,1,9.094200633084258,1.281198482172204
Jhonny Pereda,FA,3,32.15022756973454,22.40071792248019
Jhony Brito,ALL,580,11.29823837505927,9.221606348744185
Jhony Brito,CH,200,9.65933056417596,8.664334576957781
Jhony Brito,FF,145,11.536429058960076,10.252761476526109
Jhony Brito,KC,7,16.176881659596987,16.050803444036603
Jhony Brito,SI,152,12.591297212209431,8.646040340468733
Jhony Brito,SL,53,13.209467390168204,10.593027723863681
Jhony Brito,ST,23,12.41066663639203,9.334136624450235
Jimmy Herget,ALL,160,9.93256838052986,9.74639456359204
Jimmy Herget,CH,11,10.406769171270424,10.855976494012623
Jimmy Herget,FF,28,8.438966609412894,9.558069900828531
Jimmy Herget,SI,41,10.563676029369311,9.420877487068683
Jimmy Herget,SL,14,8.469776928253053,7.597146954018097
Jimmy Herget,ST,66,11.090944675040113,9.85935852791696
JoJo Romero,ALL,852,11.259146117990415,9.825015337189352
JoJo Romero,CH,145,11.380914089445916,10.619466495835905
JoJo Romero,FC,1,12.945701714975801,12.47513396422129
JoJo Romero,FF,79,10.083113416819936,9.169588643687852
JoJo Romero,SI,336,10.072733920442385,8.864645846377961
JoJo Romero,ST,291,14.119309342552949,10.428633758020428
Joan Adon,ALL,169,11.739389034792902,10.359324547318602
Joan Adon,CH,33,12.29382232112184,9.994915827696799
Joan Adon,CU,19,11.28379667497796,11.79008628577004
Joan Adon,FF,62,12.841455282789088,11.33399248432256
Joan Adon,SI,38,11.204561356945483,10.050257724550814
Joan Adon,SL,17,9.222021998661752,7.787470292549963
Joe Boyle,ALL,915,12.32415567336691,12.070119628832316
Joe Boyle,CU,35,15.768558321336688,14.829758474313616
Joe Boyle,FF,526,11.995262863375427,11.615338522391408
Joe Boyle,SL,326,12.16984539898161,12.325642805675173
Joe Boyle,ST,28,13.132308994860939,14.587559229671601
Joe Jacques,ALL,49,11.388354545548598,12.427809160251138
Joe Jacques,SI,32,10.412882196665084,9.659502440270408
Joe Jacques,SL,5,5.897658781056379,6.985423550016448
Joe Jacques,ST,12,13.277517083049698,15.65561450593576
Joe Jiménez,ALL,1035,10.519632239217612,9.284807391704371
Joe Jiménez,CH,42,9.787005302249817,9.693653217752185
Joe Jiménez,FF,483,11.998257620493613,9.52114566402551
Joe Jiménez,SL,510,9.24060762446651,8.838972807882111
Joe Kelly,ALL,510,13.084519519552657,10.476177984253075
Joe Kelly,CH,34,12.466747259704576,10.091135257512985
Joe Kelly,FF,125,14.626920016280403,9.655558337036886
Joe Kelly,KC,84,11.152534397762878,10.866957420761409
Joe Kelly,SI,154,13.990384503941366,10.65601492623003
Joe Kelly,SL,113,12.107307798479411,10.655208640446496
Joe La Sorsa,ALL,203,10.783108125479323,9.910486203974202
Joe La Sorsa,CH,47,11.639577448730586,10.746818189053446
Joe La Sorsa,FC,1,14.374516166502266,16.525677772526254
Joe La Sorsa,FF,11,11.548360620025539,9.763444114590024
Joe La Sorsa,SI,104,9.58824131574167,9.202493541437072
Joe La Sorsa,ST,40,12.04465391803648,12.690080214453562
Joe Mantiply,ALL,843,11.141893139863,9.786352651581657
Joe Mantiply,CH,224,11.828547401313472,10.008805137101897
Joe Mantiply,CU,222,13.680477809915676,10.970230439856554
Joe Mantiply,FF,38,12.325942340163582,10.338889933082154
Joe Mantiply,SI,359,9.280610546759961,8.753449136941537
Joe Musgrove,ALL,1491,12.353320063113964,9.382486004432
Joe Musgrove,CH,116,13.541534585388774,11.773712242710406
Joe Musgrove,CU,338,14.337056229774289,12.001925740386643
Joe Musgrove,FC,302,11.272990523953176,8.269326368821218
Joe Musgrove,FF,347,11.764222840223825,8.481087342782427
Joe Musgrove,SI,89,10.283519395718935,8.303858038867135
Joe Musgrove,SL,3,12.901872286460819,15.5191201577533
Joe Musgrove,ST,296,12.647388397867983,9.450774673442401
Joe Ross,ALL,1120,10.144963528400506,8.824685009445547
Joe Ross,CH,91,9.753452294439999,8.403784848126922
Joe Ross,CU,19,15.503317437034644,13.575660992345549
Joe Ross,FF,183,11.195544921782078,8.703856113357924
Joe Ross,SI,414,10.217712135811539,9.24264447583706
Joe Ross,SL,413,9.840394100037498,8.32800751026872
Joe Ryan,ALL,1972,9.694970880692757,8.52071144954186
Joe Ryan,FF,954,8.562143835971625,8.05896860770955
Joe Ryan,FS,442,13.52302776614448,9.157584093923884
Joe Ryan,SI,115,9.431623045914652,8.39440558131483
Joe Ryan,SL,144,6.495321478044381,6.919844198093862
Joe Ryan,ST,317,10.936757154725692,10.367489609224508
Joel Kuhnel,ALL,153,10.95594070546708,9.710294695556607
Joel Kuhnel,CH,20,17.38430965928879,11.835527961592483
Joel Kuhnel,CU,2,8.829309325278336,7.710034521677019
Joel Kuhnel,FC,62,11.354560893354078,10.709845586561965
Joel Kuhnel,FF,45,8.485734352359708,8.082250353824698
Joel Kuhnel,SI,22,7.757756075377994,5.942016385601402
Joel Kuhnel,SL,2,23.54576068971216,17.994385128260998
Joel Payamps,ALL,758,10.918967243496978,9.34296029652413
Joel Payamps,CH,60,9.662911285720575,8.415526866985697
Joel Payamps,FF,256,12.079565754859246,9.837895704634079
Joel Payamps,SI,135,11.070301790342132,9.073881503897173
Joel Payamps,SL,155,10.191950999972347,9.170631755357434
Joel Payamps,ST,152,10.035146663198041,9.134639430375614
Joely Rodríguez,ALL,203,11.332432665277985,9.233022843824335
Joely Rodríguez,CH,69,11.079122388343867,9.1453790014905
Joely Rodríguez,SI,106,10.77591510608563,8.946240079242493
Joely Rodríguez,ST,28,13.403408949621682,12.029520249261052
Joey Cantillo,ALL,639,12.195592197867088,11.280461536807572
Joey Cantillo,CH,186,13.102500318840505,11.810713266241113
Joey Cantillo,CU,99,12.459304356341137,11.166421425120795
Joey Cantillo,FF,299,11.145560299783748,11.224984478574692
Joey Cantillo,SL,55,10.478469193142423,10.860557427823867
Joey Estes,ALL,1882,10.072446100145212,9.188680088843377
Joey Estes,CH,206,11.383683679702461,10.339469293727397
Joey Estes,FC,12,14.315473436173964,12.69308295147233
Joey Estes,FF,968,9.739749709255207,8.705754518801868
Joey Estes,SI,72,11.054515942347106,9.442302165115525
Joey Estes,SL,254,9.708634395970806,9.35376240635763
Joey Estes,ST,370,10.099687881528617,10.143041074999488
Joey Lucchesi,ALL,169,10.993946640086563,10.754077577769193
Joey Lucchesi,CU,44,19.593598715585635,14.789736241088152
Joey Lucchesi,FC,6,8.93196677423161,10.705793977457759
Joey Lucchesi,FF,41,8.741991038658291,8.282136305682668
Joey Lucchesi,FS,1,19.196931305025466,25.01481222333202
Joey Lucchesi,SI,77,9.612598340600487,8.952932467899217
Joey Wentz,ALL,1197,12.152430220140747,10.337489759040416
Joey Wentz,CH,228,13.892647877593642,11.591926888353917
Joey Wentz,CU,157,13.800707867780156,10.647291375696602
Joey Wentz,FC,375,11.88538161913302,9.152708692785078
Joey Wentz,FF,436,10.988462457932757,10.642307762534301
Joey Wentz,SL,1,1.6676859452394492,9.914261358553182
John Brebbia,ALL,937,11.100277002185246,9.925282122766086
John Brebbia,FF,457,11.747238220569239,9.674316950087876
John Brebbia,SL,480,10.555689505172607,10.373941759688028
John Curtiss,ALL,36,12.449222150078102,8.140374121974617
John Curtiss,CH,1,6.9279551341813645,4.964221260260148
John Curtiss,FC,15,11.920611667873112,8.981663381972496
John Curtiss,FF,16,13.036217279766344,7.153521831059603
John Curtiss,SL,4,11.066552450157138,9.791744286588141
John King,ALL,801,10.05667309349096,8.860537144007049
John King,CH,217,11.171895508310012,8.304735054153008
John King,FF,11,9.040681290899403,8.335654285729358
John King,SI,482,9.584217940333364,8.791043155418514
John King,SL,91,10.549225910078649,10.963375265793413
John McMillon,ALL,176,14.591897116478911,11.951511583420157
John McMillon,FC,1,44.348957135253904,35.81437957906652
John McMillon,FF,67,21.2069070341736,13.679558244627131
John McMillon,SL,108,12.09478322491594,11.004641086712112
John Means,ALL,312,11.027055022752442,8.942330428912658
John Means,CH,90,9.405928667767576,9.722052556242087
John Means,FF,117,12.920793581296762,8.071409879662347
John Means,KC,34,11.109470796569385,9.928163676016956
John Means,SL,71,10.831422776153508,8.900270838705021
John Schreiber,ALL,947,10.57120926084144,9.896481919308235
John Schreiber,CH,52,9.23597627928075,9.40447014012437
John Schreiber,FC,161,9.967501850742524,9.110504710697713
John Schreiber,FF,232,10.47413004058711,10.069400191142298
John Schreiber,SI,247,8.493751678552995,8.605095607849925
John Schreiber,ST,255,12.693313208087446,11.38700759704494
Johnny Cueto,ALL,156,11.160443912850816,9.187194331275977
Johnny Cueto,CH,44,12.323722552090157,10.356666067999626
Johnny Cueto,CU,1,22.401008883960912,20.518515360273884
Johnny Cueto,FC,8,8.563053481944655,6.864112477057829
Johnny Cueto,FF,15,16.54593432343125,8.288629038162224
Johnny Cueto,SI,55,10.816839078787986,7.755934444522942
Johnny Cueto,SL,33,10.711093385712001,9.297125771020891
Jon Gray,ALL,1594,9.567012655701248,9.070101731318738
Jon Gray,CH,111,10.15748796924535,8.980240389148017
Jon Gray,CU,74,12.006470876932507,11.315594193583749
Jon Gray,FF,707,9.035509593019336,8.983325999779883
Jon Gray,SL,702,9.766101122931019,9.043809432478792
Jonathan Bermúdez,ALL,116,11.903227018635933,10.77076809443793
Jonathan Bermúdez,CH,13,13.472127348103653,10.845220526989962
Jonathan Bermúdez,FF,57,12.028216587677159,10.696315661885897
Jonathan Bermúdez,SL,12,10.91922909805955,10.403324924464744
Jonathan Bermúdez,ST,34,12.37547851663967,11.047067411772833
Jonathan Bowlan,ALL,64,11.338169278142288,9.714521839136875
Jonathan Bowlan,CH,3,9.751411732578413,7.299972491565673
Jonathan Bowlan,CU,7,15.49313015371652,11.381420600301578
Jonathan Bowlan,FF,28,12.2610855306317,9.916876014598726
Jonathan Bowlan,SI,14,8.506283386025984,8.345737017191235
Jonathan Bowlan,SL,12,11.031524780370654,9.492722474050762
Jonathan Cannon,ALL,1889,10.945201211279885,9.68803986553343
Jonathan Cannon,CH,347,12.082047391740655,11.100015005642316
Jonathan Cannon,FC,367,11.03197779612629,9.127743472418825
Jonathan Cannon,FF,241,12.26757609039776,9.346257664883726
Jonathan Cannon,SI,525,9.684769246336108,8.659781142096781
Jonathan Cannon,ST,409,10.948690610082117,10.694354090126152
Jonathan Heasley,ALL,101,9.617726477810246,9.609666335510338
Jonathan Heasley,CU,23,7.3483750749132115,7.909924438430336
Jonathan Heasley,FF,21,6.863007925688126,8.338152782314491
Jonathan Heasley,SL,22,12.961861308855209,10.31173804402513
Jonathan Heasley,ST,35,12.769956440931711,12.266699608923792
Jonathan Hernández,ALL,737,11.610010195076297,9.69848643510772
Jonathan Hernández,CH,87,11.851703515428266,11.143652514162516
Jonathan Hernández,FF,11,13.657846168550044,17.3331526346356
Jonathan Hernández,SI,277,12.275800180892118,10.340611445347044
Jonathan Hernández,SL,362,11.120865353231405,9.200281009600637
Jonathan Loáisiga,ALL,61,10.034815650535062,8.877002355250681
Jonathan Loáisiga,CH,10,9.097252613034108,7.919929521817384
Jonathan Loáisiga,CU,9,18.690220637843122,12.127338065848614
Jonathan Loáisiga,FF,1,25.9465039275741,23.17985598865897
Jonathan Loáisiga,SI,41,9.847056712530218,8.69395176397084
Jordan Hicks,ALL,1729,11.285453036828637,10.580756646832715
Jordan Hicks,FF,87,13.35618143977445,10.716809549875595
Jordan Hicks,FS,339,13.481852409748363,11.340292985690878
Jordan Hicks,SI,889,9.802038288540864,9.727885258228198
Jordan Hicks,ST,414,12.19973164535187,11.388024379811586
Jordan Leasure,ALL,520,12.111688506555897,10.049303336171517
Jordan Leasure,CU,63,12.648111871914828,10.850576874918778
Jordan Leasure,FF,302,12.730729846945502,10.419171413361898
Jordan Leasure,SL,155,10.440504369658102,9.315213011126673
Jordan Lyles,ALL,72,11.262250805866024,10.338481165837337
Jordan Lyles,CH,13,11.782949821551515,11.441742073639576
Jordan Lyles,CU,9,16.934418990373715,17.823992933850175
Jordan Lyles,FC,13,9.16806537129173,8.02525550413067
Jordan Lyles,FF,19,11.305732227001334,8.66308994674055
Jordan Lyles,SI,7,9.364093340334984,8.469211906985304
Jordan Lyles,ST,11,10.486260328931285,10.007810640835723
Jordan Montgomery,ALL,1807,11.156551861654664,9.984561450785387
Jordan Montgomery,CH,346,11.136710772226454,10.398513901099756
Jordan Montgomery,CU,557,13.473210123087737,10.751842395486763
Jordan Montgomery,FF,319,10.077401418326746,9.396893846729037
Jordan Montgomery,SI,554,9.801031792900439,9.524304397981826
Jordan Montgomery,SL,31,14.203134233694962,12.014808011695475
Jordan Romano,ALL,187,11.694212524819223,9.735985572283308
Jordan Romano,FF,90,10.722736366571628,9.894857139991425
Jordan Romano,SL,97,12.165050596738562,9.575421533468319
Jordan Weems,ALL,702,12.066614294739662,10.325095179918108
Jordan Weems,CU,6,17.341655507799732,15.898241947176462
Jordan Weems,FF,430,12.764874329209707,10.52032375280255
Jordan Weems,FS,20,13.315348796238863,15.190271237127774
Jordan Weems,SL,246,10.711410825100796,9.553127663234724
Jordan Wicks,ALL,810,11.129606400197655,9.676855036431455
Jordan Wicks,CH,203,12.87446579189928,10.43667632008288
Jordan Wicks,CU,50,15.30547081902603,12.879548888211232
Jordan Wicks,FF,365,10.1693714047544,9.266237165761003
Jordan Wicks,SI,110,9.261834688429294,8.748027893958024
Jordan Wicks,SL,50,15.605663517343718,10.664193414050626
Jordan Wicks,ST,32,15.844349642617011,9.832475033265698
Jorge Alcala,ALL,883,11.123536887710774,10.851845126060779
Jorge Alcala,CH,88,11.064911820165339,10.513702383405843
Jorge Alcala,FF,393,10.910810637851382,10.914198357428674
Jorge Alcala,SI,67,12.027720481506623,10.582930620839612
Jorge Alcala,SL,335,11.443616956929416,10.886932892542676
Jorge López,ALL,742,10.459355304458276,9.75118045256475
Jorge López,CH,87,12.101644650254771,10.151523736640739
Jorge López,FF,154,9.909542844339672,9.490390910528088
Jorge López,KC,100,10.300832240579812,10.206471342372375
Jorge López,SI,269,10.340804091131819,9.538712550740964
Jorge López,SL,132,10.42199891405054,10.246353241155692
Jose Cuas,ALL,298,13.76756129358562,10.100999838961688
Jose Cuas,CH,9,18.097739517422685,15.555678465957476
Jose Cuas,FF,99,12.342215105466513,9.636031247889964
Jose Cuas,SI,122,13.289478851056938,8.713360378604602
Jose Cuas,ST,68,16.71573860398655,15.450604439249634
Jose E. Hernandez,ALL,68,13.097211119434185,12.380548811850087
Jose E. Hernandez,FF,19,11.854299232347929,12.09527265021085
Jose E. Hernandez,SL,49,13.507707100688068,13.015448006490535
Jose Quintana,ALL,2670,12.013246958365198,9.325695458500213
Jose Quintana,CH,541,16.758228063991172,9.656899239309437
Jose Quintana,CU,571,14.469391907071008,9.764117457720463
Jose Quintana,FF,599,10.387686896319268,9.647100686369306
Jose Quintana,SI,805,9.053491558875203,8.598300434946507
Jose Quintana,SV,154,13.7891831615222,10.17383044246107
Jose Trevino,ALL,42,12.468215522625329,10.213913351074304
Jose Trevino,FA,28,8.11587874714952,9.649136855095271
Jose Trevino,KN,14,16.943497167570627,14.047644780610899
Josh Fleming,ALL,505,10.40820100837929,9.333440384977045
Josh Fleming,CH,154,10.616457638608328,9.476316022061607
Josh Fleming,CU,33,14.600080229624602,11.854481412494065
Josh Fleming,FC,124,10.744251830878564,9.359342812841135
Josh Fleming,SI,194,9.06660703507449,9.199972291682723
Josh Hader,ALL,1106,9.877594063453468,9.107319952064907
Josh Hader,CH,12,19.46213674040889,16.853718892389956
Josh Hader,FF,2,4.881482510236111,3.264183928271385
Josh Hader,SI,789,9.201231282769644,8.917241568794687
Josh Hader,SL,303,12.862504545756098,9.637519119111197
Josh Maciejewski,ALL,95,11.491025371222117,10.564238040889972
Josh Maciejewski,CH,44,12.585082356969759,11.805717284907555
Josh Maciejewski,FF,8,9.423910810239,10.131622176512094
Josh Maciejewski,SI,32,10.070063065524721,8.627098714478802
Josh Maciejewski,SL,11,10.549647450161872,12.250083959775516
Josh Rogers,ALL,164,11.236020228538436,8.952228989242395
Josh Rogers,CH,8,11.231192223068305,8.846881400233105
Josh Rogers,FC,10,8.679819403913285,6.45232127521315
Josh Rogers,FF,58,11.008998111406713,8.592635314644951
Josh Rogers,SI,6,8.68748537463639,7.192406474856474
Josh Rogers,SL,20,15.048838760360539,13.276967011463443
Josh Rogers,ST,62,12.057591859911035,8.919989617746083
Josh Rojas,ALL,26,13.12550728829602,10.354274099593727
Josh Rojas,CS,7,9.632941827424277,10.325341143085517
Josh Rojas,EP,2,12.242439618608582,11.25456481391209
Josh Rojas,FA,17,13.834327088288731,10.383207056101938
Josh Sborz,ALL,270,9.843853384145058,9.712803088578534
Josh Sborz,CU,60,15.127485434110833,12.5141759070513
Josh Sborz,FF,125,8.696804360185688,8.377551155852025
Josh Sborz,SL,85,10.318792341959716,10.262644975587772
Josh Staumont,ALL,405,12.151502895575133,10.994390622420706
Josh Staumont,CU,6,10.8613343901808,11.135870398014557
Josh Staumont,FF,33,12.765654299353754,10.869881165682802
Josh Staumont,SI,119,12.713985074112339,11.725265318694163
Josh Staumont,SL,247,11.894661702966781,10.856921888706271
Josh Walker,ALL,208,11.705400794078168,10.097505131944725
Josh Walker,CH,1,29.17497677766587,28.42703559728411
Josh Walker,FF,71,10.578681101469783,8.927986824757035
Josh Walker,SI,58,9.67793072953435,9.348568811231022
Josh Walker,SL,78,13.780421315960776,13.888162473504947
Josh Winckowski,ALL,1190,10.239996161290243,9.777888349924496
Josh Winckowski,CH,150,9.42998821680315,9.383723163164934
Josh Winckowski,FC,416,9.838964372697422,9.83591829374032
Josh Winckowski,FF,64,10.484099118953822,8.020866385840822
Josh Winckowski,SI,400,10.354766474998005,9.721825209173822
Josh Winckowski,SL,160,10.917684260377499,10.886611619287425
Josh Winder,ALL,132,11.326221029615626,8.422577890379817
Josh Winder,CH,30,18.09527778411364,10.655990378984821
Josh Winder,FF,40,6.127421809097454,7.247971987352173
Josh Winder,SI,7,11.837469859027685,7.751089298722297
Josh Winder,SL,27,10.920127596931058,8.104375496182831
Josh Winder,ST,28,15.691511547493073,8.517383702198122
Josiah Gray,ALL,176,14.317501338223476,11.424764180085788
Josiah Gray,CH,12,12.399567644343247,14.273685418954653
Josiah Gray,CU,15,8.37479258928948,7.879548780554873
Josiah Gray,FF,38,17.117042735524272,11.282984472368629
Josiah Gray,SI,21,11.197321811230664,12.145995435060309
Josiah Gray,SL,66,14.581649339014774,10.531285252153378
Josiah Gray,ST,24,13.521139451862664,14.175908266984926
José A. Ferrer,ALL,425,10.179644290998338,9.34498123698481
José A. Ferrer,CH,79,12.001111814783638,11.556146427205443
José A. Ferrer,FF,85,9.44010298913443,8.82474199747865
José A. Ferrer,SI,237,9.087059824470147,8.855806707493725
José A. Ferrer,SL,24,16.19241556966448,15.501297861902048
José Alvarado,ALL,999,11.854817760300202,10.285357219536417
José Alvarado,CU,2,9.255969152778087,9.961229343273313
José Alvarado,FC,407,14.536101784171585,10.627839676374169
José Alvarado,FF,2,15.213882732472761,11.79774493666254
José Alvarado,SI,588,10.478778364123567,10.02205040869589
José Berríos,ALL,2841,11.501792366003075,8.889213538875136
José Berríos,CH,458,13.703153636513818,9.359981824077552
José Berríos,FC,96,10.926531718674397,8.057430886014108
José Berríos,FF,529,9.085027820885708,8.523891033158904
José Berríos,SI,946,10.16204401082469,8.339835929270372
José Berríos,SV,812,14.051086989888365,9.871027160653107
José Buttó,ALL,1212,13.25990492239659,10.848400250914516
José Buttó,CH,270,17.223608781109522,11.668479401155416
José Buttó,FF,382,10.530643590083129,10.18400531549521
José Buttó,SI,269,13.173366934204982,9.708629741001767
José Buttó,SL,160,12.126346695586403,11.63043773394908
José Buttó,ST,131,15.439131619743888,13.908286111124632
José Cisnero,ALL,308,12.172763151094205,10.570837314573737
José Cisnero,CH,41,16.501476708187493,11.234801614333126
José Cisnero,FC,2,19.078561468961226,15.980653875594507
José Cisnero,FF,99,10.983135729820733,9.773657660065656
José Cisnero,SI,77,11.65054475151929,10.485917561964616
José Cisnero,SL,89,11.464356208080222,11.607847100567058
José Leclerc,ALL,1159,11.136599608850833,10.060450355983475
José Leclerc,CH,120,12.8458236602007,9.913237473431042
José Leclerc,CU,5,11.5667652065105,9.033756203842326
José Leclerc,FC,184,10.311120188084107,9.75147132907373
José Leclerc,FF,406,11.72212339284002,10.648947366508082
José Leclerc,SI,82,11.155278232024603,8.003621620086527
José Leclerc,SL,362,10.728810183040391,9.765156894086957
José Marte,ALL,299,11.934572368857397,11.241072287838893
José Marte,CH,27,10.074675579025486,9.787830883756412
José Marte,FF,70,13.04760802559347,10.200088145532378
José Marte,SI,87,11.77932703045863,11.672922677975484
José Marte,SL,115,12.574630795735649,12.059986852092267
José Quijada,ALL,353,14.667217631770072,10.672150485491807
José Quijada,CH,15,14.36881029939645,13.17708873969022
José Quijada,FF,332,14.6464633407184,10.601327886988223
José Quijada,SI,1,7.542287897646823,7.0039732415089055
José Quijada,SL,5,20.453519928848948,25.511105405808646
José Ruiz,ALL,746,11.017953363107736,9.98072973414454
José Ruiz,CH,21,13.533526704971923,11.518014134320145
José Ruiz,CU,307,11.748322556715308,10.368224773932015
José Ruiz,FF,210,10.98538831388991,10.19178160347046
José Ruiz,SI,177,9.59446487866312,8.633684648188414
José Ruiz,SL,31,11.626296576724947,10.245010146719363
José Soriano,ALL,1632,11.408944420511853,10.135417823284481
José Soriano,FF,240,10.10443596506097,9.999883751745898
José Soriano,FS,134,12.496894989485142,12.122390092401341
José Soriano,KC,419,12.575991623599956,11.731381960891596
José Soriano,SI,749,10.8134621528482,9.25548297721555
José Soriano,SL,90,13.384490619501745,12.203609027769517
José Suarez,ALL,956,12.044977718255652,10.591452001910017
José Suarez,CH,239,14.349917848401653,11.524176331068901
José Suarez,CU,3,19.04320696341542,19.027544740379827
José Suarez,FC,10,9.641171484570531,10.555657040595161
José Suarez,FF,381,11.082215134632323,10.127903377594642
José Suarez,SI,83,9.828077215286118,9.579327950768889
José Suarez,SL,126,11.264877130062004,10.064029239318426
José Suarez,ST,114,13.093217358125504,11.233426017645737
José Ureña,ALL,1670,9.473093785856697,8.964736365364121
José Ureña,CH,307,11.191057675541483,9.437168979624783
José Ureña,FF,87,9.75243439290812,9.918701893203014
José Ureña,SI,709,8.69989644699461,8.37278261934278
José Ureña,SL,567,9.614374898783604,9.114087886191124
Julian Aguiar,ALL,492,9.617724610226517,9.34552054356157
Julian Aguiar,CH,90,11.316706457167845,10.57338898242807
Julian Aguiar,CU,45,15.30143087723395,14.185311952411183
Julian Aguiar,FF,178,7.341041599667047,7.719998276183489
Julian Aguiar,SI,91,9.636928163344436,8.492701092530044
Julian Aguiar,SL,88,11.100744447569914,10.675029253759586
Julian Merryweather,ALL,267,12.647728733970668,10.91370733656411
Julian Merryweather,CH,32,15.970891253429397,13.025577028043987
Julian Merryweather,FF,117,12.113419913342714,10.61777694412798
Julian Merryweather,SL,115,12.551595002938383,10.91370733656411
Julian Merryweather,ST,3,22.382685423180988,26.790509717291915
Julio Teheran,ALL,66,10.025248523158252,10.10658904052151
Julio Teheran,CH,6,13.643096642261469,11.672372216796628
Julio Teheran,CU,7,12.135999746046105,8.63229302034741
Julio Teheran,FC,19,9.65986609556023,9.611290177843681
Julio Teheran,FF,5,10.51266498051313,10.48778080182313
Julio Teheran,SI,29,8.180572618905677,9.805435400455945
Justin Anderson,ALL,861,12.149612400957189,10.491400047169954
Justin Anderson,FC,66,9.306961321240939,9.313063295189517
Justin Anderson,FF,294,12.296062629146185,9.959640525331656
Justin Anderson,SI,111,12.020197661002435,10.749035064047018
Justin Anderson,SL,390,12.339891708458463,10.966405646350982
Justin Bruihl,ALL,95,11.934373104390026,9.403677301988221
Justin Bruihl,FC,27,12.20564773348535,8.775583333808333
Justin Bruihl,SI,29,9.419005649931119,8.64501114115184
Justin Bruihl,ST,39,16.81210510308286,12.80160300079852
Justin Lawrence,ALL,1004,12.34610036448439,10.77954418606861
Justin Lawrence,CH,1,30.316561517760675,29.244923996199486
Justin Lawrence,FF,8,9.215778198314176,12.69424992849508
Justin Lawrence,SI,584,11.599361279476653,10.157914771080488
Justin Lawrence,ST,411,13.967057853368686,11.776642988517722
Justin Martinez,ALL,1067,11.803866770040184,11.085616596560852
Justin Martinez,FF,125,12.295930216439919,10.599900793746027
Justin Martinez,FS,238,15.159661424709487,13.329674753574556
Justin Martinez,SI,467,10.404584732440947,10.185871005406018
Justin Martinez,SL,237,11.421739142254692,11.330842833232351
Justin Slaten,ALL,733,11.791246178663641,10.789993659895657
Justin Slaten,CU,60,16.43452957475484,12.508081022645893
Justin Slaten,FC,282,10.749202527232598,10.234549693854758
Justin Slaten,FF,207,11.706287837986142,10.542279294626194
Justin Slaten,ST,184,12.736560193069428,11.557214311680482
Justin Steele,ALL,1744,9.919173920854792,9.530265657462252
Justin Steele,CH,57,11.885622334227593,9.645937650231184
Justin Steele,CU,35,15.558928978839235,10.188031568165702
Justin Steele,FF,1038,9.279160918621965,8.966767405567762
Justin Steele,SI,90,9.158127730722146,9.175536102418299
Justin Steele,SL,524,11.507435838239571,10.61006751556755
Justin Sterner,ALL,63,10.820090511093387,9.177532618094913
Justin Sterner,FC,20,12.6107161491893,11.141966972217316
Justin Sterner,FF,40,8.165048870814658,8.592310953992406
Justin Sterner,ST,3,35.157729264964345,37.31005560126973
Justin Topa,ALL,13,11.633520883142847,9.914419613648176
Justin Topa,CH,4,13.571065786982613,10.969783090126409
Justin Topa,FC,1,1.347595698589399,1.0298824842764598
Justin Topa,SI,4,8.074364648018006,5.768661192716132
Justin Topa,ST,4,10.724845260024724,11.575545111176423
Justin Verlander,ALL,1524,10.424952757783279,9.359527651326461
Justin Verlander,CH,153,12.185157735507786,11.970257399975104
Justin Verlander,CU,330,11.061557369007707,10.580965592520268
Justin Verlander,FF,750,10.448116390362795,8.58610861727923
Justin Verlander,SI,1,10.399625733679388,6.490730547382515
Justin Verlander,SL,290,9.336716282887869,9.330779057198718
Justin Wilson,ALL,752,10.900395998323042,10.451672629010577
Justin Wilson,FC,178,10.026570547146687,10.272832642018034
Justin Wilson,FF,374,11.345793058873902,10.431387184587017
Justin Wilson,FS,9,15.415121968179632,13.264228769599056
Justin Wilson,SL,191,10.965301584672375,10.900681611075498
Justin Wrobleski,ALL,468,12.435487756558055,10.401625364542664
Justin Wrobleski,CH,24,11.122075247344716,8.95949158406994
Justin Wrobleski,CU,58,13.988325999296649,10.527953265360775
Justin Wrobleski,FF,275,12.335775886568442,10.14006450389462
Justin Wrobleski,SI,7,14.334960653897019,9.87916309005766
Justin Wrobleski,SL,69,10.769591489794882,9.626127394853231
Justin Wrobleski,ST,35,13.513056492862498,12.153995708019071
Kai-Wei Teng,ALL,200,12.391215593627848,11.754804570445753
Kai-Wei Teng,CH,7,14.210988539690778,12.13003885382481
Kai-Wei Teng,CU,37,15.319000983334211,14.245526343809432
Kai-Wei Teng,FF,12,12.632369429274359,10.676161754489247
Kai-Wei Teng,SI,87,10.07131967460073,10.66422716426785
Kai-Wei Teng,SL,22,12.763112854701912,11.365203064346428
Kai-Wei Teng,ST,35,15.294981030288257,13.86959486575326
Kaleb Ort,ALL,342,10.865479224405785,9.853289699693903
Kaleb Ort,CH,26,13.231358740785925,13.73616347735841
Kaleb Ort,FC,68,10.456594541580746,10.504325644143297
Kaleb Ort,FF,187,9.76110486305125,8.701105146634143
Kaleb Ort,ST,61,13.364333355408844,11.621995580287305
Keaton Winn,ALL,789,10.472305716383332,9.930170951155338
Keaton Winn,FF,200,10.891726198755379,10.410967492417893
Keaton Winn,FS,325,10.155210150075183,9.827170261392604
Keaton Winn,SI,151,10.46268977210437,10.094078486235722
Keaton Winn,SL,113,9.869995958210913,9.281311508439027
Keegan Akin,ALL,1109,10.514785393088207,9.669901912673168
Keegan Akin,CH,122,12.951252822225324,11.122284685531465
Keegan Akin,FF,629,9.718876432520663,9.216593470767613
Keegan Akin,SL,358,11.252156079495885,10.177598246334577
Keegan Thompson,ALL,510,13.82603842794795,11.073476301675504
Keegan Thompson,CH,12,15.808829272270856,11.027704556329624
Keegan Thompson,CU,79,17.078906937617575,13.254352776439944
Keegan Thompson,FC,156,11.288465037146002,9.821474101719435
Keegan Thompson,FF,192,12.661332209223826,9.644698062789324
Keegan Thompson,SI,1,22.0811938891319,18.078795129493802
Keegan Thompson,ST,70,15.274697900034823,12.23481099002669
Keider Montero,ALL,1483,10.86975111007458,10.159914182315019
Keider Montero,CH,159,12.700937504514068,10.766229519448666
Keider Montero,FF,618,10.455287946340398,9.58771331453326
Keider Montero,KC,167,11.385195374684798,11.203594601670499
Keider Montero,SI,114,11.358907170162357,10.556193336240106
Keider Montero,SL,425,11.123109817893686,10.497905096873437
Kenley Jansen,ALL,686,12.387834498529735,10.482160668204436
Kenley Jansen,FC,578,12.241771011183681,10.149793032309463
Kenley Jansen,SI,57,14.465428132708494,12.85038468660184
Kenley Jansen,SL,37,11.012910496527494,12.456422511158689
Kenley Jansen,ST,14,13.947756012668826,12.793427740325638
Kenny Rosenberg,ALL,386,10.104427271747529,10.305486894822
Kenny Rosenberg,CH,128,9.969986786845745,10.612423972379506
Kenny Rosenberg,CU,20,11.811240005724898,9.596061728538633
Kenny Rosenberg,FC,53,11.619537509048339,10.55832450140718
Kenny Rosenberg,FF,185,10.038075417144976,9.9124617361986
Kent Emanuel,ALL,271,10.656886600759725,9.991029956557233
Kent Emanuel,CH,32,10.71542079126242,10.230186914253826
Kent Emanuel,SI,162,9.862488001803193,8.86513700493993
Kent Emanuel,SL,1,31.48747351944883,27.31593605051169
Kent Emanuel,ST,76,15.440615436549693,15.313814703165217
Kenta Maeda,ALL,1818,11.822656202967554,9.504791178873306
Kenta Maeda,CU,29,16.71560892834384,14.769434847134383
Kenta Maeda,FC,33,8.082955213754127,6.999095796822027
Kenta Maeda,FF,409,10.902378103596034,10.295426799926862
Kenta Maeda,FS,562,15.387592128389356,9.544496016186681
Kenta Maeda,SI,133,9.491013741672008,8.153039706426455
Kenta Maeda,SL,411,10.723185208793549,9.225878977362234
Kenta Maeda,ST,241,10.103108758937719,9.552268804768474
Kevin Gausman,ALL,2664,13.043428107726406,8.78202828034511
Kevin Gausman,FF,1383,10.809280338680047,8.361788594141045
Kevin Gausman,FS,895,17.173462700277327,9.224849425580988
Kevin Gausman,SI,163,12.243380345890372,8.488724545159059
Kevin Gausman,SL,223,14.457078483855407,10.702928174286473
Kevin Ginkel,ALL,1106,11.031483062982524,9.432890019641956
Kevin Ginkel,FF,592,9.673673423910845,9.075157891206121
Kevin Ginkel,SI,96,10.692816027965064,9.210170984091846
Kevin Ginkel,SL,418,13.534581223985146,10.029098766281315
Kevin Herget,ALL,123,11.242812370293441,9.750363218441064
Kevin Herget,CH,48,13.782835621232302,10.99181700116062
Kevin Herget,FC,18,8.730941482339267,8.76644859634182
Kevin Herget,FF,57,9.65920777640278,9.285211852714793
Kevin Kelly,ALL,987,10.768020232359088,9.200987593463863
Kevin Kelly,FC,83,11.263850829272826,9.963339807545767
Kevin Kelly,FF,22,13.617114789565262,11.048476484189703
Kevin Kelly,SI,605,9.810287296907003,8.67796296330242
Kevin Kelly,ST,277,12.618937457202934,10.88035079594104
Kirby Snead,ALL,185,12.063182921070775,9.394333607048415
Kirby Snead,CH,35,13.99882787740083,10.616948358720913
Kirby Snead,FF,36,12.349016426621953,10.811779097075947
Kirby Snead,SI,72,8.240183841874247,8.339570692137615
Kirby Snead,SL,42,13.953369810980746,11.101692564816258
Kirby Yates,ALL,1015,10.799576856715177,9.364288060798739
Kirby Yates,FF,614,9.193469303486403,8.988974445366976
Kirby Yates,FS,395,13.66130761948833,10.201995955845002
Kirby Yates,SL,6,9.706461421991335,8.130008265693219
Kodai Senga,ALL,88,13.928007058310051,8.624028320115807
Kodai Senga,CU,1,36.10206156057289,32.8635146254488
Kodai Senga,FC,13,7.88970498888804,7.497695270800455
Kodai Senga,FF,35,11.340116658796246,8.109065991211015
Kodai Senga,FO,26,18.42210061069379,8.480196217126437
Kodai Senga,SL,5,23.122239137883835,14.423151312301032
Kodai Senga,ST,8,13.54677043385757,17.493291079114314
Kody Clemens,ALL,14,17.124953774725284,18.355782687107954
Kody Clemens,EP,14,17.124953774725284,18.355782687107954
Kody Funderburk,ALL,577,12.41962343576566,10.898438163886842
Kody Funderburk,CH,20,15.569785312011067,13.417753040722626
Kody Funderburk,FC,253,12.41962343576566,10.450542883835137
Kody Funderburk,SI,111,9.892177812150056,9.862595383530545
Kody Funderburk,ST,193,14.343397591533565,12.325203465387675
Kolby Allard,ALL,381,10.278486494278047,9.236898572982312
Kolby Allard,CH,94,10.644148537671594,9.488835612606602
Kolby Allard,CU,44,11.09060215313588,10.394983898001986
Kolby Allard,FC,66,10.240448978724178,9.342517647692489
Kolby Allard,FF,155,10.290993822777562,8.783768704598403
Kolby Allard,SI,22,7.954872648532897,10.001625530976076
Kris Bubic,ALL,533,11.021280581240974,10.314746492935274
Kris Bubic,CH,87,10.761161921583593,9.4341670057042
Kris Bubic,FF,228,10.946967868794367,10.561319361399772
Kris Bubic,SI,17,11.718932099792273,9.284930096907292
Kris Bubic,SL,1,19.089199431741473,17.39665796490171
Kris Bubic,ST,200,11.127728923539621,10.601993045588031
Kumar Rocker,ALL,215,12.159222282909205,10.140650642554732
Kumar Rocker,CH,3,16.150010530105458,11.666687434894989
Kumar Rocker,CU,2,11.478915586536418,14.903618170866311
Kumar Rocker,FF,91,9.928899244519453,7.6491074028420885
Kumar Rocker,SI,36,10.95699696083108,8.537956887206414
Kumar Rocker,SL,83,16.11882840518347,12.966625649871732
Kutter Crawford,ALL,2548,10.860883839503877,9.933414075651257
Kutter Crawford,FC,819,9.345365157992045,9.330747558203782
Kutter Crawford,FF,866,11.162557293154734,9.369245864343766
Kutter Crawford,FS,213,12.90218074539015,10.82702259761096
Kutter Crawford,KC,179,13.781117031708733,11.769256411739018
Kutter Crawford,ST,471,11.684067928147085,11.131328594211032
Ky Bush,ALL,313,12.42613159361444,11.46733890120973
Ky Bush,CH,30,10.29914423106985,11.098441929427839
Ky Bush,CU,45,11.981478476614647,12.41493090943503
Ky Bush,FF,162,13.457769414539365,11.253181680683788
Ky Bush,SL,76,12.147097034676495,13.293731557684133
Kyle Bradish,ALL,649,11.791140851639192,9.472191771297057
Kyle Bradish,CU,115,10.851979602323356,9.233170486057656
Kyle Bradish,FF,86,14.581489973828415,10.786948569384151
Kyle Bradish,SI,254,12.847183279898962,9.638433069480806
Kyle Bradish,SL,194,10.427435959908895,9.227573538905558
Kyle Farmer,ALL,25,12.78289037521822,13.16900323731072
Kyle Farmer,EP,25,12.78289037521822,13.16900323731072
Kyle Finnegan,ALL,1016,11.840758799707311,10.321066891110387
Kyle Finnegan,FF,682,11.866453546064927,9.841980580950619
Kyle Finnegan,FS,277,11.374692447081783,11.02886351908851
Kyle Finnegan,SL,57,14.821981824166151,13.882344903683935
Kyle Freeland,ALL,1665,9.501588815901814,8.317356880134573
Kyle Freeland,CH,197,9.25422553945525,8.588711143475573
Kyle Freeland,FC,376,8.33167217835934,7.655436377542897
Kyle Freeland,FF,333,9.127208956507344,7.56577862091099
Kyle Freeland,KC,318,12.883940095024965,10.115356552022451
Kyle Freeland,SI,441,9.194097027093516,7.820208228274144
Kyle Gibson,ALL,2657,10.179843814730095,9.161505049778098
Kyle Gibson,CH,264,11.589949859943676,9.757293267486444
Kyle Gibson,CU,230,12.050586701452904,10.273692828247606
Kyle Gibson,FC,556,9.94674753899124,8.67011742675244
Kyle Gibson,FF,353,11.141308784011066,10.460356900382092
Kyle Gibson,SI,704,8.812120048554227,8.69794864623468
Kyle Gibson,ST,550,10.747863711281155,9.187578599308516
Kyle Harrison,ALL,1811,10.41360572473379,9.701978063250337
Kyle Harrison,CH,361,11.401507289719731,11.127091994792577
Kyle Harrison,CU,1,15.815290582844696,13.591123136330332
Kyle Harrison,FC,6,11.96859149437733,10.84678892054543
Kyle Harrison,FF,1038,9.989137624270718,9.269938857141199
Kyle Harrison,SI,1,15.390712271015676,10.355506695559933
Kyle Harrison,SV,404,10.440850458539998,10.16889129272738
Kyle Hendricks,ALL,1881,9.910470487494642,8.630865921959334
Kyle Hendricks,CH,732,9.478650306515673,8.656526170033512
Kyle Hendricks,CU,230,9.910879730047817,9.629971671215063
Kyle Hendricks,FF,235,12.246949326742529,9.16739987221372
Kyle Hendricks,SI,684,9.42244910813039,8.25224687110197
Kyle Hurt,ALL,84,15.041949713536082,10.0517865741825
Kyle Hurt,CH,46,14.388799195023164,11.42505455588478
Kyle Hurt,CU,1,14.971991247978947,14.65963816054612
Kyle Hurt,FF,33,18.755401842225247,8.798363308086179
Kyle Hurt,SI,3,9.011822049426632,8.31344225845898
Kyle Hurt,SL,1,11.293735213547846,6.98631949834658
Kyle Leahy,ALL,661,10.90543357551424,10.142923299061618
Kyle Leahy,CH,62,10.932414174913742,9.531220916651431
Kyle Leahy,CU,43,15.007941955635486,14.266301784813399
Kyle Leahy,FF,292,10.88425068443231,9.362373775403196
Kyle Leahy,SL,164,9.688007570968399,9.539564582111588
Kyle Leahy,ST,100,13.270576045825427,12.306927745592688
Kyle Muller,ALL,672,10.348819285870285,9.554181403052064
Kyle Muller,CH,49,16.852638355765468,12.645580969978802
Kyle Muller,CU,85,16.01434694262676,13.320560311761044
Kyle Muller,FF,364,9.001158181354175,8.449625162580396
Kyle Muller,SL,174,10.374458236387508,9.516233745288257
Kyle Nelson,ALL,106,11.167294738085882,8.539237990964363
Kyle Nelson,FC,24,13.439560443497587,8.657293512374242
Kyle Nelson,FF,30,7.975021783814064,7.030595202232961
Kyle Nelson,SL,52,10.953765888218406,8.946792197501352
Kyle Nicolas,ALL,884,12.020253036711212,11.16007518281419
Kyle Nicolas,CU,200,15.276820575208824,13.742752504202283
Kyle Nicolas,FF,491,10.535661264235625,9.801298174076695
Kyle Nicolas,SI,2,15.509500576556603,17.71301300874896
Kyle Nicolas,SL,191,13.97546960838556,12.201747710328862
Kyle Tyler,ALL,538,11.364980491797752,9.893656642050388
Kyle Tyler,CH,6,18.25896615599268,16.283295036801892
Kyle Tyler,CU,161,15.76129014149526,11.257783905080785
Kyle Tyler,FC,229,8.833217502567434,8.462307430623627
Kyle Tyler,FF,77,14.12922599459073,9.938871922885559
Kyle Tyler,SI,2,14.86703978983463,14.046135281794976
Kyle Tyler,SL,63,14.178144690580929,11.319405986349713
Lake Bachar,ALL,156,10.50678628728999,8.964823189937668
Lake Bachar,FF,76,9.986255668912303,8.887976590410121
Lake Bachar,FS,33,15.706938085516073,8.454239006077417
Lake Bachar,ST,47,10.714116351097408,9.402312448783595
Lance Lynn,ALL,1917,10.755724070265506,9.648513401330472
Lance Lynn,CH,121,15.516993725739676,11.165922026090458
Lance Lynn,CU,119,13.72627827142205,11.637226521161221
Lance Lynn,FC,419,9.765911424115728,9.578286531404938
Lance Lynn,FF,914,10.577335908830882,9.466696497966034
Lance Lynn,SI,320,10.48063087601236,9.397415105886203
Lance Lynn,ST,24,9.47046021896874,8.187135627886601
Landen Roupp,ALL,845,10.525447342958039,9.10692860663985
Landen Roupp,CH,82,15.522124822230172,10.363838081369565
Landen Roupp,CU,374,11.27167815613161,9.490458139370947
Landen Roupp,FF,23,11.557446690367765,7.533668367155627
Landen Roupp,SI,331,8.798166847604637,8.211439573478515
Landen Roupp,SL,35,9.80673175094533,9.402180721380905
Landon Knack,ALL,1073,14.939355423168784,10.71668727373901
Landon Knack,CH,158,15.451847192972352,12.91306779344633
Landon Knack,CU,25,12.220469607077252,11.754720738120469
Landon Knack,FF,492,15.905513475378537,9.66758276292691
Landon Knack,KC,149,13.758747843149123,13.545017764963692
Landon Knack,SL,242,12.803181075318413,10.603209655990748
Landon Knack,ST,7,19.008174873993944,18.62974763332999
Leo Rivas,ALL,15,17.937597019066022,16.90320429427663
Leo Rivas,EP,15,17.937597019066022,16.90320429427663
Logan Allen,ALL,454,10.552707884275964,9.680339690779887
Logan Allen,ALL,1551,9.67475648561427,9.33083157041239
Logan Allen,CH,285,10.87897213183061,10.929920234180832
Logan Allen,CU,5,12.300745182712596,10.066940244150876
Logan Allen,FC,103,9.625899069514476,9.608927772793994
Logan Allen,FC,227,9.286314547922629,8.983378623048786
Logan Allen,FF,84,14.969354152638807,11.015100169973074
Logan Allen,FF,577,8.899894695146688,8.526423044670747
Logan Allen,FS,91,10.765618684014852,10.87078292560582
Logan Allen,SI,77,9.733780414503961,8.415326331910377
Logan Allen,SI,167,8.731534098700074,8.177773593983012
Logan Allen,ST,94,9.655248709043946,8.56481734456664
Logan Allen,ST,295,11.119255306079047,10.23537089972865
Logan Gilbert,ALL,2726,11.927909909596831,10.49882942406325
Logan Gilbert,FC,290,9.62877543969962,9.95356259596834
Logan Gilbert,FF,842,10.193471036632411,9.885788117236025
Logan Gilbert,FS,366,20.483358263284764,13.433109943533378
Logan Gilbert,SI,41,11.593969890105678,9.94440763486557
Logan Gilbert,SL,872,11.442448364495185,9.798043342829715
Logan Gilbert,ST,314,13.462961933153016,11.276345430161435
Logan Gilbert,UN,1,33.034735619732764,
Logan Gillaspie,ALL,139,11.60957468840166,10.664497010201824
Logan Gillaspie,CH,21,13.571465175132976,10.664497010201824
Logan Gillaspie,CU,27,14.44295847437653,12.204021799757102
Logan Gillaspie,FC,13,12.692507841830144,12.6157157457855
Logan Gillaspie,FF,58,10.309695854522007,10.402305936202573
Logan Gillaspie,SI,3,7.621673835380499,9.767486422623753
Logan Gillaspie,SL,2,8.764577610771855,8.653459600414426
Logan Gillaspie,ST,15,14.343894394837355,9.236347584519523
Logan Webb,ALL,2847,10.357908098087453,8.312432501348361
Logan Webb,CH,897,12.185224481139683,8.24779309986934
Logan Webb,FC,75,9.96461747144055,7.866360327322027
Logan Webb,FF,164,9.920218682324693,9.60491264801815
Logan Webb,SI,1113,8.866132177152158,8.078265637823964
Logan Webb,ST,598,10.354101218491536,8.600873600848008
Louis Varland,ALL,772,10.441095265942769,9.705113592972845
Louis Varland,CH,78,12.269734618931476,10.843297520843564
Louis Varland,FF,321,9.103071645171214,8.835623064185155
Louis Varland,KC,130,13.119744261019363,11.248681506308397
Louis Varland,SI,31,11.990484556361814,10.785510930357422
Louis Varland,SL,212,10.819923831701407,10.018387530110985
Lucas Erceg,ALL,983,10.130791834641084,9.651660178317456
Lucas Erceg,CH,202,9.67915744600666,8.928684440456767
Lucas Erceg,FF,309,10.029887061874748,9.584254411462247
Lucas Erceg,SI,212,9.472479144826517,9.683406992275593
Lucas Erceg,SL,260,11.487620518226061,10.53430957562469
Lucas Gilbreath,ALL,47,11.656944826614499,10.854708449537279
Lucas Gilbreath,FF,31,11.656944826614499,10.681521075329798
Lucas Gilbreath,SL,16,10.718998566625356,11.39209310139832
Lucas Sims,ALL,808,11.476348974796789,10.63168873574342
Lucas Sims,CU,63,11.377320849320913,11.128784930618707
Lucas Sims,FC,121,8.953833830059143,9.013490810418633
Lucas Sims,FF,257,12.669939250867433,11.21263948490613
Lucas Sims,FS,2,19.353604845247542,18.634483138271342
Lucas Sims,SI,1,13.251752209746147,9.248938254021962
Lucas Sims,SL,19,9.758525534468907,8.734421630032838
Lucas Sims,ST,345,11.284203801078283,10.747003678118759
Luis Castillo,ALL,2312,10.609054435628881,9.022177900634968
Luis Castillo,CH,335,13.646212064669456,9.21321150556441
Luis Castillo,FF,1050,9.012974493806912,8.611942812738036
Luis Castillo,SI,422,10.450705833515908,9.04386233133823
Luis Castillo,SL,505,12.244624405940163,9.752315007385615
Luis Contreras,ALL,104,13.135277906398578,11.32371041120312
Luis Contreras,CH,9,14.093293470158518,13.033272291865472
Luis Contreras,CU,4,15.423504866843905,14.699136218954655
Luis Contreras,FF,47,13.080693988141281,8.92235554165939
Luis Contreras,SI,1,15.984605703972578,19.305962284017344
Luis Contreras,SL,25,12.24618384767112,12.656628357795274
Luis Contreras,ST,18,11.741798290474451,13.293041353645776
Luis Frías,ALL,214,13.186505955199799,10.840424688722099
Luis Frías,FC,96,13.904868745848516,11.024104609496073
Luis Frías,FF,59,10.75911444974164,11.244310272596309
Luis Frías,SI,24,9.553120600439275,6.992517044001744
Luis Frías,SL,35,15.70146725889721,12.567136111750003
Luis García,ALL,880,11.30259629336529,9.783615037624
Luis García,FC,16,24.989010282173762,18.86561920016823
Luis García,FF,48,13.55523611203285,11.23259465379937
Luis García,FS,162,11.604587138012597,10.29765789693316
Luis García,SI,467,9.977265259981566,9.109858003093176
Luis García,SL,114,14.71570082981168,10.999840422999501
Luis García,ST,73,12.569408548863361,10.95072384108696
Luis Gil,ALL,2608,11.542132028596043,10.441826645779447
Luis Gil,CH,664,12.148419046580706,10.858586783304979
Luis Gil,FF,1270,11.244752812148159,9.972872903293219
Luis Gil,SL,674,11.293759061340861,11.157707218689769
Luis Guerrero,ALL,124,11.078138430026051,10.17052883413565
Luis Guerrero,CH,32,14.858520217885815,10.995859826980013
Luis Guerrero,FF,58,10.326522604629364,9.963646663453126
Luis Guerrero,ST,34,10.196092955058845,10.05400874182604
Luis Guillorme,ALL,31,17.485052062824444,12.835454421071033
Luis Guillorme,FA,31,17.485052062824444,12.835454421071033
Luis Medina,ALL,684,11.402673098093778,10.716035981537278
Luis Medina,CH,52,8.6605830607621,9.24077366395299
Luis Medina,CU,68,15.130652788273133,11.18425534715567
Luis Medina,FF,284,10.585261834387234,10.430002706433385
Luis Medina,SI,102,10.767783052403946,10.167266013226774
Luis Medina,SL,178,12.409994024837161,12.249859344276116
Luis Ortiz,ALL,6,10.57600600989321,10.477419496229894
Luis Ortiz,ALL,2072,10.600981408624257,9.518633991750292
Luis Ortiz,CH,21,17.673484434596176,10.153357759661938
Luis Ortiz,FC,407,9.3013574950845,8.829982384511736
Luis Ortiz,FF,558,9.628684603847539,9.17175326504606
Luis Ortiz,SI,2,10.57600600989321,11.822454153162738
Luis Ortiz,SI,534,10.167055384324023,9.319020462587746
Luis Ortiz,SL,552,13.09500722145555,10.492396679107443
Luis Ortiz,ST,4,10.362669215754053,8.708949056073394
Luis Peralta,ALL,171,11.650041216313765,10.29437611671347
Luis Peralta,CH,1,9.704918376061865,10.445983595863753
Luis Peralta,CU,39,15.567086591699102,15.680613706566339
Luis Peralta,FF,131,11.279847785101444,9.597073601937172
Luis Severino,ALL,2615,10.921823232417909,9.996794039404277
Luis Severino,CH,190,14.217939956043034,11.829022351599411
Luis Severino,FC,222,10.087182761862362,8.815199645767606
Luis Severino,FF,919,9.989831125359093,9.37401026064958
Luis Severino,SI,653,9.876738555272638,9.325299162819533
Luis Severino,SL,182,14.528467715297047,10.678522206307063
Luis Severino,ST,449,14.061400983878347,12.065493524063584
Luis Torrens,ALL,1,0.07446175027693981,0.9202173566601107
Luis Torrens,FA,1,0.07446175027693981,0.9202173566601107
Luke Jackson,ALL,893,11.144510113713707,10.376274724569665
Luke Jackson,CU,142,12.552768761396688,11.616237185749986
Luke Jackson,FC,9,15.424245390312949,16.385873753542633
Luke Jackson,FF,280,11.130835361546788,10.312969014925983
Luke Jackson,SL,462,10.9404378910776,9.954323474377748
Luke Little,ALL,419,13.02212242921354,11.805225869195688
Luke Little,FF,304,12.182004329338863,10.837815047555482
Luke Little,FS,5,10.923223371086618,13.412044164184644
Luke Little,SI,1,11.532446304684301,14.49471244467677
Luke Little,ST,109,17.958312417548722,14.24705876718907
Luke Maile,ALL,59,11.684114227014337,10.06375214299297
Luke Maile,EP,2,22.843994811549045,8.643607634494582
Luke Maile,FA,47,10.320008124028789,10.06375214299297
Luke Maile,KN,10,13.710962821574553,11.574151095511613
Luke Weaver,ALL,1445,10.726030554989814,9.375993690161264
Luke Weaver,CH,415,12.030671805415029,9.209713990443708
Luke Weaver,FC,296,8.8245854369223,8.790698545808526
Luke Weaver,FF,710,10.771525167585661,9.49433719355379
Luke Weaver,KC,15,19.138802083382586,14.245147494696877
Luke Weaver,SI,1,11.704898026538956,8.73657322128796
Luke Weaver,SL,8,9.130419736820762,8.993048428033362
Luke Williams,ALL,52,19.521940588495674,11.126896415099889
Luke Williams,EP,42,19.802459577731412,12.175986504789513
Luke Williams,FA,10,14.295279029920465,8.954308246949648
Lyon Richardson,ALL,24,12.433830645731994,10.775356122699261
Lyon Richardson,CH,8,13.967866396353855,13.221889218968268
Lyon Richardson,FF,6,6.820332732596844,4.235197876825152
Lyon Richardson,SI,5,8.788668675474435,8.437059312673894
Lyon Richardson,SL,5,14.418268461981032,10.799725982477144
MacKenzie Gore,ALL,2864,12.416650405805527,10.814940314831755
MacKenzie Gore,CH,260,12.454379109927267,12.318186738382249
MacKenzie Gore,CU,555,11.734767621586798,11.892978700461207
MacKenzie Gore,FC,403,11.216283937635682,10.404725144961326
MacKenzie Gore,FF,1596,12.79496630786225,10.376153807521433
MacKenzie Gore,SL,35,11.340775887101227,10.743836175973652
MacKenzie Gore,ST,15,15.764059741675613,12.414077685627477
Manuel Rodríguez,ALL,544,11.950078026528434,10.989598138617787
Manuel Rodríguez,FF,116,11.787342731506525,11.233387992534224
Manuel Rodríguez,SI,173,11.06979133543587,9.793614460402656
Manuel Rodríguez,SL,251,13.11335634899091,11.68291908582868
Manuel Rodríguez,ST,4,16.11494216708346,15.703694963290065
Marc Church,ALL,15,11.148333822109878,10.585890447616736
Marc Church,FF,7,10.571925875012582,9.828176270030422
Marc Church,SL,8,13.304845230271408,10.96994077949855
Marco Gonzales,ALL,435,9.241508302354024,8.513663794885328
Marco Gonzales,CH,120,10.67134714365313,7.149538791401605
Marco Gonzales,CU,47,7.665323562573216,6.9990816573964505
Marco Gonzales,FC,96,10.180903253239908,8.756317577584007
Marco Gonzales,FF,141,8.907139494650602,9.817743479176293
Marco Gonzales,SI,31,6.648745473819018,7.73349589381273
Marcus Stroman,ALL,2243,10.06920547737551,8.78190119406283
Marcus Stroman,CU,61,13.741338184296593,11.841268521242128
Marcus Stroman,FC,397,8.965176081479298,8.518708787588508
Marcus Stroman,FF,63,11.341122813971033,9.435970277085392
Marcus Stroman,FS,252,12.44513683508063,10.736362303102664
Marcus Stroman,SI,774,9.775721144499006,8.299941939074735
Marcus Stroman,SL,372,10.054557467899997,8.622784225579187
Marcus Stroman,SV,324,10.04492219051689,8.762180143778217
Mark Leiter Jr.,ALL,996,12.8209874988923,10.833422714612603
Mark Leiter Jr.,CU,176,12.886397586662397,11.469070253526585
Mark Leiter Jr.,FC,78,8.895342095218226,8.538305923905693
Mark Leiter Jr.,FF,20,13.764159045930821,11.641348988924662
Mark Leiter Jr.,FS,360,16.681676731403996,11.336761104164061
Mark Leiter Jr.,SI,269,10.343590955244224,9.457432041267106
Mark Leiter Jr.,SL,1,3.861863050548005,7.886995808917294
Mark Leiter Jr.,ST,92,12.171302939843358,11.383429379282909
Martín Pérez,ALL,2043,9.950217093639194,8.78378237062672
Martín Pérez,CH,459,11.407381687062177,8.889070673255892
Martín Pérez,CU,279,12.765232371713461,9.866630719710132
Martín Pérez,FC,462,10.035306134746445,8.85304012239575
Martín Pérez,FF,85,8.624081328947364,8.528694939050288
Martín Pérez,SI,757,8.56298340220723,8.347937445222074
Martín Pérez,SL,1,4.679561971051151,10.589615264163854
Mason Black,ALL,579,10.115315014540908,9.578677661735057
Mason Black,CH,13,10.682124719560335,10.410467466234142
Mason Black,FC,22,10.3648876622824,10.819296740670119
Mason Black,FF,185,9.971104728237464,8.748493301534717
Mason Black,SI,165,11.069017431342651,9.705311711571806
Mason Black,SL,44,10.023560522286274,10.449637305473427
Mason Black,ST,150,9.971304419768384,10.018427340576588
Mason Englert,ALL,350,11.759738562221735,9.395293009116674
Mason Englert,CH,103,14.804517948904556,9.347152859974884
Mason Englert,FC,46,9.006771373337083,8.505045429981942
Mason Englert,FF,95,10.073579716985181,9.656405499766382
Mason Englert,SI,35,11.566995929889252,9.222207454142497
Mason Englert,SL,59,11.371900067202676,9.644439657861977
Mason Englert,SV,12,13.26562017983577,9.895851164522695
Mason Miller,ALL,1009,11.112237901067715,10.614549900909145
Mason Miller,CH,18,15.30650777824056,10.050703746142876
Mason Miller,FF,635,10.68463057780937,10.088327203769683
Mason Miller,FS,2,26.61347780529286,28.579763687200657
Mason Miller,SL,354,11.830480144710858,11.240643186106556
Mason Montgomery,ALL,147,11.739087692063512,10.49431822257462
Mason Montgomery,FF,107,10.774508427844713,10.09597923745213
Mason Montgomery,SL,40,16.951767069217464,11.27786828094619
Matt Andriese,ALL,82,12.020927200131911,11.153279224089143
Matt Andriese,CH,1,30.720549660748606,24.581184355865354
Matt Andriese,CU,13,14.371555714828528,11.353738311690975
Matt Andriese,FC,22,12.466376340417153,13.476913974007054
Matt Andriese,FF,35,9.735778240367724,9.651667753062
Matt Andriese,SI,11,11.103957719149838,10.628468167541465
Matt Barnes,ALL,232,11.729552256467297,10.84086999785372
Matt Barnes,FF,92,12.516266613452693,10.384022915294494
Matt Barnes,FS,41,10.451877259577698,9.883976174372746
Matt Barnes,KC,99,10.252995003387426,11.497720035280139
Matt Bowman,ALL,451,11.245744975961847,10.202062529355318
Matt Bowman,FC,84,12.015468669830447,11.305199760756784
Matt Bowman,FF,1,2.879296072398851,6.23456456627668
Matt Bowman,FS,74,12.617530957888212,11.124797965725989
Matt Bowman,SI,179,10.453438292786938,8.6956810456938
Matt Bowman,ST,113,11.354478048090915,10.866259114630703
Matt Carasiti,ALL,168,11.071749431480988,9.417252231847971
Matt Carasiti,FC,30,10.74594606050428,8.38511786200147
Matt Carasiti,FF,29,7.583564026865789,6.822325275762426
Matt Carasiti,FO,52,13.506578278017908,12.529227382149191
Matt Carasiti,SI,57,10.43404480058277,9.605516346639657
Matt Festa,ALL,374,10.25179019704154,9.676308330317157
Matt Festa,FC,106,10.26957466956691,9.41818055448605
Matt Festa,FF,144,9.254681753622442,8.949580717015412
Matt Festa,ST,124,10.905411453493773,11.201611885382054
Matt Foster,ALL,102,11.320927609995216,10.169286572605749
Matt Foster,CH,18,9.535946468219048,9.105217431295795
Matt Foster,CU,8,22.052735135813677,15.43470256150563
Matt Foster,FF,45,10.65795411430134,10.084757719145932
Matt Foster,SL,31,11.510639310330143,10.392540369720663
Matt Koch,ALL,23,13.90892136020465,9.48939473906089
Matt Koch,FC,13,13.90892136020465,11.862314382641916
Matt Koch,FF,7,15.863756767100199,7.740246482083682
Matt Koch,SL,3,2.3142622992710487,4.785866680267663
Matt Krook,ALL,24,9.671768353518797,9.925447785636724
Matt Krook,CH,1,21.860370897604138,16.67551505645223
Matt Krook,FC,2,5.339211422664457,7.069831281758786
Matt Krook,SI,16,12.253648188053484,12.219164210833522
Matt Krook,ST,5,9.33291371188565,8.277452907445852
Matt Manning,ALL,405,11.211443801774161,10.64728598523049
Matt Manning,CU,42,14.403432753473172,13.201733718702037
Matt Manning,FF,191,10.555724177496266,10.116268979579296
Matt Manning,FS,17,14.205903213826724,13.925716125975866
Matt Manning,SL,18,12.579118897706076,10.407443345428142
Matt Manning,ST,137,10.82329831705967,10.519546222912993
Matt Mervis,ALL,33,15.020501651647724,11.492226651534077
Matt Mervis,EP,30,14.82990896589552,13.10980405249408
Matt Mervis,FA,3,18.195947530089114,8.33517719537151
Matt Moore,ALL,811,12.957397090307252,10.838987888793012
Matt Moore,CH,256,12.150417775961365,10.972823986043164
Matt Moore,FC,6,15.032962291903814,14.006044613731218
Matt Moore,FF,403,13.372965293701272,10.28717661973105
Matt Moore,KC,146,13.680653025700748,12.853374429287957
Matt Sauer,ALL,323,12.232972408419005,10.379565231047982
Matt Sauer,CU,51,14.64391316156804,11.715737221927695
Matt Sauer,FF,147,12.536656978438723,11.300326592329775
Matt Sauer,FS,20,15.525396916244238,15.424830114051943
Matt Sauer,SI,28,11.259750670645952,8.88933934305214
Matt Sauer,ST,77,10.42901624987675,8.935445907953593
Matt Strahm,ALL,964,10.290041764450207,9.944996658487458
Matt Strahm,CH,1,15.072001549910317,12.05638147199264
Matt Strahm,FC,117,9.858849069725807,9.90379494880463
Matt Strahm,FF,512,9.955257257356859,9.337670404947309
Matt Strahm,SI,148,10.268501980830465,9.359879749058006
Matt Strahm,SL,186,12.228017905570313,12.248871744857446
Matt Waldron,ALL,2352,11.2480642562752,9.142748796656601
Matt Waldron,FC,205,10.182267894965815,7.980203983156562
Matt Waldron,FF,441,10.839207839808633,8.153144086553693
Matt Waldron,KN,892,12.339288717481601,11.543652977070039
Matt Waldron,SI,347,10.39044720638363,7.089974331049596
Matt Waldron,ST,467,10.855730507465108,8.56802638244157
Matt Wallner,ALL,16,25.826413890818998,9.688189630595035
Matt Wallner,EP,14,26.858075860429864,9.688189630595035
Matt Wallner,FA,2,14.719385884544643,14.845802989786145
Matthew Boyd,ALL,823,11.726478350161953,9.92552432390114
Matthew Boyd,CH,217,9.915755618415243,9.553231435435569
Matthew Boyd,CU,71,12.69772561469562,10.551618252845012
Matthew Boyd,FF,306,14.220050499978882,10.079099078954176
Matthew Boyd,SI,80,9.606257874968158,9.293041596701114
Matthew Boyd,SL,149,10.898124781559677,10.963605642768703
Matthew Liberatore,ALL,1302,10.4921776732361,9.939102617469054
Matthew Liberatore,CH,60,10.398090243671977,10.58371900835366
Matthew Liberatore,CU,85,14.334829515916931,13.7340244514852
Matthew Liberatore,FC,169,10.917782060973767,10.716951045427319
Matthew Liberatore,FF,359,10.061973132476908,8.90449806197243
Matthew Liberatore,SI,267,9.166130179810347,8.494843278883918
Matthew Liberatore,SL,362,10.45195864650723,10.311190666726699
Max Fried,ALL,2497,11.831320948309962,10.258153815876698
Max Fried,CH,335,10.28511431538632,9.602568750461401
Max Fried,CU,522,11.707367961392356,11.604178683020166
Max Fried,FC,119,13.318857063383703,10.826307296319722
Max Fried,FF,799,13.116610794512328,9.509383227157045
Max Fried,SI,425,10.644200814521406,10.013473149119669
Max Fried,SL,144,11.81252903095442,11.758428769218087
Max Fried,ST,153,12.458023499831503,12.433944502915518
Max Lazar,ALL,204,11.70691442635085,10.824216483001566
Max Lazar,FC,44,9.979932850391162,10.28997859309096
Max Lazar,FF,117,11.63911820175706,10.834046864325964
Max Lazar,KC,42,12.857996701167172,12.468396725947454
Max Lazar,SL,1,26.39061200681508,27.411194613192798
Max Meyer,ALL,924,11.533817880841855,10.17195494603683
Max Meyer,CH,166,13.633630852142101,11.73784922793939
Max Meyer,FF,358,11.0087880683276,10.142075523113427
Max Meyer,SI,17,11.052095985402241,10.718263212928067
Max Meyer,SL,382,11.182200424228816,9.540084612192949
Max Meyer,ST,1,11.489599699133732,8.558626733567841
Max Scherzer,ALL,656,9.760322736607947,8.94050805935412
Max Scherzer,CH,91,10.574466234460719,10.239731663280093
Max Scherzer,CU,92,9.729079842218027,8.835462544534094
Max Scherzer,FC,40,10.438832726943378,8.765793223708599
Max Scherzer,FF,284,10.541216259757963,9.017784814793714
Max Scherzer,SL,149,8.890916375395127,8.656441767939873
Merrill Kelly,ALL,1101,9.931728170364542,8.222344253111908
Merrill Kelly,CH,230,12.111309539997436,8.843511512854615
Merrill Kelly,CU,85,12.03209069664447,8.142625020908737
Merrill Kelly,FC,280,8.61120485852128,8.206372793704864
Merrill Kelly,FF,226,9.089872368479353,8.425186616350784
Merrill Kelly,SI,151,10.006742988853304,8.137175954455735
Merrill Kelly,SL,129,10.065264129899852,7.284974330987985
Michael Grove,ALL,768,12.283028283634511,10.100470619011181
Michael Grove,FC,129,10.844984925383498,10.120780324915964
Michael Grove,FF,7,14.430376052027587,17.269545334973497
Michael Grove,KC,53,13.421142358221422,12.445399368085791
Michael Grove,SI,167,15.061051404410572,10.247063706939194
Michael Grove,SL,412,11.248836629155333,9.674806107051658
Michael Kelly,ALL,408,10.123670630039227,9.533858187684048
Michael Kelly,CH,1,33.31868536230892,35.75937812723195
Michael Kelly,FF,128,9.74925385069924,9.146890701864233
Michael Kelly,SI,3,13.441924318366265,12.537610531371275
Michael Kelly,SL,53,10.148095469623671,10.484789980981303
Michael Kelly,ST,223,10.094335000162472,9.64509374986657
Michael King,ALL,2825,11.314592397480748,9.32451719494765
Michael King,CH,689,11.551325861590481,9.211397327964356
Michael King,FF,685,11.352868269749582,9.354797068243151
Michael King,SI,779,10.346852896167874,8.802653940117517
Michael King,SL,160,11.955161817651566,9.124163032992255
Michael King,ST,512,12.303316547929942,10.336370430530136
Michael Kopech,ALL,1114,14.333143078971219,10.880579120441581
Michael Kopech,FA,1,123.31931202393493,81.02778519168345
Michael Kopech,FC,120,10.813759539921266,11.396905764880106
Michael Kopech,FF,874,15.144444816173845,10.659402946781018
Michael Kopech,SL,119,12.916960988680268,12.418760095736875
Michael Lorenzen,ALL,1956,10.669521651796568,9.898762088557206
Michael Lorenzen,CH,368,10.921239441645039,9.830388875247301
Michael Lorenzen,CU,154,13.557402165211299,11.337202599390205
Michael Lorenzen,FC,201,9.023858959042638,9.465402974946784
Michael Lorenzen,FF,522,10.366800670199833,9.737151630005137
Michael Lorenzen,SI,414,9.926606505280395,9.269243510026353
Michael Lorenzen,SL,169,11.385329274170394,10.692766733000555
Michael Lorenzen,ST,128,12.957073617074785,12.496725510660584
Michael McGreevy,ALL,298,9.452224885329496,8.38129778987959
Michael McGreevy,CH,26,9.72054806677654,5.926562791994185
Michael McGreevy,CU,16,17.268736465473687,15.791585815099722
Michael McGreevy,FC,31,10.45884906993266,8.66109418293124
Michael McGreevy,FF,58,8.609419861669625,8.837272283066202
Michael McGreevy,SI,111,8.21235714749272,8.160900491638902
Michael McGreevy,ST,56,10.120477426823875,8.788180659996199
Michael Mercado,ALL,238,11.499657717745908,9.949125772567836
Michael Mercado,CH,4,13.105266196259576,11.056080712879272
Michael Mercado,CU,53,11.622255963587973,11.124987422239569
Michael Mercado,FC,60,12.103200061916827,8.903713974517942
Michael Mercado,FF,113,11.260882333842432,8.899927929922354
Michael Mercado,FS,8,13.461176979314818,14.416217760477714
Michael Petersen,ALL,358,12.4818163594263,11.310380464597488
Michael Petersen,CH,9,9.811426243113928,9.687342485760857
Michael Petersen,FF,229,12.285051196426895,10.299373596306141
Michael Petersen,SI,8,15.726915920055585,11.7683432304248
Michael Petersen,SL,112,13.653242365062228,12.811694492470815
Michael Soroka,ALL,1317,12.099200544388738,10.495711907229664
Michael Soroka,CH,124,14.630566612355185,12.244103821980865
Michael Soroka,FF,427,12.324836117621063,10.010753369857362
Michael Soroka,SI,280,9.966878925994799,9.551751588858767
Michael Soroka,SL,412,12.775213850639116,11.3926840261061
Michael Soroka,SV,74,11.927395854083427,10.840671258623576
Michael Stefanic,ALL,11,18.11861315860305,13.826677923292154
Michael Stefanic,CU,1,37.17182008529239,34.89116273389455
Michael Stefanic,FA,10,17.698482918469846,13.678194797618186
Michael Tonkin,ALL,1283,12.44659040711684,9.826625453922032
Michael Tonkin,FF,496,10.086384348410206,9.089652167470721
Michael Tonkin,SI,211,13.084100552334842,8.710622568031727
Michael Tonkin,SL,458,15.071131432855424,11.170571316857725
Michael Tonkin,ST,118,12.150867959602724,11.870603585863652
Michael Wacha,ALL,2627,10.312177033955752,9.88089168279306
Michael Wacha,CH,844,10.519886411681139,10.333209936819529
Michael Wacha,CU,211,14.153924242608356,13.40057038812793
Michael Wacha,FC,313,10.20402005262079,9.37761947499365
Michael Wacha,FF,612,9.432308779128729,8.557737218283489
Michael Wacha,SI,416,9.37897433963489,9.021303384141438
Michael Wacha,SL,231,12.156649162413942,12.057478080959369
Michel Otañez,ALL,585,11.629932837218812,11.041773917818503
Michel Otañez,FF,241,10.637772167328302,10.569109294347468
Michel Otañez,SI,106,9.642619155159352,9.63767760693985
Michel Otañez,SL,238,15.182263127124095,13.11484699923319
Miguel Castro,ALL,193,11.72714947495612,10.477407217954156
Miguel Castro,CH,31,13.98314897377195,10.609261281245306
Miguel Castro,FF,61,10.164224486870244,9.971997825233831
Miguel Castro,SI,27,12.164594217079172,11.250664943565576
Miguel Castro,SL,74,12.802066365530775,11.5214546165172
Miguel Díaz,ALL,9,11.692057140689627,9.337416912569806
Miguel Díaz,CH,4,9.382093040205508,13.6082290118994
Miguel Díaz,FF,3,8.628067082640658,9.337416912569806
Miguel Díaz,SL,2,15.25034582720565,10.047036414501568
Miguel Rojas,ALL,14,18.49956545754262,9.97812714244307
Miguel Rojas,EP,12,19.418051857912687,12.695987029148625
Miguel Rojas,FA,2,7.945373817537869,8.81762708558969
Miguel Sanó,ALL,3,14.168182342415271,12.486619883754388
Miguel Sanó,CU,1,12.285323241534442,13.363059067589305
Miguel Sanó,FA,2,14.431582242095867,9.30507289738069
Mike Baumann,ALL,986,11.9770048722938,10.907885687285672
Mike Baumann,CH,16,12.96887552842431,10.593479574456694
Mike Baumann,FF,392,11.523958926287674,10.755448123369842
Mike Baumann,KC,335,12.056185543422293,10.953943195667287
Mike Baumann,SI,2,19.205444495077764,17.3404158078972
Mike Baumann,SL,241,12.487973938263064,11.212376246167953
Mike Burrows,ALL,68,11.595798772711547,10.360150345184415
Mike Burrows,CH,18,14.050828536105996,10.545334364885562
Mike Burrows,CU,7,11.681599904959254,9.573019785649771
Mike Burrows,FF,37,11.25402032658433,10.777669165169023
Mike Burrows,SL,6,11.691105487940277,11.605445445146781
Mike Clevinger,ALL,292,11.358600584398516,9.766358558757881
Mike Clevinger,CH,61,10.232482293514915,10.28368409908116
Mike Clevinger,CU,10,17.161873306676735,12.683325819934188
Mike Clevinger,FC,32,10.04743928956462,9.01601622342228
Mike Clevinger,FF,106,11.920017838360328,8.741237207094699
Mike Clevinger,SI,27,9.30361949190764,9.149224033772532
Mike Clevinger,ST,56,11.904399094967967,10.828059465814054
Mike Yastrzemski,ALL,26,23.188237805265125,16.707442859181153
Mike Yastrzemski,EP,23,20.937999695320187,15.669035129031375
Mike Yastrzemski,FA,1,23.954930616090756,25.94564996410927
Mike Yastrzemski,KN,2,32.52407119457395,21.5782334355832
Miles Mikolas,ALL,2536,9.263319009213413,8.695473265084061
Miles Mikolas,CH,207,10.05058120413305,9.327867099972135
Miles Mikolas,CS,14,11.718604048885428,12.710130012382345
Miles Mikolas,CU,298,11.317027570724983,11.154689561012717
Miles Mikolas,FF,716,8.974377970726971,8.287643153873802
Miles Mikolas,SI,582,9.048237251237286,8.202118641493804
Miles Mikolas,SL,614,8.57809990395773,8.473680537137454
Miles Mikolas,ST,105,11.180639307661869,10.153494279259874
Mitch Keller,ALL,2678,10.778760383641742,9.324435465119436
Mitch Keller,CH,28,13.665144368380627,12.77355750462242
Mitch Keller,CU,252,13.742909276221592,9.796931179578358
Mitch Keller,FC,324,8.584942913638319,8.486053756984647
Mitch Keller,FF,802,9.693370901994475,8.737701794472812
Mitch Keller,SI,605,10.689828892141472,9.274331110018412
Mitch Keller,SL,252,10.761043828538348,10.081025703034474
Mitch Keller,ST,415,12.323343859529553,10.657855362065094
Mitch Spence,ALL,2395,10.723824396903568,9.883720071843507
Mitch Spence,CH,28,10.719692082783682,10.594538857307686
Mitch Spence,CU,290,12.301198776206926,10.366349481821885
Mitch Spence,FC,942,10.206074589092218,9.905581076851583
Mitch Spence,SI,350,12.203449268589164,11.780357167620226
Mitch Spence,SL,785,10.341518218017054,9.167504546181044
Mitch White,ALL,391,11.716605153949343,10.303608768168301
Mitch White,CU,54,13.840158465910799,12.94524979197979
Mitch White,FF,136,11.757827432718797,9.843020119261956
Mitch White,SI,67,12.691337570968315,10.434271214550122
Mitch White,SL,47,10.03541887859291,9.500423223765614
Mitch White,ST,87,10.879184677413042,9.548973768888898
Mitchell Parker,ALL,2245,11.803875797972626,10.450539967583284
Mitchell Parker,CU,520,11.361114742243478,10.950178741514568
Mitchell Parker,FF,1088,12.20515638737804,9.805538123997147
Mitchell Parker,FS,432,11.73212302103796,11.94828230348455
Mitchell Parker,SL,205,11.634397214617158,10.196003002255333
Nabil Crismatt,ALL,81,11.811135048192108,9.382301344790159
Nabil Crismatt,CH,56,10.237019905840231,10.981671625435101
Nabil Crismatt,CU,3,5.428992219466573,3.0419620647068406
Nabil Crismatt,FF,18,14.725681294269698,8.300013919740522
Nabil Crismatt,SI,1,9.365657921454169,1.244714778089047
Nabil Crismatt,SL,3,9.305904163918974,7.602268768218114
Naoyuki Uwasawa,ALL,61,14.333413852898973,11.864736326880651
Naoyuki Uwasawa,CU,5,15.855539623813026,15.094705144821774
Naoyuki Uwasawa,FC,6,8.89840262848879,9.566579783437133
Naoyuki Uwasawa,FF,14,14.955663062880744,14.088206104542884
Naoyuki Uwasawa,FS,35,14.333413852898973,10.935295973935316
Naoyuki Uwasawa,SL,1,16.98905872316405,15.234760045431617
Nate Pearson,ALL,985,11.383237245515197,10.678685312185497
Nate Pearson,CU,119,16.901856885298503,13.703678239427775
Nate Pearson,FC,1,11.618879609724114,9.291704338886342
Nate Pearson,FF,450,10.838211791588641,10.343033777615052
Nate Pearson,FS,1,16.960037275697218,8.681944301989807
Nate Pearson,SI,18,9.024365242657614,8.822611199966698
Nate Pearson,SL,394,10.96701126029729,10.67510067738077
Nate Pearson,ST,2,8.71052266463473,8.7945514648053
Nathan Eovaldi,ALL,2559,9.457531534446495,8.782878348067692
Nathan Eovaldi,CU,346,10.927693155676614,10.167389472877819
Nathan Eovaldi,FC,394,7.765154472519721,7.59053515875664
Nathan Eovaldi,FF,942,8.651783041363885,8.497008303835088
Nathan Eovaldi,FS,790,10.727512652298367,9.19087575421835
Nathan Eovaldi,SI,11,8.408568933529976,5.52542853692607
Nathan Eovaldi,SL,76,8.417445939869928,8.11200065486005
Nestor Cortes,ALL,2446,9.620060303564275,9.208494566609605
Nestor Cortes,CH,213,11.11947765305845,11.165997086736226
Nestor Cortes,FC,689,9.167289545834251,8.519032479169965
Nestor Cortes,FF,1103,9.48978472649115,9.162283425557376
Nestor Cortes,SI,30,10.911950500587825,11.398592313275635
Nestor Cortes,SL,25,19.80458349616466,15.229082278366283
Nestor Cortes,ST,386,10.022231010205935,9.287457199092433
Nick Anderson,ALL,555,10.677605368871625,10.076133387770046
Nick Anderson,CH,34,14.524417871893167,10.323728024855956
Nick Anderson,CU,256,10.135575488363589,9.998409950743973
Nick Anderson,FF,125,9.90960326737305,9.850654033151187
Nick Anderson,SI,140,11.621840642681386,10.310575873971558
Nick Avila,ALL,219,10.410986451907819,10.358681620301223
Nick Avila,FC,66,11.536299400150881,11.41695604233762
Nick Avila,FF,77,8.815810030466874,8.571117333388232
Nick Avila,KC,38,16.02881914971111,13.455468637276631
Nick Avila,SI,29,8.271866940831888,7.292432178182473
Nick Avila,SL,9,10.323793141628915,9.970589038340707
Nick Burdi,ALL,206,12.054915106851,11.65444114026634
Nick Burdi,FF,123,11.630102021762529,12.003223909863324
Nick Burdi,SI,3,13.242203383199929,12.211035752660766
Nick Burdi,SL,80,12.402351215152706,10.907273501393322
Nick Hernandez,ALL,137,9.83863367542053,9.564512196271625
Nick Hernandez,FF,50,10.140899337987287,10.19119999546729
Nick Hernandez,FS,6,14.052937846680205,12.128302840152479
Nick Hernandez,SL,81,9.171561577217856,9.43293634517464
Nick Lodolo,ALL,1736,9.415307698651835,9.2544335175022
Nick Lodolo,CH,282,9.156251865024146,8.722284427170628
Nick Lodolo,CU,473,12.095074203106597,11.863856109337007
Nick Lodolo,FF,487,8.925387725251268,8.542660137366667
Nick Lodolo,SI,494,8.188936638640534,8.188277148312949
Nick Loftin,ALL,8,12.66789949104825,6.838391045628946
Nick Loftin,CU,1,18.555693860089637,22.347075677621962
Nick Loftin,FA,5,8.264509329231668,4.477839166476913
Nick Loftin,SL,2,21.928970526466365,15.814717685849878
Nick Martinez,ALL,2031,9.290642819326346,8.514499432591505
Nick Martinez,CH,443,12.398634885375024,9.734306436646863
Nick Martinez,CU,242,10.352005605578835,10.47679696039161
Nick Martinez,FC,413,7.260421154221635,7.345622247975643
Nick Martinez,FF,461,8.535986922776011,7.863510421513131
Nick Martinez,SI,347,8.876656454595464,8.201198736915684
Nick Martinez,SL,125,8.61271807561103,8.759420971662742
Nick Mears,ALL,957,10.58127146068784,9.472447692490919
Nick Mears,CU,166,12.120369338932186,12.234135704312475
Nick Mears,FF,565,10.742267064895033,9.351456233240004
Nick Mears,SL,226,9.456997588773504,8.997523872817192
Nick Nastrini,ALL,681,12.908838128207224,11.788062949684118
Nick Nastrini,CH,67,16.108756076156748,12.913725054162912
Nick Nastrini,CU,63,13.974382665725544,10.966190519987709
Nick Nastrini,FF,296,13.463847674938588,12.3512164884655
Nick Nastrini,SL,255,11.343587432347851,11.362226535652628
Nick Nelson,ALL,96,10.655900616405395,9.171909080039725
Nick Nelson,CH,17,11.630889062878177,8.985151279172936
Nick Nelson,FF,25,7.015190230696238,9.104500848098992
Nick Nelson,KN,2,28.228952630002272,16.88272160928384
Nick Nelson,SI,29,12.35711983978242,11.082588847324237
Nick Nelson,SL,23,10.179917918164577,8.913337542358583
Nick Pivetta,ALL,2116,10.430975792708036,9.709872625688359
Nick Pivetta,CU,332,10.897146473506584,10.938042819187288
Nick Pivetta,FC,129,10.330113619590483,9.827023459961692
Nick Pivetta,FF,1022,9.917051017777332,8.7948398793121
Nick Pivetta,SI,2,15.283169101033987,9.897605339755868
Nick Pivetta,SL,77,15.70110204340337,10.048283394264784
Nick Pivetta,ST,554,10.402700694145402,10.52015657222421
Nick Pratto,ALL,14,17.116301237959302,10.018409167657328
Nick Pratto,FA,14,17.116301237959302,10.018409167657328
Nick Ramirez,ALL,182,11.224836362034107,9.155645494445409
Nick Ramirez,CH,49,9.07931018057354,8.627325467708507
Nick Ramirez,FF,2,23.43422967552999,16.051339687426015
Nick Ramirez,SI,89,11.897961434949359,8.566991128188764
Nick Ramirez,ST,42,13.725769674819812,10.843775066738083
Nick Robertson,ALL,206,10.878212075589435,10.516164350142606
Nick Robertson,CH,49,11.778680399517917,10.805105104352405
Nick Robertson,FC,3,3.4192282382118466,2.868115018767941
Nick Robertson,FF,91,10.148195859255534,10.40316841525455
Nick Robertson,SL,34,10.059076584772596,8.717724695558532
Nick Robertson,ST,29,11.76269022891667,11.301411392402393
Nick Sandlin,ALL,937,11.615930358164047,10.21950725140846
Nick Sandlin,FF,286,11.17512116899942,9.682313015081457
Nick Sandlin,FS,252,11.997072159057922,10.073871107339928
Nick Sandlin,SI,79,11.732835286101277,9.683712474491145
Nick Sandlin,SL,320,11.473419951394305,11.316737206115334
Nick Vespi,ALL,147,11.241224233403758,9.665337577957189
Nick Vespi,CU,29,13.921625145138984,10.913560496012735
Nick Vespi,FC,87,10.124526188351703,10.495646723275303
Nick Vespi,SL,31,11.241224233403758,7.963541889811739
Noah Davis,ALL,348,12.7596426231123,10.388838597201376
Noah Davis,CH,17,14.956735229787412,13.72161189120059
Noah Davis,CU,12,16.045773837593494,14.157827850818661
Noah Davis,FC,71,11.989531708048409,10.487411463077072
Noah Davis,FF,23,14.399985610471278,13.329358017174934
Noah Davis,SC,9,20.60865961065538,12.129655950600329
Noah Davis,SI,144,12.268016561956054,9.15881369292817
Noah Davis,ST,72,11.926988252121657,10.766616581479848
Orion Kerkering,ALL,1013,10.245956005047862,9.349065246104965
Orion Kerkering,FF,296,10.56048715605704,9.661942132150017
Orion Kerkering,SI,154,10.63198291041114,9.613235481011433
Orion Kerkering,ST,563,10.00914741268918,9.107849058880364
Orlando Ribalta,ALL,95,11.230787505551309,9.354953224473034
Orlando Ribalta,CH,31,11.705528116764066,11.287323766092603
Orlando Ribalta,FF,45,11.359959224005616,7.625094781162189
Orlando Ribalta,SL,19,9.964866277711508,9.707911691637685
Osvaldo Bido,ALL,954,10.916264153924862,10.69252295201915
Osvaldo Bido,CH,143,11.776916043511704,10.762500803667857
Osvaldo Bido,FC,139,11.485589501718293,10.38636941081646
Osvaldo Bido,FF,372,10.3785870669292,10.786849163224318
Osvaldo Bido,SI,93,9.026818412264449,9.978702700256589
Osvaldo Bido,SL,207,12.119710772636758,10.88576383047692
Oswaldo Cabrera,ALL,10,20.111191080805,12.183305062138142
Oswaldo Cabrera,EP,3,26.848747570971575,18.299923631071408
Oswaldo Cabrera,FA,7,18.837802907179267,10.984612597730816
Owen Miller,ALL,35,11.701285126704168,10.625373557616475
Owen Miller,FA,35,11.701285126704168,10.625373557616475
Owen White,ALL,68,10.000108340043123,8.663752473277068
Owen White,CH,4,12.938364389177375,7.484603115681432
Owen White,CU,9,11.049430725869335,14.680838297998068
Owen White,FC,8,9.921172613685826,7.58008844858621
Owen White,FF,34,9.624705936822668,9.36639846413207
Owen White,SI,1,1.1991026971969498,2.1179414308024116
Owen White,SL,12,10.259488245101654,8.40521977270183
Pablo López,ALL,2826,10.89767730065018,9.20900443842144
Pablo López,CH,574,12.365547284765011,8.717691039259627
Pablo López,CU,285,16.114544864546662,10.998616167595278
Pablo López,FF,1145,9.406083118349173,8.865384652915301
Pablo López,SI,224,10.431826960929326,8.41948868832966
Pablo López,ST,598,10.705954215836961,9.707673148094589
Pablo Reyes,ALL,17,16.12188246108726,12.762969699905597
Pablo Reyes,CS,3,5.555244212022402,11.248591916717789
Pablo Reyes,EP,3,21.913913605494713,23.612661576647238
Pablo Reyes,FA,11,18.154974808742562,11.237509988819781
Paolo Espino,ALL,151,10.62840985794242,9.63994642406892
Paolo Espino,CH,36,9.763773590408075,8.63905714723124
Paolo Espino,CU,47,13.582347943006441,10.35346479579543
Paolo Espino,FF,50,9.22014923782113,8.075802586446242
Paolo Espino,ST,18,10.643277786405973,10.530076773749002
Parker Dunshee,ALL,46,11.800738273450538,11.949484852177154
Parker Dunshee,CU,4,13.163160206209895,11.84944031263873
Parker Dunshee,FF,18,12.48768240811616,10.395698596645328
Parker Dunshee,SL,24,11.800738273450538,12.215853721722695
Parker Mushinski,ALL,175,10.992834736419676,9.436824216859119
Parker Mushinski,CU,42,17.593105420264482,9.999994560791297
Parker Mushinski,FC,73,8.389749900523029,8.600631154138739
Parker Mushinski,FF,27,12.603643469136102,12.100980565178043
Parker Mushinski,SI,19,9.09136869030472,10.24035373679315
Parker Mushinski,ST,14,10.179668450964815,11.266470466698003
Patrick Corbin,ALL,2610,10.585133436226869,9.462201183820792
Patrick Corbin,CH,94,10.95746775908269,9.618622490108198
Patrick Corbin,CS,1,10.110796805390455,9.762404281435861
Patrick Corbin,CU,37,8.162919577171165,9.130777959109368
Patrick Corbin,FC,493,10.900266768616682,9.781690027199122
Patrick Corbin,FF,149,13.779310107392705,9.28615453144499
Patrick Corbin,FS,1,10.80400879724073,13.75779094615966
Patrick Corbin,SI,944,9.808353674023062,8.912970583645226
Patrick Corbin,SL,891,10.894426962164413,9.8488074848682
Patrick Sandoval,ALL,1414,11.402192451521529,10.800424300010622
Patrick Sandoval,CH,400,12.817524078454408,11.048810713109784
Patrick Sandoval,CU,129,11.271582214360672,10.85625470568365
Patrick Sandoval,FF,224,10.922328620142792,11.025640589052234
Patrick Sandoval,SI,246,11.471104496211016,10.471166720297862
Patrick Sandoval,SL,350,9.616892369265337,9.647934520142023
Patrick Sandoval,ST,65,13.776822272909426,13.870646504290928
Patrick Wisdom,ALL,12,16.90790370972901,19.059940678146784
Patrick Wisdom,EP,10,14.275535967071107,18.280514922943823
Patrick Wisdom,FA,2,32.42229448795915,24.234882554798403
Paul Blackburn,ALL,1147,9.466494754935555,8.911832279056794
Paul Blackburn,CH,214,9.329962668249493,8.299821320228158
Paul Blackburn,CU,112,10.937034047643682,10.457812003387954
Paul Blackburn,FC,249,8.183512587463603,7.876491357795763
Paul Blackburn,FF,223,8.771747784924825,9.059760231897155
Paul Blackburn,SI,158,8.654808762689331,8.297002758460096
Paul Blackburn,ST,191,11.616947142730307,10.359632171704867
Paul Sewald,ALL,605,11.092947304503983,9.15269745482193
Paul Sewald,CH,4,29.27265129818803,21.734589006523542
Paul Sewald,FF,361,9.173151076959794,9.114636415287267
Paul Sewald,ST,240,13.937042395150804,9.326505620150236
Paul Skenes,ALL,2025,11.532519955550017,9.205895131442801
Paul Skenes,CH,111,17.33357470233678,10.037500838992912
Paul Skenes,CU,219,12.401517406259234,11.053975639538365
Paul Skenes,FF,797,9.872889711785236,9.104049459284841
Paul Skenes,FS,565,12.190610826486832,8.02583766954182
Paul Skenes,SL,128,12.405190785751838,10.691146669886734
Paul Skenes,ST,205,11.55159846138416,11.17751061156262
Pavin Smith,ALL,16,18.739991135035474,11.830792010608917
Pavin Smith,EP,1,26.972773613388107,28.637514653329465
Pavin Smith,FA,15,18.630102288306116,11.461616594235995
Pedro Avila,ALL,1393,10.949711142702093,10.312499358867273
Pedro Avila,CH,309,11.338213657327348,9.715769508109764
Pedro Avila,CU,219,12.006269375151374,12.359077953910369
Pedro Avila,FF,551,9.872932134467687,9.892651778334857
Pedro Avila,SI,168,9.865109005607886,9.973226638850196
Pedro Avila,SL,92,11.27576714724899,10.303856512536377
Pedro Avila,ST,54,15.217687462455224,15.031286703359054
Pete Fairbanks,ALL,668,13.07489415151452,10.807865562382688
Pete Fairbanks,CH,18,18.364428082512635,11.830731589234567
Pete Fairbanks,FF,351,12.797608950495498,10.972143032814277
Pete Fairbanks,SL,299,13.483771460127718,10.093076730994817
Peter Lambert,ALL,976,12.73821506660413,10.854529770585987
Peter Lambert,CH,249,11.721156102937444,11.280495517458135
Peter Lambert,CU,38,13.390321893372901,13.786775626772137
Peter Lambert,FC,10,5.82134158097378,8.177888059453002
Peter Lambert,FF,374,12.800602416774396,9.577152423949663
Peter Lambert,SI,25,12.726522244719163,11.437174700820554
Peter Lambert,SL,175,13.559225303919934,11.13868403609684
Peter Lambert,SV,105,13.536123130856753,12.928076766464981
Peter Strzelecki,ALL,185,11.078967547955576,10.446333400777432
Peter Strzelecki,CH,37,16.688116696126908,10.225784438793882
Peter Strzelecki,FC,26,10.822333297344077,11.725748922703279
Peter Strzelecki,FF,77,9.93177826212217,9.909706567624122
Peter Strzelecki,SI,11,10.385156885739073,10.446333400777432
Peter Strzelecki,ST,34,10.76681726126525,11.449000002363722
Phil Bickford,ALL,136,10.163461139243282,10.176566047243451
Phil Bickford,FF,105,9.687617171931747,10.458169956893071
Phil Bickford,SI,1,14.66601701563884,11.524741842382165
Phil Bickford,SL,30,11.483120969745563,9.642865634174186
Phil Maton,ALL,1007,12.243364075085625,10.612688253460899
Phil Maton,CU,293,16.81770751932304,12.056185921873068
Phil Maton,FC,348,10.231508209981557,9.327624180743328
Phil Maton,SI,97,11.42228450403232,10.269934407690638
Phil Maton,SL,41,9.211092134512434,9.936798661020795
Phil Maton,ST,228,11.435982484058002,10.760928105639444
Pierce Johnson,ALL,844,11.67754140305287,10.304208786171674
Pierce Johnson,CU,599,10.824123557951657,10.593215069978626
Pierce Johnson,FC,36,10.388079338571195,10.233155109876897
Pierce Johnson,FF,209,13.994403203910592,9.850194267496759
Porter Hodge,ALL,587,13.413758088010672,11.391929422779848
Porter Hodge,FF,360,13.223669262219182,11.469315532159463
Porter Hodge,FS,7,19.805650108105894,12.059877909174478
Porter Hodge,SL,1,19.107479907237543,21.35046664442363
Porter Hodge,ST,219,13.815128783180702,11.12033147295479
Prelander Berroa,ALL,323,12.616518840682884,11.994212977610575
Prelander Berroa,CH,1,24.874504119844477,22.229386184989792
Prelander Berroa,FF,137,13.018831850304359,13.418828208697635
Prelander Berroa,SL,185,12.369363565591582,11.411745020129146
Quinn Priester,ALL,770,11.321178559005,9.382546122837665
Quinn Priester,CH,100,13.131570781440587,10.834198313660107
Quinn Priester,CU,111,12.917347044874706,10.11432517880124
Quinn Priester,FC,9,8.580947506588977,4.599290471387298
Quinn Priester,FF,107,10.363623132667275,10.731294028156654
Quinn Priester,SI,227,9.8711560048021,8.548036184087325
Quinn Priester,SL,216,11.379077715686101,9.760245600112015
Rafael Montero,ALL,633,10.616476626333268,8.603004509046631
Rafael Montero,CH,150,10.704461147572667,7.934553292546233
Rafael Montero,FF,283,10.59708667593707,8.83564815274611
Rafael Montero,SI,150,10.016279129845966,8.070939693259348
Rafael Montero,SL,50,13.872922871909044,11.196448502709618
Raisel Iglesias,ALL,873,8.626784649622495,8.182278348349753
Raisel Iglesias,CH,276,8.883814864321433,7.807610817718507
Raisel Iglesias,FF,259,9.088833133842325,9.00272537226914
Raisel Iglesias,SI,164,8.216706925158984,7.997134043396268
Raisel Iglesias,SL,174,8.10506537015803,7.846925497326503
Randy Dobnak,ALL,150,11.952765051321876,10.724836885415534
Randy Dobnak,CH,50,12.984753247000178,10.239244269572023
Randy Dobnak,FF,18,11.791736507515973,11.152324579647583
Randy Dobnak,SI,31,9.82766661920359,10.735195670481266
Randy Dobnak,SL,1,20.592630903038966,13.733481814294882
Randy Dobnak,ST,50,12.098180172664861,10.591971120306418
Randy Rodríguez,ALL,815,11.390800311680271,10.423249271257014
Randy Rodríguez,CH,44,16.179659522207228,12.757706773767637
Randy Rodríguez,FF,402,10.48359767343646,9.930609266999843
Randy Rodríguez,SI,49,15.511425507716439,11.466771023033173
Randy Rodríguez,SL,320,11.61001171099042,10.6599980806204
Randy Vásquez,ALL,1617,11.662826424980457,10.067316634439022
Randy Vásquez,CH,201,13.132695952029888,11.422672957090422
Randy Vásquez,CU,267,11.768009880167632,10.834510899081023
Randy Vásquez,FC,221,11.276096956741803,9.675239283198367
Randy Vásquez,FF,449,10.555043774492727,9.365252414126799
Randy Vásquez,SI,260,11.316713610684339,9.946828879140057
Randy Vásquez,SL,3,13.190445606129126,12.378127126203882
Randy Vásquez,ST,216,13.338836225765238,10.981960767656336
Ranger Suarez,ALL,2129,9.527389624224464,8.70602815711802
Ranger Suarez,CH,347,12.829730079336574,10.617027690834322
Ranger Suarez,CU,443,13.573584167988995,10.093840315654298
Ranger Suarez,FC,249,8.46109449613835,8.356375363560385
Ranger Suarez,FF,416,8.107560066040381,7.885451719607751
Ranger Suarez,SI,672,7.805560961700132,7.58965754953873
Ranger Suarez,SL,2,5.685953295409099,4.423995074135855
Ray Kerr,ALL,306,11.99437842732426,10.803334930943521
Ray Kerr,CU,143,14.796128045415564,12.393252035401344
Ray Kerr,FC,13,15.871933199110737,11.628904870554337
Ray Kerr,FF,136,10.188832758032419,10.21606513121898
Ray Kerr,FS,14,9.719998888742275,9.713548375915995
Raymond Burgos,ALL,25,8.420000018520815,7.2460247848847885
Raymond Burgos,CH,6,14.011272737342436,9.88233579444491
Raymond Burgos,FF,3,8.522497225941274,4.55365831096524
Raymond Burgos,SI,12,8.344813997940154,8.180725313547812
Raymond Burgos,ST,4,7.550238127282915,4.902971629015151
Reed Garrett,ALL,952,13.40207583573452,10.611802512889927
Reed Garrett,FC,217,10.381751784576645,9.281472378322793
Reed Garrett,FF,155,11.485075503085218,11.092910555364513
Reed Garrett,FS,264,19.414334797533876,12.434810603151119
Reed Garrett,SI,125,12.67964497592323,10.308371726122402
Reed Garrett,ST,191,12.223438319362694,10.509601393284857
Reese Olson,ALL,1898,12.844927166261472,9.444066103512329
Reese Olson,CH,418,17.41327387415761,9.442086974437682
Reese Olson,CU,124,17.492353792640216,13.741518617133028
Reese Olson,FF,476,9.638966716400862,9.36222330181634
Reese Olson,SI,368,10.94496027900965,8.73680278766166
Reese Olson,SL,512,13.270983358502843,9.609346465138135
Reid Detmers,ALL,1495,12.120973975062094,10.56379442868206
Reid Detmers,CH,216,10.042061121708354,10.496872988299575
Reid Detmers,CU,219,11.998818179579311,11.391673596659903
Reid Detmers,FF,622,13.205787873677671,9.836332821532682
Reid Detmers,SI,68,13.069790460515252,9.860741755569048
Reid Detmers,SL,370,11.48372130938099,11.556313519803386
Reynaldo López,ALL,2031,10.557088171451099,9.054895534127406
Reynaldo López,CH,73,11.524219171656851,10.652244197866551
Reynaldo López,CU,237,11.25095126503194,10.064131616521648
Reynaldo López,FF,1126,9.529415458602765,8.532246089106131
Reynaldo López,SL,595,12.186557513114536,9.964917564675753
Rhett Lowder,ALL,458,11.37307440264884,9.66790538012057
Rhett Lowder,CH,88,12.65549069046884,9.58913753093205
Rhett Lowder,FF,131,11.90206703290653,10.665781582701772
Rhett Lowder,SI,116,9.789561208173424,8.57694729044514
Rhett Lowder,SL,123,9.939148200690793,10.17240660411863
Ricardo Pinto,ALL,199,10.556090965484952,10.254060483306493
Ricardo Pinto,FF,16,5.252480901495957,6.771549943294662
Ricardo Pinto,FS,58,11.326851691764816,11.372549397095291
Ricardo Pinto,SI,88,9.627441082026317,9.569736110313212
Ricardo Pinto,SL,22,11.00802042307585,10.334855849498325
Ricardo Pinto,ST,15,17.923044189308975,15.337012921035788
Rich Hill,ALL,69,14.303964655847176,10.899662532158757
Rich Hill,CH,1,36.35300386163576,32.18805446617929
Rich Hill,CU,7,14.397664878722466,13.549407627265886
Rich Hill,FC,9,14.33326559178571,10.689861897145075
Rich Hill,FF,12,11.87488799404241,9.962954498828818
Rich Hill,SI,14,12.812142734487265,11.045638735892041
Rich Hill,ST,26,14.519059747601961,11.139759932435414
Richard Fitts,ALL,292,9.90087206870205,8.869534098877345
Richard Fitts,FF,131,10.370488216994946,9.725339545687973
Richard Fitts,FS,31,12.260721496098913,8.994430462679002
Richard Fitts,SL,90,9.871234979464795,8.147655910603486
Richard Fitts,ST,40,7.183520963323803,7.237597499179052
Richard Lovelady,ALL,464,11.911654726331404,10.570445439325765
Richard Lovelady,FF,95,10.559051552949185,10.352517676925277
Richard Lovelady,SI,157,13.069710123833879,10.873439929226608
Richard Lovelady,SL,173,12.261122785309473,10.074211209065263
Richard Lovelady,ST,39,13.261666734800485,11.617529219835742
Ricky Vanasco,ALL,43,13.682638916064883,11.338634537412991
Ricky Vanasco,CU,9,15.957799168209746,11.269178324201121
Ricky Vanasco,FC,1,7.968086260236616,15.565456038507259
Ricky Vanasco,FF,28,13.680539785985292,11.43656127510407
Ricky Vanasco,SL,5,15.260324883798255,11.573014847505593
Riley O'Brien,ALL,190,12.40550157029972,11.386603913397149
Riley O'Brien,FF,4,13.668948924688957,11.5713269991506
Riley O'Brien,SI,87,11.376641100013632,10.800433256697772
Riley O'Brien,SL,50,11.821841541208148,11.736207167489464
Riley O'Brien,ST,49,14.204566339077285,11.33285325060241
Riley Pint,ALL,95,15.496128212647495,12.102547720257856
Riley Pint,FF,28,17.314238987934345,13.856277258105427
Riley Pint,SI,1,25.10871247744177,28.57877724282327
Riley Pint,SL,66,15.090140896277422,11.23033134009283
River Ryan,ALL,287,12.673205924728078,10.153848483294693
River Ryan,CH,25,9.309815602279178,9.686771410769918
River Ryan,CU,44,11.761924592806643,10.196363262568145
River Ryan,FC,9,8.900627061990928,7.898323338692487
River Ryan,FF,114,13.910567592858204,10.350558530423172
River Ryan,SI,29,13.731257952582512,8.011847993133083
River Ryan,SL,66,11.797093201173809,10.324491174616387
Roansy Contreras,ALL,1015,11.275098965486444,10.497179837623301
Roansy Contreras,CH,106,12.634770194711248,12.538936884331228
Roansy Contreras,CU,93,12.723397716511187,11.192943397771622
Roansy Contreras,FF,372,10.66781538710218,9.617074779193068
Roansy Contreras,SI,110,10.443676961625123,9.4892400409678
Roansy Contreras,SL,260,11.647043643731148,11.21325683459235
Roansy Contreras,ST,74,11.27258168097432,11.132339086117536
Rob Zastryzny,ALL,112,11.545264956118487,9.626318272849684
Rob Zastryzny,CH,5,4.661535649070329,5.249692392635265
Rob Zastryzny,FC,53,13.035917528622248,10.042884599093686
Rob Zastryzny,FF,46,11.088065488846805,9.275358404302708
Rob Zastryzny,ST,8,12.608490403267496,11.670266778362084
Robbie Ray,ALL,534,13.411027869357692,9.734779948167155
Robbie Ray,FF,282,15.026613408956045,9.513710328946942
Robbie Ray,KC,82,13.567353412745966,10.997636401345355
Robbie Ray,SL,170,9.930868651537905,9.607637413628872
Robert Garcia,ALL,906,11.068017323142682,9.729250353942934
Robert Garcia,CH,282,10.861079739951958,10.405211216858593
Robert Garcia,FF,476,10.92932624847058,9.056903473230292
Robert Garcia,SI,1,23.292237218547648,17.553535692266447
Robert Garcia,SL,147,12.347759879422409,11.22861050149414
Robert Gasser,ALL,337,10.580927979969735,9.529219919288733
Robert Gasser,CH,46,10.57211992580243,9.345583377507582
Robert Gasser,FC,35,9.685816407819953,9.862216206804987
Robert Gasser,FF,73,9.223009738335548,9.242954258880046
Robert Gasser,SI,76,10.718153349131462,8.50381327704783
Robert Gasser,ST,107,11.669215919011393,10.104156630163866
Robert Suarez,ALL,950,11.30413177697714,10.151752229570453
Robert Suarez,CH,121,11.370442310964728,10.425045861818372
Robert Suarez,FC,4,14.774509666782407,13.455557270548786
Robert Suarez,FF,653,11.267393773143153,10.027163638193613
Robert Suarez,SI,172,10.927588893382907,10.020615663910593
Roddery Muñoz,ALL,1426,11.698860506113391,10.533229727294437
Roddery Muñoz,CH,130,13.915429774974246,11.08810489209756
Roddery Muñoz,FC,296,11.351156465847488,9.892150447301958
Roddery Muñoz,FF,387,11.08316210457974,10.219241981977133
Roddery Muñoz,SI,323,11.084462669462086,10.404551671917117
Roddery Muñoz,SL,290,13.035630957168113,12.06953733394826
Ron Marinaccio,ALL,380,11.87681256480576,10.424141092021369
Ron Marinaccio,CH,131,12.526452539133315,11.859418736851657
Ron Marinaccio,FF,189,10.953604202533377,9.276223321926572
Ron Marinaccio,SI,1,14.805346436320024,20.47298743684415
Ron Marinaccio,ST,59,12.775876231228203,10.889528555284016
Ronel Blanco,ALL,2486,11.100906176807584,10.348890672561314
Ronel Blanco,CH,561,11.919202809164265,10.98551710056461
Ronel Blanco,CU,238,11.969572471243005,11.81538411421606
Ronel Blanco,FF,950,10.550295194665555,9.686495141845025
Ronel Blanco,SL,737,10.668912357713051,10.417951845294038
Ronny Henriquez,ALL,283,10.73876590908042,9.150775011672287
Ronny Henriquez,CH,97,10.802254957142178,8.976169843650208
Ronny Henriquez,FF,86,9.763424254320007,9.239496166876595
Ronny Henriquez,SI,8,11.831760357299599,8.975928119159125
Ronny Henriquez,SL,92,10.862584480404848,10.28350916557246
Ross Stripling,ALL,1272,9.367608415022444,8.629530707184514
Ross Stripling,CH,225,9.510240635752226,8.756579359721739
Ross Stripling,FC,198,8.432618631863773,8.24408880101057
Ross Stripling,FF,398,9.9786277675896,8.387058536572255
Ross Stripling,KC,102,8.791792104711192,8.345382202885247
Ross Stripling,SI,180,9.127381465625199,7.950871894954158
Ross Stripling,SL,169,9.501788098136233,9.765011204190317
Rowdy Tellez,ALL,34,17.136578018944764,13.338027667566001
Rowdy Tellez,EP,31,17.677970361036785,13.944732472197494
Rowdy Tellez,FA,3,10.112060589288113,5.753146374740669
Ryan Borucki,ALL,160,10.03629481639496,9.8737864729225
Ryan Borucki,CH,21,13.131974557372075,10.196483154626716
Ryan Borucki,SI,42,8.91533415142632,8.792021244062703
Ryan Borucki,SL,83,9.229970454877527,9.256791115654337
Ryan Borucki,ST,14,20.110530748779894,15.005260993361048
Ryan Brasier,ALL,328,10.315538624834879,9.224117056100297
Ryan Brasier,FC,45,8.727030327007515,8.613806592852441
Ryan Brasier,FF,91,12.994780616346214,8.662909712408844
Ryan Brasier,SI,54,11.21281337317534,11.468565363701765
Ryan Brasier,SL,138,9.704189619662817,9.667629307122912
Ryan Burr,ALL,535,11.587791819398163,9.899703500503067
Ryan Burr,FF,210,9.734518805857991,9.535144458690862
Ryan Burr,SI,1,13.426482343590013,14.629814265695373
Ryan Burr,SL,324,13.475306479447259,10.316266370957408
Ryan Feltner,ALL,2483,11.373948289871988,10.116878767826458
Ryan Feltner,CH,364,12.051771684489932,11.549221673257204
Ryan Feltner,CU,251,10.940150685686609,10.698686354807188
Ryan Feltner,FF,899,11.732646501812825,9.792675070369377
Ryan Feltner,SI,341,12.123293818730899,10.405740413277549
Ryan Feltner,SL,504,10.571741960620734,9.596524535194511
Ryan Feltner,ST,124,9.64910130665687,10.061807948213593
Ryan Fernandez,ALL,1134,11.386651362674648,10.329041048276828
Ryan Fernandez,FC,118,10.416877999412508,9.71976183369038
Ryan Fernandez,FF,467,11.119920808168208,10.560654143704717
Ryan Fernandez,SI,7,11.700253097880294,5.7920066813419
Ryan Fernandez,SL,542,11.810949325097681,10.300800257392432
Ryan Helsley,ALL,873,11.455831854927093,10.926278262302034
Ryan Helsley,CU,55,15.48189022937485,13.640266212249662
Ryan Helsley,FF,401,10.83895815633643,10.34352910488814
Ryan Helsley,SL,417,11.802860914432266,11.306202365168815
Ryan Loutos,ALL,34,14.292985735863876,9.634357517176575
Ryan Loutos,CH,1,15.22868460934221,13.28947992509755
Ryan Loutos,FF,18,15.382022292297076,10.102894407851835
Ryan Loutos,SL,4,10.992652699077958,7.458129782895567
Ryan Loutos,ST,11,11.356790468090004,9.60902748622947
Ryan Miller,ALL,209,10.16963413661765,9.967737361037038
Ryan Miller,FF,84,10.741223470011828,8.614924852452042
Ryan Miller,SL,88,9.16322651113293,10.184149164942966
Ryan Miller,ST,37,13.854769558411984,11.55583495262856
Ryan Pepiot,ALL,2052,12.476603268530003,10.406604729794303
Ryan Pepiot,CH,472,17.518533367239613,10.457768441836624
Ryan Pepiot,CU,53,19.12380046416198,18.20480880619633
Ryan Pepiot,FC,113,9.2721129221124,9.663557328530189
Ryan Pepiot,FF,1041,11.059118610318505,10.029979280344868
Ryan Pepiot,SI,5,3.5621822834686427,8.661929051919815
Ryan Pepiot,SL,368,11.244824719731154,11.109799880409836
Ryan Pressly,ALL,917,10.883063708703114,10.010721947663102
Ryan Pressly,CH,104,12.638169334440645,11.079072803158533
Ryan Pressly,CU,228,11.991838884713623,10.773877945113611
Ryan Pressly,FF,308,10.21587393680728,9.106708363463516
Ryan Pressly,SI,20,12.433676297931294,10.313550199276573
Ryan Pressly,SL,257,10.390728169954524,9.344401982704294
Ryan Thompson,ALL,916,10.617981397086362,9.691964121463577
Ryan Thompson,FF,91,11.07358065343011,10.53439420187986
Ryan Thompson,SI,585,9.922632921273673,9.065310294298804
Ryan Thompson,SL,240,11.219261590413021,10.534820291084763
Ryan Walker,ALL,1143,10.275336624087052,9.645672512280369
Ryan Walker,FF,7,15.400458366532792,13.144255279668755
Ryan Walker,SI,627,10.049361370574177,9.081068249233404
Ryan Walker,SL,509,10.532334911716987,10.295546785234507
Ryan Weathers,ALL,1332,11.206387604597175,10.032383792116024
Ryan Weathers,CH,349,11.197974342029053,10.910462039383006
Ryan Weathers,FF,519,10.387618394800441,9.186085158332817
Ryan Weathers,SI,166,13.085627896628537,9.09485029774216
Ryan Weathers,SL,9,11.34518866992191,10.92533695536049
Ryan Weathers,ST,289,12.418096875629477,11.894642310474458
Ryan Yarbrough,ALL,1499,12.087733742875237,9.096114491591662
Ryan Yarbrough,CH,225,12.168136550913127,8.170154947469596
Ryan Yarbrough,FC,151,12.694076400442178,9.339864341156966
Ryan Yarbrough,FF,264,12.012898376757203,8.401807250868428
Ryan Yarbrough,SI,447,11.325670245807542,8.448550052149672
Ryan Yarbrough,ST,407,12.213085348665293,10.97952210317794
Ryan Yarbrough,SV,5,17.015913001517077,16.291777807663582
Ryan Zeferjahn,ALL,188,11.614194380093952,10.779158511253598
Ryan Zeferjahn,CH,3,9.389292073864116,10.351683340251267
Ryan Zeferjahn,FC,84,10.04459674974418,9.244403687543606
Ryan Zeferjahn,FF,63,12.170489936897757,11.372798568978888
Ryan Zeferjahn,SL,3,14.885254717124406,13.835767938897167
Ryan Zeferjahn,ST,34,15.769452712116443,14.60929494122038
Ryan Zeferjahn,UN,1,57.09807497402527,
Ryder Ryan,ALL,326,10.692944100787276,9.63037350311967
Ryder Ryan,CH,1,10.162150424029742,8.971394097308025
Ryder Ryan,FF,46,8.33982595932562,8.848335258037956
Ryder Ryan,SI,137,10.907849910982284,8.924262505136605
Ryder Ryan,SL,142,11.047430525202769,10.156023714677193
Ryne Nelson,ALL,2158,10.27091002691219,9.523320805535977
Ryne Nelson,CH,211,12.500502822915777,11.487743512813408
Ryne Nelson,CU,129,13.057513085135144,12.073661419014153
Ryne Nelson,FC,389,9.00797163483462,8.863550972864255
Ryne Nelson,FF,1210,9.83640250728556,9.182264902643297
Ryne Nelson,SL,183,11.248382974275893,9.588655529701473
Ryne Nelson,ST,36,11.812132698463346,11.316500579411251
Ryne Stanek,ALL,920,13.200286732805829,11.120169269807565
Ryne Stanek,FF,542,11.880812062001848,11.345582698022229
Ryne Stanek,FS,202,17.76998519420901,11.416915572100862
Ryne Stanek,SI,27,7.914264810394944,8.192195972781391
Ryne Stanek,SL,149,13.101497603999592,10.360609074749764
Sam Aldegheri,ALL,195,12.67936938311677,11.068735172625026
Sam Aldegheri,CH,42,17.393405160579984,11.84935608417688
Sam Aldegheri,CU,18,12.155669630565743,12.205968348069993
Sam Aldegheri,FF,106,11.345108986092605,10.023540090455949
Sam Aldegheri,SL,29,11.814353757364678,15.771728947256856
Sam Hentges,ALL,342,9.424072717656731,8.982201739691083
Sam Hentges,CU,109,10.411603465414498,8.868114664569088
Sam Hentges,FF,112,9.314561859231688,9.551878997572972
Sam Hentges,SI,46,7.375514392646095,6.775091145917534
Sam Hentges,SL,75,11.409450045756326,9.74265833543688
Sam Long,ALL,736,12.713529619657184,11.227840441687228
Sam Long,CU,157,14.548086790412178,12.855995594693812
Sam Long,FF,282,12.208606512363977,10.784046716672353
Sam Long,FS,66,11.482794811889764,11.838171416684283
Sam Long,SI,1,16.582076209102137,14.933554414454889
Sam Long,SL,230,12.018003227581897,11.449306209354004
Sam Moll,ALL,606,11.178363354270445,10.278685019450151
Sam Moll,CH,56,13.102585003857069,12.576410400005491
Sam Moll,FF,233,10.949925381527777,9.470921654567126
Sam Moll,SI,171,10.705034152720744,9.327042399148807
Sam Moll,ST,146,11.178363354270445,11.152955446462968
Sammy Peralta,ALL,262,11.306612376177974,9.706773646440297
Sammy Peralta,CH,58,12.003824000712711,9.31170635292741
Sammy Peralta,FF,127,10.869842045108008,9.491481792395586
Sammy Peralta,SL,15,11.360254608593843,11.869093874696784
Sammy Peralta,ST,62,10.956642654780762,10.944910630665333
Scott Alexander,ALL,551,11.439158643269407,10.124408713374967
Scott Alexander,CH,71,14.739019573436307,11.855243485978393
Scott Alexander,SI,357,10.97694166562037,9.289052709147647
Scott Alexander,SL,123,11.443182922535588,11.233407431707029
Scott Barlow,ALL,990,12.217149003887203,10.488528306747533
Scott Barlow,CU,213,14.823703397289458,12.142530120321435
Scott Barlow,FF,208,10.437588935703404,10.128784131282295
Scott Barlow,SI,130,9.420163246305496,9.417040090473652
Scott Barlow,SL,15,15.542248937717737,10.329221122473388
Scott Barlow,ST,424,12.500496338748194,10.540573690311305
Scott Blewett,ALL,310,11.656533307790557,9.560367755077364
Scott Blewett,FF,129,10.315851376796145,8.992993931266282
Scott Blewett,FS,70,11.74181490527813,11.71186195693974
Scott Blewett,SL,111,13.740135296798424,9.565529349967859
Scott Effross,ALL,54,9.045281362295952,8.40652124409112
Scott Effross,CH,7,7.785539666207917,9.175161497678525
Scott Effross,FF,10,8.616071212006478,5.990502351317506
Scott Effross,SI,18,8.900894695838677,7.074039570447678
Scott Effross,ST,19,9.05258122262332,10.16745065975071
Scott McGough,ALL,524,11.23525935247934,10.236854609314445
Scott McGough,FF,264,9.554711232378317,9.662209282904131
Scott McGough,FS,166,12.532800904719906,10.586950183838923
Scott McGough,KC,1,14.622981099903143,15.275246174945412
Scott McGough,SI,20,12.292078317395564,9.806466103814703
Scott McGough,SL,73,12.773322697375104,11.49311820015994
Sean Burke,ALL,290,12.796490480233938,10.87722279512441
Sean Burke,CH,19,16.65198404600426,14.609332034772171
Sean Burke,FF,117,13.939324376037312,9.725167679842137
Sean Burke,KC,69,13.329769876031765,13.767668469267445
Sean Burke,SL,85,11.760352926359554,10.656228271213719
Sean Guenther,ALL,252,10.38957738366911,9.279025007817854
Sean Guenther,FF,8,11.933403773543215,12.845038205606695
Sean Guenther,FS,79,12.499151742008669,9.76437840958624
Sean Guenther,SI,98,9.64565645377775,8.616812268567855
Sean Guenther,SL,67,9.34091816782806,9.253927751493531
Sean Hjelle,ALL,1091,9.017314860289936,7.943597063828635
Sean Hjelle,FC,113,8.829439543901834,8.072641249294477
Sean Hjelle,FF,2,15.038569512498006,13.732469415313272
Sean Hjelle,KC,370,11.224341073135259,9.004693251642653
Sean Hjelle,SI,606,7.8571714249924085,7.539420420801637
Sean Manaea,ALL,2843,11.594681134906075,10.023857826956824
Sean Manaea,CH,326,13.24759726239002,10.87588620362236
Sean Manaea,FC,194,11.255785178522231,10.970383218909324
Sean Manaea,FF,894,10.871873382895997,9.238665087362216
Sean Manaea,SI,715,10.099928237888742,9.215501312728762
Sean Manaea,SL,174,11.807666557313361,11.253802325802926
Sean Manaea,ST,540,13.941630007297352,12.180982571822106
Sean Newcomb,ALL,166,12.346244140445656,11.132559215278164
Sean Newcomb,CH,7,15.283180303348264,15.407971070862136
Sean Newcomb,CU,28,16.806962753717656,14.073774890178848
Sean Newcomb,FF,76,10.370503396217412,9.367764231687563
Sean Newcomb,SI,19,10.941629630436472,9.386657880686341
Sean Newcomb,SV,36,13.320579306391002,11.506977407221733
Sean Reid-Foley,ALL,378,11.797213498640417,10.309956411170113
Sean Reid-Foley,CH,76,12.9425450749503,11.234284476832881
Sean Reid-Foley,FF,255,10.400874230629675,9.673341362095389
Sean Reid-Foley,SL,47,13.944904688793645,12.269898872864813
Sean Reynolds,ALL,209,13.777157628394459,11.216752642327327
Sean Reynolds,CH,12,9.62016485866723,8.712023949368803
Sean Reynolds,FF,102,13.601865796001785,10.964573514098214
Sean Reynolds,SL,90,15.150102791390601,12.565158181357678
Sean Reynolds,ST,5,11.58116231130979,11.327698618166938
Seranthony Domínguez,ALL,1014,11.683252816036557,10.940113427414282
Seranthony Domínguez,CH,15,14.439576535703981,10.475693362580587
Seranthony Domínguez,FF,411,11.344069942889039,10.649556620802267
Seranthony Domínguez,SI,176,10.409441500268732,9.822440911920879
Seranthony Domínguez,SL,218,11.998681753061767,11.751582787442413
Seranthony Domínguez,ST,194,12.886124233644457,12.208900075481576
Seth Halvorsen,ALL,174,10.864034376904574,9.674018107782295
Seth Halvorsen,FF,98,11.783434746059173,10.025301561148558
Seth Halvorsen,FS,50,10.792863763189644,9.693724088126746
Seth Halvorsen,SL,26,8.477493277843717,7.755182374158298
Seth Johnson,ALL,58,11.14488216684958,10.764843547842478
Seth Johnson,CH,2,6.560187205149196,7.4115927047483545
Seth Johnson,CU,6,17.391602753343847,20.350072938205166
Seth Johnson,FF,28,11.14488216684958,10.009701195851182
Seth Johnson,FS,5,5.793772629512566,5.302451518453887
Seth Johnson,SL,17,13.186166170274182,13.863911436428028
Seth Lugo,ALL,3164,10.339934473982881,9.492500099192256
Seth Lugo,CH,214,10.98123257096815,9.885326923929021
Seth Lugo,CS,1,19.106186273672073,12.04669915117829
Seth Lugo,CU,509,11.190471010303117,10.303129442130428
Seth Lugo,FC,295,10.124550749857175,9.201606069881088
Seth Lugo,FF,754,9.684617807401242,9.120229191563057
Seth Lugo,FS,85,11.724571383444523,9.818840304553401
Seth Lugo,SI,584,9.996429472110544,8.842970715444267
Seth Lugo,SL,271,9.546109475119172,9.828378520328215
Seth Lugo,ST,112,12.690127336222933,10.687966400880171
Seth Lugo,SV,339,10.677414677005226,9.833781098045703
Seth Martinez,ALL,796,10.150205028912229,8.797880537798406
Seth Martinez,CH,113,14.69329835560201,10.243086331442973
Seth Martinez,FF,263,8.956371437743764,8.333754226393651
Seth Martinez,SI,173,8.454225710054706,8.746531425842196
Seth Martinez,ST,247,10.02886782213762,8.916169591902516
Shane Baz,ALL,1166,11.145295118193378,10.186974126519551
Shane Baz,CH,117,12.56363648265641,11.158200050557424
Shane Baz,FF,560,10.221888103647249,9.481358732620055
Shane Baz,KC,240,12.828469302824123,11.841992868788408
Shane Baz,SL,249,11.717750363306578,10.30601692816069
Shane Bieber,ALL,80,7.546157405300097,7.849779434113028
Shane Bieber,CH,9,5.923825603239382,5.9307520192188345
Shane Bieber,FC,9,5.62478695052498,4.7708819921314
Shane Bieber,FF,31,10.242922862452033,9.34320367565679
Shane Bieber,KC,11,11.961823564666355,14.155038927002972
Shane Bieber,SL,20,6.163808820943844,5.754262767313035
Shaun Anderson,ALL,240,10.77894833406432,8.895845500604668
Shaun Anderson,CH,27,10.587429737688431,9.35125040765935
Shaun Anderson,FF,78,10.797633329289592,9.963203668484645
Shaun Anderson,SI,28,12.021248540601938,9.50065405639797
Shaun Anderson,SL,87,10.86456411802728,8.805922144079393
Shaun Anderson,ST,20,5.81485343170751,6.034458650096653
Shawn Armstrong,ALL,1080,10.680333663121626,9.57416152513166
Shawn Armstrong,FC,334,11.580517789637252,9.929736226569485
Shawn Armstrong,FF,360,9.580835165557332,9.482442134123222
Shawn Armstrong,SI,293,10.711146187191291,8.978246700158556
Shawn Armstrong,ST,63,11.800688888347834,10.162328015102634
Shawn Armstrong,SV,30,18.645522268920097,11.483148070076009
Shawn Dubin,ALL,792,11.336922720014684,10.159076380214183
Shawn Dubin,CH,116,11.232221521809201,10.391676974916393
Shawn Dubin,CU,126,11.486572325546145,10.790701421891884
Shawn Dubin,FC,125,11.041033924349815,10.1591694371221
Shawn Dubin,FF,351,11.192442883851916,9.716637454881585
Shawn Dubin,ST,74,13.41671473585274,13.160588070919037
Shelby Miller,ALL,815,11.4551420248949,9.6628329152184
Shelby Miller,FF,493,10.62331858599546,9.90277893269007
Shelby Miller,FS,157,13.907242853008793,10.193712420098679
Shelby Miller,SL,165,10.828967928018054,8.870885533972523
Shota Imanaga,ALL,2476,11.467488502202563,9.856167376752593
Shota Imanaga,CH,94,14.673954567116548,11.718771462606961
Shota Imanaga,CS,1,11.08057834318218,11.681705885341621
Shota Imanaga,CU,81,12.659043718059634,11.715865937972161
Shota Imanaga,FC,12,8.805071895817406,8.19665888817449
Shota Imanaga,FF,1288,10.89138194608143,9.306617489553581
Shota Imanaga,FS,755,12.289981601256786,9.994839088695388
Shota Imanaga,SI,54,9.730131619851335,9.397303530770095
Shota Imanaga,ST,191,13.711116202566181,11.273041029553118
Simeon Woods Richardson,ALL,2159,10.354030666065714,9.37144047292051
Simeon Woods Richardson,CH,417,13.799272215650712,10.015670087779801
Simeon Woods Richardson,CU,198,9.973980959717075,9.72198079468285
Simeon Woods Richardson,FF,875,9.336288663146599,9.0021911889186
Simeon Woods Richardson,SL,669,9.850241834121295,8.922235336658892
Sixto Sánchez,ALL,594,11.836563000729717,10.032469822640905
Sixto Sánchez,CH,185,12.382188004676866,9.830658938177432
Sixto Sánchez,FC,199,11.93885705849179,9.834834668524602
Sixto Sánchez,FF,179,11.067429062026168,10.650877192418124
Sixto Sánchez,SI,31,9.656160709545942,8.295180002661503
Slade Cecconi,ALL,1200,10.287431006198297,9.466215774455623
Slade Cecconi,CH,136,13.07104003842814,11.977991392324231
Slade Cecconi,CU,108,11.176336927322026,10.664922943149708
Slade Cecconi,FC,2,10.704947044739903,11.332164308218655
Slade Cecconi,FF,661,9.429392536506807,8.809004350908282
Slade Cecconi,SL,290,10.28139606595457,9.890252770860187
Slade Cecconi,ST,3,8.74568579576499,7.197223555670928
Sonny Gray,ALL,2377,10.757167354911097,9.379309838509133
Sonny Gray,CH,150,12.01836940999717,11.368755918471045
Sonny Gray,CS,2,9.584964424033878,9.370097858244021
Sonny Gray,CU,328,11.775334477226579,10.327893705593684
Sonny Gray,FC,425,10.263820173506016,8.766549871850893
Sonny Gray,FF,569,9.209071808059393,8.298494517858641
Sonny Gray,SI,426,10.00661029291199,8.846236890691582
Sonny Gray,ST,477,13.441452924277396,10.285440854055315
Spencer Arrighetti,ALL,2321,11.385654485906851,10.556933017411897
Spencer Arrighetti,CH,189,12.344186155399036,11.261132566441253
Spencer Arrighetti,CU,458,13.250089724137132,12.111161710453253
Spencer Arrighetti,FC,464,10.392016306561521,9.772757944818157
Spencer Arrighetti,FF,946,10.836043618759447,9.88396416210931
Spencer Arrighetti,SI,9,6.861596458023196,6.2574259925914735
Spencer Arrighetti,SL,3,19.228709786810413,17.412064969783206
Spencer Arrighetti,ST,252,12.69756552399161,11.886984368709797
Spencer Bivens,ALL,739,10.21911469652704,8.917858655279899
Spencer Bivens,CH,95,11.897825399219286,9.646774603301216
Spencer Bivens,FC,70,9.35431292427578,8.142228502648035
Spencer Bivens,FF,41,10.259272285382654,8.935536062086436
Spencer Bivens,SI,352,10.10699719924554,9.068082932354816
Spencer Bivens,SL,3,14.18470683424875,11.367836559140068
Spencer Bivens,ST,178,9.84687397015301,8.807233501070298
Spencer Howard,ALL,495,9.696485997828953,8.919138677232828
Spencer Howard,CH,84,11.30423186537535,12.335840818845636
Spencer Howard,CU,33,11.346353388153647,10.76363036164558
Spencer Howard,FF,251,9.180033555551065,8.363970844726293
Spencer Howard,SL,127,9.066892592205432,8.554982529530498
Spencer Schwellenbach,ALL,1589,10.148014845057295,9.285803652707926
Spencer Schwellenbach,CU,223,10.785127420621732,9.43557147852435
Spencer Schwellenbach,FC,255,10.278804217286886,9.712486513851328
Spencer Schwellenbach,FF,479,9.763662812359845,8.893370489441722
Spencer Schwellenbach,FS,205,10.281806499761002,9.556734162962101
Spencer Schwellenbach,SI,118,10.529651157898968,9.317785481195248
Spencer Schwellenbach,SL,309,9.94405641849487,9.249021949120365
Spencer Strider,ALL,166,11.376824607269086,9.50219226944306
Spencer Strider,CH,8,6.37380899795528,6.504485311555393
Spencer Strider,CU,19,18.010379372781994,15.469133072065059
Spencer Strider,FF,84,10.618986539337133,9.2351465187933
Spencer Strider,SL,55,11.01497204053143,9.275953202141691
Spencer Turnbull,ALL,864,10.951482581340336,9.492558216878459
Spencer Turnbull,CH,44,12.317432752349132,9.491281192757185
Spencer Turnbull,CU,78,16.82054903738594,10.84909560518524
Spencer Turnbull,FF,307,10.774548337715625,9.44832484294406
Spencer Turnbull,SI,103,10.302788763064907,9.873939083789528
Spencer Turnbull,SL,42,8.29770078716479,8.58911199408833
Spencer Turnbull,ST,290,10.511323991146533,9.148447204659917
Stephen Kolek,ALL,737,11.328623731731145,9.266750441978774
Stephen Kolek,CH,49,13.098591318123988,10.334760433140067
Stephen Kolek,FC,146,9.6473996105752,8.470198239959572
Stephen Kolek,FF,96,11.13914678308856,9.661002047222912
Stephen Kolek,SI,299,10.804858535139681,8.968974951176556
Stephen Kolek,SL,74,13.547947111877207,9.144320685161688
Stephen Kolek,ST,73,14.582861453245785,12.200479930641869
Steven Cruz,ALL,82,10.878458736202273,10.169991148010382
Steven Cruz,FC,46,11.300053121898774,11.608518885923417
Steven Cruz,FF,34,9.913150978614876,9.38162704711204
Steven Cruz,SI,2,4.386342000659974,3.97754486935548
Steven Matz,ALL,682,10.570878082823558,8.943154336419113
Steven Matz,CH,172,12.306761928537629,10.172011813165508
Steven Matz,CU,53,11.158073834164314,11.212315263832926
Steven Matz,FF,1,3.486686016147809,9.130023827365187
Steven Matz,SI,409,9.785869145138603,8.152566428872717
Steven Matz,SL,47,10.642468375493523,8.96470571557731
Steven Okert,ALL,607,10.526384111850355,10.165437072480234
Steven Okert,CH,48,12.971680804889564,8.889741104748149
Steven Okert,FF,142,9.78252315401021,10.1409461424171
Steven Okert,SI,56,10.175478423462302,9.646354497613626
Steven Okert,SL,361,11.005060602050328,10.722226271034815
Steven Wilson,ALL,570,11.669762048904875,10.818911795212795
Steven Wilson,CH,46,13.589694860007171,13.571318014963797
Steven Wilson,FC,6,13.181874585719662,12.195710784539314
Steven Wilson,FF,223,11.9322277012061,10.31256075901132
Steven Wilson,ST,295,11.150776468017552,10.840948532540427
T.J. McFarland,ALL,754,10.534652362322912,9.172213169868737
T.J. McFarland,CH,95,13.982285948522081,8.06125166472598
T.J. McFarland,FC,1,3.2174385037853743,3.070504274686386
T.J. McFarland,SI,375,9.988804638722579,8.755267991344379
T.J. McFarland,ST,283,10.757748767910433,9.836556557197179
Taijuan Walker,ALL,1161,11.063813112508806,10.265056018825394
Taijuan Walker,CU,130,10.50414469645645,10.871392390088518
Taijuan Walker,FC,109,10.501362762608622,11.013574602856433
Taijuan Walker,FF,149,13.709275580808882,11.550001761022399
Taijuan Walker,FS,265,11.331476119239444,10.002083029820708
Taijuan Walker,SI,304,10.78282220802576,9.778005488364048
Taijuan Walker,SL,23,14.433917171506476,13.35187604241697
Taijuan Walker,ST,181,9.291045260345438,9.263805727957141
Taj Bradley,ALL,2192,12.302809291693542,11.05427199529235
Taj Bradley,CU,193,14.97035237317464,15.781919034887157
Taj Bradley,FC,492,13.52910372527004,11.318720249793694
Taj Bradley,FF,917,10.409847827516062,10.266803517024359
Taj Bradley,FS,590,13.748870017367643,11.233148583729605
Tanner Banks,ALL,1027,10.067827159030701,9.395540289751136
Tanner Banks,CH,120,11.57290583125099,9.483122519762674
Tanner Banks,FF,331,10.464456218308275,9.334782484180591
Tanner Banks,SI,85,10.730699916714968,10.604703368379557
Tanner Banks,SL,337,9.757297950773753,9.38857563302668
Tanner Banks,ST,154,9.234624243779333,8.93476224049537
Tanner Bibee,ALL,2964,10.098115597820843,9.432867512541339
Tanner Bibee,CH,526,12.450320704706408,11.363228618384564
Tanner Bibee,CU,182,11.511994886788072,10.827349304381816
Tanner Bibee,FC,770,9.785747311437959,9.654255613954675
Tanner Bibee,FF,1263,9.414075254736646,8.609113772474483
Tanner Bibee,SI,43,13.122199407083533,10.101673452059973
Tanner Bibee,ST,180,9.037335577775679,8.920843624027132
Tanner Gordon,ALL,573,11.297830444022708,9.245665521020726
Tanner Gordon,CH,113,11.912282580489526,8.683911843613142
Tanner Gordon,CU,23,13.555714600342059,12.12348216139532
Tanner Gordon,FF,288,11.649369392536114,8.746282145950815
Tanner Gordon,SL,149,10.275532072611547,9.871461089013245
Tanner Houck,ALL,2600,10.41469268984114,9.22365566305286
Tanner Houck,FC,39,12.039369218727883,10.22326526426396
Tanner Houck,FF,3,9.764539717705905,5.613862125857517
Tanner Houck,FS,644,10.668417856345005,9.109349631784623
Tanner Houck,SI,847,10.08833144825267,9.022765135036803
Tanner Houck,ST,1067,10.535337475276902,9.5872835525992
Tanner Rainey,ALL,896,11.861819560922179,10.66433971000286
Tanner Rainey,CH,13,20.76925915944061,15.536843001075571
Tanner Rainey,FF,631,10.843173137737155,10.380348546896608
Tanner Rainey,SL,252,14.945706238687821,11.773061087188225
Tanner Scott,ALL,1115,10.849184525567798,10.136661924608445
Tanner Scott,CH,1,23.6045561971039,21.98194887356183
Tanner Scott,FF,663,10.44178072341594,10.302891434743447
Tanner Scott,SI,1,6.004482755831682,5.704265888138125
Tanner Scott,SL,450,11.578503882871066,9.87645041432669
Tarik Skubal,ALL,2861,10.533437702250517,9.509064706158616
Tarik Skubal,CH,778,11.931907424396563,10.017856494262702
Tarik Skubal,CU,109,11.502436604743114,11.819249204042261
Tarik Skubal,FF,938,10.307020363928665,9.572135763497588
Tarik Skubal,FS,3,17.478213887640877,9.049564552090391
Tarik Skubal,SI,615,8.678989763939574,8.347115683286638
Tarik Skubal,SL,418,10.62805203982202,10.100373458455149
Tayler Saucedo,ALL,526,12.330949835067706,10.364425453338974
Tayler Saucedo,CH,130,13.412251865427148,10.565875234362952
Tayler Saucedo,CU,15,13.01608600460918,14.490371496843165
Tayler Saucedo,FF,25,8.24194527236301,8.352165582706395
Tayler Saucedo,SI,234,11.449473635155648,9.453758787476902
Tayler Saucedo,SL,74,14.811956408476007,14.34126438048338
Tayler Saucedo,ST,48,12.380978395260389,9.976834060846778
Tayler Scott,ALL,1112,11.738011567754489,9.366873771631525
Tayler Scott,FF,533,12.124907290971151,9.08601150019881
Tayler Scott,FS,267,12.690064792975047,10.212106429498274
Tayler Scott,SI,60,11.006569616822743,9.88495954619357
Tayler Scott,ST,252,10.694314093902829,8.815284776164923
Taylor Rogers,ALL,962,10.591524385468297,9.68398160323239
Taylor Rogers,SI,511,10.520359670964412,9.37546987168131
Taylor Rogers,ST,451,10.663395849392117,10.018944602699966
Tejay Antone,ALL,45,13.033742696240765,13.88981004610586
Tejay Antone,CU,7,12.082498173785119,10.577688449155238
Tejay Antone,FF,17,10.79920554453205,13.952054654297473
Tejay Antone,SI,9,13.069200941856637,11.621363159090423
Tejay Antone,SL,12,14.304794473563993,14.091871738105912
Thyago Vieira,ALL,663,12.46619737966588,11.347328919995437
Thyago Vieira,CH,6,19.741010839251114,13.784951376968095
Thyago Vieira,FF,156,12.25243566479019,10.825600203833005
Thyago Vieira,SI,267,12.032076094516148,11.25740641939051
Thyago Vieira,SL,234,13.44220786836647,11.888927584577633
Tim Herrin,ALL,1082,11.293312895212672,10.293227594146913
Tim Herrin,CU,354,12.442079448596811,10.83666567039158
Tim Herrin,FF,267,9.763061132625438,9.694459913025815
Tim Herrin,SI,156,10.883764143294544,10.225675522976523
Tim Herrin,SL,305,11.196706288271228,10.173014432859079
Tim Hill,ALL,860,10.399223616950835,9.309794846325161
Tim Hill,CH,2,10.899669508432552,13.77686774749855
Tim Hill,FF,229,12.986874157515194,9.937172889051377
Tim Hill,SI,582,9.17399878658948,8.963867537933321
Tim Hill,SL,47,13.275173372164689,12.319853709810497
Tim Mayza,ALL,720,10.47260957596767,9.751149413841315
Tim Mayza,FC,20,9.828015659138096,10.741530921184273
Tim Mayza,FF,1,8.016719890130707,8.43910021295048
Tim Mayza,SI,519,9.427619893909359,8.966027588137175
Tim Mayza,SL,180,15.76583048109622,11.784980912101712
Tobias Myers,ALL,1907,11.171467817074523,10.403861769534984
Tobias Myers,CH,219,17.848997353224437,14.861549619007702
Tobias Myers,CU,80,13.87196380497896,12.96033512110917
Tobias Myers,FC,424,10.331508326702288,10.03686258594876
Tobias Myers,FF,782,10.455554964786,9.570858179002894
Tobias Myers,SI,1,3.4026511332266676,5.946777249386533
Tobias Myers,SL,401,10.946907191898026,10.745493427737706
Tom Cosgrove,ALL,284,11.15315977893976,9.960629052481178
Tom Cosgrove,FF,66,11.294696605728348,10.214762178886541
Tom Cosgrove,SI,70,9.439684167370208,8.627211605089819
Tom Cosgrove,ST,148,11.605917782573329,10.144677441601534
Tommy Henry,ALL,667,11.05124131193663,10.345580121510716
Tommy Henry,CH,116,11.133358582800973,10.917710704451729
Tommy Henry,CU,162,11.14608156258362,10.671340095768967
Tommy Henry,FF,224,11.041581033217453,9.383067532954492
Tommy Henry,SI,116,9.419590675882407,9.380240588254534
Tommy Henry,SL,49,13.494583308432128,12.714820223774877
Tommy Kahnle,ALL,783,11.512605297024237,10.810010387662262
Tommy Kahnle,CH,581,11.288566037452915,10.774686323851224
Tommy Kahnle,FF,148,12.13098825835894,11.021699999530156
Tommy Kahnle,SI,13,13.334780907749568,13.21510580437954
Tommy Kahnle,SL,41,12.42838011706864,9.481255593488921
Tommy Nance,ALL,314,11.162119944788804,9.819987213363412
Tommy Nance,CU,119,15.194676285757017,12.491465483822155
Tommy Nance,FF,2,6.824884234846145,7.792570758077957
Tommy Nance,SI,110,10.288038881840295,8.45601721481797
Tommy Nance,SL,83,9.826173024171116,9.172397402083643
Tony Santillan,ALL,456,10.434828503547504,9.522872451832264
Tony Santillan,CH,3,14.399930768133876,16.161338938152262
Tony Santillan,FF,275,10.25979871127943,8.95416223682846
Tony Santillan,SL,113,11.192282334581325,11.091518587988242
Tony Santillan,SV,65,9.818809606763848,9.667007695944067
Touki Toussaint,ALL,449,12.495403667383561,11.203410780245607
Touki Toussaint,CU,118,12.36897582493215,11.932408774208742
Touki Toussaint,FF,36,14.763791193571407,13.714509072129704
Touki Toussaint,FS,166,12.42901619872104,10.50769798443081
Touki Toussaint,SI,129,12.887085363543736,10.721090977576576
Trent Thornton,ALL,1025,10.16726493448434,8.98980293681683
Trent Thornton,CH,27,10.686586298909255,6.981100249658637
Trent Thornton,CU,120,14.266448295845787,11.345014762299819
Trent Thornton,FC,37,7.404419770481891,8.145935050479324
Trent Thornton,FF,212,8.855788890179124,8.542004613549956
Trent Thornton,SI,96,9.955420293290103,9.25155940078227
Trent Thornton,SL,218,9.847761323178768,8.925408441822556
Trent Thornton,ST,315,10.336543317639158,9.13936746001652
Trevor McDonald,ALL,37,12.414311867747335,10.228576428398933
Trevor McDonald,CH,4,12.217040884951235,11.26476788694685
Trevor McDonald,FF,1,16.592111299774324,9.990253804536717
Trevor McDonald,SI,18,12.528495136218126,11.00070122586153
Trevor McDonald,SL,14,8.557997587875516,8.45345069397164
Trevor Megill,ALL,608,12.32840596751299,10.3323564976074
Trevor Megill,FF,422,11.531796441055471,9.768209921394583
Trevor Megill,KC,184,14.753593077999275,11.78310017986362
Trevor Megill,SI,2,37.698237068472395,33.36940282690184
Trevor Richards,ALL,1098,12.406520835715916,10.876764941246321
Trevor Richards,CH,582,15.139748180808336,11.562555997960628
Trevor Richards,FF,500,10.002130958363802,9.786902763257755
Trevor Richards,FS,3,13.755048509071145,15.087357172668595
Trevor Richards,SI,10,8.819318134333983,6.617109938268595
Trevor Richards,SL,3,14.737395719677306,11.13901435138728
Trevor Rogers,ALL,2111,10.266965248173111,9.13575030934133
Trevor Rogers,CH,496,10.100043050918433,8.606685177201138
Trevor Rogers,FC,431,12.002706887525076,10.266675840165304
Trevor Rogers,FF,678,10.328640120887538,9.582398399261656
Trevor Rogers,SI,506,9.247743652272714,8.292242438979706
Trevor Williams,ALL,985,9.495308247693044,8.198833597387047
Trevor Williams,CH,168,12.812774594245287,8.4238724296019
Trevor Williams,FF,353,8.400761413788555,8.106647696386156
Trevor Williams,SI,123,9.289728309266113,7.250470556284463
Trevor Williams,SL,130,8.599438520565617,6.271670284300006
Trevor Williams,ST,211,10.59933786490057,9.268801166812786
Trey Wingenter,ALL,162,11.759302789877559,9.812732642928538
Trey Wingenter,FF,83,9.673750005608342,9.47373268857413
Trey Wingenter,FS,7,20.257287047151255,11.058620350728049
Trey Wingenter,SL,72,14.604864768335762,10.679016242997335
Tristan Beck,ALL,230,11.112730731859042,10.073273410484978
Tristan Beck,CU,47,13.68407425614268,12.099183154896872
Tristan Beck,FF,115,10.401964363721971,9.140661226886538
Tristan Beck,SL,32,9.734121549256118,9.105905671899308
Tristan Beck,ST,36,14.733835106534254,14.57764186558991
Triston McKenzie,ALL,1249,11.912965232116676,11.688765168423537
Triston McKenzie,CU,321,12.121235906694569,11.69497816295463
Triston McKenzie,FF,669,11.12042952394992,10.94133353321452
Triston McKenzie,SL,259,14.14103531638326,13.969113411985878
Troy Taylor,ALL,267,10.991563054653776,10.142501927381046
Troy Taylor,CH,5,21.807697350288027,21.441834708896543
Troy Taylor,FF,154,9.938979618804236,9.555946718934152
Troy Taylor,ST,108,11.72657727101911,11.038572012502597
Tucker Barnhart,ALL,3,23.20398329485965,24.309083485953373
Tucker Barnhart,EP,3,23.20398329485965,24.309083485953373
Ty Adcock,ALL,77,12.137974920387041,10.592489447503699
Ty Adcock,FC,21,10.896712955582677,9.364841316890704
Ty Adcock,FF,28,13.249390368697014,10.533828551644167
Ty Adcock,SI,2,12.18054615666721,10.736005970067929
Ty Adcock,SL,26,13.338181541642195,13.11446737942481
Ty Blach,ALL,1022,9.82364894754578,8.829147722766404
Ty Blach,CH,249,10.726385154559823,9.188016181836602
Ty Blach,CU,113,12.454365286722242,12.876936046051547
Ty Blach,FC,145,9.03409670470921,9.189801423894178
Ty Blach,SI,515,9.007562930928122,8.16111978064304
Ty Madden,ALL,411,12.555748624750178,10.516235850075622
Ty Madden,FC,74,10.230171844603413,9.778310078467712
Ty Madden,FF,172,10.335013765081515,8.722547895702203
Ty Madden,FS,56,15.417958761253253,11.930916408149095
Ty Madden,KC,15,15.901924976409715,11.818163531058861
Ty Madden,SI,19,19.608139129622092,12.46376851909851
Ty Madden,SL,75,15.063403705525714,13.276860727683676
Tyler Alexander,ALL,1548,8.857642616100398,7.998614116598138
Tyler Alexander,CH,217,10.800628022641915,9.4322988170255
Tyler Alexander,FC,491,8.569500528571515,7.890803535333395
Tyler Alexander,FF,352,8.092353623644431,7.549595051550176
Tyler Alexander,SI,198,8.208152231923806,7.748396678340571
Tyler Alexander,SL,7,6.844852390978269,5.685273886351832
Tyler Alexander,ST,283,10.367397972259235,8.714668674091962
Tyler Anderson,ALL,2795,11.678173230077686,10.470546547180168
Tyler Anderson,CH,1049,11.311529065191849,10.842023758959991
Tyler Anderson,CU,2,17.1843846184749,17.59099592625701
Tyler Anderson,FC,503,11.90033687882467,11.0956448875951
Tyler Anderson,FF,1097,11.89215891391768,9.834773875650654
Tyler Anderson,SI,95,10.373995294000917,12.401267774456283
Tyler Anderson,SL,49,12.177163905269976,15.217650521433402
Tyler Beede,ALL,259,11.157095589258665,9.705373869759502
Tyler Beede,CU,61,11.649165764784732,10.602956247388063
Tyler Beede,FF,78,9.561793044190122,9.867824969617327
Tyler Beede,FS,102,11.845651633595686,8.890772656565233
Tyler Beede,SI,18,9.407164510233656,8.232645996101315
Tyler Duffey,ALL,181,11.694782130403945,10.97049192364972
Tyler Duffey,CH,15,12.776292590963351,12.10853004680563
Tyler Duffey,FF,53,11.095139609774346,9.660939887701414
Tyler Duffey,KC,51,14.047466502327289,10.344777773006598
Tyler Duffey,SI,30,9.450725384910449,9.928793824515886
Tyler Duffey,SL,32,12.73804932608644,13.487338340674352
Tyler Ferguson,ALL,786,11.284854340837935,9.658361074909797
Tyler Ferguson,CH,18,14.581035726163126,12.42324861920994
Tyler Ferguson,FC,100,12.580380090158366,10.953778222243791
Tyler Ferguson,FF,306,10.285885002399395,9.184399352570768
Tyler Ferguson,SI,174,11.793249312582528,8.836789884595465
Tyler Ferguson,ST,188,11.386263696730309,10.623371004425923
Tyler Fitzgerald,ALL,32,15.563388484325259,9.474902554186858
Tyler Fitzgerald,EP,3,14.198902807782037,8.604819995753047
Tyler Fitzgerald,FA,29,15.58334653298132,10.344985112620671
Tyler Gilbert,ALL,142,13.407791084124808,10.344713846170725
Tyler Gilbert,FC,19,16.551172878204397,11.339646404800256
Tyler Gilbert,FF,48,13.917100378840933,11.621825300060097
Tyler Gilbert,FS,1,19.46118337926052,22.54384718587079
Tyler Gilbert,KC,5,12.829099366512418,8.905706000708815
Tyler Gilbert,SI,50,9.375692723370829,9.914664928630462
Tyler Gilbert,ST,19,13.13623394114288,9.546526637793672
Tyler Glasnow,ALL,1907,11.194271370481287,10.118994101356712
Tyler Glasnow,CU,358,16.5746172397824,13.277359213545589
Tyler Glasnow,FF,857,10.081065824987636,9.393701774297611
Tyler Glasnow,SI,161,10.254359330200387,9.510215011748766
Tyler Glasnow,SL,531,11.410486020718258,10.14156871532699
Tyler Heineman,ALL,6,11.139585268462051,11.654072485897158
Tyler Heineman,EP,2,15.81684479195131,13.862530548069955
Tyler Heineman,FA,4,7.907755480341688,8.385134985668662
Tyler Holton,ALL,1390,11.073365607135319,10.27977601182572
Tyler Holton,CH,266,10.87210476643346,9.419311581391845
Tyler Holton,CU,22,18.364697536211736,11.205696719139464
Tyler Holton,FC,369,10.518056810311363,10.118749053015643
Tyler Holton,FF,203,10.737147151822967,10.505905624794641
Tyler Holton,SI,307,10.334839591059163,10.21966848762482
Tyler Holton,ST,223,13.030927845114215,12.09808009977042
Tyler Jay,ALL,142,14.109371021204886,12.257234041184265
Tyler Jay,FC,31,12.896803903254025,11.641583559818091
Tyler Jay,FF,11,12.165236363058227,16.256553110349746
Tyler Jay,SI,75,14.225367988352328,12.23023892163586
Tyler Jay,ST,25,15.584983297644765,12.284400383757335
Tyler Kinley,ALL,1159,11.445596260022588,10.749422502125194
Tyler Kinley,CH,36,17.825583728498447,15.33796602309003
Tyler Kinley,FF,384,12.462791005643206,11.157878410307783
Tyler Kinley,SI,6,10.925189021191144,10.400410362198773
Tyler Kinley,SL,733,10.682153745749945,10.294737364679618
Tyler Mahle,ALL,218,8.10948636726074,7.707957789919151
Tyler Mahle,FC,8,10.532924598209005,10.075994868836922
Tyler Mahle,FF,116,7.379377498521988,6.938736318246343
Tyler Mahle,FS,65,8.525384577598345,8.834737909735134
Tyler Mahle,SL,29,13.15214176477366,12.06419920068615
Tyler Matzek,ALL,155,10.757306054786419,10.626418436789223
Tyler Matzek,FC,1,34.21688637805846,32.97073824543965
Tyler Matzek,FF,101,10.529669017692484,10.560363341320139
Tyler Matzek,SI,2,6.612881622861323,4.071024116211687
Tyler Matzek,SL,51,11.187859454450019,11.056422666329722
Tyler Phillips,ALL,531,9.804649866223516,9.133453217937166
Tyler Phillips,CU,79,12.147532742830322,10.459178205227014
Tyler Phillips,FF,103,9.188755765466388,8.806537810347567
Tyler Phillips,FS,35,8.953611092576011,7.730390414255468
Tyler Phillips,SI,158,8.80115492396966,7.7217699840293506
Tyler Phillips,ST,156,10.721328866052811,10.110824582961369
Tyler Rogers,ALL,393,9.223040957364125,7.8658178580685085
Tyler Rogers,FF,1,5.299438312715221,4.4041465341403985
Tyler Rogers,SI,279,9.393609698013798,7.375224737348745
Tyler Rogers,SL,113,8.436687076255225,9.003794800979568
Tyler Wells,ALL,238,10.3714184175394,8.716442505131702
Tyler Wells,CH,46,11.522010821103594,9.375780237116931
Tyler Wells,CU,41,10.438094057377567,8.485541162848829
Tyler Wells,FC,41,11.228675418433545,10.009172973046462
Tyler Wells,FF,87,10.277557237486564,8.3644425678409
Tyler Wells,SL,23,7.903681383832546,8.379049531924728
Tyler Zuber,ALL,71,10.13947971217064,9.287916209708468
Tyler Zuber,FC,11,11.920261404493527,8.784020811902414
Tyler Zuber,FF,31,8.362898690581106,9.515179428844881
Tyler Zuber,SL,7,12.98392124299932,4.468445196094792
Tyler Zuber,ST,22,9.987395091420574,10.834160074284632
Tylor Megill,ALL,1315,12.408421093450281,10.519797959962327
Tylor Megill,CH,18,15.971893688208787,13.65950158836671
Tylor Megill,CU,104,17.753001380280697,14.036092110147498
Tylor Megill,FC,189,12.44434293146459,10.613381162448563
Tylor Megill,FF,616,10.060309899892633,9.91025501950061
Tylor Megill,FS,99,20.122063031553893,14.828106092328897
Tylor Megill,SI,130,11.98758704043809,7.488586647345453
Tylor Megill,SL,139,15.417763985779224,10.363995630728038
Tylor Megill,ST,20,19.31980832987312,17.911830312220907
Tyson Miller,ALL,884,10.638837784672152,9.351061036063719
Tyson Miller,CH,21,12.844830892398539,10.993099154826627
Tyson Miller,CU,29,15.858049489055379,12.092875180690138
Tyson Miller,FF,418,10.37019875155994,8.863034623999457
Tyson Miller,FS,2,8.055974701691955,8.50651582459404
Tyson Miller,SI,31,7.347685434725688,7.923977693216375
Tyson Miller,ST,383,10.310525954767616,9.636236208116813
Valente Bellozo,ALL,1064,11.47691779827727,10.264680977847412
Valente Bellozo,CH,145,11.75679854481138,10.880822852026672
Valente Bellozo,CU,132,11.833299131041901,10.516825844708773
Valente Bellozo,FC,273,10.740947266072535,9.375698769780147
Valente Bellozo,FF,398,11.828020983497638,10.269120927056537
Valente Bellozo,FS,6,11.314643573855122,10.115179675194593
Valente Bellozo,ST,110,11.677293998628198,9.873805493572132
Victor González,ALL,376,11.99727653557716,10.608665995111881
Victor González,CH,86,12.832846368930593,10.138807049317217
Victor González,FF,2,15.862164821190234,13.74596069540075
Victor González,SI,181,10.636032975109122,10.270416291269099
Victor González,SL,107,13.047513072593093,12.443113496477665
Victor Mederos,ALL,89,11.719555643876308,10.340035782413905
Victor Mederos,CH,11,14.50282470996341,14.04988196260805
Victor Mederos,CU,17,11.719555643876308,13.195480394061303
Victor Mederos,FC,19,13.476294895500732,10.145022194857626
Victor Mederos,FF,25,10.496231399235151,10.730850331541285
Victor Mederos,SI,17,7.851708964536436,7.670357887672341
Victor Vodnik,ALL,1186,11.100973401558075,9.896970067671797
Victor Vodnik,CH,188,10.51742590184585,9.836369732506903
Victor Vodnik,FF,766,11.52703764816303,9.809848365598834
Victor Vodnik,SL,232,10.471908688781568,10.066333488275315
Vidal Bruján,ALL,48,14.811306147617753,11.171323693013576
Vidal Bruján,CS,4,16.731948235695064,14.359024162427751
Vidal Bruján,EP,4,40.078553051183654,19.041427155753404
Vidal Bruján,FA,40,13.990832239680945,9.469682843178033
Vinny Nittoli,ALL,172,10.693218790077495,10.067672122950867
Vinny Nittoli,CH,4,14.54087354336192,8.154775537084504
Vinny Nittoli,CU,15,11.134423384626361,13.22101370050645
Vinny Nittoli,FC,98,10.559600877964144,9.431661027670572
Vinny Nittoli,SI,3,16.41889704544343,14.905111250504142
Vinny Nittoli,ST,52,10.730090068677724,10.123356996186153
Vladimir Gutierrez,ALL,79,11.613320609575695,9.967488534206963
Vladimir Gutierrez,CH,21,11.32257839367761,8.912464184465295
Vladimir Gutierrez,CU,9,4.744635465857555,6.944354390367984
Vladimir Gutierrez,FF,27,11.71724377964512,7.872725760190444
Vladimir Gutierrez,SL,22,12.909372274724994,13.358232728668044
Wade Miley,ALL,107,10.047942536409566,8.681148414252782
Wade Miley,CH,22,10.615950466020116,8.368189984614379
Wade Miley,CU,2,8.385709878699437,9.548669841313014
Wade Miley,FC,42,8.784206159616012,7.728038194586233
Wade Miley,FF,24,9.11787464812738,8.66524925105327
Wade Miley,SI,14,12.768571692307738,11.510486037933855
Wade Miley,ST,3,25.778909598375442,17.798156424133225
Walker Buehler,ALL,1275,12.126993028265982,9.634262158922837
Walker Buehler,CH,68,12.20735005877535,9.442903346245876
Walker Buehler,FC,269,9.711846701307538,8.75202132854095
Walker Buehler,FF,366,15.002659868534709,9.844413492977464
Walker Buehler,KC,247,11.980026024764655,10.870664791999417
Walker Buehler,SI,202,11.365759817987438,9.392982184271666
Walker Buehler,SL,11,11.020634447145374,11.147093727869224
Walker Buehler,ST,112,11.88600943033091,10.18305575687475
Walter Pennington,ALL,302,11.246499052990945,9.592925985656468
Walter Pennington,FC,84,11.295711338481219,9.10190573227477
Walter Pennington,FF,6,12.94829137673103,10.989106897589929
Walter Pennington,SI,91,10.237873986286111,9.652157264219525
Walter Pennington,SL,121,12.739723503343486,9.977618595941383
Wander Suero,ALL,2,19.06390324667268,16.309617738788674
Wander Suero,FC,2,19.06390324667268,16.309617738788674
Wandy Peralta,ALL,552,11.418520348807066,9.798013587262496
Wandy Peralta,CH,229,12.676656898416013,9.41498908925888
Wandy Peralta,FF,42,11.202435341133874,10.812990825454872
Wandy Peralta,SI,223,10.121138434619946,10.208381091845903
Wandy Peralta,SL,58,12.268061193354722,10.261232741779317
Wes Parsons,ALL,142,11.246958019110718,10.085796932927508
Wes Parsons,CH,8,11.436675961826154,8.139549062819025
Wes Parsons,CU,30,15.144268232211527,13.557601691593682
Wes Parsons,FF,52,10.75181952439065,9.971634149358707
Wes Parsons,SI,22,13.311169535749297,12.243809763851928
Wes Parsons,SL,30,9.549881691967858,8.247078467010798
Weston Wilson,ALL,7,11.956319734185278,13.482784784408222
Weston Wilson,EP,7,11.956319734185278,13.482784784408222
Will Klein,ALL,139,12.71726113328419,10.894685770103903
Will Klein,CU,31,17.021126377559675,10.868380970440326
Will Klein,FF,79,11.03949422926994,10.270305121370258
Will Klein,SL,29,14.408984741410876,12.46739780665488
Will Smith,ALL,661,10.515159202532853,9.292385489087524
Will Smith,CH,96,9.932604047335676,8.892837792005619
Will Smith,CU,75,10.954916149443925,9.303810512164771
Will Smith,FF,191,10.703860413837669,9.537363189702399
Will Smith,SL,299,10.49891891768681,9.292385489087524
Will Vest,ALL,1142,11.300264061441803,9.39373391404732
Will Vest,CH,111,16.916458343940995,9.215645201879266
Will Vest,FF,653,9.974284503850223,8.9933572157842
Will Vest,SI,142,11.880351123675105,8.489399274395424
Will Vest,SL,236,12.44943466675089,11.454793021552174
Will Warren,ALL,439,9.736342512397524,8.71910710372941
Will Warren,CH,55,13.062740134109012,9.05134710395197
Will Warren,FC,18,10.215583619214115,9.245113815918383
Will Warren,FF,133,9.477650750163752,9.51261434298671
Will Warren,SI,116,7.599102503027995,7.494295602212874
Will Warren,ST,117,11.194892210666175,9.216043373982059
Willi Castro,ALL,14,9.928059743398585,11.958920750553172
Willi Castro,EP,12,12.174694739134175,14.45540570506046
Willi Castro,FA,2,6.680651535925524,3.8270411749892377
Xzavion Curry,ALL,575,11.399497247371015,10.292875329351668
Xzavion Curry,CH,5,11.399497247371015,13.661779249072309
Xzavion Curry,CU,83,13.03451994838734,12.167180095001704
Xzavion Curry,FF,285,11.63972695324056,10.007089772846408
Xzavion Curry,FS,6,15.5958629848036,15.514530577717146
Xzavion Curry,SL,195,10.096995442241802,10.286055161266493
Xzavion Curry,ST,1,9.892103053260698,7.893866115409582
Yariel Rodríguez,ALL,1446,11.234483844945025,10.530998105567328
Yariel Rodríguez,CU,156,12.734971928710706,11.971413700663145
Yariel Rodríguez,FF,594,10.512549258628896,9.78590135327697
Yariel Rodríguez,FS,136,15.635729299260545,11.091581305635588
Yariel Rodríguez,SI,157,11.287697485567707,9.937518537082816
Yariel Rodríguez,SL,403,10.642494332090074,10.777303729923318
Yency Almonte,ALL,240,13.463200888702923,10.302826229352998
Yency Almonte,CH,7,11.790560002126348,12.294926596886775
Yency Almonte,FC,33,13.59723035008501,9.929382498967383
Yency Almonte,FF,30,11.626683981995901,11.504657671431886
Yency Almonte,SI,86,13.463200888702923,9.687168573548927
Yency Almonte,ST,84,14.505010268078966,10.601172573016022
Yennier Cano,ALL,950,9.66810551774237,8.661430049200444
Yennier Cano,CH,233,9.891475410511037,8.01605251021193
Yennier Cano,FF,114,8.991308642645146,8.708263083830015
Yennier Cano,SI,479,8.987899932319378,8.698065608374463
Yennier Cano,SL,95,12.89186712131697,9.966893288699309
Yennier Cano,ST,29,13.264634676197632,9.086286262789269
Yerry Rodríguez,ALL,425,11.647591624044866,10.278255956372373
Yerry Rodríguez,CH,48,10.136078739252195,9.52631075448576
Yerry Rodríguez,FF,240,11.63295076280383,10.379469662444091
Yerry Rodríguez,SI,7,17.764506443812135,17.44578933513797
Yerry Rodríguez,SL,130,11.763316020516196,10.473518945382889
Yilber Díaz,ALL,458,11.767440835203141,11.14768114207822
Yilber Díaz,FF,265,11.017398157676075,10.320121250995571
Yilber Díaz,KC,64,14.795260066024902,14.551568545967207
Yilber Díaz,SI,2,17.30200281261802,17.96736744919508
Yilber Díaz,SL,127,12.201616858631326,11.244308006543688
Yimi García,ALL,592,10.031670799351694,9.349398223453932
Yimi García,CH,57,15.78073688703349,14.90112356201711
Yimi García,CU,113,9.624265180679783,9.789831729003865
Yimi García,FF,222,9.88808146771099,8.59710035305892
Yimi García,SI,94,9.355679610785806,7.7118567035064025
Yimi García,SL,27,7.935347420653425,8.972530415399442
Yimi García,ST,79,9.83385892360786,9.606457836533425
Yoendrys Gómez,ALL,210,11.171162942544168,9.539017512463733
Yoendrys Gómez,CH,17,11.01429409243711,8.464555529505018
Yoendrys Gómez,CU,22,10.54035579619797,7.205393959344697
Yoendrys Gómez,FC,1,14.809742126055399,13.00307743410751
Yoendrys Gómez,FF,74,10.51734745903768,8.892780290800706
Yoendrys Gómez,SL,24,10.437417377827254,9.594329158650291
Yoendrys Gómez,ST,72,13.543541193606158,10.980521439580079
Yohan Ramírez,ALL,715,12.61006917589666,10.938006012039605
Yohan Ramírez,CU,102,16.207198841540126,13.62545590742675
Yohan Ramírez,FF,123,10.761354788245056,8.448788128641546
Yohan Ramírez,SI,279,11.284957920533412,10.468260973943567
Yohan Ramírez,ST,211,14.506293280000325,12.57760960999514
Yonny Chirinos,ALL,498,10.774250910945977,9.66406109516553
Yonny Chirinos,FF,83,9.716300848432626,9.311051708437006
Yonny Chirinos,FS,74,14.57045863840445,12.962297562409745
Yonny Chirinos,SI,151,9.974817392304468,8.567375638106462
Yonny Chirinos,SL,190,11.044745173184989,9.647843209478726
Yoshinobu Yamamoto,ALL,1380,11.045005785819946,8.579723347925892
Yoshinobu Yamamoto,CU,315,10.885417463226801,9.335561352445158
Yoshinobu Yamamoto,FC,87,9.025667756438551,8.227135449980201
Yoshinobu Yamamoto,FF,560,12.669074703554287,7.921271284330286
Yoshinobu Yamamoto,FS,337,9.971363353399848,9.664592041442654
Yoshinobu Yamamoto,SI,38,7.3026025385246545,6.817855592350975
Yoshinobu Yamamoto,SL,42,9.473260087488072,9.04380069477281
Yoshinobu Yamamoto,ST,1,9.840746008799586,9.871350275014382
Yosver Zulueta,ALL,258,11.511251075488154,10.866504510978446
Yosver Zulueta,CH,2,8.187521285927929,7.336998435364071
Yosver Zulueta,FF,10,14.514921337298368,12.820122181943965
Yosver Zulueta,SI,162,11.401427911176684,10.731330765257574
Yosver Zulueta,SL,82,11.370836145897954,10.883191708518467
Yosver Zulueta,ST,2,13.238320467730828,12.97596986489196
Yu Darvish,ALL,1214,11.534269278007503,9.744378083021413
Yu Darvish,CH,60,10.74709602238752,10.849940769890022
Yu Darvish,CU,104,11.497764384967859,10.8613808615351
Yu Darvish,FC,58,14.363924479902622,10.676994294697472
Yu Darvish,FF,225,11.877547927880478,10.461157347884999
Yu Darvish,FS,50,12.605567076382318,11.168859332563652
Yu Darvish,KC,59,10.64998572852503,9.42848274492702
Yu Darvish,SI,207,11.679502545379282,9.580465762640944
Yu Darvish,SL,280,10.518940136950157,8.81232044915755
Yu Darvish,ST,171,11.252854073439455,8.590396771125217
Yuki Matsui,ALL,1019,12.257028536730344,10.752952718738275
Yuki Matsui,CU,10,17.64994839101787,20.111121352888286
Yuki Matsui,FF,414,10.637019903734393,10.234152351129605
Yuki Matsui,FS,250,14.797321559982532,11.28892674270167
Yuki Matsui,SI,1,1.114386071003165,3.4868643705005895
Yuki Matsui,SL,279,12.57272379045889,11.17846237471143
Yuki Matsui,ST,65,13.366963642217511,10.128819130126251
Yunior Marte,ALL,465,10.574566166607488,10.105477579753261
Yunior Marte,FC,4,18.240833182725403,16.907215336347008
Yunior Marte,FF,64,11.990586906799386,11.633860706747118
Yunior Marte,FS,29,14.69701872339835,15.002978242274528
Yunior Marte,SI,174,9.15572465385437,9.032590628848478
Yunior Marte,SL,194,10.431864478137541,10.277657895967979
Yusei Kikuchi,ALL,2690,10.636593928846427,9.894028108339871
Yusei Kikuchi,CH,294,15.08185959329629,12.30055653147484
Yusei Kikuchi,CU,484,12.015669605316958,10.421809115495277
Yusei Kikuchi,FF,1268,9.553145412170839,9.72091974837884
Yusei Kikuchi,SL,644,10.513268924564363,9.23690195551719
Zac Gallen,ALL,2182,10.652055585238578,8.830860600461136
Zac Gallen,CH,290,10.653811875408472,8.428131946764221
Zac Gallen,FC,81,10.209113872874173,10.262261967855775
Zac Gallen,FF,987,9.147123243774528,8.916417814090794
Zac Gallen,KC,627,13.619339479570124,8.676687572700521
Zac Gallen,SI,29,8.820469005916378,8.573669164986258
Zac Gallen,SL,168,10.003762685162343,8.802603896508241
Zac Kristofak,ALL,39,11.582570193314274,10.809335137798504
Zac Kristofak,CH,6,9.137160464611743,11.334750063749627
Zac Kristofak,CU,2,7.160455150402706,6.073824842554012
Zac Kristofak,FF,17,13.05513054787442,10.864068594932657
Zac Kristofak,SL,14,13.620138490849937,10.581670910720888
Zach Brzykcy,ALL,98,12.89414505676094,9.748382704311856
Zach Brzykcy,CH,21,14.136637021265642,11.725373385384467
Zach Brzykcy,CU,23,9.384120579716454,8.088540856979467
Zach Brzykcy,FF,54,13.279461516795347,9.980944293680155
Zach Eflin,ALL,2339,10.191025613609321,8.543104260563195
Zach Eflin,CH,133,11.09572068027936,8.88861396048834
Zach Eflin,CU,443,14.437186493520864,9.865202851089522
Zach Eflin,FC,668,8.120321606821573,7.591491842530941
Zach Eflin,FF,199,9.261371462921899,9.352009179897948
Zach Eflin,SI,661,10.663261791282771,8.016765932719943
Zach Eflin,SL,5,9.5982214612852,9.298742215264118
Zach Eflin,ST,230,10.145376490953836,9.530209777794264
Zach Logue,ALL,42,11.493110707868128,8.967561810040475
Zach Logue,CH,2,10.149058238233204,8.54571842709883
Zach Logue,CU,5,8.649525102910328,7.391056785316094
Zach Logue,FC,2,4.25798084239833,7.0105311637190475
Zach Logue,FF,31,12.693330213156816,9.416791841216428
Zach Logue,SI,2,3.509019073256544,3.8069081698713902
Zach McKinstry,ALL,17,22.265372597195885,15.456751983573433
Zach McKinstry,CS,9,25.864678208952636,10.04685108541841
Zach McKinstry,EP,3,20.58203295127129,33.75850865130569
Zach McKinstry,FA,5,16.654126327000743,15.456751983573433
Zach Penrod,ALL,84,13.658965564881289,11.669919750939169
Zach Penrod,CH,24,16.20280734025126,11.480202869387117
Zach Penrod,FF,39,12.220289310742304,12.402952831105999
Zach Penrod,SL,21,13.22648517590651,9.774332703495308
Zach Plesac,ALL,197,15.985701662970472,11.454191030644457
Zach Plesac,CH,46,15.264904450900833,12.08793819046199
Zach Plesac,CU,10,23.523863729235728,21.990098161312527
Zach Plesac,FF,89,15.226788883417504,10.467035959277236
Zach Plesac,SL,52,18.171607830915832,11.986474787379954
Zach Pop,ALL,717,12.015870128552269,9.725723049852734
Zach Pop,CH,1,15.007026686981868,21.964734873598932
Zach Pop,CU,1,0.8376894887371897,7.407326309369097
Zach Pop,FC,87,11.51196609757491,10.628729803908783
Zach Pop,FF,3,17.102826259492964,17.206206165714836
Zach Pop,SI,519,11.810789880855319,9.417690131305156
Zach Pop,SL,106,14.85097613887607,10.164383433464913
Zack Kelly,ALL,921,11.162761524693527,10.709421154571697
Zack Kelly,CH,194,12.139170150014948,11.406145952635278
Zack Kelly,FC,200,9.753131348570015,9.23858777402084
Zack Kelly,FF,278,12.035759286446938,11.191476677984348
Zack Kelly,ST,249,11.0721430460504,11.153240403508518
Zack Littell,ALL,2303,11.278227990436216,9.121463801079294
Zack Littell,FF,520,8.99315749902409,8.416890226599167
Zack Littell,FS,528,16.755366260307948,10.104052378389419
Zack Littell,SI,327,11.539344060144446,8.712703493811587
Zack Littell,SL,810,9.604090288574588,8.963337770486127
Zack Littell,ST,118,13.481480518040158,11.506596380030931
Zack Thompson,ALL,223,12.555357649906009,10.836898986475779
Zack Thompson,CU,31,12.820817781991858,11.17604132831468
Zack Thompson,FF,86,12.1501634069234,9.52137128297736
Zack Thompson,FO,50,13.760977491608894,12.418764708738003
Zack Thompson,SL,56,11.084670698537614,11.674277297582558
Zack Wheeler,ALL,2935,9.83110091973038,8.610955451136487
Zack Wheeler,CU,296,15.893679060805125,10.23300785314257
Zack Wheeler,FC,287,9.641243858812352,9.702660755280126
Zack Wheeler,FF,1214,8.964573612493588,7.881802044931469
Zack Wheeler,FS,216,12.936889139299442,9.64665805173212
Zack Wheeler,SI,566,9.099143038417473,8.459254749597116
Zack Wheeler,ST,356,9.778906270694739,9.55703749875848
Zebby Matthews,ALL,545,9.942738753267808,9.247702123330365
Zebby Matthews,CH,49,16.348612032855247,13.76605004576344
Zebby Matthews,CU,32,11.930758154496914,9.6319900930277
Zebby Matthews,FC,88,8.032285493200682,8.725532525122196
Zebby Matthews,FF,243,9.044456422900039,8.549899203452819
Zebby Matthews,SL,133,11.023784438441517,9.293098165733024
