Rk,Player,Age,Team,Lg,WAR,G,PA,AB,R,H,2B,3B,HR,RBI,SB,CS,BB,SO,BA,OBP,SLG,OPS,OPS+,rOBA,Rbat+,TB,GIDP,HBP,SH,SF,IBB,Pos,Awards,Player-additional
1,Pete Crow-Armstrong*,24,CHC,NL,9.6,153,687,592,115,167,29,8,44,105,37,7,78,178,.282,.375,.581,.956,159,.411,156,344,2,12,1,4,6,*8/DH,AS,crowape01
2,Alex Bregman,32,CHC,NL,5.2,150,681,590,88,156,32,2,26,88,3,1,73,100,.264,.354,.458,.812,122,.359,124,270,19,12,0,6,2,*5D/H,,bregmal01
3,Iván Herrera,26,STL,NL,2.7,152,678,570,93,138,25,1,16,65,8,0,74,124,.242,.355,.374,.729,110,.341,120,213,18,29,0,5,5,D2/3H,AS,herreiv01
4,Gunnar Henderson*,25,BAL,AL,2.7,151,673,597,86,132,26,5,23,58,10,5,65,148,.221,.306,.397,.703,99,.312,98,237,9,9,0,2,3,*6/DH,,hendegu01
5,Michael Busch*,28,CHC,NL,1.4,151,671,568,74,135,27,2,19,76,3,1,86,155,.238,.347,.393,.740,104,.334,106,223,10,12,0,5,1,*3/H,,buschmi02
6,Pete Alonso,31,BAL,AL,4.3,153,665,573,91,153,24,0,37,102,5,1,77,160,.267,.361,.503,.864,143,.377,143,288,13,10,0,5,5,*3D,,alonspe01
7,Fernando Tatis Jr.,27,SDP,NL,4.0,150,664,591,90,169,29,3,23,78,35,13,60,122,.286,.354,.462,.816,128,.363,131,273,15,6,1,6,6,*94/DH,,tatisfe02
8,Kevin McGonigle*,21,DET,AL,6.7,147,663,566,94,155,26,4,17,65,12,4,91,90,.274,.376,.424,.800,124,.363,129,240,5,3,0,3,1,65/D,AS,mcgonke01
9,Matt Olson*,32,ATL,NL,4.2,153,662,592,96,148,33,0,39,86,4,0,63,167,.250,.323,.503,.827,124,.358,123,298,11,3,0,4,5,*3/9,AS,olsonma02
10,Bryan Reynolds#,31,PIT,NL,3.4,152,662,565,101,148,36,2,17,71,9,0,84,155,.262,.366,.423,.789,114,.354,115,239,9,10,0,3,3,*79D/H,,reynobr01
11,Miguel Vargas,26,CHW,AL,4.6,150,662,558,98,139,30,1,31,84,19,2,90,119,.249,.357,.473,.830,131,.368,130,264,11,7,0,6,5,*53/DH,AS,vargami01
12,Junior Caminero,22,TBR,AL,5.6,151,659,578,93,161,23,1,41,96,3,3,74,121,.279,.363,.535,.897,148,.380,144,309,25,4,0,3,13,*5/3,AS,caminju01
13,Zach Neto,25,LAA,AL,5.1,147,657,585,96,142,29,5,26,74,21,11,58,200,.243,.324,.443,.767,118,.336,117,259,3,13,0,1,1,*6/DH,,netoza01
14,Sal Stewart,22,CIN,NL,2.3,152,657,583,83,157,25,0,31,108,15,6,61,143,.269,.338,.472,.810,123,.354,123,275,15,4,0,9,5,*35D/4H,AS,stewasa02
15,Kyle Schwarber*,33,PHI,NL,2.7,146,655,548,90,130,17,1,45,95,3,1,94,212,.237,.352,.518,.870,130,.372,127,284,3,6,0,6,6,*D/37H,AS,schwaky01
16,Trea Turner,33,PHI,NL,-0.3,147,654,605,96,145,27,1,19,57,20,4,42,139,.240,.292,.382,.674,79,.303,75,231,11,4,0,3,1,*6/DH,,turnetr01
17,Nico Hoerner,29,CHC,NL,2.0,150,653,596,60,157,28,1,8,69,22,4,41,56,.263,.315,.354,.669,85,.314,89,211,13,8,0,8,0,*46/H,,hoernni01
18,Yandy Díaz,34,TBR,AL,2.8,146,650,582,86,173,25,1,22,81,3,1,52,93,.297,.362,.457,.819,128,.361,128,266,15,10,0,6,6,*D,AS,diazya01
19,Otto Lopez,27,MIA,NL,5.7,149,650,595,89,182,31,9,10,69,31,5,36,85,.306,.348,.439,.786,121,.359,126,261,13,8,0,11,0,*6/DH,AS,lopezot01
20,Ozzie Albies#,29,ATL,NL,1.6,153,649,583,84,143,27,1,22,71,4,4,45,94,.245,.300,.408,.709,93,.307,88,238,7,7,0,14,1,*4/DH,AS,albieoz01
21,Bo Bichette,28,NYM,NL,0.7,150,649,596,72,157,24,2,16,74,2,2,44,118,.263,.313,.391,.704,97,.307,93,233,16,2,0,7,0,*56/DH4,,bichebo01
22,Bryce Harper*,33,PHI,NL,3.4,152,648,537,90,145,31,3,28,83,7,6,103,139,.270,.384,.495,.880,134,.380,135,266,18,1,0,7,3,*39D,AS,harpebr03
23,Yordan Alvarez*,29,HOU,AL,6.1,148,647,529,96,164,31,1,39,98,1,0,103,115,.310,.428,.594,1.022,188,.428,184,314,7,10,0,5,32,*D7,AS,alvaryo01
24,Wilyer Abreu*,27,BOS,AL,5.7,148,644,564,80,143,36,4,24,74,8,4,67,130,.254,.332,.459,.792,122,.344,120,259,9,3,1,7,3,*9/D,,abreuwi02
25,Alec Burleson*,27,STL,NL,3.6,152,642,577,85,164,37,1,23,111,4,0,55,112,.284,.350,.471,.822,133,.357,132,272,12,6,0,4,4,*3/HD,,burleal01
26,Brice Turang*,26,MIL,NL,6.9,141,640,544,96,144,34,3,19,93,19,5,88,156,.265,.367,.443,.810,123,.365,128,241,8,1,5,2,3,*4/6H,,turanbr02
27,Geraldo Perdomo#,26,ARI,NL,4.4,148,639,528,66,133,19,6,9,50,20,9,89,80,.252,.360,.362,.722,102,.336,110,191,10,5,9,8,0,*6/H,,perdoge01
28,Manny Machado,33,SDP,NL,1.8,148,635,551,79,122,22,0,28,83,5,4,74,133,.221,.311,.414,.725,102,.323,105,228,19,1,1,8,3,*5D,,machama01
29,Jonathan Aranda*,28,TBR,AL,2.1,146,634,550,71,153,24,0,21,89,0,1,65,150,.278,.361,.436,.798,123,.351,122,240,14,11,0,8,3,*3/HD,,arandjo01
30,Corbin Carroll*,25,ARI,NL,4.8,147,634,550,88,131,30,16,21,67,21,3,70,145,.238,.330,.465,.795,118,.349,116,256,7,8,0,6,4,*9/DH,AS,carroco02
31,Rafael Devers*,29,SFG,NL,3.7,148,633,558,88,144,36,1,37,98,0,0,69,161,.258,.340,.525,.865,140,.367,137,293,13,2,0,4,7,3D,,deverra01
32,Jordan Walker,24,STL,NL,3.7,149,631,575,93,160,33,0,28,100,20,5,48,161,.278,.336,.482,.818,131,.365,136,277,14,4,0,4,1,*9/DH,AS,walkejo02
33,Randy Arozarena,31,SEA,AL,5.1,145,630,540,103,150,30,1,25,75,23,8,63,135,.278,.375,.476,.851,145,.384,152,257,17,23,0,4,1,*7/D,AS,arozara01
34,Jackson Merrill*,23,SDP,NL,3.4,149,628,579,79,148,25,4,25,83,26,4,39,148,.256,.304,.442,.747,107,.329,103,256,8,3,4,3,3,*8/H,,merrija01
35,Ben Rice*,27,NYY,AL,3.3,145,628,542,98,142,22,3,38,92,3,0,78,152,.262,.360,.524,.884,143,.385,144,284,11,6,0,2,4,D3/H,AS,ricebe01
36,Luis Arraez*,29,2TM,NL,3.2,144,626,570,66,180,33,7,6,61,10,1,33,26,.316,.352,.430,.781,117,.346,116,245,15,5,6,12,4,*4/H5D,AS,arraelu01
36,Luis Arraez*,29,SFG,NL,3.0,105,464,420,52,136,23,7,4,43,10,0,25,21,.324,.360,.440,.801,126,.356,126,185,7,4,6,9,4,*4/5DH,,arraelu01
36,Luis Arraez*,29,PHI,NL,0.2,39,162,150,14,44,10,0,2,18,0,1,8,5,.293,.327,.400,.727,94,.315,89,60,8,1,0,3,0,4/H,,arraelu01
37,Jo Adell,27,2TM,AL,0.2,150,620,568,65,136,25,1,22,92,4,0,29,151,.239,.295,.403,.698,98,.314,100,229,17,18,0,5,1,*97D/H8,,adelljo01
37,Jo Adell,27,LAA,AL,-0.2,111,456,423,46,101,16,1,16,62,3,0,16,108,.239,.287,.395,.682,94,.303,92,167,12,14,0,3,0,*9/7D8H,,adelljo01
37,Jo Adell,27,CLE,AL,0.5,39,164,145,19,35,9,0,6,30,1,0,13,43,.241,.317,.428,.745,110,.347,121,62,5,4,0,2,1,9/7DH,,adelljo01
38,Freddie Freeman*,36,LAD,NL,2.7,144,619,543,72,159,32,1,16,66,7,0,65,106,.293,.370,.444,.814,124,.360,124,241,20,5,0,6,3,*3/D,AS,freemfr01
39,Daylen Lile*,23,WSN,NL,2.0,151,619,569,77,143,27,8,21,85,15,7,39,121,.251,.304,.438,.741,102,.321,97,249,6,6,0,5,3,*7D9H,,lileda01
40,Julio Rodríguez,25,SEA,AL,2.8,142,619,564,68,137,24,0,21,66,22,3,46,140,.243,.304,.397,.701,102,.317,102,224,9,5,0,4,3,*8/DH,,rodriju01
41,Brandon Nimmo*,33,TEX,AL,1.5,146,618,559,59,147,34,4,14,61,7,1,48,136,.263,.327,.413,.740,114,.327,112,231,12,7,0,4,2,*9/D8H,,nimmobr01
42,CJ Abrams*,25,WSN,NL,4.5,143,617,546,88,144,30,3,30,96,29,6,53,150,.264,.339,.495,.833,126,.366,125,270,9,12,0,6,3,*6D/4H,AS,abramcj01
43,Brandon Lowe*,31,PIT,NL,4.9,141,617,550,89,143,28,1,31,88,2,0,58,179,.260,.329,.484,.813,117,.352,115,266,6,2,0,7,1,*4D/H,,lowebr01
44,Isaac Paredes,27,HOU,AL,3.8,145,615,526,62,135,26,1,21,86,0,0,64,84,.257,.354,.430,.784,123,.355,128,226,16,19,0,6,0,*53/D4H,,paredis01
45,Chase Meidroth,24,CHW,AL,3.9,146,613,539,83,146,29,0,14,56,3,2,59,135,.271,.346,.403,.749,109,.335,111,217,8,5,5,4,0,*46/5H,,meidrch01
46,Josh Naylor*,29,SEA,AL,0.8,143,612,562,57,153,22,0,10,52,29,7,42,77,.272,.327,.365,.692,101,.320,103,205,17,5,0,2,3,*3,,naylojo01
47,Carson Benge*,23,NYM,NL,3.4,146,609,555,78,150,19,3,18,58,22,5,46,134,.270,.333,.413,.746,109,.341,114,229,7,7,0,1,1,*978/HD,,bengeca01
48,William Contreras,28,MIL,NL,2.6,139,607,538,80,146,26,1,17,86,1,2,57,88,.271,.341,.418,.759,109,.333,108,225,13,4,0,8,6,*2D/H,AS,contrwi02
49,Cole Young*,22,SEA,AL,4.3,152,606,551,71,136,18,4,17,65,3,5,38,104,.247,.309,.387,.696,101,.307,101,213,9,13,1,3,0,*4/6H,,youngco01
50,Colson Montgomery*,24,CHW,AL,1.9,144,604,536,68,109,23,0,31,84,1,1,52,211,.203,.290,.420,.710,96,.313,95,225,7,14,0,2,3,*65/DH,,montgco01
51,Taylor Ward,32,2TM,AL,1.8,140,604,495,70,110,20,1,7,35,4,3,99,130,.222,.358,.309,.667,93,.315,101,153,9,7,0,3,2,*7D9/H,,wardta01
51,Taylor Ward,32,BAL,AL,2.7,111,506,410,64,101,20,0,7,30,4,3,87,103,.246,.383,.346,.730,111,.337,116,142,7,6,0,3,2,7D,,wardta01
51,Taylor Ward,32,SEA,AL,-0.9,29,98,85,6,9,0,1,0,5,0,0,12,27,.106,.224,.129,.354,6,.200,23,11,2,1,0,0,0,9D/H,,wardta01
52,Ian Happ#,31,CHC,NL,2.6,147,602,515,84,113,26,2,23,65,4,1,78,180,.219,.329,.412,.741,103,.332,105,212,11,7,1,1,3,*7/HD,,happia01
53,Kazuma Okamoto,30,TOR,AL,2.5,147,600,537,79,126,24,0,33,88,1,1,54,175,.235,.310,.464,.774,110,.339,109,249,13,6,0,3,0,*53/DH,,okamoka01
54,Steven Kwan*,28,CLE,AL,4.9,143,599,509,77,141,21,2,3,30,10,3,78,59,.277,.375,.344,.719,107,.339,116,175,10,4,4,3,1,*78/HD,,kwanst01
55,Austin Riley,29,ATL,NL,0.8,151,598,537,61,119,21,2,17,69,9,2,46,190,.222,.294,.363,.657,80,.296,78,195,11,11,0,4,1,*5/H,,rileyau01
56,TJ Rumfield*,26,COL,NL,3.6,146,597,516,62,155,29,3,15,69,0,0,69,81,.300,.392,.455,.847,122,.379,127,235,5,10,0,2,0,*3D/H,,rumfitj01
57,Seiya Suzuki,31,CHC,NL,4.8,135,597,512,92,136,30,1,24,81,3,0,77,144,.266,.365,.469,.834,128,.372,133,240,13,5,0,3,4,*9D/H,,suzukse01
58,Shohei Ohtani*,31,LAD,NL,3.4,130,596,502,89,139,25,4,30,80,11,3,80,144,.277,.380,.522,.902,146,.386,144,262,9,7,0,5,16,*D1/H,AS,ohtansh01
59,Christian Walker,35,HOU,AL,1.7,147,596,537,66,119,25,1,25,80,0,0,47,138,.222,.295,.412,.707,99,.318,102,221,14,10,0,2,2,*3/HD,,walkech02
60,Elly De La Cruz#,24,CIN,NL,5.6,133,593,524,94,150,29,5,28,74,26,8,64,162,.286,.364,.521,.885,144,.390,147,273,6,2,0,3,1,*6/D,,delacel01
61,Josh Bell#,33,MIN,AL,0.8,145,592,534,75,135,28,1,20,88,2,0,48,119,.253,.316,.421,.738,107,.326,105,225,19,4,0,5,0,*D3/H,,belljo02
62,Salvador Perez,36,KCR,AL,-0.5,142,592,547,48,125,23,1,19,72,1,0,23,112,.229,.273,.378,.651,83,.289,80,207,20,13,0,7,3,D23/H,,perezsa02
63,Mike Trout,34,LAA,AL,3.9,133,592,481,81,116,25,0,21,52,11,0,98,155,.241,.379,.424,.803,131,.367,136,204,10,10,0,2,11,*8D,AS,troutmi01
64,Ernie Clement,30,TOR,AL,1.6,149,591,560,60,150,31,1,9,48,7,1,22,55,.268,.294,.375,.669,83,.303,82,210,11,2,0,7,0,*465/H7,AS,clemeer01
65,Bobby Witt Jr.,26,KCR,AL,6.3,133,590,518,84,144,30,1,18,54,42,8,65,102,.278,.359,.444,.803,127,.364,126,230,7,3,0,4,12,*6/D,AS,wittbo02
66,JJ Wetherholt*,23,STL,NL,4.6,131,589,508,88,122,14,0,17,48,14,1,63,96,.240,.341,.368,.709,104,.329,110,187,5,16,0,2,2,*46/H,,wethejj01
67,Alec Bohm,29,PHI,NL,-0.1,145,588,530,56,133,28,1,15,84,2,0,44,84,.251,.316,.392,.709,89,.322,91,208,19,9,0,5,1,*53/H,,bohmal01
68,Kyle Tucker*,29,LAD,NL,0.4,144,588,504,83,114,21,4,15,66,11,0,75,102,.226,.327,.373,.700,93,.320,93,188,6,3,0,6,1,*9/H,,tuckeky01
69,Xavier Edwards#,26,MIA,NL,2.9,140,587,511,61,144,17,6,6,52,21,5,67,80,.282,.361,.374,.735,109,.333,109,191,13,0,3,6,4,*4/DH,,edwarxa01
70,Michael Harris II*,25,ATL,NL,4.5,147,587,559,73,162,32,1,25,83,11,3,21,116,.290,.316,.485,.801,117,.350,117,271,3,2,2,3,1,*8/HD7,,harrimi04
71,Brooks Lee#,25,MIN,AL,2.3,146,587,544,66,134,23,3,23,79,8,5,36,97,.246,.297,.426,.723,102,.321,103,232,10,4,1,2,1,56/H,,leebr02
72,Vladimir Guerrero Jr.,27,TOR,AL,1.4,138,586,520,71,136,24,0,9,56,7,4,55,77,.262,.334,.360,.694,92,.311,90,187,19,5,0,6,5,*3D/H,AS,guerrvl02
73,Mauricio Dubón,31,ATL,NL,2.5,145,585,540,62,147,26,3,11,70,9,3,34,68,.272,.318,.393,.711,95,.320,96,212,10,4,1,3,0,768/54HD,,dubonma01
74,Ketel Marte#,32,ARI,NL,2.2,132,585,527,71,132,29,3,22,74,4,0,47,84,.250,.316,.442,.758,108,.326,102,233,6,6,0,5,5,*4D/H,,marteke01
75,James Wood*,23,WSN,NL,3.8,126,585,479,102,127,29,1,30,75,21,3,98,166,.265,.391,.518,.909,148,.394,146,248,5,4,0,4,10,9D7/H,AS,woodja03
76,Jakob Marsee*,25,MIA,NL,1.7,147,584,489,78,111,19,6,11,39,23,12,74,120,.227,.344,.358,.702,100,.321,104,175,4,14,6,1,1,*8H/D,,marseja01
77,Jarren Duran*,29,BOS,AL,0.3,142,582,530,65,108,15,4,20,69,19,4,37,162,.204,.260,.360,.621,74,.278,69,191,5,6,2,7,3,*78/DH,,duranja01
78,Luke Keaschall,23,MIN,AL,1.6,143,580,494,75,138,25,1,9,45,18,7,56,82,.279,.372,.389,.761,116,.352,123,192,8,21,2,7,1,498/H,,keasclu01
79,Chandler Simpson*,25,TBR,AL,2.3,143,580,539,63,167,16,6,0,34,42,14,26,46,.310,.338,.362,.700,97,.318,94,195,6,0,9,6,1,*7/H8,,simpsch01
80,Jake Burger,30,TEX,AL,2.1,145,579,521,66,122,22,0,26,84,4,1,51,156,.234,.306,.426,.732,111,.321,109,222,6,4,0,3,0,*3/HD,,burgeja01
81,Dillon Dingler,27,DET,AL,3.8,138,579,525,68,127,25,2,27,88,0,0,32,133,.242,.302,.451,.753,108,.335,110,237,12,15,0,5,0,*2D/H,AS,dingldi01
82,Drake Baldwin*,25,ATL,NL,3.5,130,577,515,80,143,18,0,24,77,3,1,52,125,.278,.352,.452,.804,120,.354,121,233,14,8,0,2,2,2D/H,AS,baldwdr01
83,Xander Bogaerts,33,SDP,NL,1.6,145,576,495,60,110,16,0,11,54,21,1,72,103,.222,.323,.321,.644,83,.307,87,159,12,4,0,5,2,*6/D,,bogaexa01
84,Nick Gonzales,27,PIT,NL,1.5,140,576,522,68,160,26,1,6,60,7,3,41,92,.307,.370,.395,.764,108,.346,111,206,15,12,0,1,0,*54/DH6,,gonzani01
85,Spencer Torkelson,26,DET,AL,0.7,149,575,499,63,113,26,0,24,72,1,1,64,180,.226,.321,.423,.743,107,.326,104,211,12,7,0,4,0,*3H/D,,torkesp01
86,Ceddanne Rafaela,25,BOS,AL,5.5,135,569,535,67,151,32,3,16,70,17,9,21,115,.282,.317,.443,.760,113,.335,114,237,10,8,2,3,1,*8/H,AS,rafaece01
87,Jung Hoo Lee*,27,SFG,NL,0.9,140,568,529,64,145,30,4,9,55,12,1,28,57,.274,.317,.397,.714,101,.321,101,210,6,7,0,4,1,*98/HD,,leeju01
88,Carter Jensen*,22,KCR,AL,3.0,141,567,495,73,115,33,2,24,74,2,1,63,159,.232,.319,.453,.772,116,.338,115,224,4,3,0,6,1,2DH,,jenseca01
89,Bryson Stott*,28,PHI,NL,1.2,145,567,502,65,124,28,6,10,64,25,0,56,97,.247,.324,.386,.711,90,.328,88,194,14,3,3,3,0,*45/H,,stottbr01
90,Brayan Rocchio#,25,CLE,AL,2.3,146,565,509,60,126,22,2,13,67,19,6,36,82,.248,.309,.375,.684,94,.313,96,191,10,11,5,4,0,*64/H,,rocchbr01
91,Nolan Arenado,35,ARI,NL,2.6,143,560,498,71,121,23,1,26,74,4,0,50,113,.243,.320,.450,.770,111,.340,112,224,12,8,0,3,2,*5/DH,,arenano01
92,Ezequiel Durán,27,TEX,AL,4.5,143,557,503,68,136,26,4,17,82,11,4,43,130,.270,.331,.439,.770,123,.342,124,221,6,5,1,5,0,654789/H3,,duranez01
93,Jake McCarthy*,28,COL,NL,2.1,137,555,508,75,150,30,10,15,80,30,5,29,88,.295,.340,.482,.822,113,.362,110,245,8,8,4,5,1,*789/DH,,mccarja02
94,Riley Greene*,25,DET,AL,2.8,131,553,479,75,136,30,2,20,73,3,1,65,147,.284,.371,.480,.851,137,.374,137,230,12,4,0,5,4,*7D/H,AS,greenri03
95,Caleb Durbin,26,BOS,AL,4.1,144,550,477,72,119,23,1,13,64,19,5,48,76,.249,.333,.384,.717,103,.325,104,183,7,14,6,4,1,*5/H,,durbica01
96,Andy Pages,25,LAD,NL,5.5,128,550,493,72,134,25,2,21,80,12,7,45,107,.272,.338,.458,.797,117,.350,119,226,11,7,0,5,1,*8/DH,AS,pagesan01
97,Kody Clemens*,30,MIN,AL,2.7,135,548,498,71,120,22,7,26,76,9,2,38,123,.241,.302,.470,.772,114,.340,114,234,9,7,2,3,1,4379/8H,,clemeko01
98,Jake Bauers*,30,MIL,NL,3.1,136,545,449,88,121,20,2,26,83,11,5,90,142,.269,.394,.497,.891,145,.389,147,223,5,4,0,2,4,*397H/D,,bauerja01
99,Brandon Marsh*,28,PHI,NL,0.3,145,540,501,68,131,19,2,17,58,11,3,32,133,.261,.306,.409,.715,90,.312,83,205,5,2,1,4,5,*798H,AS,marshbr02
100,Hunter Goodman,26,COL,NL,2.4,129,535,482,80,118,19,2,38,81,5,4,44,170,.245,.312,.529,.841,115,.358,113,255,9,5,0,4,3,2D/H,AS,goodmhu01
101,Jackson Chourio,22,MIL,NL,4.3,117,534,489,88,141,27,0,23,67,17,5,41,124,.288,.345,.485,.829,127,.361,125,237,7,2,0,2,5,*78/H9,,chourja01
102,Cody Bellinger*,30,NYY,AL,4.8,125,533,468,71,129,25,3,16,71,12,6,58,83,.276,.351,.444,.795,121,.351,121,208,5,0,0,7,0,*78/39DH,AS,bellico01
103,Cam Smith,23,HOU,AL,1.0,148,530,478,62,102,16,6,20,54,10,2,39,133,.213,.278,.397,.675,90,.299,86,190,9,6,0,6,0,*9/H8,,smithca07
104,Jose Altuve,36,HOU,AL,-0.1,125,529,482,66,117,23,2,15,44,5,3,40,104,.243,.303,.392,.695,97,.310,97,189,18,3,1,3,1,*4/D,,altuvjo01
105,Willson Contreras,34,BOS,AL,4.6,128,529,443,68,122,21,3,27,81,3,3,59,133,.275,.386,.519,.906,155,.398,159,230,9,23,1,3,2,*3/D,AS,contrwi01
106,Max Muncy*,35,LAD,NL,4.0,140,527,457,77,114,23,1,28,71,2,0,63,135,.249,.347,.488,.835,127,.362,126,223,7,6,0,1,4,*5H/D,AS,muncyma01
107,Sam Antonacci*,23,CHW,AL,2.1,132,524,451,75,122,23,4,8,45,18,7,42,81,.271,.367,.392,.759,113,.353,122,177,2,27,3,1,0,*74H/D5,,antonsa01
108,Chase DeLauter*,24,CLE,AL,3.2,125,522,464,57,134,28,3,14,62,11,2,55,76,.289,.362,.453,.815,131,.362,131,210,12,0,0,3,0,9D/H,,delauch01
109,Liam Hicks*,27,2TM,2LG,3.1,134,522,451,63,128,14,1,18,79,3,0,52,51,.284,.367,.439,.806,127,.359,129,198,7,11,1,7,3,2D3H,,hicksli01
109,Liam Hicks*,27,MIA,NL,2.5,101,409,354,54,100,9,1,14,62,3,0,40,39,.282,.363,.432,.795,124,.357,128,153,5,8,1,6,1,D23H,,hicksli01
109,Liam Hicks*,27,TBR,AL,0.6,33,113,97,9,28,5,0,4,17,0,0,12,12,.289,.381,.464,.844,136,.367,133,45,2,3,0,1,2,2/H3,,hicksli01
110,Jazz Chisholm Jr.*,28,NYY,AL,1.4,134,520,461,68,107,16,3,19,55,40,9,54,153,.232,.312,.403,.715,98,.323,93,186,5,1,0,4,3,*4/HD,,chishja01
111,Jac Caglianone*,23,KCR,AL,2.7,135,519,482,66,134,27,2,23,70,6,2,30,138,.278,.328,.485,.813,127,.358,129,234,5,6,0,1,2,93/DH,,caglija01
112,Luis García Jr.*,26,2TM,2LG,3.0,141,519,494,66,140,26,5,30,91,5,2,23,91,.283,.314,.538,.853,130,.368,131,266,9,0,0,2,0,*3HD,,garcilu04
112,Luis García Jr.*,26,WSN,NL,2.2,104,374,357,48,101,20,5,23,76,4,1,16,61,.283,.313,.560,.873,134,.375,135,200,6,0,0,1,0,3H/D,,garcilu04
112,Luis García Jr.*,26,NYY,AL,0.8,37,145,137,18,39,6,0,7,15,1,1,7,30,.285,.317,.482,.799,119,.349,120,66,3,0,0,1,0,3/HD,,garcilu04
113,Daulton Varsho*,29,2TM,AL,0.7,137,515,473,50,106,23,3,11,39,12,0,39,103,.224,.285,.355,.641,77,.292,74,168,4,2,0,1,2,*8/H7D,,varshda01
113,Daulton Varsho*,29,TOR,AL,0.8,99,365,333,39,81,19,2,7,26,9,0,29,71,.243,.307,.375,.682,87,.307,82,125,2,2,0,1,2,8/HD,,varshda01
113,Daulton Varsho*,29,HOU,AL,-0.1,38,150,140,11,25,4,1,4,13,3,0,10,32,.179,.233,.307,.540,53,.257,56,43,2,0,0,0,0,8/7,,varshda01
114,Gabriel Moreno,26,ARI,NL,5.7,122,514,443,65,136,32,1,15,75,6,2,57,77,.307,.385,.485,.871,141,.383,143,215,9,5,0,9,0,2D/H5,,morenga01
115,Marcus Semien,35,NYM,NL,0.4,131,514,464,50,102,14,1,14,48,10,2,42,100,.220,.285,.345,.629,77,.294,81,160,10,2,1,5,0,*4/H,,semiema01
116,JJ Bleday*,28,CIN,NL,1.1,124,512,436,56,93,16,2,22,56,6,5,69,114,.213,.323,.411,.733,103,.326,106,179,6,3,0,3,1,*79/DH,,bledajj01
117,Masyn Winn,24,STL,NL,2.7,129,511,452,52,107,20,2,5,54,10,2,45,108,.237,.311,.323,.634,83,.294,86,146,9,7,0,7,0,*6/H,,winnma01
118,Munetaka Murakami*,26,CHW,AL,1.6,117,508,416,75,84,14,0,31,65,1,3,87,181,.202,.344,.459,.804,123,.345,119,191,3,4,0,1,8,*3/DH,AS,murakmu01
119,José Ramírez#,33,CLE,AL,2.1,117,506,439,64,101,26,0,11,49,33,4,57,66,.230,.319,.364,.683,95,.321,95,160,4,3,0,6,8,5D/H,,ramirjo01
120,Willy Adames,30,SFG,NL,1.5,121,505,465,62,107,25,1,21,51,5,2,37,139,.230,.289,.424,.713,99,.318,101,197,3,2,0,1,0,*6,,adamewi01
121,Lawrence Butler*,25,ATH,AL,0.2,144,495,434,57,99,17,1,16,58,10,4,56,131,.228,.318,.382,.700,92,.317,93,166,5,2,1,2,1,*98H/D,,butlela01
122,Isaac Collins#,28,KCR,AL,0.9,137,495,421,47,93,24,3,6,40,8,5,62,110,.221,.327,.335,.662,89,.304,92,141,7,6,3,3,0,*7H/4D,,colliis01
123,Cal Raleigh#,29,SEA,AL,1.1,118,495,422,47,77,14,0,22,66,2,1,66,154,.182,.295,.372,.667,92,.298,92,157,5,3,0,4,0,2D/H,,raleica01
124,George Springer,36,TOR,AL,0.9,119,493,438,57,111,22,2,15,53,12,2,47,88,.253,.329,.416,.744,104,.339,106,182,10,3,0,2,0,*DH/7,,springe01
125,Dominic Canzone*,28,SEA,AL,2.4,137,492,443,55,114,25,4,22,69,2,1,42,106,.257,.327,.481,.808,131,.348,128,213,8,5,0,2,2,D9H,,canzodo01
126,Garrett Mitchell*,27,MIL,NL,3.5,135,492,428,68,115,29,4,11,65,14,9,56,153,.269,.360,.432,.793,119,.345,117,185,4,6,1,1,3,*8H/D,,mitchga01
127,Mookie Betts,33,LAD,NL,3.0,114,488,444,64,111,20,0,20,62,2,3,41,54,.250,.316,.430,.746,103,.328,104,191,14,2,0,1,3,*6,,bettsmo01
128,Kyle Stowers*,28,MIA,NL,1.1,115,487,426,53,102,26,4,19,61,1,1,49,157,.239,.329,.453,.782,119,.339,117,193,8,9,1,2,5,379D/H,,stoweky01
129,Andrés Giménez*,27,TOR,AL,0.9,141,485,448,36,109,23,1,9,57,20,4,16,91,.243,.288,.359,.647,77,.288,69,161,7,14,2,5,2,*6H,,gimenan01
130,Trent Grisham*,29,NYY,AL,0.6,121,484,418,67,88,19,2,18,59,9,3,61,89,.211,.308,.395,.703,95,.316,95,165,8,0,0,4,0,*8H/D,,grishtr01
131,Jeff McNeil*,34,ATH,AL,0.7,134,484,445,49,120,22,0,8,54,8,2,28,54,.270,.317,.373,.690,90,.309,86,166,12,5,1,4,1,43H/D957,,mcneije01
132,Travis Bazzana*,23,CLE,AL,2.4,115,483,417,52,104,20,2,14,56,19,6,54,98,.249,.342,.408,.749,113,.336,112,170,2,7,0,5,1,*4D/H,AS,bazzatr01
133,Cedric Mullins*,31,TBR,AL,0.7,129,479,417,53,84,10,3,14,45,19,9,42,92,.201,.283,.341,.624,74,.280,71,142,3,7,6,4,0,*8/HD,,mullice01
134,Ezequiel Tovar,24,COL,NL,-0.7,138,479,438,52,94,21,0,11,42,7,1,29,122,.215,.262,.338,.600,56,.273,50,148,8,2,2,8,0,*6/H,,tovarez01
135,Willi Castro#,29,COL,NL,1.1,120,477,427,65,111,20,1,15,56,10,6,41,129,.260,.331,.417,.748,95,.330,93,178,4,6,0,3,0,4563/H78,,castrwi01
136,Christian Yelich*,34,MIL,NL,0.2,111,473,418,66,100,23,2,11,56,11,1,46,126,.239,.318,.383,.701,93,.310,87,160,7,4,1,4,4,*DH/7,,yelicch01
137,Royce Lewis,27,MIN,AL,0.9,116,471,425,49,97,23,1,14,54,15,0,38,115,.228,.293,.386,.679,90,.311,89,164,4,3,0,5,1,354/H,,lewisro02
138,Nasim Nuñez#,25,WSN,NL,1.5,138,471,412,52,87,5,3,1,35,46,10,47,96,.211,.292,.245,.537,51,.274,54,101,8,1,9,2,0,*46/HD,,nunezna01
139,Ildemaro Vargas#,34,ARI,NL,1.2,133,471,440,59,111,19,5,9,67,3,1,25,46,.252,.294,.380,.674,86,.301,84,167,7,2,1,2,2,34H/5D617,,vargail01
140,Tristan Peters*,26,CHW,AL,3.8,147,470,418,61,114,31,4,12,54,8,2,36,86,.273,.343,.452,.796,121,.353,121,189,0,10,4,2,0,*87H9,AS,petertr01
141,Eugenio Suárez,34,CIN,NL,0.4,118,470,409,45,86,17,0,24,68,1,1,51,159,.210,.306,.428,.734,103,.323,102,175,6,7,0,3,1,D5/H,,suareeu01
142,Heriberto Hernández,26,MIA,NL,2.3,121,465,413,47,96,16,1,24,64,11,5,47,125,.232,.316,.450,.766,114,.344,120,186,5,4,0,1,1,*7H/9D,,hernahe01
143,Matt McLain,26,CIN,NL,-0.1,125,465,407,56,76,18,0,15,39,18,3,47,130,.187,.279,.342,.621,73,.282,68,139,3,6,3,2,1,46/H8,,mclaima01
144,Leody Taveras#,27,BAL,AL,-0.2,134,462,411,57,89,16,6,8,54,11,4,40,123,.217,.287,.343,.630,79,.286,78,141,8,1,9,1,0,*89H/75,,taverle01
145,Dansby Swanson,32,CHC,NL,3.0,119,458,403,78,87,16,3,18,66,17,1,48,106,.216,.300,.404,.704,92,.329,97,163,5,2,1,4,0,*6/DH,,swansda01
146,Ty France,31,SDP,NL,4.1,123,456,401,53,118,22,2,20,66,1,1,34,98,.294,.360,.509,.869,142,.376,142,204,10,12,0,8,1,*3/H5D,,francty01
147,Jake Mangum#,30,PIT,NL,1.3,126,455,413,55,116,19,2,4,30,23,9,24,86,.281,.337,.366,.703,91,.316,89,151,7,12,4,2,1,*789H,,manguja01
148,J.P. Crawford*,31,SEA,AL,1.1,108,454,380,48,85,12,0,12,37,1,3,62,88,.224,.342,.350,.692,102,.314,105,133,6,8,1,3,1,65/HD,,crawfjp01
149,A.J. Ewing*,21,NYM,NL,3.1,110,454,402,52,103,19,1,10,38,24,8,42,114,.256,.327,.383,.710,100,.328,105,154,2,2,4,4,1,*87/H49D,,ewingaj01
150,Tyler Soderstrom*,24,ATH,AL,2.6,109,453,396,58,97,27,3,19,56,2,1,53,91,.245,.338,.472,.810,121,.357,122,187,9,3,0,1,4,7/DH,,soderty01
151,Javier Sanoja,23,MIA,NL,2.6,135,452,425,48,124,30,5,9,63,11,4,25,36,.292,.330,.449,.780,118,.349,123,191,8,0,1,1,1,*54967H/18,,sanojja01
152,Teoscar Hernández,33,LAD,NL,0.8,115,450,403,60,106,17,2,15,62,5,1,41,122,.263,.333,.427,.760,108,.337,108,172,13,3,0,3,2,*7/9DH,,hernate01
153,Bryce Eldridge*,21,SFG,NL,1.9,107,448,386,50,104,23,0,17,57,1,1,59,119,.269,.364,.461,.825,132,.361,132,178,0,0,0,3,1,D3/H,,eldribr01
154,Jacob Young,26,WSN,NL,1.6,133,448,401,54,99,20,3,10,47,18,3,32,75,.247,.315,.387,.702,93,.327,97,155,6,9,4,2,0,*8/HD,,youngja03
155,Andrew Benintendi*,31,CHW,AL,0.2,133,446,403,57,99,24,2,14,71,1,0,36,102,.246,.306,.419,.725,101,.323,101,169,6,1,1,5,1,*DH7/9,,beninan01
156,Vinnie Pasquantino*,28,KCR,AL,1.7,105,446,388,45,92,18,2,12,49,5,0,50,71,.237,.325,.387,.712,101,.321,101,150,6,3,0,5,3,3/DH,,pasquvi01
157,Nolan Schanuel*,24,LAA,AL,2.1,107,446,392,43,108,22,0,7,49,1,1,42,58,.276,.351,.385,.736,112,.332,115,151,10,6,1,5,0,*3/HD,,schanno01
158,Brett Baty*,26,NYM,NL,0.9,133,445,397,48,91,21,1,10,50,5,1,39,119,.229,.300,.363,.662,86,.299,86,144,5,3,0,5,0,5493DH/76,,batybr01
159,Nathan Church*,25,STL,NL,2.0,133,441,405,50,102,14,2,10,50,10,5,25,76,.252,.298,.370,.668,91,.298,91,150,6,4,1,6,0,*87/H9,,churcna01
160,Ronald Acuña Jr.,28,ATL,NL,1.4,100,440,382,58,98,18,1,18,49,20,8,50,99,.257,.348,.450,.798,118,.350,117,172,6,5,0,3,2,9D,,acunaro01
161,Tyler Stephenson,29,CIN,NL,2.5,122,440,385,39,95,21,0,15,53,0,1,47,119,.247,.330,.418,.748,107,.328,106,161,8,3,0,5,1,*2/DH3,,stephty01
162,Jeremy Peña,28,HOU,AL,3.6,102,438,404,73,112,19,1,19,49,9,2,24,102,.277,.329,.470,.799,125,.358,129,190,3,8,0,2,0,6/HD,,penaje02
163,Kyle Karros,23,COL,NL,1.4,122,437,377,61,98,21,3,12,47,5,0,50,88,.260,.355,.427,.782,104,.352,106,161,4,7,0,3,2,*5/H,,karroky01
164,Justin Crawford*,22,PHI,NL,-0.2,140,436,398,48,106,19,4,3,37,16,4,27,75,.266,.316,.357,.672,80,.302,74,142,5,3,5,3,0,*8H/D,,crawfju01
165,José Caballero,29,NYY,AL,2.2,129,435,393,49,92,13,0,14,51,32,11,26,104,.234,.290,.374,.664,84,.300,81,147,9,7,4,5,0,654H7/98D,,cabaljo01
166,Juan Soto*,27,NYM,NL,2.9,101,435,361,58,98,10,2,25,61,9,3,71,60,.271,.389,.518,.907,153,.386,149,187,7,0,0,2,11,7D/H,AS,sotoju01
167,Nick Kurtz*,23,ATH,AL,3.7,99,434,352,62,90,15,1,21,69,7,1,79,141,.256,.396,.483,.879,141,.390,144,170,5,3,0,0,9,3/DH,AS,kurtzni01
168,J.T. Realmuto,35,PHI,NL,0.6,114,434,385,50,84,18,0,11,49,3,0,33,92,.218,.293,.351,.643,72,.289,67,135,8,10,0,6,0,*2,,realmjt01
169,Troy Johnston*,29,COL,NL,-0.7,122,433,383,40,108,31,1,4,50,4,5,36,79,.282,.352,.399,.751,97,.331,96,153,6,8,1,5,0,97D3H/1,,johnstr02
170,Trevor Larnach*,29,MIN,AL,1.4,122,433,383,57,103,23,1,13,48,2,2,45,79,.269,.352,.436,.788,121,.351,124,167,10,4,1,0,1,*7H/D,,larnatr01
171,Joc Pederson*,34,TEX,AL,1.7,136,432,374,56,88,12,2,26,53,2,0,49,102,.235,.329,.487,.816,134,.355,133,182,11,5,0,3,2,*DH/39,,pederjo01
172,Vaughn Grissom,25,LAA,AL,0.2,109,431,385,43,92,22,0,11,65,1,0,28,81,.239,.303,.382,.685,96,.310,98,147,17,10,1,6,0,345/HD,,grissva01
173,Wyatt Langford,24,TEX,AL,2.9,100,429,380,59,91,19,2,17,40,13,3,45,97,.239,.326,.434,.761,120,.340,121,165,8,4,0,0,1,78/DH,,langfwy01
174,Henry Bolte,22,ATH,AL,2.9,109,428,375,52,103,13,1,11,34,20,8,35,122,.275,.357,.403,.759,109,.348,114,151,5,14,1,2,0,*8/7H9D,,boltehe01
175,Shea Langeliers,28,ATH,AL,3.7,97,428,388,55,103,19,0,23,55,3,1,34,98,.265,.332,.492,.824,124,.360,123,191,5,5,0,1,2,2D/H,AS,langesh01
176,Evan Carter*,23,TEX,AL,2.0,132,427,367,50,71,13,3,9,35,16,2,46,107,.193,.291,.319,.610,78,.283,77,117,1,5,8,1,0,*8H,,carteev01
177,Spencer Horwitz*,28,PIT,NL,0.0,107,425,364,41,89,12,1,10,44,1,0,50,67,.245,.344,.365,.709,93,.322,93,133,14,7,0,4,0,3H/D,,horwisp01
178,Francisco Lindor#,32,NYM,NL,1.9,95,421,375,56,86,10,4,20,47,3,2,41,85,.229,.314,.437,.751,109,.333,112,164,3,5,0,0,0,6/D,,lindofr01
179,Nathan Lukes*,31,TOR,AL,1.9,117,420,383,45,105,14,0,10,37,1,1,22,63,.274,.322,.389,.711,95,.319,96,149,12,6,7,2,0,*9H78,,lukesna01
180,Coby Mayo,24,BAL,AL,0.8,124,420,383,61,86,14,3,24,63,4,0,31,129,.225,.290,.465,.755,111,.335,112,178,4,5,0,1,0,5D3H,,mayoco01
181,Colt Keith*,24,DET,AL,0.9,137,417,379,50,98,18,4,10,36,6,0,31,82,.259,.321,.406,.728,103,.324,100,154,8,5,0,2,0,5DH3,,keithco01
182,Ryan O'Hearn*,32,PIT,NL,0.2,101,416,376,55,101,15,0,18,72,1,0,32,89,.269,.332,.452,.784,110,.345,110,170,14,5,0,3,1,39D/H,,ohearry01
183,Josh Jung,28,TEX,AL,1.8,96,414,372,49,111,25,1,9,37,1,1,33,73,.298,.362,.444,.806,134,.359,137,165,16,6,0,3,0,5,,jungjo01
184,Michael Massey*,28,KCR,AL,2.4,122,414,386,48,109,24,1,12,46,3,0,21,69,.282,.316,.443,.759,113,.332,109,171,8,0,2,5,0,*4/H759D,,massemi02
185,Mickey Moniak*,28,COL,NL,0.2,109,412,381,48,92,17,5,22,64,1,1,21,113,.241,.282,.486,.767,96,.325,89,185,4,3,0,7,0,7D9H8,,moniami01
186,Gavin Sheets*,30,SDP,NL,-0.1,123,412,356,46,75,15,0,16,46,4,0,49,84,.211,.313,.388,.701,96,.313,95,138,12,5,0,2,0,37DH/9,,sheetga01
187,Zach McKinstry*,31,DET,AL,1.5,121,411,362,42,74,15,4,4,26,3,5,41,66,.204,.289,.301,.590,66,.284,77,109,4,3,3,2,1,946H/5871,,mckinza01
188,Taylor Walls#,29,TBR,AL,3.1,117,410,349,54,76,16,2,2,33,21,3,42,99,.218,.304,.292,.596,69,.285,68,102,4,3,12,4,0,*6/H,,wallsta01
189,Casey Schmitt,27,SFG,NL,1.5,98,409,387,47,105,17,1,21,55,9,1,11,81,.271,.301,.483,.784,117,.340,115,187,6,7,0,4,1,75D3/46,,schmica01
190,Byron Buxton,32,MIN,AL,3.3,93,408,370,65,94,18,1,25,46,7,1,30,100,.254,.319,.511,.829,130,.359,127,189,4,6,0,2,2,8D/H,AS,buxtoby01
191,Nathaniel Lowe*,30,2TM,2LG,0.7,119,408,365,38,93,22,0,17,59,0,0,37,97,.255,.321,.455,.776,115,.344,118,166,3,1,0,5,1,3DH,,lowena01
191,Nathaniel Lowe*,30,CIN,NL,0.8,83,276,248,26,66,17,0,12,37,0,0,28,70,.266,.341,.480,.820,126,.362,130,119,2,0,0,0,1,D3H,,lowena01
191,Nathaniel Lowe*,30,CLE,AL,-0.1,36,132,117,12,27,5,0,5,22,0,0,9,27,.231,.280,.402,.682,92,.307,94,47,1,1,0,5,0,3/H,,lowena01
192,Carson Kelly,31,CHC,NL,2.0,114,405,362,56,95,15,0,10,57,0,1,39,66,.262,.341,.387,.727,101,.330,104,140,10,4,0,0,0,2H/D31,,kellyca02
193,Dylan Crews,24,WSN,NL,0.2,100,404,369,48,82,19,1,11,40,9,0,27,99,.222,.290,.369,.658,80,.298,77,136,6,8,0,0,0,987/HD,,crewsdy01
194,Nick Loftin,27,KCR,AL,1.3,112,404,350,41,81,25,2,7,42,3,1,40,70,.231,.318,.374,.692,96,.310,95,131,6,6,4,4,0,54H/9637D,,loftini01
195,Heliot Ramos,26,2TM,2LG,0.7,103,404,370,41,90,19,3,11,42,4,1,28,110,.243,.304,.400,.704,97,.312,95,148,10,5,0,1,2,79/HD,,ramoshe02
195,Heliot Ramos,26,SFG,NL,0.9,74,306,288,36,76,13,3,9,34,3,1,16,82,.264,.304,.424,.728,103,.319,102,122,4,1,0,1,1,7/9HD,,ramoshe02
195,Heliot Ramos,26,NYY,AL,-0.3,29,98,82,5,14,6,0,2,8,1,0,12,28,.171,.306,.317,.623,75,.288,74,26,6,4,0,0,1,79/H,,ramoshe02
196,Gleyber Torres,29,DET,AL,2.1,91,396,339,56,90,13,0,8,37,0,0,52,76,.265,.366,.375,.741,109,.338,112,127,6,3,0,2,3,4D/H,,torregl01
197,Zack Gelof,26,ATH,AL,2.9,101,393,356,68,88,15,2,18,46,14,3,29,99,.247,.313,.452,.765,108,.346,111,161,8,5,3,0,0,5478/H9D,,gelofza01
198,Corey Seager*,32,TEX,AL,2.9,92,393,342,55,80,15,0,18,46,1,0,44,91,.234,.326,.436,.761,120,.336,120,149,14,4,0,3,4,6/D,,seageco01
199,Francisco Alvarez,24,NYM,NL,0.4,106,392,347,33,79,12,0,15,37,0,0,38,121,.228,.310,.392,.702,97,.312,96,136,16,4,0,1,1,2D/H,,alvarfr01
200,Oneil Cruz*,27,PIT,NL,2.3,89,388,340,57,93,12,1,19,64,27,7,45,132,.274,.363,.482,.846,127,.381,131,164,5,3,0,0,3,8/DH,,cruzon01
201,Joey Ortiz,27,MIL,NL,2.3,127,386,345,45,93,14,3,9,46,9,5,32,73,.270,.327,.406,.733,102,.320,98,140,11,0,4,5,0,65H/34D,,ortizjo06
202,Samuel Basallo*,21,BAL,AL,1.7,108,385,348,40,79,10,1,18,53,0,0,31,102,.227,.296,.417,.713,101,.315,100,145,7,4,0,2,2,2DH3,,basalsa01
203,Jake Cronenworth*,32,SDP,NL,-0.5,99,385,342,38,74,11,0,5,30,7,2,35,88,.216,.298,.292,.591,68,.277,70,100,3,5,3,0,0,4/3DH56,,croneja01
204,Angel Martínez#,24,CLE,AL,0.9,106,385,359,44,89,21,2,15,53,11,3,12,86,.248,.285,.443,.728,104,.320,102,159,9,7,6,1,0,*79/H8,,martian02
205,Spencer Steer,28,CIN,NL,0.2,98,384,340,54,81,14,0,16,40,3,0,35,86,.238,.319,.421,.739,105,.327,103,143,10,6,0,2,0,3974/H58D,,steersp01
206,Adley Rutschman#,28,2TM,AL,2.1,91,379,334,42,78,22,1,12,57,0,1,38,61,.234,.311,.413,.725,104,.321,105,138,8,2,0,5,0,2D/H,AS,rutscad01
206,Adley Rutschman#,28,BAL,AL,2.0,67,284,247,30,62,19,1,8,47,0,1,30,40,.251,.331,.433,.764,116,.335,115,107,6,2,0,5,0,2D/H,,rutscad01
206,Adley Rutschman#,28,BOS,AL,0.1,24,95,87,12,16,3,0,4,10,0,0,8,21,.184,.253,.356,.609,71,.278,73,31,2,0,0,0,0,2/HD,,rutscad01
207,Mike Yastrzemski*,35,ATL,NL,0.7,130,378,334,47,76,18,1,10,36,1,0,38,90,.228,.312,.377,.689,89,.311,89,126,5,4,0,2,0,*79H/D8,,yastrmi01
208,Drew Gilbert*,25,SFG,NL,1.4,125,375,326,50,76,14,3,10,40,2,4,36,68,.233,.322,.387,.708,100,.317,104,126,10,8,2,3,2,*87H/9,,gilbedr01
209,Lane Thomas,30,2TM,2LG,0.5,118,374,326,37,73,19,0,11,40,9,3,44,93,.224,.318,.383,.702,98,.319,100,125,4,2,0,2,0,*8H79/D,,thomala02
209,Lane Thomas,30,KCR,AL,0.4,97,328,285,31,66,16,0,10,37,7,3,39,78,.232,.326,.393,.719,103,.323,104,112,4,2,0,2,0,89H7/D,,thomala02
209,Lane Thomas,30,ATL,NL,0.1,21,46,41,6,7,3,0,1,3,2,0,5,15,.171,.261,.317,.578,59,.291,68,13,0,0,0,0,0,7H/D9,,thomala02
210,Richie Palacios*,29,TBR,AL,1.9,116,373,323,50,75,12,2,10,50,14,6,42,64,.232,.326,.375,.701,96,.317,97,121,6,4,2,2,0,*4H/D579,,palacri01
211,Colton Cowser*,26,BAL,AL,2.2,136,371,323,39,70,8,0,13,39,10,4,43,115,.217,.308,.362,.670,91,.302,90,117,2,1,1,3,0,*8H97/D,,cowseco01
212,Austin Wells*,26,NYY,AL,0.8,116,366,319,35,57,7,0,12,30,3,0,41,99,.179,.277,.313,.590,65,.268,60,100,11,3,1,2,2,*2H,,wellsau01
213,Paul Goldschmidt,38,NYY,AL,1.4,101,365,332,42,84,12,1,18,50,1,0,28,85,.253,.315,.458,.773,113,.336,109,152,6,3,0,2,2,3HD,,goldspa01
214,David Hamilton*,28,MIL,NL,1.5,113,364,319,46,77,11,3,4,25,28,6,31,80,.241,.311,.332,.643,79,.300,75,106,1,1,12,0,0,564H,,hamilda03
215,Sal Frelick*,26,MIL,NL,-0.6,104,363,322,36,74,17,0,4,37,6,3,28,38,.230,.293,.320,.613,70,.280,68,103,4,2,2,3,1,9H/D78,,frelisa01
216,Jonah Heim#,31,2TM,2LG,-1.0,97,363,333,32,69,17,0,13,42,0,0,25,68,.207,.264,.375,.640,74,.290,75,125,10,2,0,3,0,2DH/35,,heimjo01
216,Jonah Heim#,31,ATL,NL,-0.2,12,45,39,4,9,4,0,1,8,0,0,5,5,.231,.311,.410,.721,97,.314,92,16,1,0,0,1,0,2,,heimjo01
216,Jonah Heim#,31,ATH,AL,-0.8,85,318,294,28,60,13,0,12,34,0,0,20,63,.204,.258,.371,.629,71,.287,72,109,9,2,0,2,0,2DH/35,,heimjo01
217,Victor Caratini#,32,MIN,AL,0.2,101,362,308,27,68,9,0,7,42,0,0,34,72,.221,.315,.318,.633,80,.292,81,98,7,12,0,8,1,23H/D,,caratvi01
218,Carlos Cortes*,29,ATH,AL,-1.1,116,362,325,28,82,15,1,9,40,2,1,30,59,.252,.320,.388,.708,94,.313,91,126,14,4,0,3,0,97DH/1,,corteca01
219,Jorge Soler,34,LAA,AL,-0.3,86,361,316,36,64,16,1,12,49,0,0,35,118,.203,.291,.373,.664,90,.303,93,118,10,6,0,4,0,D/9H,,solerjo01
220,Kyle Manzardo*,25,CLE,AL,0.6,102,356,312,40,67,10,1,13,39,0,0,36,114,.215,.306,.378,.684,94,.308,95,118,5,6,0,2,0,3HD,,manzaky01
221,Oswald Peraza,26,LAA,AL,1.3,117,356,327,33,73,12,2,7,24,12,2,17,106,.223,.282,.336,.618,77,.293,83,110,8,10,1,1,0,45H6/D3,,perazos02
222,Jackson Holliday*,22,BAL,AL,0.2,98,354,315,45,72,12,1,7,30,8,3,34,84,.229,.300,.340,.640,82,.285,77,107,6,0,1,4,2,4H/6D5,,hollija01
223,Luis Rengifo#,29,2TM,NL,0.6,95,354,312,38,75,12,0,4,36,6,4,34,49,.240,.319,.317,.636,79,.288,77,99,4,3,3,2,1,57H/D43,,rengilu01
223,Luis Rengifo#,29,MIL,NL,-0.3,57,209,185,19,38,9,0,0,19,3,2,19,24,.205,.280,.254,.534,50,.247,46,47,2,1,2,2,1,5H/34D,,rengilu01
223,Luis Rengifo#,29,SDP,NL,0.9,38,145,127,19,37,3,0,4,17,3,2,15,25,.291,.375,.409,.784,121,.347,123,52,2,2,1,0,0,7/D45H,,rengilu01
224,Matt Chapman,33,SFG,NL,2.7,84,352,307,35,72,18,1,7,42,0,2,37,81,.235,.324,.368,.692,96,.311,98,113,6,5,0,3,1,5/D,,chapmma01
225,Austin Martin,27,MIN,AL,0.9,114,350,295,42,69,17,0,3,23,12,7,44,64,.234,.346,.322,.668,91,.315,99,95,6,8,0,3,0,*79H/8,,martiau01
226,Connor Norby,26,2TM,NL,0.6,96,350,302,34,71,22,0,7,30,8,3,37,101,.235,.337,.377,.715,97,.330,103,114,6,10,0,1,0,345D/H,,norbyco01
226,Connor Norby,26,MIA,NL,-0.1,65,233,200,17,41,12,0,4,16,6,3,24,70,.205,.313,.325,.638,81,.295,85,65,5,8,0,1,0,35D/H,,norbyco01
226,Connor Norby,26,COL,NL,0.7,31,117,102,17,30,10,0,3,14,2,0,13,31,.294,.385,.480,.865,125,.400,139,49,1,2,0,0,0,4/53H,,norbyco01
227,José Fermín,27,STL,NL,0.3,111,349,307,31,74,16,0,6,40,8,0,29,46,.241,.304,.352,.656,88,.307,93,108,9,2,2,7,0,7H584/69D3,,fermijo01
228,Jared Triolo,28,PIT,NL,0.9,115,349,311,32,75,12,0,3,29,13,1,28,68,.241,.313,.309,.622,70,.301,73,96,8,5,2,1,0,65H/398D,,triolja01
229,Ryan McMahon*,31,NYY,AL,0.0,118,346,315,31,66,13,0,10,34,3,2,27,101,.210,.275,.346,.621,72,.279,70,109,7,2,1,1,0,*5/H6,,mcmahry01
230,Ryan Jeffers,29,MIN,AL,2.8,85,343,294,48,76,18,2,14,54,1,0,44,60,.259,.360,.476,.836,134,.372,138,140,5,3,0,1,1,2/HD,,jeffery01
231,Jorbit Vivas*,25,WSN,NL,1.0,114,340,290,30,70,15,1,3,30,2,1,38,50,.241,.333,.331,.664,85,.309,89,96,3,4,3,4,0,45H/1D,,vivasjo01
232,Jared Young*,30,NYM,NL,1.8,102,340,306,46,82,17,3,9,39,3,1,25,63,.268,.332,.431,.764,113,.341,116,132,4,6,0,3,0,3HD/79,,youngja02
233,Jacob Wilson,24,ATH,AL,0.4,80,337,320,37,85,16,1,7,37,4,0,12,39,.266,.298,.388,.685,87,.319,93,124,7,3,1,1,0,6/D,,wilsoja05
234,Keibert Ruiz#,27,WSN,NL,2.3,98,335,313,44,90,24,0,10,47,2,1,16,36,.288,.325,.460,.785,114,.343,113,144,7,3,0,3,1,2/H,,ruizke01
235,Braden Montgomery#,23,CHW,AL,-0.1,83,332,290,41,61,13,3,6,37,1,3,38,67,.210,.307,.338,.645,81,.291,82,98,4,3,0,1,0,9/H8D,,montgbr01
236,Cole Carrigg#,24,COL,NL,0.9,83,331,293,45,78,21,4,10,45,9,4,28,78,.266,.334,.468,.802,107,.345,103,137,5,4,2,4,2,86/H9,,carrico01
237,Dylan Beavers*,24,BAL,AL,-0.3,97,330,295,36,70,20,0,7,39,5,5,31,87,.237,.313,.376,.689,96,.302,94,111,3,2,1,1,1,79HD/8,,beavedy01
238,Owen Caissie*,23,MIA,NL,-0.2,108,330,291,45,64,14,0,14,58,5,1,27,123,.220,.288,.412,.700,95,.313,96,120,3,4,0,8,0,9DH,,caissow01
239,Jonny DeLuca,27,TBR,AL,1.8,101,329,312,39,83,21,0,9,44,15,6,14,65,.266,.298,.420,.717,99,.321,99,131,10,0,3,0,0,98H/7D,,delucjo01
240,Andruw Monasterio,29,BOS,AL,0.8,101,329,297,35,71,23,1,6,40,4,4,24,64,.239,.299,.384,.683,92,.302,92,114,6,3,1,4,0,64HD/351,,monasan01
241,Curtis Mead,25,2TM,2LG,2.1,88,329,285,49,72,17,1,17,48,6,2,39,63,.253,.353,.498,.851,132,.374,135,142,7,5,0,0,0,53H/4D,,meadcu01
241,Curtis Mead,25,WSN,NL,1.9,87,327,284,49,72,17,1,17,48,6,2,39,62,.254,.352,.500,.852,132,.375,135,142,7,4,0,0,0,53H/4D,,meadcu01
241,Curtis Mead,25,BOS,AL,0.1,1,2,1,0,0,0,0,0,0,0,0,0,1,.000,.500,.000,.500,59,.364,135,0,0,1,0,0,0,/4,,meadcu01
242,Brady House,23,WSN,NL,0.4,87,328,297,39,71,16,0,10,44,3,0,25,85,.239,.302,.394,.696,90,.315,92,117,5,3,0,3,0,5HD/3,,housebr01
243,Patrick Bailey#,27,2TM,2LG,0.7,105,324,290,27,60,8,1,8,34,3,0,27,81,.207,.274,.324,.598,70,.275,70,94,6,1,3,3,0,2/H,,bailepa01
243,Patrick Bailey#,27,SFG,NL,-0.5,30,89,82,5,12,0,0,1,5,2,0,7,22,.146,.213,.183,.396,14,.192,7,15,3,0,0,0,0,2,,bailepa01
243,Patrick Bailey#,27,CLE,AL,1.2,75,235,208,22,48,8,1,7,29,1,0,20,59,.231,.297,.380,.677,92,.308,94,79,3,1,3,3,0,2/H,,bailepa01
244,Hao-Yu Lee,23,DET,AL,0.5,105,321,291,36,74,15,2,9,42,2,2,26,78,.254,.313,.412,.725,101,.316,98,120,4,0,1,3,1,45H/D6,,leeha02
245,Andrew Vaughn,28,MIL,NL,1.8,101,321,279,33,88,18,2,6,43,0,0,34,51,.315,.399,.459,.858,137,.382,142,128,8,6,0,2,1,3H5/D1,,vaughan01
246,Yainer Diaz,27,HOU,AL,1.3,88,320,303,34,84,13,0,12,38,0,2,12,51,.277,.309,.439,.748,111,.330,113,133,7,3,0,2,0,2/DH3,,diazya02
247,Rhys Hoskins,33,CLE,AL,-0.7,95,317,263,33,47,13,0,13,38,1,0,47,100,.179,.306,.376,.682,94,.309,95,99,4,3,0,4,0,3DH/7,,hoskirh01
248,Moisés Ballesteros*,22,2TM,2LG,-0.2,95,317,285,24,65,10,0,9,34,1,1,27,72,.228,.293,.358,.651,82,.288,79,102,4,1,0,4,0,D2H/3,,ballemo01
248,Moisés Ballesteros*,22,CHC,NL,0.1,59,175,156,16,36,6,0,6,23,1,0,17,36,.231,.303,.385,.687,88,.304,84,60,1,0,0,2,0,DH/2,,ballemo01
248,Moisés Ballesteros*,22,LAA,AL,-0.3,36,142,129,8,29,4,0,3,11,0,1,10,36,.225,.282,.326,.607,74,.268,71,42,3,1,0,2,0,D2/3H,,ballemo01
249,Dane Myers,30,CIN,NL,0.9,112,316,275,38,73,11,0,7,26,10,0,36,76,.265,.354,.382,.736,106,.343,111,105,4,3,0,2,0,8H/D,,myersda01
250,Josh Lowe*,28,LAA,AL,0.1,105,315,284,28,60,8,0,12,29,9,1,25,92,.211,.278,.366,.644,84,.291,81,104,0,2,2,2,1,798H,,lowejo01
251,Tim Tawa,27,ARI,NL,-0.1,95,315,281,36,68,12,1,10,38,8,4,25,76,.242,.301,.399,.700,93,.314,94,112,7,0,6,3,0,378H5/D49,,tawati01
252,Maikel Garcia,26,KCR,AL,2.0,74,313,286,34,76,18,3,3,32,5,4,25,48,.266,.323,.381,.704,99,.307,95,109,9,0,0,2,0,5/6HD,,garcima01
253,Joe Mack*,23,MIA,NL,1.3,99,313,287,38,67,9,0,13,47,0,0,18,81,.233,.282,.401,.682,90,.296,85,115,6,2,4,2,0,2/H,,mackjo02
254,Myles Straw,31,TOR,AL,0.7,138,307,273,43,64,18,1,3,25,7,2,26,40,.234,.300,.341,.641,77,.299,79,93,4,1,4,3,0,*7H89/1D,,strawmy01
255,Nick Fortes,29,TBR,AL,0.7,101,304,280,32,74,16,0,5,34,0,0,11,38,.264,.310,.375,.685,91,.300,85,105,6,8,4,1,0,2H/D,,forteni01
256,Jesús Sánchez*,28,2TM,2LG,-1.0,101,304,274,24,71,18,0,8,35,1,2,17,72,.259,.316,.412,.728,99,.314,93,113,7,8,0,5,1,79HD,,sanchje02
256,Jesús Sánchez*,28,TOR,AL,-1.0,99,299,269,24,70,18,0,8,35,1,2,17,70,.260,.318,.416,.734,101,.317,95,112,7,8,0,5,1,79HD,,sanchje02
256,Jesús Sánchez*,28,ARI,NL,-0.1,2,5,5,0,1,0,0,0,0,0,0,0,2,.200,.200,.200,.400,12,.181,0,1,0,0,0,0,0,/D,,sanchje02
257,Lars Nootbaar*,28,2TM,NL,0.6,82,301,256,31,61,13,1,7,31,2,1,42,60,.238,.343,.379,.722,105,.321,105,97,6,0,1,2,3,7DH/98,,nootbla01
257,Lars Nootbaar*,28,STL,NL,0.3,48,183,158,22,37,8,1,3,16,1,1,24,40,.234,.333,.354,.688,98,.310,100,56,4,0,0,1,1,7/98HD,,nootbla01
257,Lars Nootbaar*,28,ARI,NL,0.2,34,118,98,9,24,5,0,4,15,1,0,18,20,.245,.359,.418,.777,116,.339,111,41,2,0,1,1,2,D7/H9,,nootbla01
258,Kyle Isbel*,29,KCR,AL,-0.2,91,298,271,30,60,9,1,6,24,6,0,15,66,.221,.268,.328,.596,69,.275,67,89,8,3,7,2,0,8/H,,isbelky01
259,Masataka Yoshida*,32,BOS,AL,0.7,87,297,263,34,72,16,1,5,28,2,0,28,33,.274,.347,.399,.746,112,.336,113,105,1,3,0,3,1,DH/7,,yoshima02
260,Tommy Edman#,31,LAD,NL,1.6,75,295,260,40,65,11,2,6,35,6,2,20,60,.250,.334,.377,.711,96,.342,112,98,4,13,2,0,0,487/5H6D,,edmanto01
261,Konnor Griffin,20,PIT,NL,1.5,70,295,271,40,71,12,3,5,27,22,2,18,76,.262,.315,.384,.699,89,.322,84,104,4,4,0,2,0,6/DH,,griffko01
262,Wade Meckler*,26,LAA,AL,2.2,88,294,260,39,76,14,0,3,26,8,0,30,57,.292,.370,.381,.751,117,.347,120,99,2,2,2,0,0,79H/D,,mecklwa01
263,Dominic Smith*,31,ATL,NL,-0.1,105,293,263,39,67,6,1,8,44,0,0,22,46,.255,.312,.376,.688,89,.312,90,99,6,2,1,5,1,DH/37,,smithdo02
264,Griffin Conine*,28,MIA,NL,1.8,85,291,253,41,65,8,0,16,38,4,0,33,88,.257,.354,.478,.832,133,.370,136,121,2,5,0,0,0,93DH7,,coningr01
265,Nolan Gorman*,26,STL,NL,-0.1,81,291,258,26,48,6,0,9,33,0,1,30,93,.186,.268,.314,.582,67,.258,63,81,1,0,0,3,2,5DH/3,,gormano01
266,Matt Vierling,29,DET,AL,-1.0,92,291,266,24,55,13,3,5,31,4,2,19,49,.207,.255,.335,.590,64,.262,58,89,5,0,1,5,0,89H7/5D,,vierlma01
267,Blaze Alexander,27,BAL,AL,1.9,93,289,261,35,79,13,2,4,31,10,3,19,63,.303,.358,.414,.772,120,.347,121,108,5,4,2,1,1,546/789H,,alexabl01
268,Tyler Freeman,27,COL,NL,-2.0,79,288,255,29,63,6,1,3,23,6,4,11,34,.247,.317,.314,.630,66,.292,66,80,15,15,7,0,0,94HD/8,,freemty01
269,Alejandro Kirk,27,TOR,AL,1.7,72,287,254,23,71,7,0,10,41,1,0,30,35,.280,.352,.425,.777,113,.340,109,108,8,0,0,3,5,2/HD,,kirkal01
270,Luke Raley*,31,SEA,AL,0.1,95,287,262,28,59,9,1,15,39,1,2,15,93,.225,.284,.439,.723,106,.316,107,115,1,7,2,1,1,9H/8D7,,raleylu01
271,Esmerlyn Valdéz,22,PIT,NL,0.9,72,287,241,40,56,14,1,17,47,0,1,42,108,.232,.345,.510,.855,128,.369,129,123,6,1,0,3,0,9/7H3,,valdees01
272,Michael Conforto*,33,CHC,NL,0.7,106,286,244,31,58,15,0,14,43,1,0,34,77,.238,.336,.471,.807,120,.352,119,115,6,4,0,4,3,DH97,,confomi01
273,Aaron Judge,34,NYY,AL,1.9,66,285,237,45,57,10,0,18,41,5,3,43,85,.241,.360,.511,.871,140,.378,141,121,9,2,0,1,5,9/D,AS,judgeaa01
274,José Tena*,25,WSN,NL,-0.5,111,284,253,35,56,12,2,7,23,5,2,27,89,.221,.303,.368,.670,84,.299,81,93,7,3,0,1,0,DH47/9516,,tenajo01
275,Henry Davis,26,PIT,NL,0.3,92,283,244,30,40,5,0,9,35,3,1,26,58,.164,.264,.295,.559,52,.262,50,72,6,8,3,2,0,2/HD,,davishe01
276,Max Muncy,23,ATH,AL,-1.1,81,283,255,31,59,9,2,9,30,3,2,21,90,.231,.297,.388,.685,87,.301,83,99,6,4,0,3,0,5D/H76,,muncyma02
277,Daniel Schneemann*,29,CLE,AL,1.0,90,282,258,29,53,11,0,6,29,6,2,24,84,.205,.273,.318,.591,68,.270,67,82,5,0,0,0,0,85H4/697,,schneda04
278,Ryan Waldschmidt,23,ARI,NL,0.7,80,282,248,30,63,15,1,3,22,7,2,22,84,.254,.324,.359,.683,90,.310,90,89,5,5,3,3,0,87/HD,,waldsry01
279,Marcell Ozuna,35,PIT,NL,-1.1,70,280,251,22,51,7,0,8,29,0,0,27,80,.203,.286,.327,.612,66,.281,65,82,5,2,0,0,1,D/H,,ozunama01
280,Edouard Julien*,27,COL,NL,-1.0,88,276,236,37,49,9,1,3,20,5,3,39,71,.208,.322,.292,.615,63,.292,66,69,6,1,0,0,0,4H3/D,,julieed01
281,Logan O'Hoppe,26,2TM,AL,-1.0,85,274,251,25,55,9,0,4,24,0,0,17,67,.219,.275,.303,.578,66,.260,63,76,6,3,1,2,0,2/DH,,ohopplo01
281,Logan O'Hoppe,26,LAA,AL,-1.0,75,256,234,20,49,8,0,4,23,0,0,17,63,.209,.271,.295,.565,63,.255,60,69,6,3,1,1,0,2/H,,ohopplo01
281,Logan O'Hoppe,26,TEX,AL,0.0,10,18,17,5,6,1,0,0,1,0,0,0,4,.353,.333,.412,.745,116,.321,110,7,0,0,0,1,0,/DH2,,ohopplo01
282,Carlos Narváez,27,2TM,AL,-0.9,91,274,238,21,39,7,0,3,10,2,0,18,90,.164,.243,.231,.475,36,.233,38,55,7,8,7,3,0,2/H4D,,narvaca01
282,Carlos Narváez,27,BOS,AL,-0.3,62,197,171,17,32,6,0,3,10,1,0,14,66,.187,.260,.275,.535,52,.254,54,47,6,4,5,3,0,2/DH,,narvaca01
282,Carlos Narváez,27,BAL,AL,-0.6,29,77,67,4,7,1,0,0,0,1,0,4,24,.104,.200,.119,.319,-6,.178,-2,8,1,4,2,0,0,2/4H,,narvaca01
283,Mark Vientos,26,NYM,NL,-1.0,80,271,252,28,54,9,0,13,39,0,0,14,65,.214,.262,.405,.667,85,.287,78,102,12,3,0,2,0,3HD/5,,vientma01
284,Ben Williamson,25,TBR,AL,1.1,83,270,247,31,61,10,1,3,26,8,1,20,51,.247,.309,.332,.641,80,.293,76,82,6,2,1,0,0,46H/51D,,willibe03
285,TJ Friedl*,30,CIN,NL,-0.9,89,269,236,20,39,6,1,4,13,5,1,22,62,.165,.250,.250,.500,41,.233,34,59,3,5,5,1,0,87/H,,friedtj01
286,Denzer Guzmán,22,LAA,AL,-0.1,77,265,248,28,57,9,0,7,28,2,1,13,70,.230,.271,.351,.622,77,.276,74,87,3,1,2,0,0,5/H6,,guzmade01
287,Taylor Trammell*,28,HOU,AL,-0.6,91,265,235,27,48,10,2,7,21,4,3,25,81,.204,.292,.353,.645,83,.283,79,83,3,4,1,0,1,78H9/D,,trammta01
288,Luis Torrens,30,NYM,NL,2.2,86,264,240,35,58,14,0,9,40,1,0,17,54,.242,.303,.413,.715,99,.313,96,99,3,4,3,0,0,2/H13D,,torrelu01
289,Jeremiah Jackson,26,BAL,AL,0.2,94,263,249,28,57,11,0,9,43,2,1,8,59,.229,.256,.382,.637,79,.283,77,95,11,2,1,3,1,4H/7D59,,jacksje02
290,Alex Freeland#,24,LAD,NL,1.1,87,262,226,30,53,9,0,4,21,4,0,30,74,.235,.324,.327,.652,81,.300,80,74,8,1,3,2,0,4H/65,,freelal01
291,Spencer Jones*,25,NYY,AL,1.0,79,261,234,32,59,12,1,10,37,9,3,24,94,.252,.323,.440,.763,111,.343,113,103,0,1,0,1,1,897H/D,,jonessp01
292,Tyler O'Neill,31,BAL,AL,0.5,85,260,231,31,49,8,0,10,23,1,0,27,72,.212,.300,.377,.677,92,.306,93,87,5,2,0,0,0,9HD,,oneilty01
293,Brandon Valenzuela#,25,TOR,AL,1.1,86,260,230,28,50,9,0,8,21,2,0,27,68,.217,.301,.361,.662,82,.301,81,83,4,1,1,1,0,2/H3D,,valenbr01
294,Christian Vázquez,35,HOU,AL,0.5,84,260,236,22,49,7,0,7,25,1,0,18,52,.208,.263,.326,.589,67,.265,63,77,3,0,5,1,1,2/HD,,vazquch01
295,Kerry Carpenter*,28,DET,AL,-0.6,81,259,231,27,48,5,2,13,36,0,0,18,75,.208,.276,.416,.692,91,.304,88,96,2,5,0,3,0,9DH/7,,carpeke01
296,Adolis García,33,PHI,NL,-0.9,67,259,231,21,45,8,1,7,21,3,0,21,84,.195,.270,.329,.599,60,.272,54,76,2,4,0,3,0,9/H8,,garciad02
297,Gary Sánchez,33,MIL,NL,0.5,81,258,209,34,43,10,1,11,35,0,0,45,54,.206,.353,.421,.774,114,.342,113,88,8,3,0,1,1,2DH/31,,sanchga02
298,Freddy Fermin,31,SDP,NL,1.1,92,255,223,22,44,13,0,4,20,1,1,20,54,.197,.269,.309,.578,63,.268,64,69,4,3,4,3,0,2/HD,,fermifr01
299,Miguel Andujar,31,SDP,NL,-0.2,74,254,239,24,62,20,2,5,22,2,2,11,38,.259,.303,.423,.726,102,.312,98,101,12,4,0,0,2,DH/53,,andujmi01
300,Ryan Kreidler,28,MIN,AL,0.4,98,251,230,29,50,9,3,7,27,4,4,18,57,.217,.280,.374,.654,83,.285,80,86,6,2,1,0,0,6H84/57,,kreidry01
301,Dalton Rushing*,25,LAD,NL,1.4,78,250,221,37,55,12,0,12,36,0,0,23,73,.249,.332,.466,.798,117,.350,118,103,2,5,0,1,0,2H/3D,,rushida01
302,Randal Grichuk,34,2TM,AL,0.9,108,250,238,35,69,23,2,13,39,0,0,9,59,.290,.316,.567,.883,141,.373,137,135,4,1,0,2,1,HD79,,grichra01
302,Randal Grichuk,34,NYY,AL,-0.4,16,33,31,8,6,4,0,0,2,0,0,1,10,.194,.212,.323,.535,47,.228,34,10,0,0,0,1,0,7/DH9,,grichra01
302,Randal Grichuk,34,CHW,AL,1.3,92,217,207,27,63,19,2,13,37,0,0,8,49,.304,.332,.604,.936,155,.395,153,125,4,1,0,1,1,HD79,,grichra01
303,Will Smith,31,LAD,NL,1.0,66,249,212,30,51,9,0,7,30,0,0,30,41,.241,.337,.382,.719,98,.319,96,81,5,3,0,4,0,2H/D,,smithwi05
304,Ryan Vilade,27,TBR,AL,0.9,87,246,219,25,57,8,2,11,40,3,1,22,57,.260,.327,.466,.792,119,.348,119,102,4,1,1,3,1,9H374/D5,,viladry01
305,Nicky Lopez*,31,2TM,2LG,0.0,90,245,218,22,59,4,1,1,24,5,3,10,40,.271,.312,.312,.624,83,.280,81,68,5,4,11,2,0,46H/7519,,lopezni01
305,Nicky Lopez*,31,CHC,NL,-0.1,4,5,5,1,0,0,0,0,0,0,0,0,2,.000,.000,.000,.000,-100,.000,-131,0,0,0,0,0,0,/5H4,,lopezni01
305,Nicky Lopez*,31,TEX,AL,0.1,86,240,213,21,59,4,1,1,24,5,3,10,38,.277,.319,.319,.638,87,.287,86,68,5,4,11,2,0,46H/719,,lopezni01
306,Colt Emerson*,20,SEA,AL,-0.1,69,241,221,24,42,6,1,8,23,3,1,15,83,.190,.246,.335,.581,67,.256,62,74,3,2,1,2,0,65/DH,,emersco01
307,Pedro Ramírez#,22,CHC,NL,1.4,74,240,217,35,56,12,2,6,30,7,1,19,43,.258,.318,.415,.733,100,.329,99,90,3,1,1,2,2,4H5D/37,,ramirpe01
308,Donovan Walton*,32,2TM,AL,1.3,82,240,205,34,54,14,1,7,25,2,2,26,39,.263,.366,.444,.809,126,.357,127,91,8,7,2,0,0,4H65/D,,waltodo01
308,Donovan Walton*,32,LAA,AL,0.7,32,97,91,14,29,8,0,3,12,0,0,5,18,.319,.354,.505,.860,144,.372,142,46,1,0,1,0,0,5/4DH,,waltodo01
308,Donovan Walton*,32,ATH,AL,0.7,50,143,114,20,25,6,1,4,13,2,2,21,21,.219,.373,.395,.768,113,.346,117,45,7,7,1,0,0,46H/5,,waltodo01
309,Miguel Amaya,27,CHC,NL,1.3,79,239,201,35,48,10,0,6,26,0,0,23,62,.239,.345,.378,.723,100,.337,109,76,8,10,3,1,0,2D/H3,,amayami01
310,Edmundo Sosa,30,PHI,NL,0.7,79,237,218,27,52,9,2,7,42,4,0,7,50,.239,.278,.394,.672,78,.310,80,86,6,6,1,3,0,756H4/D,,sosaed01
311,Cooper Pratt,21,MIL,NL,1.4,65,236,202,32,56,6,2,3,31,14,2,22,42,.277,.343,.371,.715,98,.332,99,75,8,2,3,7,0,6/H,,prattco01
312,Trevor Story,33,BOS,AL,0.1,56,236,224,21,54,14,0,3,25,5,0,9,75,.241,.271,.344,.615,73,.287,75,77,6,1,0,2,1,6/D,,storytr01
313,Justin Foscue,27,TEX,AL,1.4,93,235,214,25,58,13,1,11,34,0,0,17,59,.271,.332,.495,.827,137,.358,136,106,3,3,0,1,0,4HD/3,,foscuju01
314,Nick Sogard#,28,BOS,AL,1.5,56,235,199,28,53,13,1,5,19,0,1,29,46,.266,.361,.417,.778,121,.346,123,83,3,1,5,1,0,43/56HD,,sogarni01
315,Hunter Feduccia*,29,2TM,2LG,0.7,88,234,203,21,48,9,1,3,19,0,0,25,57,.236,.322,.335,.657,84,.297,82,68,2,1,4,1,0,2/H3D,,feduchu01
315,Hunter Feduccia*,29,TBR,AL,0.6,60,160,141,15,33,7,1,2,12,0,0,14,44,.234,.306,.340,.646,81,.288,77,48,2,1,3,1,0,2/HD,,feduchu01
315,Hunter Feduccia*,29,LAD,NL,0.2,28,74,62,6,15,2,0,1,7,0,0,11,13,.242,.356,.323,.679,90,.316,93,20,0,0,1,0,0,2/H3,,feduchu01
316,Austin Hedges,33,CLE,AL,0.9,74,232,203,22,51,9,0,5,23,1,1,22,42,.251,.325,.369,.694,98,.317,102,75,5,1,4,2,0,2/1H,,hedgeau01
317,Miguel Rojas,37,LAD,NL,0.6,97,231,206,20,55,15,0,3,20,1,1,14,25,.267,.310,.383,.694,90,.308,88,79,9,2,2,7,0,4H6/513D,,rojasmi02
318,Amed Rosario,30,NYY,AL,-0.3,83,231,214,26,50,6,1,10,32,2,1,14,56,.234,.277,.411,.688,89,.309,91,88,1,0,0,3,0,5H/4D79,,rosaram01
319,Esteury Ruiz,27,MIA,NL,0.1,102,231,194,36,43,12,1,6,15,30,7,23,73,.222,.336,.387,.723,104,.345,110,75,0,11,1,1,0,9H78/D,,ruizes01
320,Tyrone Taylor,32,2TM,NL,1.6,94,231,209,34,58,15,0,11,37,3,2,14,40,.278,.326,.507,.833,129,.354,125,106,0,2,4,2,0,7H89/D,,tayloty01
320,Tyrone Taylor,32,NYM,NL,0.7,67,159,145,22,35,8,0,10,28,0,2,9,31,.241,.290,.503,.794,118,.331,115,73,0,1,4,0,0,H789/D,,tayloty01
320,Tyrone Taylor,32,CHC,NL,0.9,27,72,64,12,23,7,0,1,9,3,0,5,9,.359,.403,.516,.918,151,.401,148,33,0,1,0,2,0,7/H89D,,tayloty01
321,Víctor Mesa Jr.*,24,TBR,AL,2.7,70,230,206,32,52,6,3,13,30,9,4,20,45,.252,.320,.500,.820,126,.353,122,103,2,1,2,1,0,9/H78D,,mesavi01
322,Luis Robert Jr.,28,2TM,2LG,1.0,61,230,204,26,45,5,0,11,26,2,3,24,55,.221,.300,.407,.707,97,.316,103,83,6,0,0,2,0,8/7HD,,roberlu01
322,Luis Robert Jr.,28,NYM,NL,0.9,58,218,193,24,43,4,0,10,23,2,3,23,53,.223,.303,.399,.702,96,.316,102,77,5,0,0,2,0,8/7HD,,roberlu01
322,Luis Robert Jr.,28,BAL,AL,0.0,3,12,11,2,2,1,0,1,3,0,0,1,2,.182,.250,.545,.795,119,.333,113,6,1,0,0,0,0,/87,,roberlu01
323,Connor Wong,30,BOS,AL,0.6,72,229,201,22,47,11,0,4,24,3,1,17,55,.234,.311,.348,.659,87,.297,85,70,6,6,4,1,0,2/HD,,wongco01
324,Luis Campusano,27,SDP,NL,1.8,66,228,198,22,54,12,0,8,29,0,0,27,49,.273,.368,.455,.823,131,.365,134,90,5,3,0,0,0,2D/H,,campulu01
325,Marcelo Mayer*,23,BOS,AL,0.0,70,228,205,19,45,10,0,3,22,3,0,16,44,.220,.282,.312,.594,69,.277,70,64,5,3,0,3,0,46/H,,mayerma01
326,Ke'Bryan Hayes,29,CIN,NL,-0.5,85,227,212,19,31,2,1,5,8,1,0,13,48,.146,.203,.236,.438,22,.216,25,50,7,2,0,0,0,5/H,,hayeske01
327,Brice Matthews,24,HOU,AL,0.1,82,226,208,23,41,5,1,7,22,4,4,15,71,.197,.250,.332,.582,64,.254,60,69,3,0,2,1,0,784H/5,,matthbr01
328,Elias Díaz,35,2TM,AL,1.1,83,226,209,20,50,13,0,7,33,0,0,8,55,.239,.270,.402,.672,92,.295,90,84,2,2,4,3,1,2D/H,,diazel01
328,Elias Díaz,35,KCR,AL,0.3,10,23,22,3,5,2,0,2,5,0,0,1,5,.227,.261,.591,.852,133,.396,156,13,0,0,0,0,0,2,,diazel01
328,Elias Díaz,35,TEX,AL,0.8,73,203,187,17,45,11,0,5,28,0,0,7,50,.241,.271,.380,.651,88,.284,83,71,2,2,4,3,1,2D/H,,diazel01
329,Jasson Domínguez#,23,NYY,AL,-0.2,57,222,209,22,47,12,0,6,14,8,1,10,48,.225,.267,.368,.635,75,.289,72,77,1,2,0,0,0,9D/7H,,dominja01
330,Agustín Ramírez,24,MIA,NL,-0.5,63,222,195,27,43,9,1,4,21,4,1,24,54,.221,.311,.338,.649,84,.299,87,66,8,2,0,1,1,D2H,,ramirag01
331,Brett Sullivan*,32,COL,NL,0.5,78,222,204,23,47,13,1,7,32,1,2,13,37,.230,.276,.407,.683,76,.291,67,83,4,1,1,3,0,2H/1D3,,sullibr01
332,Alejandro Osuna*,23,TEX,AL,0.2,78,221,193,26,49,5,0,1,24,5,2,19,33,.254,.345,.295,.641,90,.302,96,57,3,8,1,0,0,7H89/D,,osunaal02
333,Jose Siri,30,LAA,AL,0.8,98,220,200,32,46,10,0,8,28,7,1,13,70,.230,.286,.400,.686,95,.311,96,80,8,3,3,1,1,78H/9D,,sirijo01
334,Anthony Volpe,25,NYY,AL,1.3,63,219,194,23,49,11,1,2,26,11,4,24,46,.253,.333,.351,.684,92,.314,92,68,1,0,0,1,0,6/4H,,volpean01
335,Josh Smith*,28,2TM,AL,-0.1,71,219,189,22,42,4,1,6,15,4,1,24,49,.222,.313,.349,.663,90,.306,94,66,4,2,2,2,1,45H7/D3,,smithjo11
335,Josh Smith*,28,TEX,AL,-0.7,45,154,136,8,29,3,1,1,8,3,1,16,29,.213,.299,.272,.571,68,.266,70,37,2,1,0,1,1,4/H57D3,,smithjo11
335,Josh Smith*,28,TOR,AL,0.6,26,65,53,14,13,1,0,5,7,1,0,8,20,.245,.349,.547,.896,143,.401,152,29,2,1,2,1,0,/547H,,smithjo11
336,Jacob Gonzalez*,24,2TM,2LG,-0.3,78,219,202,20,45,9,0,6,30,2,1,11,42,.223,.275,.356,.632,72,.279,66,72,5,4,1,1,0,63H5,,gonzaja01
336,Jacob Gonzalez*,24,CHW,AL,0.3,30,97,86,11,21,4,0,2,17,0,0,8,22,.244,.323,.360,.683,92,.308,90,31,0,2,1,0,0,3/H5,,gonzaja01
336,Jacob Gonzalez*,24,PIT,NL,-0.6,48,122,116,9,24,5,0,4,13,2,1,3,20,.207,.238,.353,.591,58,.256,47,41,5,2,0,1,0,6H5/3,,gonzaja01
337,Edgar Quero#,23,CHW,AL,-0.8,69,217,187,14,38,1,0,3,19,1,0,18,43,.203,.284,.257,.540,53,.253,51,48,5,5,2,5,0,2H/D,,queroed01
338,Luisangel Acuña,24,CHW,AL,-0.5,97,214,200,21,46,4,0,1,12,17,6,9,41,.230,.264,.265,.529,49,.239,38,53,5,1,2,2,0,68H/D147,,acunajo01
339,José Fernández,22,ARI,NL,0.3,67,211,194,26,51,9,0,3,16,9,2,11,46,.263,.306,.356,.661,84,.315,91,69,3,1,5,0,0,D53H/6,,fernajo06
340,Alika Williams,27,ATH,AL,1.4,82,211,196,24,51,18,1,4,16,1,1,9,47,.260,.298,.423,.722,96,.311,90,83,6,2,3,1,0,64H/5,,willial04
341,Derek Hill,30,2TM,2LG,1.3,110,209,192,29,47,5,1,10,30,13,4,13,68,.245,.296,.438,.734,97,.332,99,84,2,1,3,0,0,*98H7/D3,,hillde01
341,Derek Hill,30,CHW,AL,-0.1,50,90,80,11,17,1,0,4,8,7,4,7,29,.213,.284,.375,.659,83,.288,79,30,1,1,2,0,0,9H78/D,,hillde01
341,Derek Hill,30,PHI,NL,1.4,60,119,112,18,30,4,1,6,22,6,0,6,39,.268,.305,.482,.787,107,.365,114,54,1,0,1,0,0,89H/7D3,,hillde01
342,Andrés Chaparro,27,WSN,NL,0.9,77,206,178,32,46,13,0,11,37,0,0,23,48,.258,.359,.517,.876,138,.391,147,92,4,5,0,0,0,3HD/5,,chapaan01
343,Mickey Gasper#,30,BOS,AL,1.5,59,206,173,25,46,9,1,9,23,0,1,26,31,.266,.376,.486,.861,143,.379,146,84,3,5,1,1,0,D2H3,,gaspemi01
344,Ramón Laureano,31,SDP,NL,0.1,53,206,182,23,37,6,2,7,21,7,2,20,65,.203,.286,.374,.660,84,.293,80,68,1,2,0,2,0,7/9HD,,laurera01
345,Roman Anthony*,22,BOS,AL,0.9,46,205,178,20,42,7,2,4,10,2,0,26,56,.236,.337,.365,.702,100,.317,99,65,1,1,0,0,1,7D/9H,,anthoro01
346,Eli White,32,2TM,2LG,1.5,96,204,191,27,47,9,1,6,29,5,1,11,45,.246,.289,.398,.687,89,.322,97,76,2,1,0,1,0,9H78/D4,,whiteel04
346,Eli White,32,ATL,NL,1.1,69,144,133,17,31,6,1,5,17,4,0,9,31,.233,.285,.406,.691,88,.328,98,54,2,1,0,1,0,97H8/D,,whiteel04
346,Eli White,32,BOS,AL,0.3,27,60,58,10,16,3,0,1,12,1,1,2,14,.276,.300,.379,.679,92,.305,95,22,0,0,0,0,0,8/H79D4,,whiteel04
347,Jorge Mateo,31,2TM,2LG,0.1,89,204,190,40,40,7,0,5,18,19,4,11,61,.211,.256,.326,.582,60,.268,52,62,3,1,1,1,0,6HD/4157,,mateojo01
347,Jorge Mateo,31,ATL,NL,0.7,65,137,129,29,31,6,0,4,11,10,1,8,41,.240,.285,.380,.665,81,.303,75,49,2,0,0,0,0,6H/D147,,mateojo01
347,Jorge Mateo,31,TBR,AL,-0.6,24,67,61,11,9,1,0,1,7,9,3,3,20,.148,.197,.213,.410,15,.196,4,13,1,1,1,1,0,6/4HD5,,mateojo01
348,Drew Romo#,24,CHW,AL,-0.4,60,203,177,17,25,5,0,7,16,1,0,20,47,.141,.239,.288,.527,47,.252,50,51,4,3,2,1,0,2/H3,,romodr01
349,Brent Rooker,31,ATH,AL,-0.4,48,203,180,20,36,4,0,10,29,2,0,19,65,.200,.281,.389,.670,83,.298,78,70,3,2,0,2,1,D/97H,,rookebr01
350,Pedro Pagés,27,STL,NL,-0.2,79,202,182,13,38,6,0,4,11,2,0,12,54,.209,.263,.308,.570,63,.257,59,56,5,2,4,2,0,2/31DH,,pagespe02
351,Lourdes Gurriel Jr.,32,ARI,NL,-0.7,51,201,186,13,39,9,0,2,22,1,0,10,38,.210,.254,.290,.544,51,.248,46,54,2,2,0,3,0,7D/H,,gurrilo01
352,Noelvi Marté,24,CIN,NL,-1.4,63,201,190,19,36,7,0,6,15,7,2,10,52,.189,.229,.321,.550,52,.247,45,61,4,0,0,1,0,9/H8D,,marteno01
353,Blaze Jordan,23,STL,NL,0.4,58,199,186,16,46,8,4,3,28,0,0,7,30,.247,.276,.382,.658,87,.291,86,71,8,2,0,4,0,53/H,,jordabl01
354,Adrian Del Castillo*,26,ARI,NL,-0.8,62,195,179,18,35,6,0,5,24,1,0,13,55,.196,.249,.313,.562,55,.261,55,56,5,0,2,1,0,D2H/31,,delcaad01
355,Danny Jansen,31,TEX,AL,0.6,58,195,170,17,33,8,1,6,21,1,1,15,51,.194,.283,.359,.642,86,.285,85,61,6,6,4,0,0,2/HD,,janseda01
356,Brenton Doyle,28,2TM,2LG,-0.4,78,195,182,28,40,6,1,3,12,13,4,12,65,.220,.268,.313,.581,55,.269,49,57,2,0,1,0,0,8H/D,,doylebr02
356,Brenton Doyle,28,COL,NL,-0.4,45,129,117,22,25,5,0,1,5,9,2,12,42,.214,.287,.282,.569,50,.275,47,33,0,0,0,0,0,8/H,,doylebr02
356,Brenton Doyle,28,CHW,AL,-0.1,33,66,65,6,15,1,1,2,7,4,2,0,23,.231,.231,.369,.600,65,.255,53,24,2,0,1,0,0,8H/D,,doylebr02
357,David Fry,30,CLE,AL,0.0,86,194,165,20,31,5,0,7,15,0,0,28,56,.188,.309,.345,.655,87,.297,87,57,4,1,0,0,1,H79D3/25,,fryda01
358,Leo Jiménez,25,MIA,NL,-0.8,66,194,166,18,33,4,0,2,14,1,0,18,38,.199,.306,.259,.565,62,.269,65,43,7,8,1,1,0,5H3/D46,,jimenle01
359,Christian Koss,28,SFG,NL,0.7,61,190,175,26,42,5,0,4,12,5,0,9,44,.240,.285,.337,.622,76,.291,77,59,3,2,4,0,0,65/H41D,,kossch01
360,Alex Call,31,LAD,NL,0.2,83,189,158,24,37,8,0,1,19,1,1,22,35,.234,.349,.304,.653,83,.312,92,48,2,7,0,2,0,7H9/8D,,callal02
361,Christian Encarnacion-Strand,26,BAL,AL,1.2,51,188,173,22,48,12,0,10,35,1,1,10,51,.277,.326,.520,.846,137,.364,136,90,4,3,1,1,1,5/HD3,,encarch01
362,Tristan Gray*,30,MIN,AL,-0.7,66,188,173,16,39,5,0,4,29,2,0,10,60,.225,.267,.324,.591,66,.269,63,56,2,1,1,3,0,65/H43,,graytr01
363,Victor Scott II*,25,STL,NL,-0.5,75,188,159,19,31,4,0,2,9,11,5,16,44,.195,.275,.258,.533,55,.246,51,41,3,2,10,1,0,8/7H9D,,scottvi01
364,Tyler Heineman#,35,2TM,AL,-0.5,71,188,167,14,29,3,1,1,9,1,0,5,27,.174,.220,.222,.442,25,.204,13,37,7,5,11,0,0,2/1HD,,heinety01
364,Tyler Heineman#,35,TOR,AL,-0.2,31,87,78,6,12,1,0,1,6,0,0,2,19,.154,.205,.205,.410,14,.190,-1,16,2,3,4,0,0,2/1HD,,heinety01
364,Tyler Heineman#,35,LAA,AL,-0.3,40,101,89,8,17,2,1,0,3,1,0,3,8,.191,.234,.236,.470,36,.217,25,21,5,2,7,0,0,2/1,,heinety01
365,Kyle Higashioka,36,TEX,AL,0.6,56,186,165,20,36,4,0,7,18,0,0,19,47,.218,.306,.370,.676,96,.313,104,61,5,2,0,0,0,2/DH1,,higasky01
366,Luis Lara#,21,MIL,NL,1.2,54,184,165,24,43,8,2,1,24,3,1,16,40,.261,.326,.352,.678,88,.304,85,58,2,1,0,2,0,98/H7D,,laralu01
367,Petey Halpin*,24,CLE,AL,0.0,74,181,166,26,36,4,1,4,13,10,1,7,33,.217,.256,.325,.581,65,.269,58,54,1,2,5,1,0,8H/9,,halpipe01
368,Matt Shaw,24,CHC,NL,0.8,71,181,155,25,38,8,3,5,23,4,1,19,32,.245,.337,.432,.769,111,.341,110,67,2,3,3,1,0,H9D4/5738,,shawma01
369,Javier Báez,33,DET,AL,-0.7,53,180,172,24,41,11,1,2,17,1,2,5,34,.238,.267,.349,.616,71,.266,64,60,6,2,0,1,0,684/7H9,,baezja01
370,Yohendrick Piñango*,24,TOR,AL,-0.7,58,180,169,12,44,8,0,5,20,0,0,11,44,.260,.306,.396,.702,92,.308,87,67,6,0,0,0,0,79H/D,,pinanyo01
371,Wenceel Pérez#,26,DET,AL,-0.7,53,175,161,22,29,4,1,7,17,3,1,14,29,.180,.246,.348,.594,64,.263,58,56,1,0,0,0,0,98/H7D,,perezwe01
372,Anthony Seigler#,27,BOS,AL,0.5,49,173,150,21,37,12,1,3,13,2,0,18,28,.247,.327,.400,.727,106,.330,107,60,3,1,2,2,0,4/HD5,,seiglan01
373,Bryan Torres*,28,STL,NL,0.4,69,173,152,17,38,1,2,4,19,2,0,17,33,.250,.326,.362,.687,97,.315,100,55,0,1,1,2,0,7H4/D518,,torrebr01
374,Tommy White,23,ATH,AL,-0.4,46,171,166,18,43,5,0,3,9,0,1,4,28,.259,.275,.343,.618,69,.268,61,57,4,0,0,1,0,35/HD,,whiteto01
375,James Outman*,29,2TM,AL,-0.3,94,170,157,23,27,4,2,5,17,6,3,10,71,.172,.235,.318,.554,54,.245,47,50,0,3,0,0,0,87H9/D,,outmaja01
375,James Outman*,29,MIN,AL,-0.3,49,70,64,9,10,4,1,0,3,4,2,5,29,.156,.229,.250,.479,35,.219,31,16,0,1,0,0,0,87H/9D,,outmaja01
375,James Outman*,29,DET,AL,0.0,45,100,93,14,17,0,1,5,14,2,1,5,42,.183,.240,.366,.606,67,.263,59,34,0,2,0,0,0,8/9H7,,outmaja01
376,Weston Wilson,31,2TM,AL,-0.2,65,169,151,22,33,5,0,4,13,6,1,17,52,.219,.302,.331,.633,83,.294,84,50,2,1,0,0,0,5/H913D7,,wilsowe01
376,Weston Wilson,31,BAL,AL,-0.1,19,46,39,6,9,1,0,1,3,2,1,6,11,.231,.348,.333,.681,96,.314,99,13,0,1,0,0,0,5/1H7,,wilsowe01
376,Weston Wilson,31,SEA,AL,-0.2,46,123,112,16,24,4,0,3,10,4,0,11,41,.214,.285,.330,.615,78,.286,78,37,2,0,0,0,0,5/9H3D17,,wilsowe01
377,Jorge Barrosa#,25,2TM,2LG,0.5,101,169,141,29,28,12,1,2,12,3,0,16,45,.199,.288,.340,.628,74,.294,76,48,1,2,9,1,0,89H7/D,,barrojo01
377,Jorge Barrosa#,25,ARI,NL,0.5,97,159,134,28,27,11,1,2,12,3,0,14,42,.201,.285,.343,.628,74,.294,76,46,1,2,8,1,0,8H97/D,,barrojo01
377,Jorge Barrosa#,25,HOU,AL,0.0,4,10,7,1,1,1,0,0,0,0,0,2,3,.143,.333,.286,.619,79,.295,83,2,0,0,1,0,0,/789,,barrojo01
378,Starling Marte,37,KCR,AL,-0.6,59,168,153,15,37,5,0,2,14,2,2,9,41,.242,.298,.314,.611,74,.271,70,48,4,4,0,2,0,9DH/7,,martest01
379,Max Clark*,21,DET,AL,1.3,42,167,148,23,41,10,3,3,22,5,1,14,35,.277,.352,.446,.797,122,.352,120,66,1,3,2,0,1,8/H,,clarkma04
380,Jake Rogers,31,4TM,AL,0.0,57,167,140,17,23,4,1,4,14,1,0,22,49,.164,.277,.293,.570,61,.262,57,41,4,1,1,3,0,2/1H,,rogerja03
380,Jake Rogers,31,DET,AL,-0.1,34,110,93,11,15,2,1,3,9,1,0,13,31,.161,.266,.301,.567,59,.259,54,28,0,1,1,2,0,2/1H,,rogerja03
380,Jake Rogers,31,BAL,AL,0.0,3,6,5,0,1,0,0,0,0,0,0,1,2,.200,.333,.200,.533,57,.267,67,1,1,0,0,0,0,/2,,rogerja03
380,Jake Rogers,31,BOS,AL,0.2,3,9,6,4,3,2,0,0,2,0,0,2,2,.500,.556,.833,1.389,288,.535,255,5,0,0,0,1,0,/2,,rogerja03
380,Jake Rogers,31,CHW,AL,-0.1,17,42,36,2,4,0,0,1,3,0,0,6,14,.111,.238,.194,.433,23,.211,22,7,3,0,0,0,0,2,,rogerja03
381,Jordan Beck,25,COL,NL,-0.9,56,164,150,15,30,7,2,1,11,2,1,13,48,.200,.262,.293,.556,46,.252,37,44,5,0,0,1,0,97H,,beckjo01
382,Daniel Susac,25,SFG,NL,0.6,53,161,144,11,35,8,1,3,22,2,2,8,36,.243,.289,.375,.664,86,.292,85,54,4,3,2,4,0,2/H5,,susacda01
383,Jahmai Jones,28,2TM,AL,-0.3,87,161,142,18,30,6,1,5,15,3,2,15,51,.211,.304,.373,.678,90,.307,92,53,3,4,0,0,0,DH/79,,jonesja08
383,Jahmai Jones,28,DET,AL,-1.1,57,105,95,7,13,2,0,2,7,0,2,10,35,.137,.219,.221,.440,24,.205,25,21,3,0,0,0,0,DH/79,,jonesja08
383,Jahmai Jones,28,BOS,AL,0.8,30,56,47,11,17,4,1,3,8,3,0,5,16,.362,.464,.681,1.145,220,.497,219,32,0,4,0,0,0,DH/7,,jonesja08
384,Edwin Arroyo#,22,CIN,NL,-0.7,50,160,148,14,33,4,1,0,5,1,1,6,38,.223,.266,.264,.529,49,.256,54,39,0,3,2,1,0,4/56H,,arroyed01
385,Brendan Donovan*,29,SEA,AL,0.5,39,159,137,12,38,7,1,3,15,1,1,15,23,.277,.371,.409,.780,127,.346,127,56,5,6,0,1,0,5/4DH,,donovbr01
386,Endy Rodríguez#,26,PIT,NL,0.6,45,159,135,20,36,6,0,7,20,6,1,23,41,.267,.373,.467,.840,127,.376,129,63,4,0,0,0,0,2/H3D,,rodrien01
387,Isiah Kiner-Falefa,31,BOS,AL,1.4,57,158,141,20,37,5,0,2,16,8,2,16,20,.262,.338,.340,.678,94,.316,96,48,3,0,1,0,0,46/5HD3,,kineris01
388,Brett Bateman*,24,TOR,AL,1.9,34,157,138,23,46,5,1,2,11,3,0,14,32,.333,.400,.428,.828,129,.370,128,59,0,2,2,1,0,8/97,,batembr01
389,Darell Hernaiz,24,ATH,AL,-0.6,56,157,137,13,32,3,0,1,9,3,0,16,31,.234,.316,.277,.594,66,.276,61,38,1,1,2,1,0,654/H9D,,hernada04
390,Blake Dunn,27,CIN,NL,1.1,38,155,142,20,40,7,1,2,7,6,3,10,33,.282,.335,.387,.723,102,.319,100,55,2,2,0,1,0,89/H7D,,dunnbl01
391,Nick Allen,27,HOU,AL,1.1,87,153,136,24,38,5,0,3,14,2,0,10,30,.279,.327,.382,.709,102,.327,106,52,3,1,3,3,0,46H5/D,,allenni02
392,Drew Cavanaugh*,24,SFG,NL,0.2,53,153,132,9,31,3,0,1,10,1,0,18,44,.235,.327,.280,.607,74,.285,76,37,4,0,3,0,0,2H/D,,cavandr01
393,Jake Meyers,30,HOU,AL,0.1,57,153,141,15,30,7,0,3,11,1,2,10,31,.213,.268,.326,.594,69,.282,80,46,3,1,0,1,0,8H/71D,,meyerja02
394,James McCann,36,ARI,NL,0.3,47,152,142,15,40,6,0,5,24,0,0,6,39,.282,.313,.430,.743,104,.329,105,61,5,1,2,1,0,2/31HD,,mccanja02
395,Drew Millas#,28,WSN,NL,-0.6,50,152,130,18,24,4,0,2,11,0,1,14,37,.185,.277,.262,.539,50,.248,46,34,1,3,2,1,0,2/H,,milladr01
396,Jimmy Crooks*,24,STL,NL,-0.5,52,149,134,10,24,6,0,5,14,0,0,9,48,.179,.255,.336,.591,68,.262,65,45,2,5,0,1,0,2/DH,,crookji01
397,Mitch Garver,35,SEA,AL,0.5,50,149,126,17,22,3,0,4,15,1,0,22,49,.175,.302,.294,.596,74,.303,95,37,2,1,0,0,0,2H/D,,garvemi01
398,Víctor Robles,29,SEA,AL,-0.2,65,149,133,15,34,3,2,0,9,10,2,9,22,.256,.315,.308,.623,82,.300,87,41,4,3,3,1,0,98/7H1D,,roblevi01
399,Thomas Saggese,24,STL,NL,0.1,49,149,135,25,36,5,1,4,13,4,2,11,37,.267,.315,.407,.723,106,.317,105,55,4,0,0,3,0,674/H5D,,saggeth01
400,Jose Trevino,33,CIN,NL,-0.3,46,148,144,12,31,3,0,5,17,0,1,1,28,.215,.219,.340,.559,53,.248,50,49,2,0,2,1,0,2/1H3,,trevijo01
401,Gabriel Arias,26,3TM,2LG,0.5,50,147,139,14,34,3,0,5,13,4,0,8,60,.245,.286,.374,.660,86,.294,80,52,1,0,0,0,1,56/H34,,ariasga01
401,Gabriel Arias,26,2TM,NL,0.0,8,13,12,1,3,0,0,0,2,0,0,1,3,.250,.308,.250,.558,58,.255,52,3,0,0,0,0,0,/6H34,,ariasga01
401,Gabriel Arias,26,CLE,AL,0.6,42,134,127,13,31,3,0,5,11,4,0,7,57,.244,.284,.386,.669,89,.298,83,49,1,0,0,0,1,56/H43,,ariasga01
401,Gabriel Arias,26,NYM,NL,-0.2,2,5,5,0,0,0,0,0,0,0,0,0,1,.000,.000,.000,.000,-100,.000,-126,0,0,0,0,0,0,/36,,ariasga01
401,Gabriel Arias,26,CHC,NL,0.2,6,8,7,1,3,0,0,0,2,0,0,1,2,.429,.500,.429,.929,160,.414,163,3,0,0,0,0,0,/6H34,,ariasga01
402,Adam Frazier*,34,LAA,AL,0.4,64,145,128,19,30,8,1,1,11,2,2,10,39,.234,.305,.336,.641,85,.289,86,43,1,3,4,0,1,4H/7D1,,fraziad01
403,Max Kepler*,33,ARI,NL,-0.7,41,145,132,11,27,7,0,2,15,0,0,11,32,.205,.262,.303,.565,57,.249,47,40,3,0,0,2,1,7/HD,,keplema01
404,Jorge Polanco#,32,NYM,NL,-1.4,37,145,135,7,20,5,0,2,6,0,0,9,36,.148,.201,.230,.431,21,.200,16,31,2,0,1,0,0,D/3H,,polanjo01
405,Sung-Mun Song*,29,SDP,NL,-0.2,72,145,123,19,23,4,0,1,16,13,4,18,28,.187,.289,.244,.533,53,.252,47,30,3,0,3,1,1,46H5/D,,songsu01
406,MJ Melendez*,27,NYM,NL,-0.2,56,144,120,14,23,5,1,4,11,0,1,17,50,.192,.315,.350,.665,87,.296,87,42,0,5,1,1,0,D7H/9,,melenmj01
407,Graham Pauley*,25,MIA,NL,-0.2,57,144,133,15,28,9,1,4,25,1,1,8,34,.211,.259,.383,.642,79,.281,76,51,4,1,1,1,0,53/H,,paulegr01
408,Samad Taylor,27,SDP,NL,0.8,38,143,125,21,39,2,2,1,13,10,2,14,38,.312,.386,.384,.770,118,.354,120,48,2,1,3,0,0,7/9H,,taylosa04
409,Tommy Troy,24,ARI,NL,0.1,45,143,129,23,28,3,1,4,9,1,0,13,34,.217,.289,.349,.638,77,.297,81,45,0,0,1,0,0,78/HD4,,troyto01
410,Carlos Correa,31,HOU,AL,1.3,32,141,122,22,34,8,0,3,16,1,0,18,26,.279,.369,.418,.787,124,.354,127,51,5,0,0,1,1,65,,correca01
411,Davis Schneider,27,TOR,AL,-0.4,63,141,114,18,16,6,0,3,12,1,0,25,48,.140,.293,.272,.565,57,.275,62,31,1,0,1,1,0,7H4/D,,schneda03
412,Tyler Tolbert,28,KCR,AL,1.1,73,140,122,31,36,5,0,3,8,21,4,12,28,.295,.360,.410,.770,118,.366,120,50,3,1,4,1,0,H6947/8D15,,tolbety01
413,Leo Rivas#,28,SEA,AL,-0.3,47,139,116,10,17,3,1,0,9,2,0,16,39,.147,.270,.190,.460,37,.231,42,22,2,4,2,1,0,56/HD14,,rivasle01
414,Rafael Flores,25,PIT,NL,0.9,40,135,124,15,34,4,0,9,20,0,0,11,38,.274,.333,.524,.858,128,.368,127,65,2,0,0,0,1,23/H1,,florera03
415,Matt Wallner*,28,MIN,AL,-1.3,34,135,120,14,20,3,0,4,10,0,1,10,53,.167,.259,.292,.551,56,.250,54,35,2,5,0,0,0,9/H,,wallnma01
416,George Lombard Jr.,21,NYY,AL,1.0,34,134,120,18,27,3,1,3,12,2,1,10,35,.225,.286,.342,.627,75,.278,69,41,1,1,1,2,0,6,,lombage02
417,Jonah Cox,24,SFG,NL,1.4,53,132,119,24,35,2,2,4,13,13,4,7,48,.294,.333,.445,.779,118,.342,113,53,0,0,5,0,0,8H4/7D,,coxjo01
418,LaMonte Wade Jr.*,32,HOU,AL,-0.2,50,132,114,15,23,5,0,3,18,0,0,18,33,.202,.311,.325,.635,82,.295,86,37,0,0,0,0,0,7H/391,,wadela01
419,Osleivis Basabe,25,SFG,NL,-0.5,40,131,119,12,24,3,0,5,13,2,2,7,25,.202,.262,.353,.614,72,.271,70,42,0,3,1,1,0,45/6HD,,basabos01
420,Hyeseong Kim*,27,LAD,NL,0.5,43,131,116,16,30,3,1,1,11,5,1,12,31,.259,.323,.328,.651,81,.297,76,38,2,0,0,2,0,64/7H,,kimhy02
421,John Rave*,28,KCR,AL,1.0,44,131,114,22,25,6,1,6,13,7,1,15,29,.219,.310,.447,.757,112,.343,112,51,1,0,2,0,0,98H/7D,,ravejo01
422,Yoán Moncada#,31,LAA,AL,-0.2,41,130,111,9,21,1,1,3,10,1,0,17,45,.189,.308,.297,.605,75,.282,78,33,2,2,0,0,0,5/HD,,moncayo01
423,Rob Refsnyder,35,SEA,AL,-1.0,53,129,114,9,16,1,0,4,11,0,0,8,37,.140,.211,.254,.465,35,.207,27,29,2,3,1,3,1,DH9/7,,refsnro01
424,Ángel Genao#,22,CLE,AL,0.5,35,128,117,15,26,4,0,2,6,1,0,10,18,.222,.289,.308,.597,71,.279,73,36,3,1,0,0,0,45/6H,,genaoan01
425,Ha-Seong Kim,30,ATL,NL,-0.7,46,128,114,8,14,1,0,0,9,2,0,13,33,.123,.219,.132,.350,0,.181,-6,15,1,1,0,0,0,6/H,,kimha01
426,Joey Bart,29,3TM,2LG,0.4,44,128,112,13,24,4,0,4,13,0,0,7,35,.214,.305,.357,.662,81,.304,84,40,1,8,0,1,0,2/HD,,bartjo01
426,Joey Bart,29,2TM,NL,0.3,41,119,106,13,24,4,0,4,13,0,0,6,31,.226,.303,.377,.680,85,.309,87,40,1,6,0,1,0,2/HD,,bartjo01
426,Joey Bart,29,PIT,NL,-0.1,21,62,58,9,15,1,0,2,6,0,0,2,21,.259,.290,.379,.670,80,.291,72,22,0,1,0,1,0,2/HD,,bartjo01
426,Joey Bart,29,ATL,NL,0.5,20,57,48,4,9,3,0,2,7,0,0,4,10,.188,.316,.375,.691,90,.329,103,18,1,5,0,0,0,2/HD,,bartjo01
426,Joey Bart,29,CHW,AL,0.1,3,9,6,0,0,0,0,0,0,0,0,1,4,.000,.333,.000,.333,5,.239,42,0,0,2,0,0,0,/2H,,bartjo01
427,Jim Jarvis*,25,ATL,NL,0.6,38,124,111,10,23,5,1,1,11,0,1,8,23,.207,.267,.297,.564,56,.265,59,33,0,1,4,0,0,6/H,,jarviji01
428,Abimelec Ortiz*,24,WSN,NL,-0.2,39,124,117,16,24,5,0,5,13,0,0,7,34,.205,.250,.376,.626,70,.270,60,44,1,0,0,0,1,3/DH,,ortizab01
429,Héctor Rodríguez*,22,CIN,NL,-0.2,33,124,116,14,26,3,0,5,12,0,0,7,32,.224,.274,.379,.654,80,.290,78,44,0,1,0,0,0,9/H8D,,rodrihe05
430,Nick Castellanos,34,SDP,NL,-1.0,39,122,115,9,22,5,0,4,20,2,0,5,34,.191,.221,.339,.560,55,.258,54,39,1,0,0,2,1,9/DH73,,casteni01
431,Joey Loperfido*,27,HOU,AL,0.1,40,121,103,13,22,7,1,1,12,1,1,14,32,.214,.311,.330,.641,83,.284,79,34,2,1,1,1,1,7H/89,,loperjo01
432,Colby Thomas,25,ATH,AL,-0.7,55,121,114,11,23,3,0,4,11,1,1,4,37,.202,.235,.333,.569,55,.254,50,38,3,1,2,0,0,9H7/D8,,thomaco03
433,Kaelen Culpepper,23,MIN,AL,0.6,31,120,109,15,30,5,0,3,11,1,0,6,25,.275,.333,.404,.737,107,.326,104,44,4,4,0,1,0,6,,culpeka01
434,Alek Thomas*,26,2TM,NL,-0.1,35,120,113,13,21,10,0,2,13,4,0,4,27,.186,.227,.327,.554,52,.257,47,37,5,2,1,0,0,8/H,,thomaal01
434,Alek Thomas*,26,ARI,NL,0.0,28,100,94,12,17,9,0,2,10,4,0,3,23,.181,.222,.340,.563,54,.253,43,32,3,2,1,0,0,8,,thomaal01
434,Alek Thomas*,26,LAD,NL,-0.1,7,20,19,1,4,1,0,0,3,0,0,1,4,.211,.250,.263,.513,42,.278,67,5,2,0,0,0,0,/8H,,thomaal01
435,Jordan Lawlar,23,ARI,NL,0.8,37,118,106,15,28,4,0,5,13,5,1,5,35,.264,.333,.443,.777,114,.354,119,47,0,6,1,0,0,87/H4,,lawlajo01
436,Ben Malgeri,26,DET,AL,0.4,51,118,100,14,24,3,0,3,15,5,0,16,33,.240,.347,.360,.707,99,.330,99,36,0,1,0,1,0,97H/8D,,malgebe01
437,Nick Yorke,24,PIT,NL,-0.5,40,117,104,7,22,4,0,1,12,1,0,9,26,.212,.284,.279,.563,54,.261,49,29,3,2,1,1,0,5H/937D,,yorkeni01
438,Lenyn Sosa,26,2TM,AL,-0.8,40,117,113,11,22,7,0,1,9,0,0,1,25,.195,.207,.283,.490,34,.222,27,32,2,1,1,1,0,43/DH,,sosale01
438,Lenyn Sosa,26,CHW,AL,-0.3,12,33,33,2,7,3,0,0,3,0,0,0,7,.212,.212,.303,.515,42,.224,31,10,0,0,0,0,0,/DH34,,sosale01
438,Lenyn Sosa,26,TOR,AL,-0.5,28,84,80,9,15,4,0,1,6,0,0,1,18,.188,.205,.275,.480,31,.221,25,22,2,1,1,1,0,43/HD,,sosale01
439,Christian Moore,23,LAA,AL,-1.3,29,115,106,2,17,3,1,1,10,1,3,7,38,.160,.217,.236,.453,31,.196,26,25,3,1,0,1,0,4/7DH,,moorech03
440,Will Benson*,28,CIN,NL,-0.2,51,114,96,11,18,3,1,3,6,1,1,16,38,.188,.310,.333,.643,80,.287,78,32,0,1,0,0,1,9H/78D,,bensowi01
441,Harrison Bader,32,SFG,NL,0.1,30,111,106,10,18,5,0,5,14,0,0,4,34,.170,.198,.358,.557,53,.244,49,38,3,0,0,1,0,8/H,,baderha01
442,Brandon Lockridge,29,MIL,NL,0.3,38,111,99,12,27,4,0,0,12,6,1,11,32,.273,.345,.313,.659,85,.315,88,31,0,0,1,0,0,7/8H93,,lockrbr01
443,Everson Pereira,25,2TM,2LG,0.0,38,111,98,10,23,5,0,5,12,1,0,6,37,.235,.309,.439,.748,108,.329,106,43,3,5,1,1,0,98/7HD,,pereiev01
443,Everson Pereira,25,CHW,AL,0.0,27,88,80,8,18,5,0,4,11,1,0,5,30,.225,.284,.438,.722,99,.315,94,35,2,2,0,1,0,9/8DH7,,pereiev01
443,Everson Pereira,25,STL,NL,0.0,11,23,18,2,5,0,0,1,1,0,0,1,7,.278,.409,.444,.854,145,.387,157,8,1,3,1,0,0,/78H,,pereiev01
444,Joshua Báez,23,STL,NL,0.1,29,108,100,18,23,7,0,7,18,2,1,4,33,.230,.278,.510,.788,120,.338,119,51,0,3,0,1,0,7/H9,,baezjo02
445,Josh Rojas*,32,KCR,AL,0.8,40,108,100,11,24,4,0,2,13,1,0,5,16,.240,.283,.340,.623,76,.287,77,34,0,1,2,0,0,5H/6D41,,rojasjo01
446,Kyle Teel*,24,CHW,AL,0.5,31,108,92,14,18,3,0,4,20,0,0,15,41,.196,.315,.359,.674,89,.314,95,33,1,1,0,0,0,2/HD,,teelky01
447,Nelson Velázquez,27,2TM,2LG,-0.4,47,108,97,12,19,4,0,6,18,0,0,8,36,.196,.259,.423,.682,91,.291,85,41,0,1,0,2,0,7HD/9,,velazne01
447,Nelson Velázquez,27,STL,NL,0.1,34,83,74,10,16,4,0,4,12,0,0,7,25,.216,.289,.432,.722,104,.310,99,32,0,1,0,1,0,7HD/9,,velazne01
447,Nelson Velázquez,27,HOU,AL,-0.5,13,25,23,2,3,0,0,2,6,0,0,1,11,.130,.160,.391,.551,51,.228,38,9,0,0,0,1,0,/7HD,,velazne01
448,Tyler Callihan*,26,PIT,NL,-0.6,37,107,95,13,20,4,2,3,15,1,0,9,38,.211,.283,.389,.672,80,.295,73,37,0,1,1,1,0,9/37H451D,,callity01
449,Dustin Harris*,26,3TM,2LG,0.6,35,107,92,15,27,3,3,0,13,8,1,10,13,.293,.362,.391,.753,113,.347,112,36,0,1,2,2,0,79/HD8,,harridu01
449,Dustin Harris*,26,2TM,AL,0.0,17,52,43,6,10,1,1,0,5,4,0,6,7,.233,.333,.302,.636,82,.313,83,13,0,1,1,1,0,7/9H,,harridu01
449,Dustin Harris*,26,CHW,AL,0.2,6,16,12,2,3,1,0,0,1,2,0,4,1,.250,.438,.333,.771,121,.397,133,4,0,0,0,0,0,/9H7,,harridu01
449,Dustin Harris*,26,HOU,AL,-0.2,11,36,31,4,7,0,1,0,4,2,0,2,6,.226,.286,.290,.576,65,.275,61,9,0,1,1,1,0,7/9H,,harridu01
449,Dustin Harris*,26,SDP,NL,0.6,18,55,49,9,17,2,2,0,8,4,1,4,6,.347,.389,.469,.858,141,.379,139,23,0,0,1,1,0,7/9HD8,,harridu01
450,Eduardo Valencia,26,DET,AL,1.1,33,105,100,16,32,10,0,6,18,0,0,3,26,.320,.346,.600,.946,159,.413,166,60,3,1,0,0,0,D2/H3,,valened01
451,Harry Ford,23,WSN,NL,0.3,33,104,89,15,17,6,0,3,10,3,0,14,24,.191,.308,.360,.667,84,.307,83,32,2,1,0,0,0,2/HD,,fordha01
452,Turner Hill*,27,SFG,NL,0.3,27,102,85,11,21,6,0,1,15,1,1,12,17,.247,.343,.353,.696,98,.309,97,30,1,2,0,3,0,7/HD,,hilltu01
453,Blake Perkins#,29,MIL,NL,0.0,55,101,89,14,14,6,0,1,11,3,1,10,22,.157,.250,.258,.508,41,.262,54,23,1,1,1,0,0,8H9/7D,,perkibl01
454,Pavin Smith*,30,ARI,NL,-0.8,32,101,90,7,15,2,0,2,8,2,0,10,20,.167,.248,.256,.503,41,.236,35,23,2,0,0,1,0,3D/H,,smithpa04
455,Ramón Urías,32,STL,NL,0.3,43,100,86,14,13,3,0,4,9,0,1,9,18,.151,.260,.326,.586,67,.268,73,28,3,4,0,1,0,5H/436,,uriasra01
456,Christopher Morel,27,2TM,NL,-0.5,34,100,93,6,17,4,0,1,6,1,0,6,34,.183,.240,.258,.498,41,.226,34,24,0,1,0,0,0,3D/H75,,morelch01
456,Christopher Morel,27,MIA,NL,-0.6,22,73,68,3,11,3,0,0,1,1,0,4,28,.162,.219,.206,.425,22,.199,14,14,0,1,0,0,0,3/DH,,morelch01
456,Christopher Morel,27,NYM,NL,0.1,12,27,25,3,6,1,0,1,5,0,0,2,6,.240,.296,.400,.696,94,.300,87,10,0,0,0,0,0,/3DH75,,morelch01
457,Shay Whitcomb,27,2TM,2LG,-0.1,40,98,93,7,18,3,0,4,11,0,1,3,26,.194,.219,.355,.574,59,.250,56,33,2,0,2,0,0,5H/436D7,,whitcsh01
457,Shay Whitcomb,27,HOU,AL,0.0,17,24,23,2,3,0,0,2,5,0,0,1,11,.130,.167,.391,.558,53,.237,45,9,0,0,0,0,0,H/536D7,,whitcsh01
457,Shay Whitcomb,27,SFG,NL,-0.1,23,74,70,5,15,3,0,2,6,0,1,2,15,.214,.236,.343,.579,61,.255,60,24,2,0,2,0,0,5/43H,,whitcsh01
458,Jase Bowen,25,SDP,NL,-0.6,74,96,90,14,14,2,1,2,7,6,1,3,36,.156,.200,.267,.467,30,.215,20,24,0,2,1,0,0,79H/D8,,bowenja01
459,Sean Murphy,31,ATL,NL,0.0,26,96,89,10,17,4,0,3,10,0,0,7,32,.191,.250,.337,.587,60,.277,66,30,1,0,0,0,0,2,,murphse01
460,Giancarlo Stanton,36,NYY,AL,0.2,24,96,90,8,23,6,0,3,14,1,0,6,29,.256,.302,.422,.724,100,.328,102,38,2,0,0,0,0,D/H,,stantmi03
461,Rafael Marchán#,27,PHI,NL,-0.7,34,95,91,5,9,0,0,2,6,0,0,2,15,.099,.137,.165,.302,-19,.157,-26,15,2,2,0,0,0,2/H,,marchra01
462,Bo Naylor*,26,2TM,2LG,-0.6,30,94,88,4,13,2,0,2,8,0,0,6,23,.148,.202,.239,.441,25,.200,18,21,2,0,0,0,0,2/H3,,naylobo01
462,Bo Naylor*,26,CLE,AL,-0.6,28,90,84,4,12,2,0,2,7,0,0,6,21,.143,.200,.238,.438,25,.199,18,20,2,0,0,0,0,2/H,,naylobo01
462,Bo Naylor*,26,MIL,NL,0.0,2,4,4,0,1,0,0,0,1,0,0,0,2,.250,.250,.250,.500,39,.226,30,1,0,0,0,0,0,/23,,naylobo01
463,Cody Freeman,25,TEX,AL,0.2,33,93,82,8,21,1,1,1,6,1,1,7,14,.256,.322,.329,.651,91,.298,96,27,1,1,3,0,0,54/H7,,freemco01
464,Jhonny Pereda,30,SEA,AL,0.5,29,93,84,11,25,1,0,2,8,0,0,7,17,.298,.355,.381,.736,114,.331,115,32,1,1,0,1,0,2/1,,peredjh01
465,Austin Hays,30,2TM,2LG,-0.3,32,93,89,14,24,3,0,3,12,0,1,3,25,.270,.290,.404,.695,93,.299,90,36,3,0,0,1,1,7D/H9,,haysau01
465,Austin Hays,30,CHW,AL,-0.4,12,44,43,3,10,1,0,1,7,0,1,1,13,.233,.250,.326,.576,60,.231,44,14,1,0,0,0,1,7/9DH,,haysau01
465,Austin Hays,30,SDP,NL,0.1,20,49,46,11,14,2,0,2,5,0,0,2,12,.304,.327,.478,.805,123,.359,129,22,2,0,0,1,0,D/H79,,haysau01
466,J.C. Escarra*,31,NYY,AL,0.1,32,92,85,8,16,5,1,0,7,0,0,6,18,.188,.239,.271,.510,42,.248,48,23,1,0,0,1,0,2/H,,escarjc01
467,Charles McAdoo,24,TOR,AL,0.0,32,92,85,9,21,2,0,2,10,2,0,6,23,.247,.293,.341,.635,75,.302,79,29,2,0,0,1,0,4/35H7D,,mcadoch01
468,Rodolfo Durán,28,SDP,NL,-0.1,38,91,82,8,12,4,0,3,8,0,0,7,24,.146,.222,.305,.527,47,.235,40,25,3,1,1,0,0,2/H1,,duranro02
469,Kahlil Watson*,23,CLE,AL,0.0,27,91,88,6,21,6,0,1,11,9,1,3,32,.239,.264,.341,.605,71,.284,65,30,2,0,0,0,0,9/8H,,watsoka01
470,Braden Shewmake*,28,2TM,2LG,0.3,34,91,85,12,22,5,0,3,10,1,0,2,16,.259,.270,.424,.693,94,.298,85,36,2,0,2,2,0,564/H,,shewmbr01
470,Braden Shewmake*,28,HOU,AL,0.3,30,83,78,10,20,4,0,3,9,0,0,2,13,.256,.272,.423,.695,95,.299,88,33,2,0,2,1,0,65/4H,,shewmbr01
470,Braden Shewmake*,28,MIL,NL,0.0,4,8,7,2,2,1,0,0,1,1,0,0,3,.286,.250,.429,.679,83,.287,54,3,0,0,0,1,0,/54,,shewmbr01
471,Juan Brito#,24,2TM,2LG,0.1,26,91,83,12,22,6,0,2,12,1,0,6,22,.265,.319,.410,.728,104,.323,103,34,2,1,0,1,0,4/569H,,britoju02
471,Juan Brito#,24,CLE,AL,-0.4,15,56,51,7,9,4,0,0,3,0,0,4,17,.176,.250,.255,.505,45,.233,42,13,1,1,0,0,0,4/H,,britoju02
471,Juan Brito#,24,CIN,NL,0.5,11,35,32,5,13,2,0,2,9,1,0,2,5,.406,.429,.656,1.085,198,.466,199,21,1,0,0,1,0,/4569,,britoju02
472,Jake Fraley*,31,TBR,AL,0.0,28,90,82,6,19,7,0,2,5,3,0,8,25,.232,.300,.390,.690,92,.313,89,32,1,0,0,0,0,9/HD,,fraleja01
473,Gabriel Rincones Jr.*,25,PHI,NL,-0.7,29,89,84,7,14,4,0,2,7,0,0,2,29,.167,.202,.286,.488,29,.223,21,24,2,2,0,1,0,9/H,,rincoga01
474,Austin Wynns,35,3TM,2LG,-0.2,34,89,82,4,12,0,0,1,1,0,0,5,24,.146,.195,.183,.378,7,.198,12,15,0,0,2,0,0,2/DH,,wynnsau01
474,Austin Wynns,35,2TM,AL,0.0,28,75,68,4,11,0,0,1,1,0,0,5,20,.162,.219,.206,.425,21,.223,31,14,0,0,2,0,0,2/DH,,wynnsau01
474,Austin Wynns,35,ATH,AL,-0.4,14,43,39,3,3,0,0,0,0,0,0,3,10,.077,.143,.077,.220,-37,.136,-38,3,0,0,1,0,0,2,,wynnsau01
474,Austin Wynns,35,ATL,NL,-0.1,6,14,14,0,1,0,0,0,0,0,0,0,4,.071,.071,.071,.143,-60,.064,-86,1,0,0,0,0,0,/2,,wynnsau01
474,Austin Wynns,35,TEX,AL,0.4,14,32,29,1,8,0,0,1,1,0,0,2,10,.276,.323,.379,.702,104,.341,125,11,0,0,1,0,0,2/DH,,wynnsau01
475,Víctor Bericoto,24,SFG,NL,-0.4,33,87,86,7,21,3,0,4,12,1,2,1,24,.244,.253,.419,.671,86,.276,78,36,3,0,0,0,0,79/H3,,bericvi01
476,Max Schuemann,29,NYY,AL,-0.2,41,87,72,17,14,6,0,2,8,3,2,12,21,.194,.333,.361,.694,94,.313,96,26,0,3,0,0,0,7H9/86145D,,schuema01
477,Eric Haase,33,SFG,NL,-0.1,29,84,74,8,12,3,0,4,9,0,0,6,28,.162,.235,.365,.599,67,.260,59,27,1,1,3,0,0,2/7H,,haaseer01
478,Grant McCray*,25,SFG,NL,0.1,37,84,71,14,11,2,1,2,4,6,0,10,25,.155,.259,.296,.555,57,.276,57,21,0,0,3,0,1,79H/8D,,mccragr01
479,Braxton Fulford,27,COL,NL,-0.3,44,83,72,12,12,4,0,1,7,4,0,8,33,.167,.253,.264,.517,36,.268,40,19,0,1,0,2,0,H2D/7,,fulfobr01
480,Andrew McCutchen,39,TEX,AL,-0.4,37,83,73,8,14,2,0,1,5,0,0,9,22,.192,.277,.260,.537,58,.257,64,19,0,0,0,1,0,DH/79,,mccutan01
481,Joey Wiemer,27,WSN,NL,0.6,32,83,70,16,20,5,1,3,12,1,0,12,29,.286,.398,.514,.912,149,.392,146,36,2,1,0,0,0,98H/D1,,wiemejo01
482,Jarred Kelenic*,26,2TM,AL,-0.3,36,83,73,5,16,2,0,1,6,0,1,10,31,.219,.313,.288,.601,72,.270,71,21,0,0,0,0,0,9H7/8,,kelenja01
482,Jarred Kelenic*,26,CHW,AL,-0.3,19,59,53,3,12,2,0,1,4,0,0,6,20,.226,.305,.321,.626,76,.281,72,17,0,0,0,0,0,9/H,,kelenja01
482,Jarred Kelenic*,26,TEX,AL,0.0,17,24,20,2,4,0,0,0,2,0,1,4,11,.200,.333,.200,.533,61,.242,69,4,0,0,0,0,0,7H/89,,kelenja01
483,Zach Dezenzo,26,HOU,AL,0.2,35,82,75,11,16,4,0,1,3,1,0,7,31,.213,.280,.307,.587,68,.279,72,23,1,0,0,0,0,7H/D,,dezenza01
484,Ali Sánchez,29,NYY,AL,0.0,46,81,76,6,19,2,0,1,8,0,1,1,24,.250,.275,.316,.591,65,.270,67,24,2,2,1,1,0,2/H,,sanchal04
485,Kiké Hernández,34,LAD,NL,0.1,34,80,74,11,17,3,0,3,10,0,0,6,25,.230,.288,.392,.679,85,.297,80,29,0,0,0,0,0,53/87H14,,hernaen02
486,Alan Roden*,26,MIN,AL,0.0,28,79,67,6,17,4,0,0,10,0,0,9,11,.254,.333,.313,.647,85,.328,107,21,1,0,1,2,0,9/H7D,,rodenal01
487,Travis d'Arnaud,37,LAA,AL,0.3,30,77,69,7,12,3,0,1,3,0,0,6,23,.174,.260,.261,.521,51,.255,59,18,1,2,0,0,0,2/HD,,darnatr01
488,Sterlin Thompson*,25,COL,NL,-0.3,27,77,69,7,16,4,0,2,10,0,0,5,21,.232,.312,.377,.688,80,.305,74,26,3,3,0,0,0,7D/9H,,thompst01
489,Brian Serven,31,ATH,AL,0.1,25,76,72,8,14,1,0,5,14,0,0,3,19,.194,.237,.417,.654,76,.281,68,30,2,1,0,0,0,2/DH,,servebr01
490,Denzel Clarke,26,ATH,AL,-0.4,31,74,65,5,10,1,0,0,6,2,0,6,26,.154,.225,.169,.395,11,.196,-1,11,1,0,3,0,0,8/H,,clarkde02
491,Bryan De La Cruz,29,PHI,NL,0.2,30,74,66,10,20,3,0,2,12,0,0,4,16,.303,.351,.439,.791,111,.353,114,29,2,2,0,2,0,97/H,,delacbr01
492,Austin Slater,33,3TM,2LG,-0.1,28,74,65,6,15,3,0,0,3,4,0,8,21,.231,.311,.277,.588,68,.289,70,18,1,0,0,1,0,9H/7D,,slateau01
492,Austin Slater,33,2TM,NL,-0.2,21,49,43,4,9,1,0,0,2,1,0,5,15,.209,.286,.233,.518,49,.260,56,10,1,0,0,1,0,9H/7D,,slateau01
492,Austin Slater,33,MIA,NL,0.0,12,28,23,1,4,0,0,0,1,1,0,4,9,.174,.286,.174,.460,35,.234,35,4,0,0,0,1,0,/9H,,slateau01
492,Austin Slater,33,NYM,NL,-0.1,9,21,20,3,5,1,0,0,1,0,0,1,6,.250,.286,.300,.586,66,.294,83,6,1,0,0,0,0,/H7D9,,slateau01
492,Austin Slater,33,TBR,AL,0.0,7,25,22,2,6,2,0,0,1,3,0,3,6,.273,.360,.364,.724,104,.347,98,8,0,0,0,0,0,/97H,,slateau01
493,Romy González,29,BOS,AL,-0.4,19,73,65,7,12,3,1,1,7,1,1,5,21,.185,.264,.308,.572,62,.253,57,20,3,2,1,0,0,/D34H,,gonzaro01
494,Alex Jackson,30,MIN,AL,0.4,32,72,68,12,21,4,0,1,5,0,0,2,24,.309,.347,.412,.759,114,.328,107,28,0,2,0,0,0,2/HD13,,jacksal02
495,Adael Amador#,23,COL,NL,0.5,18,67,59,15,17,3,0,4,13,0,0,6,10,.288,.364,.542,.906,133,.381,130,32,0,1,1,0,1,4/DH,,amadoad01
496,Brock Rodden#,26,SEA,AL,-0.4,27,67,57,8,12,3,1,0,4,0,2,9,22,.211,.313,.298,.612,79,.277,88,17,0,0,0,1,0,56/H4D,,roddebr01
497,Leo Bernal#,22,STL,NL,0.6,15,65,61,8,18,3,0,3,15,0,1,4,12,.295,.338,.492,.830,135,.353,135,30,1,0,0,0,0,2/D3,,bernale01
498,Cam Cauley,23,TEX,AL,-0.4,34,65,58,10,12,3,1,1,1,1,0,5,15,.207,.281,.345,.626,82,.294,88,20,2,1,1,0,0,H48/967D,,cauleca01
499,Nick Madrigal,29,2TM,AL,0.6,19,63,54,8,15,2,0,0,3,1,1,7,3,.278,.365,.315,.680,98,.320,107,17,1,1,0,1,0,4/5DH6,,madrini01
499,Nick Madrigal,29,LAA,AL,0.7,15,52,44,7,12,1,0,0,2,1,1,7,3,.273,.385,.295,.680,100,.328,115,13,1,1,0,0,0,/45DH,,madrini01
499,Nick Madrigal,29,TBR,AL,-0.1,4,11,10,1,3,1,0,0,1,0,0,0,0,.300,.273,.400,.673,86,.279,70,4,0,0,0,1,0,/46H,,madrini01
500,Brett Callahan*,24,DET,AL,0.1,24,62,56,3,12,3,1,1,8,0,0,4,22,.214,.274,.357,.631,76,.291,79,20,0,1,0,1,0,7/H9D,,callabr01
501,Joshua Kuroda-Grauer,23,ATH,AL,0.7,16,62,60,8,25,7,0,1,4,0,1,1,7,.417,.435,.583,1.019,178,.448,192,35,3,1,0,0,0,5/46,,kurodjo01
502,Zack Short,31,2TM,2LG,-0.3,29,62,50,4,7,2,0,0,2,0,0,8,19,.140,.262,.180,.442,28,.219,25,9,0,1,1,2,0,6/4H1,,shortza01
502,Zack Short,31,DET,AL,0.1,23,46,36,3,6,2,0,0,2,0,0,7,12,.167,.304,.222,.527,51,.255,54,8,0,1,0,2,0,6/H4,,shortza01
502,Zack Short,31,NYM,NL,-0.4,6,16,14,1,1,0,0,0,0,0,0,1,7,.071,.133,.071,.205,-40,.107,-60,1,0,0,1,0,0,/461H,,shortza01
503,Zac Veen*,24,COL,NL,-0.2,29,61,52,7,13,2,1,2,12,1,0,6,23,.250,.339,.442,.781,103,.344,100,23,0,1,2,0,0,7H/98,,veenza01
504,Santiago Espinal,31,LAD,NL,0.0,36,60,56,5,15,3,0,1,7,0,0,1,8,.268,.276,.375,.651,78,.283,69,21,5,0,2,1,0,54H/3D,,espinsa01
505,Ryan Ward*,28,LAD,NL,0.2,20,60,55,8,12,4,0,3,12,0,0,5,17,.218,.283,.455,.738,99,.316,94,25,2,0,0,0,0,7/3DH,,wardry01
506,Garrett Stubbs*,33,PHI,NL,-0.4,33,59,54,11,9,0,0,0,3,0,0,2,12,.167,.220,.167,.387,6,.183,-8,9,0,2,0,1,0,2/H13D57,,stubbga01
507,Luis Urías,29,TOR,AL,0.5,26,59,52,5,13,3,0,3,8,0,0,6,10,.250,.322,.481,.803,118,.344,113,25,2,0,0,1,0,4/H,,uriaslu01
508,Jonathan India,29,KCR,AL,0.2,17,58,48,8,8,1,0,2,8,0,0,8,13,.167,.310,.313,.623,78,.305,92,15,0,2,0,0,0,4/H,,indiajo01
509,Andrew Knizner,31,SFG,NL,-0.2,21,58,52,6,11,3,0,2,4,0,0,4,11,.212,.293,.385,.678,90,.299,88,20,2,2,0,0,0,2/H,,kniznan01
510,Jesús Rodríguez,24,SFG,NL,-0.1,22,58,51,7,12,3,0,2,8,1,1,5,8,.235,.316,.412,.728,104,.317,104,21,2,1,1,0,0,2/H794D,,rodrije02
511,Rece Hinds,25,3TM,2LG,-0.5,21,58,51,2,8,4,0,0,6,0,0,4,26,.157,.224,.235,.459,30,.208,21,12,0,1,0,2,0,9/H87D,,hindsre01
511,Rece Hinds,25,2TM,NL,-0.4,13,38,35,2,4,3,0,0,5,0,0,1,19,.114,.158,.200,.358,-1,.160,-14,7,0,1,0,1,0,9/DH,,hindsre01
511,Rece Hinds,25,CIN,NL,-0.3,12,36,33,2,4,3,0,0,5,0,0,1,18,.121,.167,.212,.379,5,.169,-8,7,0,1,0,1,0,9/HD,,hindsre01
511,Rece Hinds,25,MIA,NL,-0.1,1,2,2,0,0,0,0,0,0,0,0,0,1,.000,.000,.000,.000,-100,.000,-126,0,0,0,0,0,0,/D,,hindsre01
511,Rece Hinds,25,BAL,AL,-0.1,8,20,16,0,4,1,0,0,1,0,0,3,7,.250,.350,.313,.663,91,.298,88,5,0,0,0,1,0,/879H,,hindsre01
512,Sebastián Rivero,27,LAA,AL,0.1,24,57,53,5,13,2,0,0,8,0,0,3,12,.245,.286,.283,.569,65,.258,61,15,1,0,1,0,0,2/H,,riverse01
513,Yohel Pozo,29,2TM,2LG,0.0,34,55,53,4,14,1,0,1,7,0,0,1,6,.264,.273,.340,.612,74,.301,91,18,6,0,0,1,0,2H/D3,,pozoyo01
513,Yohel Pozo,29,STL,NL,-0.1,18,33,33,0,8,1,0,0,5,0,0,0,3,.242,.242,.273,.515,48,.284,81,9,5,0,0,0,0,/HD23,,pozoyo01
513,Yohel Pozo,29,BAL,AL,0.1,16,22,20,4,6,0,0,1,2,0,0,1,3,.300,.318,.450,.768,116,.326,108,9,1,0,0,1,0,2/H,,pozoyo01
514,LuJames Groover,24,ARI,NL,-0.2,15,54,48,4,8,2,0,1,4,0,0,5,11,.167,.259,.271,.530,48,.246,45,13,3,1,0,0,0,/3D5,,groovlu01
515,Brian Navarreto,31,MIA,NL,0.0,28,54,46,7,6,2,0,1,3,0,0,2,18,.130,.196,.239,.435,23,.196,9,11,0,2,3,1,0,2/H,,navarbr01
516,Bryce Teodosio,27,LAA,AL,-0.2,35,54,49,5,10,2,0,0,2,4,1,4,18,.204,.264,.245,.509,48,.236,39,12,1,0,1,0,0,78/H9,,teodobr01
517,Zach Cole*,25,HOU,AL,-0.1,19,53,51,4,8,1,0,3,8,0,0,1,21,.157,.189,.353,.542,50,.235,43,18,0,1,0,0,0,7/8H9D,,coleza01
518,Billy Cook,27,PIT,NL,-0.3,80,53,51,12,9,1,1,0,2,6,1,1,20,.176,.208,.235,.443,20,.212,4,12,0,1,0,0,0,8H97/3D,,cookbi01
519,Walker Jenkins*,21,MIN,AL,-0.5,16,53,45,5,4,2,0,1,5,1,1,6,16,.089,.212,.200,.412,17,.195,15,9,1,1,1,0,0,8/DH,,jenkiwa01
520,Eric Wagaman,28,NYM,NL,-0.3,26,52,47,5,9,0,0,2,5,0,0,4,12,.191,.269,.319,.588,65,.265,63,15,1,1,0,0,0,H3/D579,,wagamer01
521,Chadwick Tromp,31,2TM,2LG,-0.5,21,51,49,2,8,1,0,0,4,0,0,0,13,.163,.160,.184,.344,-4,.150,-23,9,3,0,1,1,0,2/1,,trompch01
521,Chadwick Tromp,31,ATL,NL,-0.2,12,27,25,1,5,1,0,0,3,0,0,0,7,.200,.192,.240,.432,19,.183,-5,6,0,0,1,1,0,2,,trompch01
521,Chadwick Tromp,31,BAL,AL,-0.4,9,24,24,1,3,0,0,0,1,0,0,0,6,.125,.125,.125,.250,-28,.113,-43,3,3,0,0,0,0,/21,,trompch01
522,Orlando Arcia,31,MIN,AL,0.0,19,50,48,6,13,1,0,1,2,0,1,2,8,.271,.300,.354,.654,84,.279,79,17,3,0,0,0,0,6/4H351,,arciaor01
523,Jhostynxon García,23,PIT,NL,-0.8,20,50,48,2,8,1,0,0,2,0,0,1,16,.167,.200,.188,.388,6,.178,-8,9,1,1,0,0,0,8/79DH,,garcijh01
524,Ronny Mauricio#,25,NYM,NL,-0.6,17,50,50,4,9,1,0,1,2,0,0,0,18,.180,.180,.260,.440,22,.190,9,13,1,0,0,0,0,6/5H4D,,mauriro01
525,John Peck,23,DET,AL,0.2,15,50,41,3,9,1,0,0,7,4,0,6,10,.220,.340,.244,.584,68,.317,83,10,2,2,0,1,0,6,,peckjo01
526,Patrick Wisdom,34,SEA,AL,-0.7,19,50,47,3,5,1,0,1,4,0,0,3,21,.106,.160,.191,.351,2,.151,-14,9,0,0,0,0,1,5/3HD,,wisdopa01
527,Bryce Johnson#,30,SDP,NL,-0.1,32,49,45,5,8,2,0,0,2,5,1,3,18,.178,.229,.222,.451,28,.222,20,10,1,0,1,0,0,H/978D,,johnsbr03
528,Buddy Kennedy,27,2TM,2LG,-0.4,25,49,43,4,5,1,0,0,1,0,0,5,15,.116,.224,.140,.364,7,.202,20,6,0,1,0,0,0,5/H4D13,,kennebu01
528,Buddy Kennedy,27,SFG,NL,-0.3,20,38,33,2,4,0,0,0,1,0,0,4,11,.121,.237,.121,.358,6,.185,7,4,0,1,0,0,0,5/HD134,,kennebu01
528,Buddy Kennedy,27,SEA,AL,-0.1,5,11,10,2,1,1,0,0,0,0,0,1,4,.100,.182,.200,.382,11,.260,66,2,0,0,0,0,0,/54H,,kennebu01
529,Sam Haggerty#,32,TEX,AL,-0.3,35,47,44,3,7,1,0,0,1,2,0,2,16,.159,.213,.182,.395,17,.194,12,8,1,1,0,0,0,7H/81D,,haggesa01
530,Sean Keys*,23,TOR,AL,0.1,18,47,45,7,9,1,0,2,7,0,0,2,18,.200,.234,.356,.590,60,.276,65,16,0,0,0,0,0,/3DH5,,keysse01
531,Nate Eaton,29,BOS,AL,0.5,18,46,39,3,5,2,0,1,6,2,0,5,13,.128,.261,.256,.517,48,.257,50,10,0,2,0,0,0,/78DH9,,eatonna01
532,Connor Joe,33,SEA,AL,0.1,21,45,39,2,7,2,0,1,3,2,0,6,15,.179,.289,.308,.597,74,.304,89,12,1,0,0,0,0,9/H37,,joeco01
533,Will Wagner*,27,SDP,NL,0.0,16,45,35,5,9,1,0,0,0,0,0,10,7,.257,.422,.286,.708,105,.354,127,10,2,0,0,0,1,D/4H5,,wagnewi01
534,Tsung-Che Cheng*,24,BOS,AL,-0.1,14,44,39,7,10,1,0,0,5,0,2,4,14,.256,.318,.282,.600,73,.247,67,11,1,0,0,1,0,6/H,,chengts01
535,Sandy León#,37,ATL,NL,-0.6,21,44,44,0,4,0,0,0,0,0,0,0,18,.091,.091,.091,.182,-50,.082,-73,4,0,0,0,0,0,2,,leonsa01
536,Kameron Misner*,28,KCR,AL,-0.6,18,44,41,2,9,1,0,0,4,3,1,2,17,.220,.256,.244,.500,43,.231,34,10,0,0,1,0,0,/8H97D,,misneka01
537,Christian Franklin,26,BAL,AL,0.2,16,42,34,3,5,2,0,0,0,2,0,6,12,.147,.310,.206,.515,51,.266,57,7,0,2,0,0,0,/87HD,,frankch02
538,Tyler Locklear,25,ARI,NL,0.1,15,42,36,8,10,3,0,1,6,1,0,4,9,.278,.357,.444,.802,122,.356,120,16,3,1,0,1,0,3/HD,,locklty01
539,Ray Delgado*,26,HOU,AL,0.1,19,41,37,4,9,1,0,1,4,0,0,3,7,.243,.300,.351,.651,85,.291,82,13,0,0,1,0,0,/456H,,delgara02
540,Luke Maile,35,KCR,AL,-0.2,15,41,37,2,6,1,0,1,5,0,0,4,12,.162,.244,.270,.514,46,.237,44,10,2,0,0,0,0,2/1H,,mailelu01
541,Lucas Spence*,23,HOU,AL,-0.2,14,41,37,4,6,1,0,0,3,0,1,3,15,.162,.244,.189,.433,26,.197,26,7,0,1,0,0,0,8/H,,spenclu01
542,Gage Workman*,26,2TM,2LG,-0.5,18,41,41,3,7,4,0,2,8,0,0,0,17,.171,.171,.415,.585,57,.244,46,17,1,0,0,0,0,5/H4D7,,workmga01
542,Gage Workman*,26,DET,AL,-0.5,16,38,38,3,6,3,0,2,5,0,0,0,16,.158,.158,.395,.553,48,.231,36,15,0,0,0,0,0,5/H4D,,workmga01
542,Gage Workman*,26,SDP,NL,0.0,2,3,3,0,1,1,0,0,3,0,0,0,1,.333,.333,.667,1.000,173,.417,171,2,1,0,0,0,0,/57H,,workmga01
543,Ronny Simón#,26,PIT,NL,0.1,12,40,37,5,12,2,0,0,2,2,0,2,5,.324,.359,.378,.737,101,.339,98,14,3,0,1,0,0,/9DH7,,simonro01
544,Carson Williams,23,TBR,AL,-0.5,16,40,37,7,4,1,0,1,6,0,0,2,13,.108,.154,.216,.370,2,.167,-12,8,1,0,1,0,0,/64HD5,,willica02
545,Nate Furman*,24,SFG,NL,-0.2,22,39,32,2,4,0,0,0,3,0,0,5,10,.125,.243,.125,.368,9,.192,7,4,1,0,2,0,0,4/HD,,furmana01
546,Parker Meadows*,26,DET,AL,0.1,12,39,36,3,9,1,1,0,2,3,0,2,10,.250,.308,.333,.641,80,.304,75,12,0,1,0,0,0,8/H,,meadopa01
547,Félix Reyes,25,PHI,NL,-0.6,12,38,38,2,6,1,0,1,2,0,0,0,9,.158,.158,.263,.421,10,.179,-11,10,1,0,0,0,0,/7359H,,reyesfe01
548,George Valera*,25,CLE,AL,-0.2,13,38,37,1,8,3,0,0,6,0,0,1,8,.216,.237,.297,.534,51,.261,61,11,1,0,0,0,0,/79HD,,valerge01
549,Junior Pérez,24,CHW,AL,-0.1,22,36,35,5,6,0,0,3,6,0,1,1,14,.171,.194,.429,.623,68,.248,59,15,0,0,0,0,0,7/8H9D,,perezju03
550,Jerar Encarnacion,28,SFG,NL,-0.4,17,35,34,1,6,1,0,0,0,0,0,1,8,.176,.200,.206,.406,15,.182,4,7,1,0,0,0,0,/9H3D7,,encarje01
551,Michael Helman,30,TEX,AL,-0.2,15,35,30,2,5,1,0,1,2,0,0,1,6,.167,.235,.300,.535,55,.237,49,9,0,2,1,1,0,/86H79,,helmami01
552,Eloy Jiménez,29,TOR,AL,-0.1,12,35,31,2,9,0,0,0,3,0,0,3,7,.290,.343,.290,.633,77,.290,74,9,1,0,0,1,0,/DH,,jimenel02
553,Brewer Hicklen,30,ATL,NL,0.1,16,34,27,8,9,5,0,0,3,0,0,7,12,.333,.471,.519,.989,173,.431,176,14,0,0,0,0,0,9/H78D,,hicklbr01
554,Sam Huff,28,BAL,AL,-0.3,14,34,33,1,4,2,0,0,1,0,0,1,19,.121,.147,.182,.329,-7,.145,-21,6,0,0,0,0,0,2/H,,huffsa01
555,Reese McGuire*,31,CHW,AL,-0.5,11,34,29,1,5,0,0,0,3,0,0,2,9,.172,.273,.172,.445,29,.223,29,5,0,2,1,0,0,2/1H,,mcguire01
556,Nick Morabito,23,NYM,NL,-0.2,13,34,29,2,5,1,0,0,4,1,2,3,10,.172,.294,.207,.501,45,.222,49,6,0,2,0,0,0,/7HD89,,morabni01
557,Chad Stevens,27,COL,NL,-0.3,16,34,28,1,1,0,0,0,3,0,0,5,13,.036,.176,.036,.212,-40,.129,-51,1,0,0,0,1,0,4/H56,,stevech02
558,Tanner Murray,26,CHW,AL,0.0,13,33,28,2,6,0,0,1,3,0,0,2,7,.214,.281,.321,.603,69,.307,89,9,0,1,1,1,1,/756H,,murrata01
559,César Prieto*,27,STL,NL,-0.6,14,33,32,1,2,0,0,0,0,1,0,1,4,.063,.091,.063,.153,-55,.080,-70,2,1,0,0,0,0,/5H64,,prietce01
560,P.J. Higgins,33,CIN,NL,-0.1,13,32,26,1,6,1,0,0,4,0,0,2,8,.231,.276,.269,.545,54,.247,42,7,1,0,3,1,0,2/1,,higgipj01
561,Lázaro Montes*,21,SEA,AL,0.1,13,31,28,4,7,1,0,3,9,0,0,3,14,.250,.323,.607,.930,162,.390,157,17,2,0,0,0,0,/H9D,,montela01
562,Miles Mastrobuoni*,30,SEA,AL,-0.1,13,30,26,3,5,0,0,0,1,0,0,2,10,.192,.241,.192,.434,28,.204,23,5,0,0,1,1,0,/59374H,,mastrmi01
563,Yohandy Morales,24,WSN,NL,0.4,10,30,30,7,9,3,0,2,4,1,0,0,9,.300,.300,.600,.900,140,.388,140,18,0,0,0,0,0,/3HD,,moralyo01
564,Rikuu Nishida*,25,CHW,AL,0.0,12,30,29,3,7,0,0,0,2,0,0,0,5,.241,.241,.241,.483,36,.236,38,7,0,0,1,0,0,9/48H,,nishiri01
565,Andrew Pinckney,25,WSN,NL,0.2,17,29,25,7,7,0,1,1,3,1,1,1,10,.280,.310,.480,.790,114,.317,101,12,0,1,0,2,0,/7H98,,pinckan01
566,Kevin Alcántara,23,CHC,NL,-0.2,24,28,25,6,6,0,0,1,6,0,1,2,11,.240,.286,.360,.646,77,.265,71,9,1,0,0,1,0,H/D789,,alcanke01
567,Eliezer Alfonzo#,26,LAD,NL,-0.2,13,28,28,3,5,2,0,0,4,0,0,0,3,.179,.179,.250,.429,17,.186,1,7,0,0,0,0,0,2/DH,,alfonel02
568,Addison Barger*,26,TOR,AL,-0.2,9,28,22,2,1,1,0,0,2,0,0,5,7,.045,.214,.091,.305,-11,.169,-11,2,1,0,0,1,0,/9H,,bargead01
569,Tyler Black*,25,MIL,NL,0.2,9,28,27,2,9,4,0,0,7,0,0,1,7,.333,.357,.481,.839,130,.358,125,13,1,0,0,0,0,/DH37,,blackty01
570,Ben Rortvedt*,28,LAD,NL,-0.1,16,28,27,0,5,0,0,0,1,0,0,0,9,.185,.185,.185,.370,3,.167,-17,5,0,0,1,0,0,2/DH,,rortvbe01
571,Michael Toglia#,27,CIN,NL,-0.5,10,28,26,2,3,2,0,0,1,0,0,2,12,.115,.179,.192,.371,4,.172,-6,5,1,0,0,0,0,/379H,,toglimi01
572,Stuart Fairchild,30,2TM,AL,0.1,15,27,19,4,3,0,0,0,1,2,0,7,14,.158,.407,.158,.565,70,.323,93,3,0,1,0,0,0,/8H97D,,faircst01
572,Stuart Fairchild,30,CLE,AL,0.1,14,27,19,3,3,0,0,0,1,2,0,7,14,.158,.407,.158,.565,70,.323,93,3,0,1,0,0,0,/89H7D,,faircst01
572,Stuart Fairchild,30,SEA,AL,0.0,1,0,0,1,0,0,0,0,0,0,0,0,0,,,,,,,,0,0,0,0,0,0,/H,,faircst01
573,Otto Kemp,26,PHI,NL,-0.7,13,27,25,0,2,0,0,0,0,0,0,1,10,.080,.148,.080,.228,-36,.120,-53,2,0,1,0,0,0,7/H4,,kempot01
574,Chuckie Robinson,31,LAD,NL,-0.4,8,26,23,1,2,0,0,0,1,0,0,0,5,.087,.087,.087,.174,-52,.079,-99,2,0,0,3,0,0,/2DH,,robinch04
575,Carlos Santana#,40,ARI,NL,-0.5,8,26,24,1,2,1,0,0,0,0,0,2,8,.083,.154,.125,.279,-21,.137,-32,3,0,0,0,0,0,/3,,santaca01
576,Andy Ibáñez,33,2TM,2LG,-0.6,14,26,23,1,2,0,0,0,5,0,0,1,3,.087,.115,.087,.202,-43,.131,-36,2,0,0,0,2,0,/4H573D,,ibanean01
576,Andy Ibáñez,33,ATH,AL,-0.3,11,18,17,1,2,0,0,0,3,0,0,1,2,.118,.167,.118,.284,-20,.190,4,2,0,0,0,0,0,/4H53D,,ibanean01
576,Andy Ibáñez,33,NYM,NL,-0.3,3,8,6,0,0,0,0,0,2,0,0,0,1,.000,.000,.000,.000,-100,.000,-126,0,0,0,0,2,0,/75,,ibanean01
577,Daz Cameron,29,TOR,AL,-0.2,8,25,24,3,5,1,0,1,3,0,0,0,7,.208,.200,.375,.575,54,.241,39,9,0,0,0,1,0,/78H,,camerda01
578,Jonatan Clase#,24,TOR,AL,0.3,9,25,22,4,6,0,0,2,6,0,0,3,8,.273,.360,.545,.905,146,.392,147,12,0,0,0,0,0,/78H,,clasejo01
579,CJ Kayfus*,24,CLE,AL,0.0,9,25,22,4,4,1,0,1,2,0,0,2,8,.182,.280,.364,.644,82,.289,82,8,0,1,0,0,0,/79H,,kayfucj01
580,Joey Meneses,34,ATH,AL,-0.6,9,25,20,1,3,0,0,0,2,0,0,3,4,.150,.280,.150,.430,23,.221,26,3,3,1,0,1,0,/3DH7,,menesjo01
581,Cooper Ingle*,24,CLE,AL,-0.4,7,24,21,1,2,0,0,0,2,0,0,3,12,.095,.208,.095,.304,-9,.163,-8,2,0,0,0,0,0,/7D,,ingleco01
582,Greg Jones#,28,MIL,NL,-0.6,12,24,23,0,2,0,0,0,1,1,1,0,10,.087,.087,.087,.174,-52,.063,-85,2,0,0,1,0,0,/79H4,,jonesgr02
583,Will Brennan*,28,SFG,NL,-0.5,11,23,23,0,2,0,0,0,0,0,0,0,3,.087,.087,.087,.174,-50,.079,-70,2,1,0,0,0,0,/79HD,,brennwi02
584,César Salazar*,30,HOU,AL,-0.2,9,22,18,0,1,0,0,0,1,0,0,3,3,.056,.227,.056,.283,-13,.169,-3,1,0,1,0,0,0,/21,,salazce01
585,Brett Harris,28,3TM,2LG,0.0,12,22,17,2,2,1,0,0,0,0,0,1,5,.118,.286,.176,.462,34,.240,41,3,2,3,1,0,0,5/H34,,harribr02
585,Brett Harris,28,2TM,AL,-0.1,6,9,6,0,0,0,0,0,0,0,0,1,2,.000,.333,.000,.333,4,.239,41,0,1,2,0,0,0,/5H34,,harribr02
585,Brett Harris,28,ATH,AL,0.1,5,6,4,0,0,0,0,0,0,0,0,1,2,.000,.333,.000,.333,3,.238,38,0,0,1,0,0,0,/5H4,,harribr02
585,Brett Harris,28,BOS,AL,-0.1,1,3,2,0,0,0,0,0,0,0,0,0,0,.000,.333,.000,.333,6,.243,47,0,1,1,0,0,0,/3,,harribr02
585,Brett Harris,28,SFG,NL,0.1,6,13,11,2,2,1,0,0,0,0,0,0,3,.182,.250,.273,.523,48,.240,42,3,1,1,1,0,0,/5H,,harribr02
586,Jonathan Ornelas,26,2TM,2LG,-0.4,9,22,21,1,4,0,0,0,1,0,0,1,11,.190,.227,.190,.418,17,.192,5,4,1,0,0,0,0,/47H6,,orneljo01
586,Jonathan Ornelas,26,ATH,AL,-0.2,6,13,12,0,2,0,0,0,0,0,0,1,7,.167,.231,.167,.397,12,.185,0,2,1,0,0,0,0,/47H6,,orneljo01
586,Jonathan Ornelas,26,MIL,NL,-0.2,3,9,9,1,2,0,0,0,1,0,0,0,4,.222,.222,.222,.444,24,.201,13,2,0,0,0,0,0,/4,,orneljo01
587,Luis Matos,24,MIL,NL,-0.1,9,21,20,1,4,0,0,0,0,0,0,1,7,.200,.238,.200,.438,23,.205,16,4,1,0,0,0,0,/9H7D,,matoslu02
588,Ryan Ritter,25,COL,NL,-0.2,16,21,19,2,3,0,0,0,1,0,0,1,8,.158,.200,.158,.358,-4,.170,-28,3,1,0,1,0,0,4/H65D,,rittery01
589,Ethan Salas*,20,SDP,NL,0.0,9,21,21,3,3,0,1,2,3,0,0,0,7,.143,.143,.524,.667,77,.267,64,11,0,0,0,0,0,/2DH,,salaset01
590,Michael Stefanic,30,ATH,AL,-0.2,12,21,19,3,7,1,0,0,2,0,0,2,3,.368,.429,.421,.850,136,.385,141,8,0,0,0,0,0,/4H5D6,,stefami01
591,Jeimer Candelario#,32,LAA,AL,-0.2,7,20,18,3,2,2,0,0,0,0,0,1,8,.111,.200,.222,.422,22,.197,19,4,1,1,0,0,0,/H35D,,candeje01
592,Josue De Paula*,21,LAD,NL,0.1,6,20,14,2,2,1,0,1,3,1,1,6,2,.143,.400,.429,.829,129,.360,135,6,1,0,0,0,0,/D7H,,depaujo03
593,Carlos Jorge*,22,CIN,NL,-0.4,8,20,19,0,2,0,0,0,0,1,0,1,7,.105,.150,.105,.255,-27,.133,-43,2,0,0,0,0,0,/8H7D,,jorgeca01
594,Emmanuel Rodríguez*,23,MIN,AL,0.5,5,20,19,1,5,1,1,1,4,0,0,1,5,.263,.300,.579,.879,141,.415,169,11,0,0,0,0,0,/87,,rodriem01
595,Deyvison De Los Santos,23,MIA,NL,-0.1,10,19,19,0,5,2,0,0,0,0,0,0,5,.263,.263,.368,.632,77,.269,66,7,0,0,0,0,0,/3DH,,delosde01
596,Kyler Fedko,26,MIN,AL,-0.4,14,19,16,1,0,0,0,0,1,0,1,2,8,.000,.105,.000,.105,-67,.047,-73,0,0,0,0,1,0,/H879D,,fedkoky01
597,Aramis Garcia,33,ARI,NL,-0.2,8,19,19,2,3,0,0,1,2,0,0,0,6,.158,.158,.316,.474,28,.201,14,6,0,0,0,0,0,/2,,garciar01
598,Ivan Johnson#,27,CIN,NL,-0.2,16,19,16,0,1,0,0,0,0,2,0,3,7,.063,.211,.063,.273,-18,.184,-15,1,0,0,0,0,0,/H457D,,johnsiv01
599,Tommy Pham,38,2TM,2LG,-0.3,11,19,18,2,1,0,0,1,3,0,0,1,8,.056,.105,.222,.327,-11,.144,-25,4,0,0,0,0,0,/7HD,,phamth01
599,Tommy Pham,38,NYM,NL,-0.4,9,14,13,1,0,0,0,0,0,0,0,1,7,.000,.071,.000,.071,-77,.050,-91,0,0,0,0,0,0,/7H,,phamth01
599,Tommy Pham,38,CHW,AL,0.0,2,5,5,1,1,0,0,1,3,0,0,0,1,.200,.200,.800,1.000,163,.409,163,4,0,0,0,0,0,/DH,,phamth01
600,Michael Arroyo,21,SEA,AL,0.3,6,18,13,3,4,1,0,1,3,1,0,4,4,.308,.444,.615,1.060,204,.453,192,8,0,0,0,1,0,/4DH,,arroymi01
601,José Azócar,30,ATL,NL,0.3,11,18,17,2,6,2,0,0,0,1,0,1,4,.353,.389,.471,.859,136,.381,131,8,0,0,0,0,0,/9H78,,azocajo01
602,Heston Kjerstad*,27,BAL,AL,-0.2,10,18,18,1,4,1,0,0,2,0,0,0,8,.222,.222,.278,.500,42,.221,33,5,0,0,0,0,0,/H9,,kjershe01
603,Kyren Paris,24,LAA,AL,-0.5,8,18,15,0,0,0,0,0,0,0,0,3,8,.000,.167,.000,.167,-46,.116,-38,0,1,0,0,0,0,/7H89,,parisky01
604,Kyle Farmer,35,ATL,NL,-0.1,13,17,16,2,4,1,0,0,3,0,0,0,4,.250,.235,.313,.548,50,.233,35,5,0,0,0,1,0,/H5D46,,farmeky01
605,Daniel Johnson*,30,HOU,AL,-0.2,8,17,14,1,2,0,0,0,0,0,0,2,3,.143,.294,.143,.437,30,.231,41,2,1,1,0,0,0,/87,,johnsda07
606,Hayden Senger,29,NYM,NL,-0.1,7,17,15,2,2,0,0,1,2,0,0,0,4,.133,.133,.333,.467,26,.195,1,5,0,0,2,0,0,/2,,sengeha01
607,Jared Serna,24,MIA,NL,0.0,9,16,14,3,3,2,0,0,2,0,0,1,5,.214,.250,.357,.607,69,.250,53,5,1,0,0,1,0,/4H,,sernaja01
608,Matthew Lugo,25,KCR,AL,-0.1,9,15,14,0,2,0,0,0,0,0,0,1,6,.143,.200,.143,.343,0,.161,-10,2,0,0,0,0,0,/79DH,,lugoma01
609,Dylan Moore,33,PHI,NL,-0.2,13,15,12,3,0,0,0,0,0,1,0,3,6,.000,.200,.000,.200,-40,.156,-38,0,0,0,0,0,0,H/3178D4,,mooredy01
610,Ryan Mountcastle,29,BAL,AL,-0.1,8,15,14,0,4,1,0,0,1,0,0,1,2,.286,.333,.357,.690,97,.305,92,5,0,0,0,0,0,/H3D,,mountry01
611,Johnathan Rodríguez,26,BAL,AL,-0.2,7,15,11,0,2,1,0,0,2,0,0,3,6,.182,.333,.273,.606,76,.284,78,3,1,0,0,1,0,/9HD,,rodrijo10
612,Andrew Velazquez#,31,KCR,AL,-0.2,6,15,15,0,1,0,0,0,0,1,0,0,2,.067,.067,.067,.133,-62,.070,-86,1,0,0,0,0,0,/64,,velazan01
613,Trey Mancini,34,LAA,AL,0.0,5,14,13,1,4,0,1,0,4,0,0,0,3,.308,.286,.462,.747,111,.307,97,6,1,0,0,1,0,/3DH,,mancitr01
614,Vidal Bruján#,28,NYM,NL,-0.1,9,13,11,4,1,0,0,0,1,0,1,1,1,.091,.167,.091,.258,-24,.084,-48,1,0,0,1,0,0,/6H7,,brujavi01
615,Collin Price,26,HOU,AL,0.1,7,13,12,1,2,1,0,0,0,0,0,1,6,.167,.231,.250,.481,37,.220,33,3,0,0,0,0,0,/2H3D,,priceco01
616,Gustavo Campero#,28,LAA,AL,0.1,4,12,11,0,4,1,0,0,2,0,0,0,4,.364,.333,.455,.788,124,.331,113,5,0,0,0,1,0,/7,,campegu01
617,Oliver Dunn*,28,TBR,AL,-0.2,9,12,11,4,1,0,0,0,1,0,0,1,3,.091,.167,.091,.258,-25,.125,-38,1,0,0,0,0,0,/H65D,,dunnol01
618,Scott Bandura*,24,SFG,NL,-0.1,4,11,10,1,2,1,0,0,0,0,0,1,5,.200,.273,.300,.573,62,.251,53,3,0,0,0,0,0,/9D,,bandusc01
619,Will Banfield,26,CIN,NL,-0.2,7,11,11,1,1,0,0,0,0,0,0,0,3,.091,.091,.091,.182,-49,.082,-71,1,0,0,0,0,0,/2H,,banfiwi01
620,Oswaldo Cabrera#,27,NYY,AL,-0.3,3,11,9,0,0,0,0,0,0,0,0,0,4,.000,.000,.000,.000,-100,.000,-180,0,0,0,2,0,0,/54,,cabreos01
621,Gabriel González,22,MIN,AL,0.1,7,11,8,2,2,0,0,0,0,0,0,2,2,.250,.455,.250,.705,107,.431,180,2,0,1,0,0,0,/H79,,gonzaga03
622,B.J. Murray#,26,CHC,NL,-0.2,7,11,11,0,1,0,0,0,0,0,0,0,4,.091,.091,.091,.182,-50,.073,-80,1,0,0,0,0,0,/3HD,,murrabj01
623,Kenny Piper,27,TBR,AL,0.3,14,11,9,4,2,0,0,1,2,1,0,2,3,.222,.364,.556,.919,153,.417,153,5,0,0,0,0,0,2/H,,piperke01
624,Rowdy Tellez*,31,ATL,NL,0.0,7,11,10,2,2,0,0,1,4,0,0,1,3,.200,.273,.500,.773,107,.329,103,5,0,0,0,0,0,/H3D,,tellero01
625,Ryan Bliss,26,SEA,AL,0.0,3,10,8,0,1,0,0,0,1,0,0,1,3,.125,.200,.125,.325,-3,.160,-5,1,0,0,0,1,0,/4DH,,blissry01
626,Justin Dean,29,CHC,NL,0.2,17,10,8,3,3,0,1,0,3,1,0,2,4,.375,.500,.625,1.125,208,.503,209,5,0,0,0,0,0,/98H7D,,deanju01
627,Nick Solak,31,SDP,NL,-0.1,4,10,7,0,1,0,0,0,1,0,0,1,0,.143,.300,.143,.443,31,.224,33,1,0,1,0,1,0,/DH,,solakni01
628,James Triantos,23,CHC,NL,-0.1,7,9,8,2,1,0,0,0,0,0,0,1,2,.125,.222,.125,.347,0,.178,-5,1,0,0,0,0,0,/4HD,,trianja01
629,Jace Jung*,25,DET,AL,0.0,3,8,6,1,1,0,0,0,0,0,0,2,1,.167,.375,.167,.542,59,.287,76,1,0,0,0,0,0,/D,,jungja01
630,Eddys Leonard,25,SFG,NL,-0.2,3,8,8,0,2,1,0,0,0,0,0,0,2,.250,.250,.375,.625,74,.269,67,3,0,0,0,0,0,/7,,leonaed01
631,Cristian Pache,27,NYM,NL,-0.1,14,8,8,2,1,0,0,0,0,0,0,0,4,.125,.125,.125,.250,-29,.113,-45,1,0,0,0,0,0,/7HD9,,pachecr01
632,Steward Berroa#,27,PHI,NL,-0.1,6,7,7,0,1,0,0,0,1,0,0,0,4,.143,.143,.143,.286,-23,.129,-47,1,0,0,0,0,0,/897,,berrost01
633,Corey Julks,30,DET,AL,0.1,4,7,7,1,2,1,0,0,0,0,0,0,1,.286,.286,.429,.714,97,.309,91,3,0,0,0,0,0,/9DH,,julksco01
634,Jared Oliva,30,SFG,NL,0.0,7,7,7,1,1,0,0,0,0,1,0,0,1,.143,.143,.143,.286,-19,.164,-32,1,1,0,0,0,0,/8H7,,olivaja01
635,Jonah Bride,30,TEX,AL,0.0,2,6,5,0,1,0,0,0,0,0,0,1,2,.200,.333,.200,.533,61,.267,71,1,0,0,0,0,0,/5,,bridejo01
636,Vimael Machín*,32,COL,NL,0.0,3,6,6,0,3,0,0,0,0,0,0,0,2,.500,.500,.500,1.000,164,.451,180,3,0,0,0,0,0,/5H,,machivi01
637,Logan Porter,30,2TM,2LG,0.1,3,6,4,2,1,1,0,0,0,0,0,2,2,.250,.500,.500,1.000,189,.442,191,2,0,0,0,0,0,/2H,,portelo01
637,Logan Porter,30,SFG,NL,0.0,1,0,0,1,0,0,0,0,0,0,0,0,0,,,,,,,,0,0,0,0,0,0,/H,,portelo01
637,Logan Porter,30,LAA,AL,0.1,2,6,4,1,1,1,0,0,0,0,0,2,2,.250,.500,.500,1.000,189,.442,191,2,0,0,0,0,0,/2,,portelo01
638,Ben Ross,25,MIN,AL,-0.1,4,6,6,1,1,1,0,0,0,0,0,0,3,.167,.167,.333,.500,37,.210,23,2,0,0,0,0,0,/H456D,,rossbe01
639,Will Wilson,27,SEA,AL,0.1,2,6,5,1,1,0,0,1,2,0,0,1,1,.200,.333,.800,1.133,216,.457,204,4,0,0,0,0,0,/5,,wilsowi03
640,Luken Baker,29,ARI,NL,-0.1,3,5,5,0,1,0,0,0,0,0,0,0,3,.200,.200,.200,.400,12,.181,0,1,0,0,0,0,0,/3H,,bakerlu01
641,Trei Cruz#,27,DET,AL,-0.2,2,5,5,0,0,0,0,0,0,0,0,0,3,.000,.000,.000,.000,-100,.000,-128,0,0,0,0,0,0,/79,,cruztr01
642,Shawn Ross,26,PIT,NL,0.1,2,5,5,1,1,0,0,1,2,0,0,0,2,.200,.200,.800,1.000,154,.404,152,4,0,0,0,0,0,/23,,rosssh01
643,Jihwan Bae*,26,MIL,NL,0.1,4,4,2,1,1,0,0,0,0,1,0,0,1,.500,.667,.500,1.167,231,.593,280,1,0,1,1,0,0,/4HD,,baeji01
644,Dylan Carlson#,27,CHC,NL,-0.2,3,4,4,1,0,0,0,0,0,0,0,0,2,.000,.000,.000,.000,-100,.000,-133,0,0,0,0,0,0,/H79D,,carlsdy01
645,Scott Kingery,32,CHC,NL,-0.2,8,4,4,2,1,0,0,0,0,1,0,0,0,.250,.250,.250,.500,39,.287,30,1,0,0,0,0,0,/HD45,,kingesc01
646,Davis Wendzel,29,PIT,NL,-0.1,2,4,4,0,0,0,0,0,0,0,0,0,0,.000,.000,.000,.000,-100,.000,-137,0,0,0,0,0,0,/34H,,wendzda01
647,Blake Hunt,27,SDP,NL,0.0,2,3,3,0,0,0,0,0,0,0,0,0,3,.000,.000,.000,.000,-100,.000,-126,0,0,0,0,0,0,/2,,huntbl01
648,Rudy Martin*,30,TOR,AL,-0.1,2,3,2,0,0,0,0,0,0,0,0,1,1,.000,.333,.000,.333,3,.232,32,0,1,0,0,0,0,/7DH,,martiru02
649,Omar Martínez*,24,LAA,AL,0.0,5,3,3,0,1,0,0,0,0,0,0,0,1,.333,.333,.333,.667,93,.301,91,1,0,0,0,0,0,/2H,,martiom01
650,Jair Camargo,26,ATL,NL,0.1,1,2,2,1,1,1,0,0,0,0,0,0,1,.500,.500,1.000,1.500,300,.625,317,2,0,0,0,0,0,/2H,,camarja01
651,Jeferson Quero,23,MIL,NL,0.0,1,2,1,0,0,0,0,0,0,0,0,1,0,.000,.500,.000,.500,56,.350,117,0,0,0,0,0,0,/2,,queroje01
652,Jack Brannigan,25,PIT,NL,0.0,2,1,1,0,0,0,0,0,0,0,0,0,1,.000,.000,.000,.000,-100,.000,-125,0,0,0,0,0,0,/5H,,brannja01
653,Maverick Handley,28,BAL,AL,0.0,1,1,1,0,0,0,0,0,0,0,0,0,1,.000,.000,.000,.000,-100,.000,-136,0,0,0,0,0,0,/H,,handlma01
654,DaShawn Keirsey Jr.*,29,ATL,NL,0.1,2,1,1,2,1,0,0,0,0,0,0,0,0,1.000,1.000,1.000,2.000,455,.903,500,1,0,0,0,0,0,/H8,,keirsda01
655,Víctor Mederos,25,ATL,NL,0.0,3,1,1,0,1,0,0,0,2,0,0,0,0,1.000,1.000,1.000,2.000,455,.806,433,1,0,0,0,0,0,1,,medervi01
656,Miles Mikolas,37,WSN,NL,0.0,2,1,0,1,0,0,0,0,1,0,0,0,0,,,,,,,,0,0,0,1,0,0,1/H,,mikolmi01
657,Michael Siani*,26,BAL,AL,0.0,1,1,1,0,0,0,0,0,0,0,0,0,0,.000,.000,.000,.000,-100,.000,-136,0,0,0,0,0,0,/8,,sianimi01
658,Randy Vásquez,27,SDP,NL,0.0,1,1,1,0,0,0,0,0,0,0,0,0,0,.000,.000,.000,.000,-100,.000,-117,0,0,0,0,0,0,1,,vasqura02
659,Luke Williams,29,ATL,NL,-0.1,2,1,0,0,0,0,0,0,0,0,0,1,0,,1.000,,,,.700,358,0,0,0,0,0,0,/47H,,willilu01
660,Javier Assad,28,CHC,NL,0.0,1,0,0,0,0,0,0,0,0,0,0,0,0,,,,,,,,0,0,0,0,0,0,1,,assadja01
661,Bryan Baker,31,TBR,AL,0.0,1,0,0,0,0,0,0,0,0,0,0,0,0,,,,,,,,0,0,0,0,0,0,1,AS,bakerbr01
662,David Bednar*,31,NYY,AL,0.0,1,0,0,0,0,0,0,0,0,0,0,0,0,,,,,,,,0,0,0,0,0,0,1,,bednada01
663,Clayton Beeter,27,WSN,NL,0.0,4,0,0,0,0,0,0,0,0,0,0,0,0,,,,,,,,0,0,0,0,0,0,1,,beetecl01
664,Jake Bird,30,WSN,NL,0.0,1,0,0,0,0,0,0,0,0,0,0,0,0,,,,,,,,0,0,0,0,0,0,/1,,birdja01
665,Paul Blackburn,32,NYY,AL,0.0,1,0,0,0,0,0,0,0,0,0,0,0,0,,,,,,,,0,0,0,0,0,0,1,,blackpa01
666,Kyle Bradish,29,BAL,AL,0.0,1,0,0,0,0,0,0,0,0,0,0,0,0,,,,,,,,0,0,0,0,0,0,1,,bradiky01
667,Blas Castaño,27,COL,NL,0.0,1,0,0,0,0,0,0,0,0,0,0,0,0,,,,,,,,0,0,0,0,0,0,1,,castabl01
668,Aroldis Chapman*,38,BOS,AL,0.0,2,0,0,0,0,0,0,0,0,0,0,0,0,,,,,,,,0,0,0,0,0,0,1,AS,chapmar01
669,Aaron Civale,31,CHC,NL,0.0,1,0,0,0,0,0,0,0,0,0,0,0,0,,,,,,,,0,0,0,0,0,0,1,,civalaa01
670,Taylor Clarke,33,ARI,NL,0.0,1,0,0,0,0,0,0,0,0,0,0,0,0,,,,,,,,0,0,0,0,0,0,1,,clarkta01
671,Fernando Cruz#,36,NYY,AL,0.0,1,0,0,0,0,0,0,0,0,0,0,0,0,,,,,,,,0,0,0,0,0,0,1,,cruzfe01
672,Jack Dreyer,27,LAD,NL,0.0,1,0,0,0,0,0,0,0,0,0,0,0,0,,,,,,,,0,0,0,0,0,0,1,,dreyeja01
673,Jhoan Duran,28,PHI,NL,0.0,1,0,0,0,0,0,0,0,0,0,0,0,0,,,,,,,,0,0,0,0,0,0,1,AS,duranjh01
674,Brandon Eisert*,28,CHW,AL,0.0,1,0,0,0,0,0,0,0,0,0,0,0,0,,,,,,,,0,0,0,0,0,0,1,,eiserbr01
675,Lucas Erceg*,31,KCR,AL,0.0,1,0,0,0,0,0,0,0,0,0,0,0,0,,,,,,,,0,0,0,0,0,0,1,,erceglu01
676,Carlos Estévez,33,KCR,AL,0.0,1,0,0,0,0,0,0,0,0,0,0,0,0,,,,,,,,0,0,0,0,0,0,/1,,estevca01
677,Pete Fairbanks,32,MIA,NL,0.0,1,0,0,0,0,0,0,0,0,0,0,0,0,,,,,,,,0,0,0,0,0,0,1,,fairbpe01
678,Nick Frasso,27,COL,NL,0.0,1,0,0,0,0,0,0,0,0,0,0,0,0,,,,,,,,0,0,0,0,0,0,1,,frassni01
679,Didier Fuentes,21,ATL,NL,0.0,3,0,0,0,0,0,0,0,0,0,0,0,0,,,,,,,,0,0,0,0,0,0,1,,fuentdi01
680,Brandyn Garcia*,26,ARI,NL,0.0,1,0,0,0,0,0,0,0,0,0,0,0,0,,,,,,,,0,0,0,0,0,0,1,,garcibr02
681,Rico Garcia,32,BAL,AL,0.0,1,0,0,0,0,0,0,0,0,0,0,0,0,,,,,,,,0,0,0,0,0,0,1,,garciri01
682,Cade Gibson*,28,MIA,NL,0.0,2,0,0,0,0,0,0,0,0,0,0,0,0,,,,,,,,0,0,0,0,0,0,1,,gibsoca01
683,J.T. Ginn,27,ATH,AL,0.0,1,0,0,0,0,0,0,0,0,0,0,0,0,,,,,,,,0,0,0,0,0,0,1,,ginnjt01
684,Josh Hader*,32,HOU,AL,0.0,2,0,0,0,0,0,0,0,0,0,0,0,0,,,,,,,,0,0,0,0,0,0,1,,haderjo01
685,DL Hall*,27,MIL,NL,0.0,1,0,0,0,0,0,0,0,0,0,0,0,0,,,,,,,,0,0,0,0,0,0,1,,halldl01
686,Edgardo Henriquez,24,LAD,NL,0.0,1,0,0,0,0,0,0,0,0,0,0,0,0,,,,,,,,0,0,0,0,0,0,1,,henried01
687,Sam Hentges*,29,SFG,NL,0.0,1,0,0,0,0,0,0,0,0,0,0,0,0,,,,,,,,0,0,0,0,0,0,1,,hentgsa01
688,Jimmy Herget,32,COL,NL,0.0,1,0,0,0,0,0,0,0,0,0,0,0,0,,,,,,,,0,0,0,0,0,0,1,,hergeji01
689,Jaden Hill,26,COL,NL,0.0,1,0,0,0,0,0,0,0,0,0,0,0,0,,,,,,,,0,0,0,0,0,0,1,,hillja01
690,Brant Hurter*,27,DET,AL,0.0,1,0,0,0,0,0,0,0,0,0,0,0,0,,,,,,,,0,0,0,0,0,0,1,,hurtebr01
691,Raisel Iglesias,36,ATL,NL,0.0,7,0,0,0,0,0,0,0,0,0,0,0,0,,,,,,,,0,0,0,0,0,0,1,AS,iglesra01
692,Kenley Jansen#,38,DET,AL,0.0,1,0,0,0,0,0,0,0,0,0,0,0,0,,,,,,,,0,0,0,0,0,0,1,,janseke01
693,Merrill Kelly,37,ARI,NL,0.0,1,0,0,0,0,0,0,0,0,0,0,0,0,,,,,,,,0,0,0,0,0,0,1,,kellyme01
694,William Kempner,25,MIA,NL,0.0,1,0,0,0,0,0,0,0,0,0,0,0,0,,,,,,,,0,0,0,0,0,0,/1,,kempnwi01
695,Zak Kent,28,WSN,NL,0.0,1,0,0,0,0,0,0,0,0,0,0,0,0,,,,,,,,0,0,0,0,0,0,/1,,kentza01
696,Orion Kerkering,25,PHI,NL,0.0,1,0,0,0,0,0,0,0,0,0,0,0,0,,,,,,,,0,0,0,0,0,0,1,,kerkeor01
697,Tyler Kinley,35,ATL,NL,0.0,2,0,0,0,0,0,0,0,0,0,0,0,0,,,,,,,,0,0,0,0,0,0,1,,kinlety01
698,Alex Lange,30,KCR,AL,0.0,1,0,0,0,0,0,0,0,0,0,0,0,0,,,,,,,,0,0,0,0,0,0,1,,langeal01
699,Jacob Latz,30,TEX,AL,0.0,1,0,0,0,0,0,0,0,0,0,0,0,0,,,,,,,,0,0,0,0,0,0,1,AS,latzja01
700,Jonathan Loáisiga,31,ARI,NL,0.0,1,0,0,0,0,0,0,0,0,0,0,0,0,,,,,,,,0,0,0,0,0,0,1,,loaisjo01
701,Reynaldo López,32,ATL,NL,0.0,1,0,0,0,0,0,0,0,0,0,0,0,0,,,,,,,,0,0,0,0,0,0,1,,lopezre01
702,Brad Lord,26,WSN,NL,0.0,3,0,0,0,0,0,0,0,0,0,0,0,0,,,,,,,,0,0,0,0,0,0,1,,lordbr02
703,Trevor Megill*,32,MIL,NL,0.0,2,0,0,0,0,0,0,0,0,0,0,0,0,,,,,,,,0,0,0,0,0,0,1,,megiltr01
704,Owen Miller,29,CHC,NL,0.0,1,0,0,0,0,0,0,0,0,0,0,0,0,,,,,,,,0,0,0,0,0,0,/4,,milleow01
705,Jordan Montgomery*,33,TEX,AL,0.0,1,0,0,0,0,0,0,0,0,0,0,0,0,,,,,,,,0,0,0,0,0,0,/1,,montgjo01
706,Owen Murphy,22,ATL,NL,0.0,1,0,0,0,0,0,0,0,0,0,0,0,0,,,,,,,,0,0,0,0,0,0,/1,,murphow01
707,Riley O'Brien,31,STL,NL,0.0,2,0,0,0,0,0,0,0,0,0,0,0,0,,,,,,,,0,0,0,0,0,0,1,AS,obrieri01
708,Daniel Palencia,26,CHC,NL,0.0,1,0,0,0,0,0,0,0,0,0,0,0,0,,,,,,,,0,0,0,0,0,0,1,,palenda01
709,Chad Patrick,27,MIL,NL,0.0,1,0,0,0,0,0,0,0,0,0,0,0,0,,,,,,,,0,0,0,0,0,0,1,,patrich01
710,Nate Pearson,29,KCR,AL,0.0,1,0,0,0,0,0,0,0,0,0,0,0,0,,,,,,,,0,0,0,0,0,0,1,,pearsna01
711,Wandy Peralta*,34,SDP,NL,0.0,1,0,0,0,0,0,0,0,0,0,0,0,0,,,,,,,,0,0,0,0,0,0,1,,peralwa01
712,Jack Perkins,26,ATH,AL,0.0,1,0,0,0,0,0,0,0,0,0,0,0,0,,,,,,,,0,0,0,0,0,0,1,,perkija01
713,Orlando Ribalta,28,WSN,NL,0.0,2,0,0,0,0,0,0,0,0,0,0,0,0,,,,,,,,0,0,0,0,0,0,1,,ribalor01
714,Trevor Richards,33,CHW,AL,0.0,1,0,0,0,0,0,0,0,0,0,0,0,0,,,,,,,,0,0,0,0,0,0,1,,richatr01
715,JR Ritchie,23,ATL,NL,0.0,1,0,0,0,0,0,0,0,0,0,0,0,0,,,,,,,,0,0,0,0,0,0,1,,ritchjr01
716,Ryan Rolison,28,CHC,NL,0.0,1,0,0,0,0,0,0,0,0,0,0,0,0,,,,,,,,0,0,0,0,0,0,1,,rolisry01
717,Erik Sabrowski,28,CLE,AL,0.0,1,0,0,0,0,0,0,0,0,0,0,0,0,,,,,,,,0,0,0,0,0,0,1,,sabroer01
718,Paxton Schultz*,28,WSN,NL,0.0,1,0,0,0,0,0,0,0,0,0,0,0,0,,,,,,,,0,0,0,0,0,0,1,,schulpa01
719,Connor Seabold,30,KCR,AL,0.0,1,0,0,0,0,0,0,0,0,0,0,0,0,,,,,,,,0,0,0,0,0,0,/1,,seaboco01
720,Antonio Senzatela,31,COL,NL,0.0,1,0,0,0,0,0,0,0,0,0,0,0,0,,,,,,,,0,0,0,0,0,0,1,,senzaan01
721,Chase Shugart*,29,PHI,NL,0.0,2,0,0,0,0,0,0,0,0,0,0,0,0,,,,,,,,0,0,0,0,0,0,1,,shugach01
722,Cade Smith,27,CLE,AL,0.0,2,0,0,0,0,0,0,0,0,0,0,0,0,,,,,,,,0,0,0,0,0,0,1,AS,smithca06
723,Dylan Smith,26,SFG,NL,0.0,2,0,0,0,0,0,0,0,0,0,0,0,0,,,,,,,,0,0,0,0,0,0,1,,smithdy01
724,George Soriano,27,STL,NL,0.0,2,0,0,0,0,0,0,0,0,0,0,0,0,,,,,,,,0,0,0,0,0,0,1,,soriage01
725,Gabe Speier*,31,SEA,AL,0.0,1,0,0,0,0,0,0,0,0,0,0,0,0,,,,,,,,0,0,0,0,0,0,1,,speiega01
726,Ryne Stanek,34,STL,NL,0.0,1,0,0,0,0,0,0,0,0,0,0,0,0,,,,,,,,0,0,0,0,0,0,1,,stanery01
727,Robert Suarez,35,ATL,NL,0.0,3,0,0,0,0,0,0,0,0,0,0,0,0,,,,,,,,0,0,0,0,0,0,1,,suarero01
728,Caleb Thielbar,39,CHC,NL,0.0,1,0,0,0,0,0,0,0,0,0,0,0,0,,,,,,,,0,0,0,0,0,0,1,,thielca01
729,Trent Thornton,32,CHC,NL,0.0,1,0,0,0,0,0,0,0,0,0,0,0,0,,,,,,,,0,0,0,0,0,0,1,,thorntr01
730,Ricky Vanasco,27,DET,AL,0.0,1,0,0,0,0,0,0,0,0,0,0,0,0,,,,,,,,0,0,0,0,0,0,/1,,vanasri01
731,Gus Varland*,29,WSN,NL,0.0,1,0,0,0,0,0,0,0,0,0,0,0,0,,,,,,,,0,0,0,0,0,0,1,,varlagu01
732,Luis Vázquez,26,BAL,AL,0.0,1,0,0,1,0,0,0,0,0,0,0,0,0,,,,,,,,0,0,0,0,0,0,/5H,,vazqulu01
733,Alex Vesia*,30,LAD,NL,0.0,1,0,0,0,0,0,0,0,0,0,0,0,0,,,,,,,,0,0,0,0,0,0,1,,vesiaal01
734,Will Vest,31,DET,AL,0.0,1,0,0,0,0,0,0,0,0,0,0,0,0,,,,,,,,0,0,0,0,0,0,1,,vestwi01
735,Victor Vodnik,26,COL,NL,0.0,1,0,0,0,0,0,0,0,0,0,0,0,0,,,,,,,,0,0,0,0,0,0,1,,vodnivi01
736,Jacob Waguespack,32,DET,AL,0.0,2,0,0,0,0,0,0,0,0,0,0,0,0,,,,,,,,0,0,0,0,0,0,1,,wagueja01
737,Luke Weaver,32,NYM,NL,0.0,1,0,0,0,0,0,0,0,0,0,0,0,0,,,,,,,,0,0,0,0,0,0,1,,weavelu01
738,Jacob Webb,32,CHC,NL,0.0,1,0,0,0,0,0,0,0,0,0,0,0,0,,,,,,,,0,0,0,0,0,0,1,,webbja01
739,Garrett Whitlock,30,BOS,AL,0.0,1,0,0,0,0,0,0,0,0,0,0,0,0,,,,,,,,0,0,0,0,0,0,1,,whitlga01
740,Jordan Wicks*,26,CHC,NL,0.0,1,0,0,0,0,0,0,0,0,0,0,0,0,,,,,,,,0,0,0,0,0,0,/1,,wicksjo01
741,Devin Williams,31,NYM,NL,0.0,1,0,0,0,0,0,0,0,0,0,0,0,0,,,,,,,,0,0,0,0,0,0,1,,willide03
742,Keaton Winn,28,SFG,NL,0.0,1,0,0,0,0,0,0,0,0,0,0,0,0,,,,,,,,0,0,0,0,0,0,1,,winnke01

