"last_name, first_name","player_id","year","player_age","ab","pa","hit","single","double","triple","home_run","strikeout","walk","k_percent","bb_percent","batting_avg","slg_percent","on_base_percent","on_base_plus_slg","isolated_power","b_total_bases","b_total_strike","b_total_swinging_strike","b_total_pitches","xba","xslg","woba","xwoba","xslgdiff","wobadiff","exit_velocity_avg","launch_angle_avg","sweet_spot_percent","barrel_batted_rate","hard_hit_percent","avg_best_speed","avg_hyper_speed","z_swing_percent","z_swing_miss_percent","oz_swing_miss_percent","oz_contact_percent","iz_contact_percent","whiff_percent","swing_percent","sprint_speed"
"Beltré, Adrian",134181,2018,39,433,481,118,79,23,1,15,96,34,20,7.1,".273",".434",".328","0.762","0.161","188","1201","471","1906",".263",".432",".327",".328",".002","-0.001","88.7","13.6",39.7,6.9,37.4,"98.435139477","93.348635465",62.3,16.9,36.6,63.4,83.1,23.4,45.4,"24.9"
"Martinez, Victor",400121,2018,39,467,508,117,87,21,0,9,49,32,9.6,6.3,".251",".353",".297","0.650","0.102","165","1220","391","1908",".266",".406",".281",".313","-0.053","-0.032","87.8","14.1",35.1,5.2,30.6,"96.557884057","92.300796265",68.5,9.3,23.9,76.1,90.7,14.3,49.2,"23.2"
"Utley, Chase",400284,2018,39,164,187,35,23,10,1,1,34,17,18.2,9.1,".213",".305",".305","0.610","0.092","50","468","122","800",".224",".328",".272",".290","-0.023","-0.018","87.7","17.2",32.1,2.5,32.5,"96.099441429","92.0852016",57,9,28.6,71.4,91,13.3,37.6,"27.2"
"Pujols, Albert",405395,2018,38,465,498,114,75,20,0,19,65,28,13.1,5.6,".245",".411",".289","0.700","0.166","191","1170","519","1807",".267",".449",".299",".327","-0.038","-0.028","90","14.1",34.5,6.9,40.9,"99.833402426","94.151905881",66.2,9.8,31.8,68.2,90.2,17.6,48.4,"22.2"
"Mauer, Joe",408045,2018,35,486,543,137,103,27,1,6,86,51,15.8,9.4,".282",".379",".351","0.730","0.097","184","1376","292","2257",".295",".448",".319",".352","-0.069","-0.033","91.1","4.4",36.9,5.3,44.3,"99.892945918","94.507836292",49.8,8.2,35.5,64.5,91.8,15.1,35.3,"26.0"
"Cabrera, Miguel",408234,2018,35,133,156,40,26,11,0,3,26,22,16.7,14.1,".301",".451",".397","0.848","0.150","60","371","127","601",".313",".455",".362",".376","-0.004","-0.014","94.4","7.3",29.6,5,54.6,"104.010126481","97.030627037",68.9,19.1,34.7,65.3,80.9,23.2,45.1,"24.1"
"González, Adrián",408236,2018,36,169,187,40,29,5,0,6,34,15,18.2,8,".237",".373",".299","0.672","0.136","63","457","233","690",".257",".434",".288",".323","-0.061","-0.035","88.9","11.6",33.6,6.8,38,"98.955359265","93.617186889",75.6,14.8,37.2,62.8,85.2,23.8,53.5,"24.4"
"Reyes, José",408314,2018,35,228,251,43,24,12,3,4,39,22,15.5,8.8,".189",".320",".260","0.580","0.131","73","600","243","967",".219",".304",".255",".268",".016","-0.013","85.4","12.7",28.4,2.9,24.3,"95.281758495","91.697509081",67.7,14.5,29.5,70.5,85.5,19,45.8,"27.5"
"Mathis, Jeff",425772,2018,35,195,218,39,28,9,1,1,66,20,30.3,9.2,".200",".272",".272","0.544","0.072","53","539","276","876",".183",".283",".243",".244","-0.011","-0.001","87.6","15.4",37.1,3.2,34.1,"97.993827231","93.102018992",66.2,24,56,44,76,32.2,44.3,"25.7"
"Choo, Shin-Soo",425783,2018,35,560,665,148,96,30,1,21,156,92,23.5,13.8,".264",".434",".377","0.811","0.170","243","1605","632","2770",".250",".464",".355",".362","-0.030","-0.007","89.3","6.1",35.9,11.8,40.5,"99.924696535","94.11825245",61,21.1,41.8,58.2,78.9,27,40.9,"26.0"
"Molina, Yadier",425877,2018,35,459,503,120,80,20,0,20,66,29,13.1,5.8,".261",".436",".314","0.750","0.175","200","1312","704","1969",".266",".432",".323",".329",".004","-0.006","88.2","15.4",37.6,5.9,33.8,"97.338858241","92.806835201",70.6,13.3,25,75,86.7,17.2,52.7,"22.9"
"Canó, Robinson",429664,2018,35,310,348,94,62,22,0,10,47,32,13.5,9.2,".303",".471",".374","0.845","0.168","146","775","283","1256",".305",".496",".364",".376","-0.025","-0.012","93","8.2",37.4,8.8,51.5,"102.482712576","96.023314659",68,11.1,32.3,67.7,88.9,18.2,47.8,"24.5"
"Encarnación, Edwin",429665,2018,35,500,578,123,74,16,1,32,132,63,22.8,10.9,".246",".474",".336","0.810","0.228","237","1394","416","2293",".246",".482",".346",".358","-0.008","-0.012","89.9","18",34.1,12.2,41.4,"100.766551311","94.616548279",66.4,19.1,43.6,56.4,80.9,26.3,44.6,"24.4"
"Bautista, José",430832,2018,37,325,399,66,35,18,0,13,111,67,27.8,16.8,".203",".378",".348","0.726","0.175","123","970","432","1728",".222",".389",".324",".338","-0.011","-0.014","90.8","19.4",34.9,8.9,43.2,"101.404054299","95.00343338",63,19.7,58.5,41.5,80.3,30.6,39.5,"25.6"
"Jones, Adam",430945,2018,32,580,613,163,113,35,0,15,93,24,15.2,3.9,".281",".419",".313","0.732","0.138","243","1468","725","2167",".268",".409",".315",".310",".010",".005","88.3","13.2",35.6,5.4,33.1,"98.02876214","93.087198701",73,13,41.3,58.7,87,23.8,55.1,"26.7"
"Martin, Russell",431145,2018,35,289,352,56,38,8,0,10,82,56,23.3,15.9,".194",".325",".338","0.663","0.131","94","820","295","1474",".198",".323",".305",".308",".002","-0.003","90.6","10.1",22.7,7,43,"99.946590962","94.372312947",57.8,21.1,50,50,78.9,25.3,34.3,"25.6"
"Granderson, Curtis",434158,2018,37,343,403,83,46,22,2,13,106,54,26.3,13.4,".242",".431",".351","0.782","0.189","148","1048","436","1752",".249",".417",".341",".342",".014","-0.001","88.7","16.9",44.8,6.8,34.3,"97.940080924","93.09151654",59,18.1,47.3,52.7,81.9,26.7,39.2,"26.8"
"Davis, Rajai",434658,2018,37,196,216,44,36,6,1,1,48,11,22.2,5.1,".224",".281",".278","0.559","0.057","55","525","180","792",".225",".295",".251",".261","-0.014","-0.010","84.2","9.6",31.4,1.5,27,"95.252220959","91.652845068",74,12.2,45.5,54.5,87.8,23.1,53,"29.1"
"Ramirez, Hanley",434670,2018,34,177,195,45,32,7,0,6,35,14,17.9,7.2,".254",".395",".313","0.708","0.141","70","460","164","747",".256",".433",".308",".326","-0.038","-0.018","91.9","11.5",25,8,47.9,"103.426308472","96.232619931",77.1,14,36.4,63.6,86,20.3,50.7,"25.7"
"Morales, Kendrys",434778,2018,35,413,471,103,67,15,0,21,95,50,20.2,10.6,".249",".438",".331","0.769","0.189","181","1161","514","1908",".269",".518",".329",".373","-0.080","-0.044","92.3","10",34.4,12.7,52.6,"101.980025988","95.733792632",63.6,16.2,45.2,54.8,83.8,27.2,43.6,"23.5"
"Kendrick, Howie",435062,2018,34,152,160,46,28,14,0,4,29,5,18.1,3.1,".303",".474",".331","0.805","0.171","72","370","176","557",".271",".423",".342",".312",".051",".030","90.2","7.9",36.3,5.3,44.4,"101.142805806","94.778715887",70.9,13.8,38,62,86.2,21.2,54.2,"26.3"
"Wilson, Bobby",435064,2018,35,135,151,24,14,8,0,2,37,12,24.5,7.9,".178",".281",".242","0.523","0.103","38","397","130","606",".168",".245",".232",".227",".036",".005","80.9","11",27.5,3.2,22.5,"92.9963214","91.0396867",65.7,20.6,32,68,79.4,24.5,49.8,"23.8"
"Kinsler, Ian",435079,2018,36,487,534,117,77,26,0,14,64,40,12,7.5,".240",".380",".301","0.681","0.140","185","1311","517","2086",".248",".368",".298",".301",".012","-0.003","85.3","17.7",36.6,3.3,26.2,"95.239510751","91.635867224",66.3,7.4,25.6,74.4,92.6,12.2,45.5,"26.6"
"McCann, Brian",435263,2018,34,189,216,40,30,3,0,7,40,19,18.5,8.8,".212",".339",".301","0.640","0.127","64","511","118","837",".216",".324",".286",".284",".015",".002","86.3","23.6",36.4,3.8,26.5,"95.089383067","91.5451728",57.3,14.7,34.5,65.5,85.3,21.2,41.1,"22.7"
"Walker, Neil",435522,2018,32,347,398,76,52,12,1,11,87,42,21.9,10.6,".219",".354",".309","0.663","0.135","123","974","301","1585",".247",".425",".291",".331","-0.071","-0.040","88.1","13.7",42.8,6.5,33.3,"98.036963282","93.104285057",67.4,15.4,40.7,59.3,84.6,22.9,45.7,"26.6"
"Suzuki, Kurt",435559,2018,34,347,388,94,58,24,0,12,43,22,11.1,5.7,".271",".444",".332","0.776","0.173","154","857","449","1331",".267",".409",".335",".327",".035",".008","87.2","18.4",33.2,4.1,35,"97.367679161","92.716625307",73.5,10.2,30.7,69.3,89.8,16.8,53.3,"25.6"
"Desmond, Ian",435622,2018,32,555,619,131,80,21,8,22,146,53,23.6,8.6,".236",".422",".307","0.729","0.186","234","1484","400","2322",".228",".384",".315",".303",".038",".012","90.1","0.1",28.5,7.6,43.2,"100.744285942","94.630591501",69.9,20.9,49.5,50.5,79.1,29.1,48.3,"28.1"
"Cruz, Nelson",443558,2018,37,519,591,133,77,18,1,37,122,55,20.6,9.3,".256",".509",".342","0.851","0.253","264","1369","567","2282",".282",".567",".361",".396","-0.058","-0.035","93.9","12.8",31.3,14.9,51.7,"105.6614156","97.439653125",68.7,17.9,55.5,44.5,82.1,30.6,46.5,"24.9"
"Trumbo, Mark",444432,2018,32,330,358,86,57,12,0,17,87,24,24.3,6.7,".261",".452",".313","0.765","0.191","149","897","481","1411",".267",".450",".329",".335",".002","-0.006","92.8","10.4",33.1,11.1,48.6,"103.909144472","96.381219918",69.6,20.6,44.8,55.2,79.4,29.5,49.7,"26.2"
"Peralta, David",444482,2018,30,560,614,164,104,25,5,30,124,48,20.2,7.8,".293",".516",".352","0.868","0.223","289","1463","726","2272",".280",".478",".368",".353",".038",".015","91.5","6.7",32.9,8.3,46.3,"102.631180594","95.674140388",67.3,17.3,39.3,60.7,82.7,23.7,48,"27.2"
"Piña, Manny",444489,2018,31,306,337,77,53,13,2,9,62,21,18.4,6.2,".252",".395",".307","0.702","0.143","121","862","270","1315",".248",".388",".301",".302",".007","-0.001","84.9","13.9",37.3,5.8,26.6,"96.274089516","92.187892874",60.3,10.9,33.5,66.5,89.1,18.2,45.9,"25.0"
"Escobar, Alcides",444876,2018,31,485,531,112,83,22,3,4,74,29,13.9,5.5,".231",".313",".279","0.592","0.082","152","1296","476","1928",".238",".327",".261",".274","-0.014","-0.013","84.6","10.6",30.3,2.4,21.5,"94.38942201","91.220654436",72.4,14.4,34.2,65.8,85.6,20.5,52.4,"27.5"
"Jay, Jon",445055,2018,33,527,586,141,112,19,7,3,95,33,16.2,5.6,".268",".347",".330","0.677","0.079","183","1471","574","2256",".251",".333",".301",".293",".014",".008","85.1","4.2",31.8,2,21.4,"94.550730605","91.290685023",65.4,11,37.3,62.7,89,19.9,49.1,"26.0"
"Prado, Martín",445988,2018,34,197,209,48,38,9,0,1,35,11,16.7,5.3,".244",".305",".287","0.592","0.061","60","516","166","819",".254",".338",".263",".282","-0.033","-0.019","87.5","9.3",34,2.6,26.1,"95.46611963","91.780519441",52.2,10.7,31.4,68.6,89.3,17.4,38.7,"25.9"
"Duda, Lucas",446263,2018,32,328,367,79,50,14,1,14,102,28,27.8,7.6,".241",".418",".313","0.731","0.177","137","937","391","1496",".242",".452",".315",".331","-0.034","-0.016","89.5","19.6",42.8,11,36.7,"99.828414435","93.961554629",62,20,52.5,47.5,80,31.8,44.4,"24.9"
"Wieters, Matt",446308,2018,32,235,271,56,40,8,0,8,45,30,16.6,11.1,".238",".374",".330","0.704","0.136","88","608","264","1066",".226",".386",".308",".310","-0.012","-0.002","87.1","18.5",32.6,5.2,33.3,"97.31958125","92.698087225",68.9,11.9,29.7,70.3,88.1,17.2,45.3,"24.2"
"Longoria, Evan",446334,2018,32,480,512,117,72,25,4,16,101,22,19.7,4.3,".244",".412",".281","0.693","0.168","198","1260","564","1932",".249",".428",".295",".310","-0.016","-0.015","88.5","13.6",32.6,8.2,37.2,"98.455586354","93.303418724",67.2,15.5,32.6,67.4,84.5,20.6,48.6,"27.0"
"Cozart, Zack",446359,2018,32,224,253,49,29,13,2,5,42,19,16.6,7.5,".219",".362",".296","0.658","0.143","81","620","217","987",".231",".350",".289",".295",".012","-0.006","85.6","17.4",38.9,2.3,27.7,"95.713114457","91.878014372",61.5,11.2,36.5,63.5,88.8,18,43.4,"26.6"
"Guyer, Brandon",446386,2018,32,194,221,40,22,11,0,7,48,15,21.7,6.8,".206",".371",".300","0.671","0.165","72","554","169","873",".216",".342",".298",".294",".029",".004","85.4","16.2",32.7,5.5,31.3,"96.563112571","92.286880643",68.2,16.1,38.1,61.9,83.9,22.1,46.6,"27.9"
"Rodríguez, Sean",446481,2018,33,150,173,25,14,5,1,5,60,22,34.7,12.7,".167",".313",".277","0.590","0.146","47","453","256","744",".170",".311",".264",".268",".002","-0.004","88.2","20.3",32.2,9.6,29.2,"97.2144725","92.614927614",70.6,32.5,63.2,36.8,67.5,40.6,47.3,"26.6"
"Reynolds, Mark",448602,2018,34,206,235,51,30,8,0,13,64,24,27.2,10.2,".248",".476",".328","0.804","0.228","98","562","290","962",".225",".424",".342",".317",".052",".025","89","18.3",34.5,11.1,39.3,"99.734743973","94.015030069",71.2,28,61.5,38.5,72,36.2,46.3,"24.4"
"Davis, Chris",448801,2018,32,470,522,79,51,12,0,16,192,41,36.8,7.9,".168",".296",".243","0.539","0.128","139","1360","664","2185",".188",".354",".239",".272","-0.058","-0.033","89.3","15.1",35.5,11,40.1,"99.809059357","94.0388635",62.9,26.7,51.1,48.9,73.3,34.5,45.1,"25.5"
"Zobrist, Ben",450314,2018,37,455,520,139,99,28,3,9,60,55,11.5,10.6,".305",".440",".378","0.818","0.135","200","1227","522","2018",".275",".390",".355",".333",".050",".022","89.9","9",35,3.2,38.7,"98.1077867","93.360354185",60.5,9.6,27,73,90.4,14.2,41.1,"26.7"
"Adduci, James",451192,2018,33,176,185,47,34,8,2,3,45,6,24.3,3.2,".267",".386",".290","0.676","0.119","68","484","158","681",".228",".322",".291",".253",".064",".038","85.9","11.2",26.1,4.5,26.1,"96.533606667","92.282356894",76.7,17.1,34.1,65.9,82.9,22.9,58.9,"28.6"
"Fowler, Dexter",451594,2018,32,289,334,52,34,10,0,8,75,38,22.5,11.4,".180",".298",".278","0.576","0.118","86","802","407","1375",".203",".300",".260",".275","-0.002","-0.015","85.3","12.6",30.7,3.3,28,"95.582335688","91.806205872",64.8,19.3,46.9,53.1,80.7,26.3,42.1,"27.4"
"Flowers, Tyler",452095,2018,32,251,296,57,40,9,0,8,76,35,25.7,11.8,".227",".359",".341","0.700","0.132","90","723","368","1214",".230",".402",".315",".334","-0.043","-0.019","90","12.9",36.9,7.3,44.6,"100.997606705","94.729593714",67.7,20.3,56.3,43.8,79.7,28.8,43.7,"25.3"
"Pence, Hunter",452254,2018,35,235,248,53,37,11,1,4,59,11,23.8,4.4,".226",".332",".258","0.590","0.106","78","643","333","965",".226",".340",".254",".264","-0.008","-0.010","88.2","6.1",28.1,5.6,33.7,"98.782882247","93.43153791",74.3,21.6,50,50,78.4,31.3,53.1,"28.2"
"Span, Denard",452655,2018,34,437,501,114,74,22,7,11,79,51,15.8,10.2,".261",".419",".341","0.760","0.158","183","1186","329","1935",".280",".388",".330",".335",".031","-0.005","87.2","13.3",36.7,3,29.6,"96.5221385","92.280471476",64.6,10.1,31.4,68.6,89.9,15.4,43.4,"27.7"
"Cabrera, Asdrúbal",452678,2018,32,546,592,143,83,36,1,23,119,41,20.1,6.9,".262",".458",".316","0.774","0.196","250","1405","631","2232",".251",".433",".332",".321",".025",".011","90.1","14.5",33.3,7.8,39.6,"98.671527887","93.577552518",70.9,17.2,34.6,65.4,82.8,22.6,49.1,"25.4"
"Blackmon, Charlie",453568,2018,31,626,696,182,115,31,7,29,134,59,19.3,8.5,".291",".502",".358","0.860","0.211","314","1749","362","2724",".276",".445",".368",".345",".057",".023","87.5","12",34.9,6.9,35.2,"98.508488049","93.303951996",66,12.7,37.4,62.6,87.3,20.3,47.7,"27.6"
"Blanco, Grégor",453923,2018,34,189,203,41,29,7,3,2,58,12,28.6,5.9,".217",".317",".262","0.579","0.100","60","530","247","816",".228",".312",".254",".263",".005","-0.009","84.6","15.1",37.6,4.2,23.5,"94.698853438","91.408328898",66.4,17.3,48.8,51.2,82.7,24.7,44.6,"28.4"
"Frazier, Todd",453943,2018,32,408,472,87,51,18,0,18,112,48,23.7,10.2,".213",".390",".303","0.693","0.177","159","1211","419","2010",".218",".383",".302",".304",".007","-0.002","89.5","18.5",31.9,7.7,37.1,"99.963389404","94.105647475",58.1,17.4,38.8,61.2,82.6,24.1,40.6,"25.6"
"Ellis, A.J.",454560,2018,37,151,183,41,32,8,0,1,37,26,20.2,14.2,".272",".344",".378","0.722","0.072","52","456","91","793",".242",".361",".325",".319","-0.017",".006","90.4","12.5",34.5,4.8,39.5,"98.798207091","93.928577727",57.5,13.9,23.5,76.5,86.1,15.3,37.8,"24.1"
"Iannetta, Chris",455104,2018,35,299,360,67,42,13,1,11,87,50,24.2,13.9,".224",".385",".345","0.730","0.161","115","876","215","1487",".225",".402",".320",".331","-0.017","-0.011","92","13.6",36.6,9.9,43.7,"102.165988692","95.511811075",68.6,21.9,55.7,44.3,78.1,29.3,43.6,"25.3"
"Maldonado, Martín",455117,2018,31,373,404,84,56,18,1,9,98,16,24.3,4,".225",".351",".276","0.627","0.126","131","1023","426","1520",".203",".317",".275",".257",".034",".018","85.7","14.7",31.5,5.4,26.5,"95.808355693","91.915939124",66.7,18.8,42.9,57.1,81.2,27,51.1,"24.0"
"Chirinos, Robinson",455139,2018,34,360,426,80,46,15,1,18,140,45,32.9,10.6,".222",".419",".338","0.757","0.197","151","1077","491","1797",".197",".394",".333",".318",".025",".015","88","21.9",36.5,11.5,39.6,"99.176465946","93.71728",65.5,23.2,54.4,45.6,76.8,33.4,44.4,"25.3"
"Markakis, Nick",455976,2018,34,623,705,185,126,43,2,14,80,72,11.3,10.2,".297",".440",".366","0.806","0.143","274","1697","673","2798",".293",".425",".345",".345",".015",".000","90.6","10.1",38.4,3.3,41.6,"99.103546255","93.900090291",60.6,7.4,23.7,76.3,92.6,11.4,40.4,"26.4"
"Castillo, Welington",456078,2018,31,170,181,44,31,7,0,6,46,9,25.4,5,".259",".406",".304","0.710","0.147","69","479","196","743",".245",".456",".308",".322","-0.050","-0.014","90.4","15.5",34.7,10.6,46.8,"100.465656935","94.535643871",58.3,15.6,50,50,84.4,25.2,42.3,"23.6"
"Kratz, Erik",456124,2018,38,203,219,48,36,6,0,6,40,6,18.3,2.7,".236",".355",".280","0.635","0.119","72","534","194","805",".231",".377",".278",".285","-0.022","-0.007","89.8","12.9",28.3,5.3,39.2,"99.100330361","93.733879636",66.9,17.9,39.7,60.3,82.1,24.4,48.3,"24.6"
"Núñez, Eduardo",456488,2018,31,480,502,127,91,23,3,10,69,16,13.7,3.2,".265",".388",".289","0.677","0.123","186","1143","401","1701",".258",".349",".292",".280",".039",".012","88.3","9.4",27.2,3.8,35.7,"98.951093671","93.495721304",72.9,8.8,28.2,71.8,91.2,15.7,53.8,"27.5"
"Pearce, Steve",456665,2018,35,215,251,61,35,14,1,11,41,29,16.3,11.6,".284",".512",".378","0.890","0.228","110","615","234","1047",".283",".527",".382",".393","-0.015","-0.011","89.3","11.8",35.2,11.7,39.2,"99.797622955","94.186530629",66.5,16.2,47.9,52.1,83.8,24.4,43,"26.2"
"Cain, Lorenzo",456715,2018,32,539,620,166,129,25,2,10,94,71,15.2,11.5,".308",".417",".395","0.812","0.109","225","1473","435","2452",".282",".389",".359",".342",".028",".017","89.1","4.9",30.9,3.6,40.5,"100.234808348","94.292649284",63.9,11.8,35.8,64.2,88.2,17.8,42.3,"28.6"
"McCutchen, Andrew",457705,2018,31,569,682,145,92,30,3,20,145,95,21.3,13.9,".255",".424",".368","0.792","0.169","241","1690","634","2889",".255",".440",".347",".357","-0.016","-0.010","90","13.4",36.2,9,41.9,"99.79801907","94.152564884",62.2,18.7,38.6,61.4,81.3,22.5,39.8,"28.7"
"Jackson, Austin",457706,2018,31,347,375,85,64,17,1,3,133,26,35.5,6.9,".245",".326",".299","0.625","0.081","113","1023","444","1599",".205",".290",".275",".244",".036",".031","87","11.1",33.5,2.9,32.4,"96.97618934","92.497627406",64.1,25.5,52.8,47.2,74.5,32.1,45.5,"27.5"
"Upton, Justin",457708,2018,30,533,613,137,88,18,1,30,176,64,28.7,10.4,".257",".463",".344","0.807","0.206","247","1501","696","2527",".250",".466",".348",".354","-0.003","-0.006","90.7","11.9",34.7,15.2,47.4,"102.528237857","95.640779669",65,25.2,50.2,49.8,74.8,31.5,42.6,"27.8"
"Maybin, Cameron",457727,2018,31,342,384,85,65,14,2,4,75,38,19.5,9.9,".249",".336",".326","0.662","0.087","115","943","285","1515",".256",".374",".295",".315","-0.038","-0.020","86.7","7.9",34.6,4.4,33.1,"97.198707239","92.618326929",61.1,12.8,43.8,56.3,87.2,20.7,41.5,"28.5"
"Turner, Justin",457759,2018,33,365,426,114,68,31,1,14,54,47,12.7,11,".312",".518",".406","0.924","0.206","189","1068","322","1733",".292",".486",".396",".381",".032",".015","89.1","18.3",44.7,8,36.7,"97.754074331","93.033390128",64,8.6,27.8,72.2,91.4,13.2,43.4,"26.6"
"Posey, Buster",457763,2018,31,398,448,113,85,22,1,5,53,45,11.8,10,".284",".382",".359","0.741","0.098","152","1024","385","1679",".274",".416",".326",".336","-0.034","-0.010","89.1","10.3",35.2,5.5,34.9,"97.884072989","93.116307262",64.8,9.9,22.7,77.3,90.1,13.6,44.3,"24.8"
"Bruce, Jay",457803,2018,31,319,361,71,43,18,1,9,75,41,20.8,11.4,".223",".370",".310","0.680","0.147","118","848","427","1423",".250",".442",".296",".338","-0.072","-0.042","88.4","21.4",37.6,9.4,34.8,"98.312149426","93.20426668",76,21.8,44.8,55.2,78.2,28.7,49.4,"25.5"
"Votto, Joey",458015,2018,34,503,623,143,101,28,2,12,101,108,16.2,17.3,".284",".419",".417","0.836","0.135","211","1367","516","2504",".285",".473",".370",".391","-0.054","-0.021","88.1","13.4",45.9,6.9,35.1,"97.532085714","92.877803679",67,16.5,24.7,75.3,83.5,17.9,39.7,"25.3"
"Gardner, Brett",458731,2018,34,530,609,125,86,20,7,12,107,65,17.6,10.7,".236",".368",".322","0.690","0.132","195","1533","306","2581",".226",".334",".305",".293",".034",".012","88","9.4",30.6,3.1,32.9,"97.371252958","92.777033318",52.8,8.4,26,74,91.6,13.7,36.3,"29.1"
"Joyce, Matt",459964,2018,33,207,246,43,27,9,0,7,53,35,21.5,14.2,".208",".353",".322","0.675","0.145","73","580","241","999",".225",".402",".299",".326","-0.049","-0.027","87.4","14.8",38.2,7.3,31.8,"97.106408462","92.572378333",73.5,21.6,37.5,62.5,78.4,25.8,46.2,"26.1"
"Hundley, Nick",460026,2018,34,282,305,68,43,13,2,10,85,22,27.9,7.2,".241",".408",".298","0.706","0.167","115","757","420","1140",".255",".399",".304",".309",".009","-0.005","88.9","15.6",38.6,6.9,39.6,"99.704425859","93.965974518",76.2,16.3,57.3,42.7,83.7,27.3,53.7,"25.5"
"Braun, Ryan",460075,2018,34,405,444,103,57,25,1,20,85,34,19.1,7.7,".254",".469",".313","0.782","0.215","190","1037","361","1581",".292",".515",".330",".368","-0.046","-0.038","92.3","6.4",36.2,11.6,49.5,"103.113886688","96.120656125",71.4,15.1,38.1,61.9,84.9,22.7,51.5,"26.7"
"Butera, Drew",460077,2018,34,163,182,31,19,9,0,3,39,15,21.4,8.2,".190",".301",".264","0.565","0.111","49","461","170","724",".177",".270",".252",".241",".031",".011","86.5","18.4",32.5,1.8,26.2,"95.264680645","91.662655285",59.4,17.8,28.6,71.4,82.2,21.2,43.1,"24.9"
"Gordon, Alex",460086,2018,34,506,568,124,87,24,0,13,124,50,21.8,8.8,".245",".370",".324","0.694","0.125","187","1384","492","2191",".253",".424",".305",".329","-0.054","-0.024","88.5","10.9",36.5,7.2,39.7,"99.24484599","93.730821802",65.5,14.5,44.1,55.9,85.6,23.9,46.5,"25.5"
"Gómez, Carlos",460576,2018,32,360,408,75,49,15,2,9,103,25,25.2,6.1,".208",".336",".298","0.634","0.128","121","940","336","1433",".213",".346",".285",".293","-0.010","-0.008","87.1","19.8",33.2,5.7,29.3,"97.972499435","93.006445182",81.8,22.2,40.8,59.2,77.8,29.2,57.9,"28.0"
"Kemp, Matt",461314,2018,33,462,506,134,88,25,0,21,115,36,22.7,7.1,".290",".481",".338","0.819","0.191","222","1168","490","1833",".275",".524",".348",".361","-0.043","-0.013","89.6","15.8",42.1,12.1,39.1,"100.160493488","94.303897872",73.1,23,43.7,56.3,77,29.4,50.7,"26.2"
"Andrus, Elvis",462101,2018,29,395,428,101,72,20,3,6,66,28,15.4,6.5,".256",".367",".308","0.675","0.111","145","1025","413","1627",".239",".348",".296",".285",".019",".011","87.2","8.7",30.8,4.6,30.5,"96.685913939","92.342966848",65.4,12.5,35.3,64.7,87.5,20.3,48.7,"27.0"
"Cervelli, Francisco",465041,2018,32,332,404,86,56,15,3,12,84,51,20.8,12.6,".259",".431",".378","0.809","0.172","143","965","425","1656",".236",".413",".355",".346",".018",".009","88.8","16.3",35.8,9,39.8,"98.974312778","93.622394643",61.9,18,49.7,50.3,82,25.4,39.5,"25.8"
"Cabrera, Melky",466320,2018,33,250,278,70,47,17,0,6,38,20,13.7,7.2,".280",".420",".335","0.755","0.140","105","654","156","1015",".292",".383",".326",".330",".037","-0.004","90.7","9.1",33.6,2.5,41.7,"99.518017593","94.080601814",66.2,9.2,29.7,70.3,90.8,16.6,46.9,"26.0"
"Sandoval, Pablo",467055,2018,31,230,252,57,37,10,1,9,52,19,20.6,7.5,".248",".417",".310","0.727","0.169","96","681","325","1056",".235",".387",".312",".303",".030",".009","89.6","9.7",32.4,5.6,36.9,"99.327533556","93.786854469",63.9,15.9,30,70,84.1,21.7,47.9,"25.0"
"Ramos, Wilson",467092,2018,30,382,416,117,79,22,1,15,80,32,19.2,7.7,".306",".487",".358","0.845","0.181","186","938","359","1481",".259",".438",".361",".327",".049",".034","91.3","4.4",33.6,7.8,48.2,"101.703386755","95.364834186",77.2,16.3,40.4,59.6,83.7,24.4,54.2,"22.8"
"Santana, Carlos",467793,2018,32,560,679,128,74,28,2,24,93,110,13.7,16.2,".229",".414",".352","0.766","0.185","232","1593","711","2801",".244",".417",".333",".346","-0.003","-0.013","88.9","15.2",30.1,7.7,39.1,"100.036000042","94.116971911",63.9,15.2,30.8,69.2,84.8,19.4,41.4,"26.0"
"Parra, Gerardo",467827,2018,31,401,443,114,91,17,0,6,75,32,16.9,7.2,".284",".372",".342","0.714","0.088","149","1021","236","1586",".261",".370",".313",".305",".002",".008","86.8","9.2",34.7,2.9,26.6,"96.069992609","92.078699003",74.7,12.3,36.4,63.6,87.7,20.1,51.3,"26.5"
"González, Carlos",471865,2018,32,463,504,128,76,32,4,16,113,37,22.4,7.3,".276",".467",".329","0.796","0.191","216","1161","342","1885",".246",".387",".338",".300",".080",".038","89.7","9",30,6.8,39.1,"102.137361648","95.184971852",73,20.4,45.4,54.6,79.6,29.4,50.3,"27.4"
"Valbuena, Luis",472528,2018,32,266,288,53,35,9,0,9,100,19,34.7,6.6,".199",".335",".253","0.588","0.136","89","794","391","1237",".187",".348",".253",".256","-0.013","-0.003","89.7","18.2",29.8,10.8,41.3,"99.38285494","93.852396242",68.4,24.9,48.9,51.1,75.1,32.3,48.3,"24.0"
"Mercer, Jordy",474568,2018,31,394,436,99,62,29,2,6,87,32,20,7.3,".251",".381",".315","0.696","0.130","150","1094","508","1677",".264",".386",".296",".310","-0.005","-0.014","87.6","13.1",40.8,5.1,31.8,"97.311725161","92.706583657",60.7,13.6,40.9,59.1,86.4,22.2,44.2,"27.6"
"Belt, Brandon",474832,2018,30,399,456,101,67,18,2,14,107,49,23.5,10.7,".253",".414",".342","0.756","0.161","165","1109","548","1844",".255",".479",".327",".351","-0.065","-0.024","87","23.3",43.9,11.2,31.6,"97.852297431","92.941840486",77.2,18.2,49.1,50.9,81.8,26,48.8,"25.9"
"Alonso, Yonder",475174,2018,31,516,574,129,87,19,0,23,123,51,21.4,8.9,".250",".421",".317","0.738","0.171","217","1374","439","2201",".253",".441",".319",".331","-0.020","-0.012","87.8","15.7",36.9,10.7,37.5,"99.193885206","93.63834634",73.1,17.7,42,58,82.3,25.4,50.4,"23.3"
"Flaherty, Ryan",475247,2018,31,161,182,35,27,6,0,2,41,18,22.5,9.9,".217",".292",".298","0.590","0.075","47","413","215","692",".223",".319",".258",".273","-0.027","-0.015","87.8","0.3",28.7,2.5,28.1,"97.291494068","92.670003051",71.1,20.6,34.2,65.8,79.4,23.8,46.7,"26.5"
"Smoak, Justin",475253,2018,31,505,594,122,63,34,0,25,156,83,26.3,14,".242",".457",".350","0.807","0.215","231","1432","645","2452",".224",".434",".349",".337",".023",".012","89.5","15",36.9,11.7,42.5,"100.299994716","94.321346524",61.6,17.1,44.4,55.6,82.9,25.3,40.3,"23.8"
"Zimmerman, Ryan",475582,2018,33,288,323,76,40,21,2,13,55,30,17,9.3,".264",".486",".337","0.823","0.222","140","741","264","1292",".267",".507",".351",".370","-0.021","-0.019","92.6","7.1",28.9,14.5,52.8,"102.94459178","96.065453872",58.5,17.2,35.4,64.6,82.8,23,40.4,"26.7"
"Lowrie, Jed",476704,2018,34,596,680,159,98,37,1,23,128,78,18.8,11.5,".267",".448",".353","0.801","0.181","267","1630","581","2738",".246",".408",".347",".328",".040",".019","89.2","17.4",38,5.6,37.9,"98.082412906","93.245694957",70.6,15.4,36.3,63.7,84.6,20.4,45.9,"26.7"
"Avila, Alex",488671,2018,31,194,234,32,19,6,0,7,90,37,38.5,15.8,".165",".304",".299","0.603","0.139","59","555","255","995",".191",".382",".273",".311","-0.078","-0.038","89.7","8.6",34.9,13,46.2,"100.304871132","94.430478491",56.7,30.8,61.3,38.7,69.2,36.3,35.2,"23.8"
"Brantley, Michael",488726,2018,31,570,630,176,121,36,2,17,60,48,9.5,7.6,".309",".468",".364","0.832","0.159","267","1415","306","2286",".306",".453",".359",".358",".015",".001","90.2","9.5",38.3,3.8,38.4,"98.880704167","93.709531213",65.2,4.8,28.1,71.9,95.2,11,44.2,"26.1"
"Morrison, Logan",489149,2018,30,318,359,59,31,13,0,15,80,34,22.3,9.5,".186",".368",".276","0.644","0.182","117","866","293","1455",".241",".471",".283",".346","-0.103","-0.063","88.7","20.5",36,12.7,38.2,"100.098455043","94.078744043",72.1,16.7,44.2,55.8,83.3,25.4,48,"26.3"
"Hernández, Gorkys",491676,2018,30,414,451,97,64,16,2,15,113,27,25.1,6,".234",".391",".285","0.676","0.157","162","1142","529","1772",".239",".398",".292",".301","-0.007","-0.009","87.5","12.6",30,8.2,35.8,"98.98993557","93.510430537",72.1,20.6,53,47,79.4,30.1,50.6,"28.5"
"Sucre, Jesús",491696,2018,30,182,198,38,32,5,0,1,29,9,14.6,4.5,".209",".253",".247","0.500","0.044","46","458","143","673",".218",".285",".219",".238","-0.032","-0.019","85.9","11.3",28.9,0.7,24.5,"95.746530897","91.932496194",73.4,10.3,41.1,58.9,89.7,22.1,56.5,"22.9"
"Cespedes, Yoenis",493316,2018,32,141,157,37,22,6,0,9,50,13,31.8,8.3,".262",".496",".325","0.821","0.234","70","381","190","592",".200",".400",".345",".290",".096",".055","90.8","19.7",36.6,12.2,46.2,"102.049511489","95.263036452",67.1,19.7,44.2,55.8,80.3,28.4,49.3,"27.5"
"Gurriel, Yuli",493329,2018,34,537,573,156,109,33,1,13,63,23,11,4,".291",".428",".323","0.751","0.137","230","1269","301","1908",".258",".360",".323",".290",".068",".033","89.3","11.5",32.6,2.1,36.6,"98.250145353","93.267952557",68.6,9.1,26.9,73.1,90.9,15.7,50.3,"27.6"
"Rodríguez, Ronny",500135,2018,26,191,206,42,30,7,0,5,42,10,20.4,4.9,".220",".335",".256","0.591","0.115","64","530","179","788",".217",".324",".257",".259",".011","-0.002","86","13.1",27.9,3.6,31.2,"97.154746216","92.623674082",68.4,17.9,45.3,54.7,82.1,28.6,52.3,"28.0"
"Solarte, Yangervis",500208,2018,30,467,505,106,69,20,0,17,71,31,14.1,6.1,".227",".379",".278","0.657","0.152","177","1164","497","1772",".251",".388",".284",".302","-0.009","-0.018","87.1","14.1",30,5,32,"97.4511858","92.742862155",76.2,9.7,29.1,70.9,90.3,17.4,54.2,"24.7"
"Rojas, Miguel",500743,2018,29,488,528,123,99,13,0,11,69,24,13.1,4.5,".252",".346",".297","0.643","0.094","169","1298","405","1960",".260",".346",".281",".289",".000","-0.008","84.7","9.3",35.2,1,23.8,"94.810442","91.494047976",65.5,6.8,33.7,66.3,93.2,15.5,49,"26.5"
"Escobar, Eduardo",500871,2018,29,566,631,154,80,48,3,23,126,52,20,8.2,".272",".489",".334","0.823","0.217","277","1589","614","2464",".249",".433",".346",".325",".056",".021","86.5","18.9",38.6,9,27.6,"96.604661719","92.302469842",72.3,15.8,38.9,61.1,84.2,23.9,53,"27.8"
"Martínez, José A.",500874,2018,29,534,590,163,116,30,0,17,104,49,17.6,8.3,".305",".457",".364","0.821","0.152","244","1445","669","2358",".301",".512",".356",".378","-0.055","-0.022","91","8.1",37.5,10.1,44.6,"101.608807696","95.105993672",63.6,14.4,36.2,63.8,85.6,21.4,43.6,"26.5"
"Adrianza, Ehire",501303,2018,28,335,366,84,54,23,1,6,82,24,22.4,6.6,".251",".379",".301","0.680","0.128","127","908","253","1414",".235",".355",".294",".281",".024",".013","86.6","16.4",34.4,5.6,30.6,"96.89616121","92.472791134",69.7,12,39.1,60.9,88,19.2,48.7,"26.9"
"Almonte, Abraham",501659,2018,29,134,151,24,18,1,2,3,36,15,23.8,9.9,".179",".284",".260","0.544","0.105","38","371","134","608",".240",".405",".244",".323","-0.121","-0.079","89.8","8.1",27,8.8,37,"99.689568958","94.061768105",63.7,17.7,53.8,46.2,82.3,29.8,44.7,"28.2"
"Freese, David",501896,2018,35,280,312,83,58,12,2,11,72,24,23.1,7.7,".296",".471",".359","0.830","0.175","132","800","310","1271",".282",".479",".357",".359","-0.008","-0.002","90.3","7.3",34.6,9.6,45,"100.845994717","94.706606303",62.5,19,38.9,61.1,81,24.3,42.8,"26.5"
"Davis, Khris",501981,2018,30,576,654,142,65,28,1,48,175,59,26.8,9,".247",".549",".326","0.875","0.302","316","1536","673","2514",".247",".566",".365",".376","-0.017","-0.011","92.5","18.1",37.7,18.4,48.1,"102.732917228","95.842457104",76,25.2,61,39,74.8,33.7,49.3,"26.2"
"Pham, Tommy",502054,2018,30,494,570,136,91,18,6,21,140,67,24.6,11.8,".275",".464",".367","0.831","0.189","229","1347","553","2246",".283",".498",".359",".376","-0.034","-0.017","93","6.6",38.7,10.6,49.9,"102.781071517","96.114537978",59.8,15.5,57.9,42.1,84.5,25.4,39.8,"28.6"
"Martinez, J.D.",502110,2018,30,569,649,188,106,37,2,43,146,69,22.5,10.6,".330",".629",".402","1.031","0.299","358","1561","647","2519",".307",".619",".427",".418",".010",".009","93","10.8",40,16.8,52.7,"103.681482791","96.582993333",74.8,20.8,44.4,55.6,79.2,28.2,50.3,"26.7"
"Valencia, Danny",502143,2018,33,255,282,67,49,8,1,9,53,22,18.8,7.8,".263",".408",".316","0.724","0.145","104","667","298","1066",".279",".455",".310",".344","-0.047","-0.034","90.7","9.2",35.3,8.3,41,"101.525039903","94.993827268",60.4,13.1,47.7,52.3,86.9,24.3,42.9,"26.5"
"Reddick, Josh",502210,2018,31,433,485,105,73,13,2,17,77,49,15.9,10.1,".242",".400",".318","0.718","0.158","173","1167","246","1902",".237",".360",".311",".298",".040",".013","85.6","18.2",32,4.3,27,"95.713462599","91.868176176",65.4,10.6,30.7,69.3,89.4,17.4,44.5,"27.7"
"Gentry, Craig",502226,2018,34,156,169,42,34,5,2,1,31,11,18.3,6.5,".269",".346",".321","0.667","0.077","54","405","190","649",".251",".326",".295",".284",".020",".011","83.9","9.6",31,1.8,21.4,"93.568856557","90.93137314",68.3,13.8,43.4,56.6,86.2,21.3,46.2,"28.9"
"Dyson, Jarrod",502481,2018,33,206,237,39,31,4,2,2,34,27,14.3,11.4,".189",".257",".282","0.539","0.068","53","532","246","868",".232",".308",".244",".286","-0.051","-0.042","85.3","11",28.4,2.1,19.3,"94.138179625","91.10662",60.4,12.9,29.3,70.7,87.1,17,42.1,"29.0"
"Murphy, Daniel",502517,2018,33,328,351,98,71,15,0,12,40,20,11.4,5.7,".299",".454",".336","0.790","0.155","149","826","370","1275",".304",".455",".338",".343","-0.001","-0.005","87.6","16.2",42.3,5.2,29,"96.047486759","92.053430138",70,7.6,26.8,73.2,92.4,13.1,50.7,"25.6"
"Goldschmidt, Paul",502671,2018,30,593,690,172,99,35,5,33,173,90,25.1,13,".290",".533",".389","0.922","0.243","316","1761","763","2905",".271",".533",".390",".384",".000",".006","90.8","15.7",37.1,14.8,44,"101.82062219","95.180345881",62.1,20.5,38.4,61.6,79.4,26.4,42.4,"26.9"
"Gonzalez, Marwin",503556,2018,29,489,552,121,77,25,3,16,126,53,22.8,9.6,".247",".409",".324","0.733","0.162","200","1385","346","2216",".243",".413",".318",".321","-0.004","-0.003","89.1","11.3",35.7,7.4,41.5,"99.618396872","93.945171401",61.4,16.2,39.6,60.4,83.8,24.7,44.4,"26.4"
"León, Sandy",506702,2018,29,265,288,47,30,12,0,5,75,15,26,5.2,".177",".279",".232","0.511","0.102","74","743","290","1160",".184",".282",".227",".233","-0.003","-0.006","84.7","17",29.9,5.3,25.8,"95.205455895","91.76954",64.6,15.3,37.1,62.9,84.7,22.7,47.1,"24.0"
"Altuve, Jose",514888,2018,28,534,599,169,125,29,2,13,79,55,13.2,9.2,".316",".451",".386","0.837","0.135","241","1350","302","2123",".288",".450",".363",".352",".001",".011","87.2","10.1",34,6.2,33.8,"98.154526533","93.131461867",67.9,11.4,29.8,70.2,88.6,17.9,47.4,"28.1"
"Hernández, César",514917,2018,28,605,708,153,120,15,3,15,155,95,21.9,13.4,".253",".362",".356","0.718","0.109","219","1742","698","3009",".242",".352",".320",".316",".010",".004","85.7","11.4",30.2,4.5,28.5,"96.430238082","92.227163181",58.6,13.5,42.1,57.9,86.5,20.3,38.2,"29.1"
"Segura, Jean",516416,2018,28,586,632,178,136,29,3,10,69,32,10.9,5.1,".304",".415",".341","0.756","0.111","243","1466","471","2209",".273",".393",".327",".310",".022",".017","87.7","7.8",30,4,32.3,"97.786619923","92.937096615",66.4,6.1,25.4,74.6,93.9,12.6,49,"27.9"
"Castro, Starlin",516770,2018,28,593,647,165,119,32,2,12,124,48,19.2,7.4,".278",".400",".329","0.729","0.122","237","1537","520","2417",".257",".403",".315",".312","-0.003",".003","88.5","8.4",32,7.4,36.2,"99.029341092","93.607510063",65.1,14.2,42.6,57.4,85.8,22.8,46,"27.4"
"Marte, Starling",516782,2018,29,559,606,155,98,32,5,20,109,35,18,5.8,".277",".460",".327","0.787","0.183","257","1491","831","2267",".261",".450",".337",".331",".010",".006","88.4","8.9",31.5,8.2,38.8,"99.447829005","93.857964966",76,15.6,42.7,57.3,84.4,24.2,54.5,"28.6"
"Pirela, José",517369,2018,28,438,473,109,79,23,2,5,89,30,18.8,6.3,".249",".345",".300","0.645","0.096","151","1142","300","1818",".256",".347",".283",".294","-0.002","-0.011","89","4.7",25.1,3.8,37.4,"100.437496453","94.266709534",63.2,15.9,39,61,84.1,23.6,46.5,"28.5"
"Culberson, Charlie",518586,2018,29,296,322,80,48,18,2,12,85,21,26.4,6.5,".270",".466",".326","0.792","0.196","138","786","435","1172",".218",".337",".335",".268",".129",".067","85.2","8.5",33,5.7,30.7,"96.57816699","92.28980801",72.5,23,45.8,54.2,77,31.1,54,"28.3"
"Descalso, Daniel",518614,2018,31,349,423,83,44,22,4,13,110,64,26,15.1,".238",".436",".353","0.789","0.198","152","1029","489","1729",".229",".394",".341",".332",".042",".009","89","19.1",41.5,11.2,35.2,"98.117652787","93.194952459",65.3,22.1,51.2,48.8,77.8,28.7,42.6,"26.8"
"Dietrich, Derek",518618,2018,28,499,551,132,88,26,2,16,140,29,25.4,5.3,".265",".421",".330","0.751","0.156","210","1412","521","2163",".238",".383",".326",".303",".038",".023","87.4","15.8",34.1,6.6,37.8,"99.045312376","93.544161413",70.6,17.6,41.7,58.3,82.4,25.5,50.5,"26.9"
"Donaldson, Josh",518626,2018,32,187,219,46,24,14,0,8,54,31,24.7,14.2,".246",".449",".352","0.801","0.203","84","523","189","883",".231",".417",".345",".331",".032",".014","90.2","11.6",32.8,11.8,41.4,"100.708149254","94.624564135",64.8,24.7,49.5,50.5,75.3,31.7,41.8,"25.4"
"Freeman, Freddie",518692,2018,28,618,707,191,120,44,4,23,132,76,18.7,10.7,".309",".505",".388","0.893","0.196","312","1666","993","2663",".295",".530",".378",".385","-0.025","-0.007","89.1","14.5",44.7,9.7,39.8,"99.091841098","93.722198676",82.9,18.9,37.3,62.7,81.1,24.3,55.6,"26.7"
"Grandal, Yasmani",518735,2018,29,440,518,106,57,23,2,24,124,72,23.9,13.9,".241",".466",".349","0.815","0.225","205","1306","468","2222",".225",".443",".352",".340",".023",".012","88.9","14.1",32.9,12.9,40.4,"99.742040255","93.988959204",57.5,20.3,46.6,53.4,79.7,28,38.5,"24.5"
"Heyward, Jason",518792,2018,28,440,488,119,84,23,4,8,60,42,12.3,8.6,".270",".395",".335","0.730","0.125","174","1143","527","1830",".266",".387",".319",".319",".008",".000","88.3","9.6",29.7,3.3,38.8,"99.430155026","93.721811466",64.1,12.1,26.8,73.2,87.9,16.9,45.5,"27.6"
"LeMahieu, DJ",518934,2018,29,533,581,147,98,32,2,15,82,37,14.1,6.4,".276",".428",".321","0.749","0.152","228","1396","224","2191",".276",".419",".322",".326",".009","-0.004","91.3","5.9",31.3,5.7,43.2,"100.986973904","94.873592632",59.6,6.8,33.5,66.5,93.2,14,41.9,"27.2"
"Lucroy, Jonathan",518960,2018,32,415,454,100,74,21,1,4,65,29,14.3,6.4,".241",".325",".291","0.616","0.084","135","1150","330","1760",".249",".349",".271",".289","-0.024","-0.018","86.9","13.5",37,2.4,27.5,"96.006032416","92.008310225",57.6,8.7,25.7,74.3,91.3,13.7,43.6,"25.1"
"Mesoraco, Devin",519023,2018,30,244,274,54,33,10,0,11,52,25,19,9.1,".221",".398",".303","0.701","0.177","97","670","294","1067",".211",".370",".302",".290",".028",".012","86.6","20.6",26.9,6.9,28.5,"95.846132268","91.952951813",68.7,17.5,36.3,63.7,82.5,22.9,48,"25.5"
"Moreland, Mitch",519048,2018,32,404,459,99,57,23,4,15,102,50,22.2,10.9,".245",".433",".325","0.758","0.188","175","1052","375","1754",".250",".482",".325",".354","-0.049","-0.029","91","11.5",33.9,13,44.8,"101.987895686","95.210622295",72.5,18.2,51.5,48.5,81.8,27.9,46.5,"25.3"
"Moustakas, Mike",519058,2018,29,573,635,144,82,33,1,28,103,49,16.2,7.7,".251",".459",".315","0.774","0.208","263","1521","572","2380",".257",".461",".329",".336","-0.002","-0.007","89.5","19.9",31.3,9.8,39.1,"100.225167764","94.281679979",72.5,13.6,37.2,62.8,86.4,21.9,52.2,"25.7"
"Rizzo, Anthony",519203,2018,28,566,665,160,105,29,1,25,80,70,12,10.5,".283",".470",".376","0.846","0.187","266","1543","714","2444",".292",".472",".359",".369","-0.002","-0.010","90.1","14.7",36.2,7,40.6,"100.439451098","94.335677882",68,10.2,30.5,69.5,89.8,17,47.7,"25.6"
"Romine, Austin",519222,2018,29,242,265,59,37,12,0,10,67,17,25.3,6.4,".244",".417",".295","0.712","0.173","101","648","192","997",".229",".367",".307",".285",".050",".022","88.6","9.6",33.5,5.3,38,"99.282213708","93.718019944",66.6,15.7,45.7,54.3,84.3,26.3,49.5,"26.4"
"Souza Jr., Steven",519306,2018,29,241,272,53,30,15,3,5,75,28,27.6,10.3,".220",".369",".309","0.678","0.149","89","678","301","1123",".233",".388",".299",".314","-0.019","-0.015","88.7","16.2",35.5,8.6,39.8,"100.220048795","94.204383072",67.4,19.2,50.4,49.6,80.8,27.5,44,"28.1"
"Stanton, Giancarlo",519317,2018,28,617,705,164,91,34,1,38,211,70,29.9,9.9,".266",".509",".343","0.852","0.243","314","1763","626","2942",".237",".473",".360",".342",".036",".018","93.7","11.7",30,16.5,50.8,"106.893910918","98.042255411",66.4,23.3,53.6,46.4,76.7,34.4,44.9,"27.8"
"Thames, Eric",519346,2018,31,247,278,54,25,10,3,16,97,29,34.9,10.4,".219",".478",".306","0.784","0.259","118","716","293","1117",".208",".445",".330",".314",".033",".016","91","19.3",34.7,17.4,43.3,"100.878384933","94.743855933",69.6,23.5,59.7,40.3,76.5,34.1,47.7,"27.0"
"Galvis, Freddy",520471,2018,28,602,656,149,100,31,5,13,147,45,22.4,6.9,".248",".380",".299","0.679","0.132","229","1618","464","2573",".218",".342",".294",".274",".038",".020","88.6","13.7",32.3,4.4,28.9,"96.514213591","92.377750068",67.9,19.9,37.9,62.1,80.1,26.4,50.3,"26.8"
"Perez, Salvador",521692,2018,28,510,544,120,70,23,0,27,108,17,19.9,3.1,".235",".439",".274","0.713","0.204","224","1329","573","1926",".257",".479",".304",".335","-0.040","-0.031","91.3","18",35.4,11.6,47.5,"101.386645369","95.018960271",73,12.3,38.3,61.7,87.7,23.8,57,"25.0"
"Forsythe, Logan",523253,2018,31,371,416,86,68,16,0,2,83,41,20,9.9,".232",".291",".313","0.604","0.059","108","1024","256","1700",".219",".302",".274",".274","-0.011",".000","87.3","10.4",29.4,1.1,29.8,"96.115396483","92.119891419",53.5,14.7,31.1,68.9,85.3,17.6,35.8,"27.3"
"Flores, Wilmer",527038,2018,26,386,429,103,67,25,0,11,42,29,9.8,6.8,".267",".417",".319","0.736","0.150","161","1040","384","1602",".249",".362",".316",".295",".055",".021","86.3","17.1",32.6,3.2,27.1,"95.925725682","91.97716661",66.9,11.1,20.3,79.7,88.9,13.8,47.6,"25.7"
"Marte, Jefry",527043,2018,27,194,209,42,27,7,1,7,41,13,19.6,6.2,".216",".371",".273","0.644","0.155","72","522","195","858",".234",".352",".281",".285",".019","-0.004","88.2","6.1",24.8,4.9,36.6,"99.587477662","93.835392745",63.7,17.4,29.9,70.1,82.6,21.3,43.7,"26.6"
"LaMarre, Ryan",534606,2018,29,165,180,46,33,11,0,2,53,10,29.4,5.6,".279",".382",".322","0.704","0.103","63","496","192","744",".232",".326",".306",".273",".056",".033","87.8","11.4",34.8,3.9,33.9,"98.267283455","93.190588273",68.4,21.7,44.4,55.6,78.3,28.5,49.1,"28.3"
"García, Avisaíl",541645,2018,27,356,385,84,52,11,2,19,102,20,26.5,5.2,".236",".438",".281","0.719","0.202","156","956","472","1414",".248",".467",".304",".328","-0.029","-0.024","90.3","9.6",26.6,12.5,43.2,"102.315927615","95.34456583",80.2,22.2,53.9,46.1,77.8,33.9,58.6,"28.9"
"Pérez, Hernán",541650,2018,27,316,334,80,58,11,2,9,71,17,21.3,5.1,".253",".386",".290","0.676","0.133","122","865","285","1266",".239",".371",".292",".285",".015",".007","87.9","11.5",34.1,5.4,32.5,"97.938505738","93.0601593",63.7,14.1,34.3,65.7,85.9,21.4,50.2,"28.0"
"Inciarte, Ender",542255,2018,27,597,660,158,115,27,6,10,86,49,13,7.4,".265",".380",".325","0.705","0.115","227","1556","741","2415",".255",".343",".308",".296",".037",".012","84.9","10.9",32.8,1.7,18.7,"93.757705476","90.921322698",70,10.2,25.4,74.6,89.8,14.9,50.3,"27.8"
"Ozuna, Marcell",542303,2018,27,582,628,163,122,16,2,23,110,38,17.5,6.1,".280",".433",".325","0.758","0.153","252","1444","701","2322",".281",".494",".327",".354","-0.061","-0.027","91.5","10.8",30.3,10.4,45.1,"102.886295042","95.740956463",72.3,16,43.3,56.7,83.9,24.3,48.5,"27.8"
"Villar, Jonathan",542340,2018,27,466,515,121,92,14,1,14,138,41,26.8,8,".260",".384",".325","0.709","0.124","179","1377","612","2178",".223",".351",".312",".288",".033",".024","88.5","3.2",27.2,5.8,36,"98.982895563","93.56982325",72.3,24.2,42.3,57.7,75.8,29.5,48.9,"27.6"
"Aguilar, Jesús",542583,2018,28,492,566,135,75,25,0,35,143,58,25.3,10.2,".274",".539",".352","0.891","0.265","265","1525","572","2432",".253",".489",".374",".356",".050",".018","89.8","16.2",38.2,12.1,42.9,"100.514656","94.533110864",59.9,19.3,42.2,57.8,80.7,28.7,45.5,"24.6"
"Beckham, Tim",542921,2018,28,369,402,85,56,17,0,12,100,27,24.9,6.7,".230",".374",".287","0.661","0.144","138","980","456","1547",".233",".368",".288",".292",".006","-0.004","87.1","9.8",31.6,6.4,35.3,"98.16759037","93.110660483",67.5,20.3,48.3,51.7,79.7,28.2,48.2,"27.2"
"Crawford, Brandon",543063,2018,31,531,594,135,91,28,2,14,122,50,20.5,8.4,".254",".394",".325","0.719","0.140","209","1427","729","2218",".251",".376",".306",".305",".018",".001","87.5","11.3",37.2,3.9,33.3,"97.383235194","92.718286578",75.7,22.5,45.6,54.4,77.5,29.2,52.1,"25.8"
"Cron, C.J.",543068,2018,28,501,560,127,68,28,1,30,145,37,25.9,6.6,".253",".493",".323","0.816","0.240","247","1402","473","2172",".247",".483",".347",".345",".010",".002","88","15.2",34.3,13.5,36.6,"100.817058453","94.484469806",69.5,21.2,42.4,57.6,78.8,29.1,50.8,"26.3"
"Gomes, Yan",543228,2018,30,403,435,107,65,26,0,16,119,21,27.4,4.8,".266",".449",".313","0.762","0.183","181","1155","407","1718",".250",".454",".326",".325","-0.005",".001","88.9","18.7",41.5,9.1,38.7,"98.87018493","93.686137042",73.1,20.1,47.6,52.4,79.9,29.5,53.6,"26.9"
"Grossman, Robbie",543257,2018,28,396,465,108,75,27,1,5,83,60,17.8,12.9,".273",".384",".367","0.751","0.111","152","1116","238","1908",".248",".352",".333",".317",".032",".016","87.1","15.1",34.1,2.4,28.4,"96.496680449","92.263775691",62.8,8.8,41.6,58.4,91.2,16.4,39.3,"27.8"
"Harrison, Josh",543281,2018,30,344,374,86,64,13,1,8,68,18,18.2,4.8,".250",".363",".293","0.656","0.113","125","943","509","1375",".227",".357",".285",".276",".006",".009","85.9","15.7",36,4.3,26.1,"95.380082826","91.690629167",73.9,20,30.6,69.4,80,23.4,55.3,"27.1"
"Hicks, Aaron",543305,2018,28,480,581,119,71,18,3,27,111,90,19.1,15.5,".248",".467",".366","0.833","0.219","224","1397","387","2487",".262",".465",".360",".371",".002","-0.011","89.7","13.2",34.2,9.7,43,"99.91669773","94.148582324",65.3,19.7,33.6,66.4,80.3,23.1,40,"28.1"
"Hicks, John",543308,2018,28,288,312,75,53,12,1,9,84,22,26.9,7.1,".260",".403",".312","0.715","0.143","116","782","373","1162",".222",".367",".311",".282",".036",".029","87.9","14.6",33,6.5,34.5,"98.705443039","93.385834335",77.6,25.2,50.9,49.1,74.8,34.1,57,"26.5"
"Hosmer, Eric",543333,2018,28,613,677,155,104,31,2,18,142,62,21,9.2,".253",".398",".322","0.720","0.145","244","1510","493","2571",".240",".376",".309",".302",".022",".007","88.7","-1.5",26.3,6.5,38.2,"100.755741595","94.460155032",70.8,18.1,47.8,52.2,81.9,27.7,48.5,"26.3"
"Joseph, Caleb",543376,2018,32,265,280,58,39,14,2,3,68,10,24.3,3.6,".219",".321",".254","0.575","0.102","85","710","327","1088",".222",".310",".251",".253",".011","-0.002","85.1","13",39.2,1.6,29.4,"95.659879798","91.87075066",70.3,15.4,46.7,53.3,84.6,25.2,51.4,"26.4"
"Kipnis, Jason",543401,2018,31,530,601,122,75,28,1,18,112,60,18.6,10,".230",".389",".315","0.704","0.159","206","1509","371","2437",".237",".395",".308",".318","-0.006","-0.010","86.9","17.8",34.4,7.3,31.6,"96.725167833","92.385166305",61.5,13.5,37,63,86.5,20.8,43,"26.9"
"Mahtook, Mikie",543484,2018,28,223,250,45,30,4,2,9,66,21,26.4,8.4,".202",".359",".276","0.635","0.157","80","656","197","1070",".217",".352",".276",".286",".007","-0.010","87.9","12.4",28.1,6.9,35,"98.2272625","93.146302642",62.9,19.2,40.3,59.7,80.8,24.9,42.7,"28.6"
"McCann, James",543510,2018,28,427,457,94,70,16,0,8,116,26,25.4,5.7,".220",".314",".267","0.581","0.094","134","1191","429","1832",".231",".361",".256",".285","-0.047","-0.029","87.8","16.2",37.7,5.5,37.4,"98.414485355","93.277688194",64.3,16.1,47.9,52.1,83.9,26.6,47.8,"25.8"
"Miller, Brad",543543,2018,28,230,254,57,35,13,2,7,82,22,32.3,8.7,".248",".413",".311","0.724","0.165","95","614","221","975",".226",".422",".312",".310","-0.009",".002","91.1","11.2",36.7,11.6,49,"102.502739189","95.539527838",68.2,24.8,48.1,51.9,75.2,32.5,49,"27.7"
"Rendon, Anthony",543685,2018,28,529,597,163,93,44,2,24,82,55,13.7,9.2,".308",".535",".374","0.909","0.227","283","1449","600","2365",".302",".538",".383",".384","-0.003","-0.001","90.7","17.9",39.8,11.1,44.8,"100.518330132","94.575829692",69.5,9.8,27.1,72.9,90.2,13.9,47.7,"27.3"
"Semien, Marcus",543760,2018,27,632,703,161,109,35,2,15,131,61,18.6,8.7,".255",".388",".318","0.706","0.133","245","1762","607","2881",".245",".380",".307",".305",".008",".002","86.8","15.5",34.9,4.9,32.1,"96.985600317","92.497777778",64.6,13.7,38.4,61.6,86.3,20.3,43.8,"28.3"
"Shaw, Travis",543768,2018,28,498,587,120,65,23,0,32,108,78,18.4,13.3,".241",".480",".345","0.825","0.239","239","1406","453","2390",".242",".460",".351",".350",".020",".001","88.9","16.9",31.2,11.2,38.3,"100.143580711","94.174454707",67.2,14.4,34.1,65.9,85.6,20.3,44.8,"26.7"
"Springer, George",543807,2018,28,544,617,144,96,26,0,22,122,64,19.8,10.4,".265",".434",".346","0.780","0.169","236","1494","416","2501",".253",".459",".340",".346","-0.025","-0.006","88.6","9.5",30.1,9.5,37.4,"100.053591643","94.091163859",67.1,19.2,41,58.6,80.8,24.6,44.3,"27.7"
"Strange-Gordon, Dee",543829,2018,30,556,588,149,120,17,8,4,80,9,13.6,1.5,".268",".349",".288","0.637","0.081","194","1387","480","1991",".265",".325",".277",".272",".024",".005","83.2","5.8",30.2,0.2,12.5,"92.172521004","90.196982686",69.2,8.3,29.4,70.6,91.7,15.6,55.1,"29.0"
"Vázquez, Christian",543877,2018,27,251,269,52,39,10,0,3,41,13,15.2,4.8,".207",".283",".257","0.540","0.076","71","668","193","1014",".242",".334",".240",".277","-0.051","-0.037","87.4","13",32.7,2.1,29,"96.160315143","92.111534019",67,6.8,32.9,67.1,93.2,14.3,48.9,"25.3"
"Wong, Kolten",543939,2018,27,353,407,88,59,18,2,9,60,31,14.7,7.6,".249",".388",".332","0.720","0.139","137","913","415","1512",".230",".338",".314",".296",".050",".018","87.6","9.1",26.5,3.9,30.9,"97.247852766","92.626361383",62,11.9,33.7,66.3,88.1,18.1,42.3,"27.7"
"Gregorius, Didi",544369,2018,28,504,569,135,80,23,5,27,69,48,12.1,8.4,".268",".494",".335","0.829","0.226","249","1308","383","2082",".257",".398",".350",".318",".096",".032","87","16",32.8,5.2,30.8,"97.146679227","92.592951727",74.7,12.4,32.4,67.6,87.6,19.5,51.7,"28.0"
"García, Leury",544725,2018,27,258,275,70,55,7,4,4,69,9,25.1,3.3,".271",".376",".303","0.679","0.105","97","654","329","942",".257",".352",".295",".282",".024",".013","88","6.8",34,2.8,31.6,"97.549968696","92.827785924",76.1,17.8,48.5,51.5,82.2,28.7,57.6,"28.6"
"Grichuk, Randal",545341,2018,26,424,462,104,46,32,1,25,122,27,26.4,5.8,".245",".502",".301","0.803","0.257","213","1169","623","1799",".242",".484",".340",".337",".018",".003","90.7","18.7",35.1,16.6,43.4,"102.062287632","95.290455691",70.1,20.1,52.8,47.2,79.9,31.2,50.6,"28.3"
"Marisnick, Jake",545350,2018,27,213,234,45,26,8,1,10,84,15,35.9,6.4,".211",".399",".275","0.674","0.188","85","597","189","890",".194",".354",".290",".269",".045",".021","86.7","19.5",35.1,9.4,31.3,"98.245941429","93.134723254",73.1,25,52.6,47.4,75,33.9,53.4,"29.2"
"Stassi, Max",545358,2018,27,221,250,50,29,13,0,8,74,23,29.6,9.2,".226",".394",".316","0.710","0.168","87","587","171","952",".202",".392",".313",".303",".002",".010","89.9","5.8",28.6,9.4,45.6,"101.139287838","94.95290415",65.2,26.3,56.8,43.2,73.7,33.4,43.1,"25.7"
"Trout, Mike",545361,2018,26,471,608,147,80,24,4,39,124,122,20.4,20.1,".312",".628",".460","1.088","0.316","296","1454","545","2543",".294",".602",".447",".434",".026",".013","91.2","18.6",41,17.7,46.2,"103.530154261","96.114603105",57.8,10.6,43.4,56.6,89.3,18.6,37.6,"29.2"
"Herrera, Odúbel",546318,2018,26,550,597,140,96,19,3,22,122,38,20.4,6.4,".255",".420",".310","0.730","0.165","231","1512","770","2319",".231",".357",".315",".285",".063",".030","86.7","13",28.8,5.5,31.9,"98.41611554","93.233040518",69,17.4,43.3,56.7,82.6,27.6,52.4,"26.7"
"Almora Jr., Albert",546991,2018,24,444,479,127,97,24,1,5,83,24,17.3,5,".286",".378",".323","0.701","0.092","168","1103","553","1608",".247",".320",".305",".275",".058",".030","86.6","8.3",30.1,1.5,27.4,"97.221554611","92.611288306",70.5,15.6,40.1,59.9,84.4,24.6,54.7,"27.8"
"Delmonico, Nicky",547170,2018,25,284,318,61,37,11,5,8,80,27,25.2,8.5,".215",".373",".296","0.669","0.158","106","806","377","1248",".216",".348",".292",".286",".025",".006","86.8","14.6",34.6,6.2,34.6,"98.358367864","93.20998922",73.2,18.8,52.8,47.2,81.2,28.4,51.1,"27.2"
"Wolters, Tony",547172,2018,26,182,216,31,20,4,4,3,33,26,15.3,12,".170",".286",".292","0.578","0.116","52","478","116","808",".196",".269",".261",".273",".017","-0.012","85","4.9",24.5,3.6,21.9,"94.673720267","91.379221812",67.3,12.5,31,69,87.5,17.8,44.4,"26.0"
"Harper, Bryce",547180,2018,25,550,695,137,69,34,0,34,169,130,24.3,18.7,".249",".496",".393","0.889","0.247","273","1595","822","2877",".263",".519",".376",".391","-0.023","-0.015","91","14.4",35.1,12.4,45.4,"102.062017113","95.359408191",74.6,24.3,46,54,75.7,31.4,45.7,"27.5"
"Pérez, Roberto",547379,2018,29,179,210,30,18,9,1,2,70,21,33.3,10,".168",".263",".256","0.519","0.095","47","511","143","866",".188",".308",".236",".266","-0.045","-0.030","90.8","8.3",28,6.9,42.6,"101.610331731","95.170813077",58.7,25.2,52.7,47.3,74.8,32.4,40.3,"24.6"
"Martin, Leonys",547982,2018,30,318,353,81,52,15,3,11,77,30,21.8,8.5,".255",".425",".323","0.748","0.170","135","870","299","1369",".266",".485",".323",".357","-0.060","-0.034","89.1","18.3",34.6,11.7,38.7,"100.854149569","94.516463103",75.8,19.2,44.6,55.4,80.8,25.9,51.3,"27.5"
"Abreu, José",547989,2018,31,499,553,132,73,36,1,22,109,37,19.7,6.7,".265",".473",".325","0.798","0.208","236","1389","561","2108",".277",".493",".337",".356","-0.020","-0.019","91.3","12.2",35.4,9.9,45.2,"102.778714091","95.630259116",65.1,15.8,39.1,60.9,84.2,24.6,49,"26.7"
"Díaz, Elias",553869,2018,27,252,277,72,50,12,0,10,40,21,14.4,7.6,".286",".452",".339","0.791","0.166","114","700","313","1098",".282",".440",".340",".341",".012","-0.001","89.6","10.4",35.3,6.9,40.5,"100.065310741","94.157236791",66.3,13.2,42.9,57.1,86.8,21.7,46.5,"26.6"
"Narváez, Omar",553882,2018,26,280,322,77,53,14,1,9,65,38,20.2,11.8,".275",".429",".366","0.795","0.154","120","816","280","1311",".255",".371",".348",".321",".058",".027","85.6","12.9",43.8,2.9,25.3,"94.991386075","91.496026449",63.2,14.8,30.2,69.8,85.2,18.3,42.6,"25.2"
"Machado, Dixon",553988,2018,26,214,233,44,29,13,1,1,41,14,17.6,6,".206",".290",".263","0.553","0.084","62","589","168","924",".237",".340",".244",".280","-0.050","-0.036","85.7","11",34.3,3.7,25.7,"95.803192791","91.906751337",62.2,12.2,38.4,61.6,87.8,19.3,44.9,"27.7"
"Suárez, Eugenio",553993,2018,26,527,606,149,91,22,2,34,142,64,23.4,10.6,".283",".526",".366","0.892","0.243","277","1445","611","2429",".275",".515",".376",".372",".011",".004","91.2","14.8",38.6,9.9,45.6,"101.179570462","94.983993462",68.4,15.8,55.8,44.2,84.2,25.7,44.7,"26.2"
"Polanco, Gregory",570256,2018,26,461,534,117,56,32,6,23,117,61,21.9,11.4,".254",".499",".340","0.839","0.245","230","1336","654","2213",".244",".445",".353",".339",".054",".014","88.9","20.1",33.6,10.3,37.8,"99.828552069","93.989606945",70,17,40.8,59.2,82.7,24,45.3,"27.9"
"Santana, Domingo",570267,2018,25,211,235,56,36,14,1,5,77,20,32.8,8.5,".265",".412",".328","0.740","0.147","87","578","221","915",".223",".378",".319",".297",".034",".022","89.1","11.7",36.5,10.8,39.7,"100.185571471","94.236798897",68.6,25.6,58.7,41.3,74.4,36.1,47.2,"26.9"
"Sánchez, Yolmer",570560,2018,26,600,662,145,93,34,10,8,138,49,20.8,7.4,".242",".372",".306","0.678","0.130","223","1754","644","2627",".235",".344",".297",".289",".028",".008","86.7","9.3",35.1,3.4,28.3,"96.258067895","92.139175077",64.8,14.9,34.8,65.2,85.1,21.5,47.9,"28.1"
"Schoop, Jonathan",570731,2018,26,473,501,110,66,22,1,21,115,19,23,3.8,".233",".416",".266","0.682","0.183","197","1188","625","1767",".225",".352",".290",".267",".064",".023","86.4","11.5",30.9,5.6,30.6,"97.759141768","92.925906233",77.5,18,45.9,54.1,82,28.3,56.8,"27.5"
"Villanueva, Christian",570799,2018,27,351,384,83,48,15,0,20,104,23,27.1,6,".236",".450",".299","0.749","0.214","158","971","378","1576",".224",".402",".323",".302",".048",".021","86.7","20.8",33.5,11.1,31.3,"97.376164","92.696072292",75.2,22.5,46.2,53.8,77.5,29.5,54.2,"25.7"
"Adams, Matt",571431,2018,29,306,337,73,42,10,0,21,73,27,21.7,8,".239",".477",".309","0.786","0.238","146","800","451","1258",".240",".463",".334",".330",".014",".004","88.7","19",35.6,11.5,39.9,"99.728121795","93.936512876",71.3,14.6,44.2,55.8,85.4,25.5,50.5,"25.9"
"Altherr, Aaron",571437,2018,27,243,285,44,24,11,1,8,91,36,31.9,12.6,".181",".333",".295","0.628","0.152","81","705","343","1155",".214",".382",".282",".316","-0.049","-0.034","90.4","10.2",30.5,10.9,45.8,"102.305922857","95.402841111",67.9,22,63.4,36.6,78,32.8,44.8,"29.0"
"Arenado, Nolan",571448,2018,27,590,673,175,97,38,2,38,122,73,18.1,10.8,".297",".561",".374","0.935","0.264","331","1624","425","2592",".267",".477",".391",".353",".084",".038","89.8","15.3",35.6,7.8,40.5,"99.562138945","94.062325687",72.5,18.7,36.9,63.1,81.3,24.6,49.8,"25.7"
"Barnhart, Tucker",571466,2018,27,460,522,114,80,21,3,10,96,54,18.4,10.3,".248",".372",".328","0.700","0.124","171","1157","461","1958",".239",".352",".307",".301",".020",".006","87.1","12.4",35.7,3.8,30.3,"96.579929171","92.342225651",69.2,13.6,36.3,63.7,86.4,20.2,45.7,"25.0"
"Bour, Justin",571506,2018,30,423,501,96,62,13,1,20,124,73,24.8,14.6,".227",".404",".341","0.745","0.177","171","1275","463","2077",".222",".404",".324",".324",".000",".000","88.9","10",33.4,11.1,39.1,"100.900708609","94.511429468",58.8,20.3,40.1,59.9,79.7,27.1,41.4,"23.7"
"Cuevas, Noel",571595,2018,26,146,153,34,27,4,1,2,24,6,15.7,3.9,".233",".315",".268","0.583","0.082","46","354","92","512",".221",".298",".254",".245",".017",".009","86.4","11.2",28.7,1.9,27,"97.04268","92.559334454",79.3,15,35.3,64.7,85,20.7,58.6,"28.6"
"Davidson, Matt",571602,2018,27,434,496,99,56,23,0,20,165,52,33.3,10.5,".228",".419",".319","0.738","0.191","182","1308","569","2118",".220",".419",".321",".322",".000","-0.001","90","13.8",36,13.3,42.3,"101.595734632","94.964749154",66.5,25,55.5,44.5,75,33.7,45.2,"25.6"
"Gennett, Scooter",571697,2018,28,584,638,181,125,30,3,23,125,42,19.6,6.6,".310",".490",".357","0.847","0.180","286","1561","702","2443",".257",".403",".362",".311",".087",".051","87.3","14",37.5,6.2,32.3,"97.179696753","92.670910889",74,14.3,30.3,69.7,85.7,20.2,53.6,"26.4"
"Goodwin, Brian",571718,2018,27,159,180,38,26,6,0,6,57,16,31.7,8.9,".239",".390",".318","0.708","0.151","62","474","166","785",".225",".388",".311",".307",".002",".004","88.6","12.3",35.6,9.4,38.5,"99.586311176","93.794430784",55.4,19,47.8,52.2,81,27.6,38.3,"27.6"
"Hamilton, Billy",571740,2018,27,504,556,119,90,16,9,4,132,46,23.7,8.3,".236",".327",".299","0.626","0.091","165","1336","533","2135",".222",".266",".277",".256",".061",".021","80.5","15.3",36.6,0.6,8.5,"89.217314033","89.436125276",68.3,19.5,36.2,63.8,80.5,23.9,48.6,"30.1"
"Haniger, Mitch",571745,2018,27,596,683,170,102,38,4,26,148,70,21.7,10.2,".285",".493",".366","0.859","0.208","294","1626","549","2716",".273",".493",".367",".366",".000",".001","90.2","12.7",36.5,11,43.2,"100.909986608","94.71924207",61.3,17,40.7,59.3,83,23.3,41.8,"27.8"
"Hernández, Enrique",571771,2018,26,402,462,103,62,17,3,21,78,50,16.9,10.8,".256",".470",".336","0.806","0.214","189","1130","400","1870",".254",".437",".342",".336",".033",".006","89.1","16.5",28.8,8.3,37,"99.34880236","93.745128193",65.9,14.6,39.4,60.6,85.4,21.2,43.2,"27.8"
"Holt, Brock",571788,2018,30,321,367,89,62,18,2,7,73,37,19.9,10.1,".277",".411",".362","0.773","0.134","132","899","227","1473",".263",".384",".338",".327",".027",".011","87.9","6.8",33.2,4,30.8,"96.867346371","92.525617368",54.9,11,32.6,67.4,89,16.6,37.6,"26.3"
"Lamb, Jake",571875,2018,27,207,238,46,32,8,0,6,65,26,27.3,10.9,".222",".348",".307","0.655","0.126","72","611","260","975",".229",".375",".290",".310","-0.027","-0.020","88.2","5",31.5,6.6,37.9,"99.210106164","93.732348345",60.3,17.4,56.9,43.1,82.6,28.6,42.7,"26.9"
"Maile, Luke",571912,2018,27,202,231,50,33,13,1,3,67,25,29,10.8,".248",".366",".333","0.699","0.118","74","594","255","950",".213",".332",".310",".289",".034",".021","89.3","11.1",30.7,5.4,43.1,"100.412637826","94.334504599",63.1,20.6,55.6,44.4,79.4,30.8,43.1,"25.9"
"Muncy, Max",571970,2018,27,395,481,104,50,17,2,35,131,79,27.2,16.4,".263",".582",".391","0.973","0.319","230","1181","405","2066",".258",".543",".407",".397",".039",".010","90.3","18.3",36.8,18.4,46.4,"101.511916538","95.132783243",57.1,21.6,49.7,50.3,78.4,28.9,37.1,"27.6"
"Murphy, John Ryan",571974,2018,27,208,223,42,24,9,0,9,71,11,31.8,4.9,".202",".375",".244","0.619","0.173","78","576","241","910",".187",".364",".265",".257",".011",".008","87","22.3",30.7,11.8,31.4,"97.102403623","92.585177737",63.6,21.2,47.9,52.1,78.8,30.1,46.7,"27.4"
"Myers, Wil",571976,2018,27,312,343,79,42,25,1,11,94,30,27.4,8.7,".253",".446",".318","0.764","0.193","139","832","244","1419",".276",".454",".328",".343","-0.008","-0.015","90.5","9.4",38.8,7.6,45.7,"102.402408073","95.41310156",64.3,19.5,35,65,80.5,24.9,46.7,"28.1"
"Naquin, Tyler",571980,2018,27,174,183,46,36,7,0,3,42,6,23,3.3,".264",".356",".295","0.651","0.092","62","459","140","671",".283",".420",".282",".318","-0.064","-0.036","89","6.3",33.1,5,38.9,"99.653539545","93.969078015",66.6,13.7,32.5,67.5,86.3,20.6,52,"27.5"
"Owings, Chris",572008,2018,26,281,309,58,39,15,0,4,75,24,24.3,7.8,".206",".302",".272","0.574","0.096","85","744","369","1119",".230",".371",".250",".288","-0.069","-0.038","87.8","13.4",33.2,6.4,33.7,"97.445494757","92.825693495",68.2,14.9,42.2,57.8,85.1,24.5,50.3,"28.2"
"Piscotty, Stephen",572039,2018,27,546,605,146,78,41,0,27,114,42,18.8,6.9,".267",".491",".331","0.822","0.224","268","1442","602","2167",".268",".492",".351",".356","-0.001","-0.005","88.5","13.2",34.3,10,38.7,"99.557644654","93.875006475",72.7,15.5,45.8,54.2,84.5,25.5,53.3,"26.7"
"Pollock, AJ",572041,2018,30,413,460,106,59,21,5,21,100,31,21.7,6.7,".257",".484",".316","0.800","0.227","200","1090","518","1720",".249",".468",".338",".334",".016",".004","89.2","13.5",31.5,10.8,40.6,"99.285731875","93.794521223",67.3,11.4,53.3,46.7,88.6,24,48.3,"28.2"
"Rickard, Joey",572073,2018,27,213,230,52,33,10,1,8,55,15,23.9,6.5,".244",".413",".300","0.713","0.169","88","591","268","900",".210",".330",".309",".265",".083",".044","85.2","18.3",35.4,4.1,20.3,"94.730839359","91.365419679",63.7,15.2,33.6,66.4,84.8,21.3,47.4,"28.2"
"Seager, Kyle",572122,2018,30,583,630,129,70,36,1,22,138,38,21.9,6,".221",".400",".273","0.673","0.179","233","1569","585","2489",".247",".411",".288",".306","-0.011","-0.018","89.8","18.5",37,6,39.6,"98.826304866","93.604766094",68.2,14.5,40.7,59.3,85.5,22.3,47.2,"25.9"
"Taylor, Michael A.",572191,2018,27,353,385,80,49,22,3,6,116,29,30.1,7.5,".227",".357",".287","0.644","0.130","126","975","504","1514",".210",".335",".280",".269",".022",".011","88.5","8.1",27.2,7.1,34.3,"98.963316696","93.542300131",72.8,25.5,48,52,74.5,32,51.7,"29.0"
"Voit, Luke",572228,2018,27,143,161,46,26,5,0,15,43,17,26.7,10.6,".322",".671",".398","1.069","0.349","96","415","179","679",".298",".678",".447",".440","-0.007",".007","93","15.3",46,20.6,54,"103.0678584","96.4260832",75.5,24.7,56.3,43.7,75.3,33.2,48.7,"26.3"
"Zunino, Mike",572287,2018,27,373,405,75,37,18,0,20,150,24,37,5.9,".201",".410",".259","0.669","0.209","153","1081","484","1714",".206",".421",".288",".297","-0.011","-0.009","89.5","18",33.3,15,44.9,"102.603199823","95.525198089",69.1,27.7,59.3,40.7,72.3,37.9,49.2,"26.0"
"Carpenter, Matt",572761,2018,32,564,676,145,67,42,0,36,158,102,23.4,15.1,".257",".523",".374","0.897","0.266","295","1654","722","2853",".265",".540",".375",".389","-0.017","-0.014","90.7","21.6",44.1,14.6,44.7,"100.1082214","94.5737371",58,14.9,51.1,48.9,85.1,24.2,37.5,"26.5"
"Dickerson, Corey",572816,2018,29,504,533,151,96,35,7,13,80,21,15,3.9,".300",".474",".330","0.804","0.174","239","1384","726","1986",".283",".450",".341",".330",".024",".011","87.9","15.1",37.6,6.6,32.4,"97.786101745","92.916270165",79,18.1,28.8,71.2,81.9,22.1,59.4,"27.8"
"Dozier, Brian",572821,2018,31,553,632,119,66,30,2,21,129,70,20.4,11.1,".215",".391",".305","0.696","0.176","216","1566","415","2643",".206",".345",".304",".289",".046",".015","86.8","17.5",30.5,7.3,29.4,"96.03410601","92.028184038",57.5,16.9,34.8,65.2,83.1,22.6,39.8,"26.8"
"Contreras, Willson",575929,2018,26,474,544,118,76,27,5,10,121,53,22.2,9.7,".249",".390",".339","0.729","0.141","185","1337","712","2120",".218",".361",".321",".303",".029",".018","88.2","8",28.9,8.4,33.3,"99.890442931","93.949346351",69.3,21.1,42.8,57.2,78.9,28.1,49.7,"27.6"
"Gyorko, Jedd",576397,2018,29,351,402,92,61,19,1,11,77,44,19.2,10.9,".262",".416",".346","0.762","0.154","146","979","487","1588",".228",".398",".333",".317",".018",".016","87.3","15.2",35.6,8,31.7,"97.15558554","92.622144245",67.3,18.1,41.2,58.8,81.9,25.2,46.2,"25.2"
"Iglesias, Jose",578428,2018,28,432,464,116,77,31,3,5,47,19,10.1,4.1,".269",".389",".310","0.699","0.120","168","1165","363","1693",".249",".334",".304",".279",".055",".025","84.8","12.1",31.5,1.4,22.6,"94.921739171","91.511790831",61.3,7.5,22.1,77.9,92.5,13.3,50.1,"28.0"
"Travis, Devon",581527,2018,27,357,378,83,55,14,3,11,64,16,16.9,4.2,".232",".381",".275","0.656","0.149","136","917","448","1394",".265",".405",".283",".311","-0.024","-0.028","88.4","7.8",31.4,5.6,37.8,"99.322940759","93.746954724",67.5,12.2,38.5,61.5,87.8,20.3,48.5,"26.9"
"Hechavarría, Adeiny",588751,2018,29,296,321,73,56,11,0,6,58,16,18.1,5,".247",".345",".279","0.624","0.098","102","748","244","1106",".247",".344",".268",".275",".001","-0.007","87.2","13.6",34.8,2.6,33.6,"96.948777049","92.501886516",74.1,13.5,36,64,86.5,21.2,55.8,"27.0"
"Austin, Tyler",592122,2018,26,244,268,56,29,10,0,17,95,19,35.4,7.1,".230",".480",".287","0.767","0.250","117","727","276","1126",".232",".492",".325",".336","-0.012","-0.011","89","15.1",37.5,16.6,44.1,"102.471598289","95.253634013",73.2,29.3,58.4,41.6,70.7,38.1,50.5,"27.2"
"Bryant, Kris",592178,2018,26,389,457,106,62,28,3,13,107,48,23.4,10.5,".272",".460",".374","0.834","0.188","179","1099","559","1742",".248",".437",".359",".347",".023",".012","85.8","17.8",37.9,9.6,33.5,"97.749562535","92.876073415",70.5,19.8,43.8,56.3,80.2,27.5,48.7,"28.0"
"Canha, Mark",592192,2018,29,365,411,91,52,22,0,17,88,34,21.4,8.3,".249",".449",".328","0.777","0.200","164","1098","332","1735",".251",".449",".334",".339",".000","-0.005","87","15.5",36.6,9.8,34.8,"98.086680786","93.086785269",61.1,17,30.8,69.2,83,21.4,44,"27.6"
"Casali, Curt",592200,2018,29,140,156,41,27,10,0,4,32,12,20.5,7.7,".293",".450",".355","0.805","0.157","63","343","177","561",".265",".382",".347",".313",".068",".034","86.9","14.4",36.4,4.8,30.9,"96.533335926","92.272222778",68.4,15.9,49.2,50.8,84.1,23.8,46.5,"24.5"
"Castellanos, Nick",592206,2018,26,620,678,185,111,46,5,23,151,49,22.3,7.2,".298",".500",".354","0.854","0.202","310","1608","655","2439",".296",".525",".363",".374","-0.025","-0.011","89.6","15.2",45.3,11.6,40.7,"99.334787542","93.887539089",77.1,18.7,52.3,47.7,81.3,30.2,55.1,"27.8"
"DeShields, Delino",592261,2018,25,334,393,72,55,14,1,2,83,43,21.1,10.9,".216",".281",".310","0.591","0.065","94","960","361","1574",".194",".257",".271",".259",".024",".012","84.3","7.9",27.7,1.3,14,"93.410873017","90.75857375",59,12.4,39.5,60.5,87.6,19.7,40.6,"29.9"
"Gamel, Ben",592325,2018,26,257,293,70,51,14,4,1,61,31,20.8,10.6,".272",".370",".358","0.728","0.098","95","719","199","1193",".253",".348",".323",".311",".022",".012","88.7","7.2",36,3.2,33.5,"98.153259798","93.203360863",59.9,13,40.6,59.4,87,21.1,41,"28.3"
"Goodrum, Niko",592348,2018,26,445,493,109,61,29,3,16,133,42,27,8.5,".245",".431",".314","0.745","0.186","192","1266","502","1958",".233",".403",".322",".310",".028",".012","88","11.1",37.6,8.7,35.4,"98.32724359","93.216399936",72.4,21.3,49,51,78.7,29.7,49.4,"29.1"
"Healy, Ryon",592387,2018,26,493,524,116,77,15,0,24,113,27,21.6,5.2,".235",".412",".277","0.689","0.177","203","1241","427","1917",".258",".442",".296",".322","-0.030","-0.026","89.6","12.3",32.2,7.5,41.6,"100.362215526","94.321891316",62.8,11.8,48,52,88.2,25.4,47.5,"26.0"
"Holaday, Bryan",592407,2018,30,151,166,31,25,5,0,1,29,10,17.5,6,".205",".258",".261","0.519","0.053","39","408","143","624",".194",".260",".228",".228","-0.002",".000","83.6","15",34.4,0.9,17.6,"92.668234032","90.451365806",64.7,12.5,40.4,59.6,87.5,21.7,47.9,"25.1"
"Jones, JaCoby",592444,2018,26,429,467,89,50,22,6,11,142,24,30.4,5.1,".207",".364",".266","0.630","0.157","156","1194","437","1772",".229",".359",".274",".289",".005","-0.015","88.8","12.7",35.5,6.6,35.5,"99.802915141","93.987499225",68.8,20,49.8,50.2,80,30.6,51.5,"29.1"
"Judge, Aaron",592450,2018,26,413,498,115,66,22,0,27,152,76,30.5,15.3,".278",".528",".392","0.920","0.250","218","1225","398","2124",".270",".524",".391",".390",".004",".001","94.7","12.4",35.7,16.6,54.1,"106.778539925","98.297511504",64.7,26.3,60.5,39.5,73.7,36.2,40.3,"28.0"
"Machado, Manny",592518,2018,25,632,709,188,113,35,3,37,104,70,14.7,9.9,".297",".538",".367","0.905","0.241","340","1550","641","2529",".284",".512",".377",".369",".026",".008","91.6","14.4",33.8,12.1,48.2,"102.92654779","95.846052083",72.7,14.2,39.8,60.2,85.8,22.2,48.9,"26.3"
"Moran, Colin",592567,2018,25,415,465,115,84,19,1,11,82,39,17.6,8.4,".277",".407",".340","0.747","0.130","169","1097","542","1723",".265",".413",".322",".327","-0.006","-0.005","88.2","10.7",38.2,5.6,35.9,"97.688196353","92.906051858",73.7,13.1,37.7,62.3,86.9,19.7,49.8,"25.2"
"Pederson, Joc",592626,2018,26,395,443,98,43,27,3,25,85,40,19.2,9,".248",".522",".321","0.843","0.274","206","1149","450","1839",".237",".442",".354",".327",".080",".027","91.5","15.8",29.9,9.4,40.6,"101.310748824","94.897099216",63.9,18.9,38,62,81.1,25.1,45.9,"26.3"
"Realmuto, J.T.",592663,2018,27,477,529,132,78,30,3,21,104,38,19.7,7.2,".277",".484",".340","0.824","0.207","231","1291","490","2042",".271",".473",".353",".351",".011",".002","88.9","14.5",39.8,9.8,41.2,"99.592811111","93.991368276",67,14.9,43,57,85.1,22.5,47.1,"28.6"
"Renfroe, Hunter",592669,2018,26,403,441,100,50,23,1,26,109,30,24.7,6.8,".248",".504",".302","0.806","0.256","203","1035","294","1715",".240",".463",".338",".325",".041",".013","89.9","18.4",28.8,13.5,43.6,"101.846200201","95.212350503",65.6,25.3,41,59,74.7,30.5,46.8,"27.3"
"Rivera, Yadiel",592680,2018,26,139,160,24,20,3,0,1,51,19,31.9,11.9,".173",".216",".269","0.485","0.043","30","408","161","642",".183",".273",".219",".247","-0.057","-0.028","89.7","3.5",22.2,4.8,28.1,"97.40999","93.116922247",68.1,19.3,61.5,38.5,80.7,32.1,46.6,"29.2"
"Rosario, Eddie",592696,2018,26,559,592,161,104,31,2,24,104,30,17.6,5.1,".288",".479",".323","0.802","0.191","268","1411","515","2100",".243",".426",".340",".303",".053",".037","87.7","17.8",32.5,9.3,34.2,"97.544744865","92.844520405",77.7,18.9,30,70,81.1,23.4,58,"28.0"
"Simmons, Andrelton",592743,2018,28,554,600,162,120,26,5,11,44,35,7.3,5.8,".292",".417",".337","0.754","0.125","231","1232","475","1980",".275",".388",".326",".316",".029",".010","88.2","7.8",28.3,4.4,36.3,"98.349949646","93.226546693",67.1,10.3,23.5,76.5,89.7,13.7,45.6,"27.1"
"Yelich, Christian",592885,2018,26,574,651,187,110,34,7,36,135,68,20.7,10.4,".326",".598",".402","1.000","0.272","343","1536","545","2532",".313",".565",".422",".412",".033",".010","92.6","5",36.7,13.9,50.8,"103.601265936","96.465574863",65.2,13.9,44.4,55.6,86.1,22.9,44.3,"28.7"
"Merrifield, Whit",593160,2018,29,632,707,192,134,43,3,12,114,61,16.1,8.6,".304",".438",".367","0.805","0.134","277","1740","586","2733",".281",".428",".349",".343",".010",".006","87","16.9",40.9,5,31.2,"96.66095251","92.375330251",67.8,14,30.1,69.9,86,19,47.9,"29.0"
"Bogaerts, Xander",593428,2018,25,512,579,148,77,45,3,23,101,55,17.4,9.5,".289",".523",".361","0.884","0.234","268","1490","443","2363",".278",".494",".374",".363",".029",".011","90.6","12.6",32.9,10.4,41.8,"101.100815529","94.926741831",60.6,11.9,40.6,59.4,88.1,21.1,43.2,"27.8"
"Bonifacio, Jorge",593528,2018,25,236,270,53,31,16,2,4,71,29,26.3,10.7,".225",".360",".312","0.672","0.135","85","682","270","1115",".236",".374",".296",".311","-0.014","-0.015","85.9","19.3",39.9,8.3,28.7,"96.441567349","92.300608727",74.1,21.5,53.7,46.3,78.5,29.1,46.5,"28.1"
"Hanson, Alen",593700,2018,25,295,311,74,44,17,5,8,72,9,23.2,2.9,".251",".424",".273","0.697","0.173","125","757","411","1131",".213",".313",".295",".242",".111",".053","84.1","13.8",32.3,4.4,21.9,"94.158708739","91.257412398",75.1,20,47.5,52.5,80,28.9,54.7,"28.4"
"Polanco, Jorge",593871,2018,24,302,333,87,60,18,3,6,62,25,18.6,7.5,".288",".427",".345","0.772","0.139","129","880","179","1403",".250",".362",".336",".301",".065",".035","85.8","17.8",37.7,4.2,28.3,"96.195539402","92.219485684",63.2,9.2,33.1,66.9,90.8,15.5,42.3,"28.4"
"Sanó, Miguel",593934,2018,25,266,299,53,26,14,0,13,115,31,38.5,10.4,".199",".398",".281","0.679","0.199","106","764","271","1263",".174",".361",".295",".276",".037",".019","90.3","12.6",24.8,12.5,44.8,"102.12654726","95.285411103",65.2,24,61.3,38.7,76,36.5,45.4,"26.9"
"Herrera, Rosell",594011,2018,25,278,302,65,47,14,3,1,57,19,18.9,6.3,".234",".317",".286","0.603","0.083","88","689","242","1126",".245",".334",".266",".283","-0.017","-0.017","87.3","2.4",32.6,2.4,32.6,"97.066538393","92.555696054",69.4,12.8,49.6,50.4,87.2,22.3,45.8,"28.5"
"Difo, Wilmer",594694,2018,26,408,456,94,66,14,7,7,82,39,18,8.6,".230",".350",".298","0.648","0.120","143","1101","536","1816",".238",".328",".280",".281",".022","-0.001","83.1","12.8",34.5,2.6,19,"92.936552593","90.724688951",68.5,18.3,32.4,67.6,81.7,23,47.9,"28.6"
"Calhoun, Kole",594777,2018,30,491,551,102,63,18,2,19,133,53,24.1,9.6,".208",".369",".283","0.652","0.161","181","1323","658","2148",".248",".448",".283",".333","-0.079","-0.050","90.4","12.1",34.3,9.8,43.1,"99.929027308","94.32071272",73.6,20.4,48.4,51.6,79.6,28.5,49.2,"26.1"
"Duvall, Adam",594807,2018,29,384,427,75,40,20,0,15,117,37,27.4,8.7,".195",".365",".274","0.639","0.170","140","1046","462","1648",".227",".426",".277",".318","-0.061","-0.041","89","22.6",31,11.2,41.6,"100.246651866","94.243091418",69.7,20,46,54,80,28.7,49.8,"27.9"
"Eaton, Adam",594809,2018,29,319,370,96,72,18,1,5,64,38,17.3,10.3,".301",".411",".394","0.805","0.110","131","871","358","1476",".271",".373",".358",".336",".038",".022","87.7","9",33.9,3.4,30.4,"97.655269194","92.941000324",61.8,11.5,32.3,67.7,88.5,18.1,43.8,"27.5"
"Garcia, Greg",594824,2018,28,181,208,40,31,6,0,3,37,20,17.8,9.6,".221",".304",".309","0.613","0.083","55","492","199","803",".219",".319",".276",".288","-0.015","-0.012","84.3","11.8",31.3,2.9,25.2,"95.013563857","91.620706259",62.2,12.6,40.3,59.7,87.4,18.1,42,"27.3"
"Gattis, Evan",594828,2018,31,407,451,92,50,17,0,25,101,33,22.4,7.3,".226",".452",".284","0.736","0.226","184","1087","271","1714",".221",".399",".311",".298",".053",".013","87.6","17.8",31.2,8.4,34.4,"98.309172484","93.188534682",66.6,17.5,34.2,65.8,82.5,23.1,46.5,"26.6"
"Palka, Daniel",594953,2018,26,417,449,100,55,15,3,27,153,30,34.1,6.7,".240",".484",".294","0.778","0.244","202","1165","571","1839",".227",".447",".329",".312",".037",".017","92.3","11.6",28,15.8,49,"105.414593939","97.090133498",70.1,27.1,55.3,44.7,72.9,36.3,48.9,"26.6"
"Schebler, Scott",594988,2018,27,380,430,97,61,19,0,17,99,39,23,9.1,".255",".439",".337","0.776","0.184","167","978","479","1576",".260",".454",".337",".348","-0.015","-0.011","90.2","8.7",32.9,11.4,42.8,"101.094406972","94.794102049",81.5,23.8,46.2,53.8,76.2,31.1,54.8,"27.7"
"Kiermaier, Kevin",595281,2018,28,332,367,72,44,12,9,7,91,25,24.8,6.8,".217",".370",".282","0.652","0.153","123","873","318","1357",".213",".313",".282",".269",".057",".013","86","7.5",26.1,4.9,29,"97.567189076","92.820724304",72.3,22.2,46.9,53.1,77.8,30.5,50.3,"28.9"
"Knapp, Andrew",595284,2018,26,187,215,37,25,6,2,4,75,24,34.9,11.2,".198",".316",".294","0.610","0.118","59","538","238","890",".204",".349",".273",".289","-0.033","-0.016","88.4","13.5",39.5,9.1,39.5,"98.601325179","93.405077054",71.9,27.4,57.4,42.6,72.6,34.9,47.3,"26.9"
"Riddle, JT",595375,2018,26,308,332,71,48,10,4,9,67,20,20.2,6,".231",".377",".277","0.654","0.146","116","826","330","1240",".245",".373",".282",".291",".004","-0.009","87.6","7.9",34.3,5.6,29,"96.525324876","92.296883347",70.1,15.1,36.2,63.8,84.9,21.6,51,"27.8"
"Alfaro, Jorge",595751,2018,25,344,377,90,62,16,2,10,138,18,36.6,4.8,".262",".407",".324","0.731","0.145","140","954","576","1334",".229",".402",".314",".299",".005",".015","91.7","8.4",35.3,11.2,44.2,"103.853401748","96.130442573",78.3,30.9,63.5,36.5,69.1,42.3,61.1,"28.2"
"Profar, Jurickson",595777,2018,25,524,594,133,72,35,6,20,88,54,14.8,9.1,".254",".458",".335","0.793","0.204","240","1483","584","2340",".251",".394",".341",".323",".064",".018","87.3","12.4",33.6,5.4,31.8,"97.443892545","92.779007182",68.3,14,28.4,71.6,86,18.7,48.6,"27.6"
"Báez, Javier",595879,2018,25,606,645,176,93,40,9,34,167,29,25.9,4.5,".290",".554",".326","0.880","0.264","336","1518","891","2245",".262",".499",".366",".340",".055",".026","90.6","9.6",33.1,14.6,43.3,"101.960975256","95.233508395",77.3,21.8,49.8,50.2,78.2,33.9,57.9,"28.8"
"Bird, Greg",595885,2018,25,272,311,54,26,16,1,11,78,30,25.1,9.6,".199",".386",".286","0.672","0.187","105","813","241","1293",".198",".398",".291",".298","-0.012","-0.007","87.9","19.6",33.8,11.7,33.3,"97.911798454","92.964145464",66.9,18.2,44.3,55.7,81.8,25.6,45.6,"25.1"
"Cave, Jake",595909,2018,25,283,309,75,44,16,2,13,102,18,33,5.8,".265",".473",".313","0.786","0.208","134","828","256","1246",".256",".480",".332",".340","-0.007","-0.008","89.2","10.5",41.4,15.1,38.2,"100.002213696","94.21067612",66.8,21.2,50,50,78.8,30.6,49.4,"27.8"
"Hedges, Austin",595978,2018,25,303,326,70,40,14,2,14,90,21,27.6,6.4,".231",".429",".282","0.711","0.198","130","803","239","1298",".203",".345",".301",".260",".084",".041","85.6","16.1",30.8,7,29.9,"97.338832056","92.693379671",65.4,18.8,45.8,54.2,81.2,27.9,49.1,"25.9"
"Lindor, Francisco",596019,2018,24,661,745,183,101,42,2,38,107,70,14.4,9.4,".277",".519",".352","0.871","0.242","343","1841","468","2920",".291",".516",".368",".378",".003","-0.010","90.6","14.7",34.3,10.5,41,"100.765468945","94.6836536",67.9,11.8,27.8,72.2,88.2,17.6,47.1,"28.4"
"Odor, Rougned",596059,2018,24,474,535,120,77,23,2,18,127,43,23.7,8,".253",".424",".326","0.750","0.171","201","1241","504","1980",".241",".411",".325",".318",".013",".007","90.7","13.9",30.5,8,38.7,"100.916553114","94.677154835",65.4,15.4,37,63,84.6,23.1,48.5,"28.1"
"Slater, Austin",596103,2018,25,199,225,50,42,6,1,1,69,20,30.7,8.9,".251",".307",".333","0.640","0.056","61","595","286","923",".209",".277",".287",".264",".030",".023","87.3","2.6",25.2,2.5,35.1,"98.204462923","93.102563538",66.2,20,49.2,50.8,80,28.6,47,"28.0"
"Story, Trevor",596115,2018,25,598,656,174,89,42,6,37,168,47,25.6,7.2,".291",".567",".348","0.915","0.276","339","1618","421","2555",".266",".514",".384",".358",".053",".026","91","15.9",38.2,13.7,46.2,"102.395632222","95.482000348",73.2,15.8,47.2,52.8,84.2,24.9,50.3,"29.6"
"Swihart, Blake",596119,2018,26,192,207,44,31,10,0,3,57,15,27.5,7.2,".229",".328",".285","0.613","0.099","63","515","170","799",".213",".325",".271",".266",".003",".005","86","13.9",34.1,5.5,26.7,"96.252285","92.173034667",67.2,20.7,42.1,57.9,79.3,26.8,47.2,"27.1"
"Sánchez, Gary",596142,2018,25,323,374,60,25,17,0,18,94,46,25.1,12.3,".186",".406",".291","0.697","0.220","131","940","275","1531",".221",".468",".304",".342","-0.062","-0.038","90.3","14.2",29.4,15.2,41.6,"102.628491379","95.463731732",62.3,18.1,46.4,53.6,81.9,29.2,43.9,"25.9"
"Kepler, Max",596146,2018,25,532,611,119,65,30,4,20,96,71,15.7,11.6,".224",".408",".319","0.727","0.184","217","1393","370","2351",".233",".404",".316",".323",".004","-0.007","89.5","16.3",30.1,7.3,38.2,"99.909473889","94.078713565",65.1,9.3,42.6,57.4,90.7,17.8,42.7,"27.9"
"Franco, Maikel",596748,2018,25,433,465,117,77,17,1,22,62,29,13.3,6.2,".270",".467",".314","0.781","0.197","202","1038","521","1645",".254",".406",".328",".303",".061",".025","88","9.5",29.4,7.2,34.1,"99.247430269","93.624036613",72.7,14.3,36.1,63.9,85.7,21.2,51.8,"25.6"
"Choi, Ji Man",596847,2018,27,190,221,50,25,14,1,10,55,26,24.9,11.8,".263",".505",".357","0.862","0.242","96","535","166","917",".236",".458",".367",".349",".047",".018","90.3","13.8",35.8,12.5,43.1,"101.0098975","94.767605147",65.4,21.2,54.1,45.9,78.8,29.8,41,"25.7"
"Bradley Jr., Jackie",598265,2018,28,474,535,111,61,33,4,13,137,46,25.6,8.6,".234",".403",".314","0.717","0.169","191","1339","541","2168",".257",".459",".310",".343","-0.056","-0.033","92.2","12.3",35.2,11,50.1,"101.981686","95.654560855",70.1,25.9,46.1,53.9,74.1,30.7,47.3,"27.8"
"La Stella, Tommy",600303,2018,29,169,190,45,36,8,0,1,27,17,14.2,8.9,".266",".331",".340","0.671","0.065","56","447","185","725",".261",".363",".300",".313","-0.032","-0.013","86","8.1",33.1,1.7,24.6,"94.670566761","91.404879789",65.8,10.6,37.3,62.7,88.6,17.3,45.4,"26.6"
"Severino, Pedro",600474,2018,24,190,213,32,21,9,0,2,47,18,22.1,8.5,".168",".247",".254","0.501","0.079","47","536","233","827",".196",".279",".221",".248","-0.032","-0.027","84","14.5",31.3,2.3,19.4,"94.804501571","91.549901143",66.7,17.3,30.5,69.5,82.7,21.5,49.5,"27.3"
"Núñez, Renato",600524,2018,24,236,261,61,39,14,0,8,62,19,23.8,7.3,".258",".419",".322","0.741","0.161","99","682","367","1037",".216",".357",".322",".287",".062",".035","89","15.7",28.4,9.7,36.4,"99.98553875","94.061402286",67.8,23.4,47.4,52.6,76.6,31.4,50,"27.3"
"Candelario, Jeimer",600869,2018,24,539,619,121,71,28,3,19,160,66,25.8,10.7,".224",".393",".317","0.710","0.169","212","1645","521","2673",".206",".350",".311",".292",".043",".019","87.1","15.3",32,6.6,33.6,"98.291855781","93.146780938",61.4,18.3,41.5,58.5,81.7,25.6,42.6,"27.3"
"Ahmed, Nick",605113,2018,28,516,564,121,67,33,5,16,109,40,19.3,7.1,".234",".411",".290","0.701","0.177","212","1372","677","2124",".240",".373",".300",".292",".038",".008","86.9","11.9",36.3,5.4,30,"96.624658634","92.358719756",71.6,16,46.5,53.5,84,25.3,50.4,"28.2"
"Anderson, Brian",605119,2018,25,590,670,161,112,34,4,11,129,62,19.3,9.3,".273",".400",".357","0.757","0.127","236","1623","569","2641",".261",".407",".333",".334","-0.007","-0.001","90.2","8.7",29.2,6.2,42.4,"100.726437706","94.570017532",68.2,18.2,43,57,81.8,24.3,46.3,"27.1"
"Barnes, Austin",605131,2018,28,200,238,41,32,5,0,4,67,31,28.2,13,".205",".290",".329","0.619","0.085","58","619","154","1023",".185",".257",".281",".264",".033",".017","87.6","5.6",26.1,4.3,31.5,"97.979860794","93.016615159",50.5,14.3,35.7,64.3,85.7,19,35.6,"27.4"
"Bell, Josh",605137,2018,25,501,583,131,84,31,4,12,104,77,17.8,13.2,".261",".411",".357","0.768","0.150","206","1375","678","2366",".252",".411",".336",".336",".000",".000","90.2","9.4",29.6,7.7,39.3,"100.957818392","94.683419372",68.6,18.2,38.8,61.2,81.8,24.4,43,"27.1"
"Betts, Mookie",605141,2018,25,520,614,180,96,47,5,32,91,81,14.8,13.2,".346",".640",".438","1.078","0.294","333","1469","403","2582",".309",".607",".449",".431",".033",".018","92.2","18.5",39.4,14.9,50.6,"101.383521852","95.486972454",56.7,10.2,33.2,66.8,89.8,15.5,35.6,"28.1"
"Caratini, Victor",605170,2018,24,181,200,42,33,7,0,2,42,12,21,6,".232",".304",".293","0.597","0.072","55","490","189","794",".230",".338",".268",".284","-0.034","-0.016","88.8","6.4",29.6,3.9,37.3,"99.764330286","93.895374286",63.8,11.7,51.1,48.9,88.3,21.9,45.3,"25.7"
"Martini, Nick",605361,2018,28,152,179,45,32,9,3,1,36,21,20.1,11.7,".296",".414",".397","0.811","0.118","63","446","127","747",".258",".362",".357",".331",".052",".026","88","2.9",36.8,2.7,40.2,"98.435887627","93.400677949",56.2,11.5,37.2,62.8,88.5,18.7,37.2,"27.1"
"Panik, Joe",605412,2018,27,358,392,91,72,14,1,4,30,26,7.7,6.6,".254",".332",".307","0.639","0.078","119","910","348","1488",".280",".378",".280",".316","-0.046","-0.036","86.6","9.9",32.4,2.9,29.7,"96.132160723","92.079106586",65.1,6.8,24.1,75.9,93.2,10.8,42.5,"25.6"
"Smith, Mallex",605480,2018,25,480,544,142,103,27,10,2,98,47,18,8.6,".296",".406",".367","0.773","0.110","195","1304","420","2061",".255",".339",".339",".302",".067",".037","85.8","3.7",32.2,1.7,23,"94.839756471","91.431387433",73,20.1,41.4,58.6,79.9,25.6,49.6,"29.8"
"Spangenberg, Cory",605486,2018,27,298,329,70,50,9,4,7,108,25,32.8,7.6,".235",".362",".298","0.660","0.127","108","823","222","1293",".221",".358",".290",".287",".004",".003","88.4","8.2",34.5,6.4,38.3,"98.884853696","93.566275054",65.9,23.4,48.4,51.6,76.6,32.2,48.5,"28.9"
"Tomlinson, Kelby",605509,2018,28,140,152,29,23,4,2,0,35,9,23,5.9,".207",".264",".265","0.529","0.057","37","383","159","574",".216",".261",".239",".247",".003","-0.008","83.5","2.5",26.4,1.1,16,"92.435288571","90.53046898",70.3,19.1,43.7,56.3,80.9,25.1,50.7,"28.0"
"Tucker, Preston",605512,2018,27,166,184,38,21,11,0,6,43,13,23.4,7.1,".229",".404",".299","0.703","0.175","67","429","217","716",".224",".344",".306",".287",".060",".019","90.8","11.7",28.2,4.5,39.5,"100.693827742","94.576053659",74.9,17,51.7,48.3,83,25.6,49.6,"27.0"
"Arcia, Orlando",606115,2018,23,348,366,82,63,16,0,3,87,15,23.8,4.1,".236",".307",".268","0.575","0.071","107","887","333","1312",".207",".280",".253",".235",".027",".018","86.3","4",24.3,2.4,28.6,"96.869275659","92.435271744",69.7,20.9,45.1,54.9,79.1,28.8,53,"26.8"
"Hernández, Teoscar",606192,2018,25,476,523,114,56,29,7,22,163,41,31.2,7.8,".239",".468",".302","0.770","0.229","223","1344","660","2109",".235",".500",".328",".342","-0.032","-0.014","91.9","16.9",35.1,16.6,46.2,"102.514606266","95.623418576",72.2,29.6,59.8,40.2,70.4,38.5,49.5,"28.6"
"Peraza, José",606299,2018,24,632,683,182,133,31,4,14,75,29,11,4.2,".288",".416",".326","0.742","0.128","263","1486","547","2296",".273",".383",".319",".304",".033",".015","85.8","15",38.2,2.7,23.6,"95.18880011","91.637686636",67.1,6.6,27.9,72.1,93.4,13.8,49.9,"28.8"
"Marte, Ketel",606466,2018,24,520,580,135,83,26,12,14,79,54,13.6,9.3,".260",".437",".332","0.769","0.177","227","1334","590","2177",".257",".394",".330",".320",".043",".010","88.8","5.8",28.8,5.4,36.9,"99.695361455","93.90705754",69.1,11.4,29.2,70.8,88.6,16.2,45.9,"28.7"
"Nimmo, Brandon",607043,2018,25,433,535,114,61,28,8,17,140,80,26.2,15,".263",".483",".404","0.887","0.220","209","1330","493","2262",".237",".392",".385",".349",".091",".036","89.9","10.7",33.4,7,42.1,"100.251318483","94.380795517",62.3,20.3,50.5,49.5,79.7,26.5,39.4,"28.5"
"Peterson, Jace",607054,2018,28,210,246,42,24,13,2,3,58,31,23.6,12.6,".200",".324",".310","0.634","0.124","68","633","259","1098",".204",".317",".286",".289",".007","-0.003","87.7","10.6",31.8,3.5,32.5,"97.173051184","92.616899934",62.8,17.6,42.2,57.8,82.4,24,40.5,"28.4"
"Turner, Trea",607208,2018,25,664,740,180,128,27,6,19,132,69,17.8,9.3,".271",".416",".344","0.760","0.145","276","1761","725","2927",".273",".415",".331",".335",".001","-0.004","89.1","9.3",29,6.4,38.6,"99.818035769","94.018835173",64.9,13.8,38.3,61.7,86.2,20.2,44,"30.1"
"Smith, Kevan",607345,2018,30,171,187,50,41,6,0,3,18,10,9.6,5.3,".292",".380",".348","0.728","0.088","65","443","137","679",".263",".389",".322",".320","-0.009",".002","87.9","0.3",26,5,35.1,"98.155602857","93.165028701",70.9,8.8,31.5,68.5,91.2,16,51.5,"26.6"
"Pillar, Kevin",607680,2018,29,512,542,129,72,40,2,15,98,18,18.1,3.3,".252",".426",".282","0.708","0.174","218","1380","651","1953",".280",".432",".302",".321","-0.006","-0.019","87.3","16.8",39.3,6.2,36.7,"98.807658182","93.42694189",67.1,12.8,36.6,63.4,87.2,22.4,54,"27.8"
"Ramírez, José",608070,2018,25,578,698,156,75,38,4,39,80,106,11.5,15.2,".270",".552",".387","0.939","0.282","319","1710","388","3002",".261",".470",".391",".365",".082",".026","89","19",34.3,9.4,35.1,"98.357231341","93.291449939",60.8,10.1,23.4,76.6,89.9,13.6,38.6,"27.4"
"Bregman, Alex",608324,2018,24,594,705,170,87,51,1,31,85,96,12.1,13.6,".286",".532",".394","0.926","0.246","316","1631","280","2821",".267",".464",".396",".369",".068",".027","89.4","16.8",37.9,8.3,39.9,"98.834674016","93.548064961",57.9,8.1,26.9,73.1,91.9,12.9,37.1,"27.8"
"Gallo, Joey",608336,2018,24,500,577,103,38,24,1,40,207,74,35.9,12.8,".206",".498",".312","0.810","0.292","249","1403","753","2348",".229",".541",".343",".369","-0.043","-0.026","94.3","21.9",37.5,24.7,49.5,"105.865542192","97.404336976",73.1,31.4,58.9,41.1,68.6,40.8,48.6,"27.6"
"Russell, Addison",608365,2018,24,420,465,105,78,21,1,5,99,40,21.3,8.6,".250",".340",".317","0.657","0.090","143","1152","594","1840",".236",".329",".290",".284",".011",".006","86.7","11.8",36.4,2.4,26.5,"96.211140311","92.118712741",69.1,18,47.7,52.3,82,26.9,47.8,"27.5"
"Williams, Nick",608384,2018,24,407,448,104,72,12,3,17,111,32,24.8,7.1,".256",".425",".324","0.749","0.169","173","1095","533","1704",".275",".454",".324",".346","-0.029","-0.022","88.8","10.5",37.2,7.4,38,"99.647369864","93.852604252",68.7,16.2,50.8,49.2,83.8,27,49.3,"28.4"
"Winker, Jesse",608385,2018,24,281,334,84,61,16,0,7,46,49,13.8,14.7,".299",".431",".405","0.836","0.132","121","731","243","1256",".275",".452",".366",".366","-0.021",".000","90.9","13.6",33.3,6.8,42.2,"100.309870171","94.459509914",65,10.3,33.3,66.7,89.7,15.3,41,"26.0"
"Mazara, Nomar",608577,2018,23,489,536,126,80,25,1,20,116,40,21.6,7.5,".258",".436",".317","0.753","0.178","213","1366","588","2187",".258",".442",".324",".332","-0.006","-0.008","90.5","5.3",28.2,9.2,43.4,"101.765366011","95.130262527",62.9,17.1,38.8,61.2,82.9,25.4,46.1,"26.8"
"Guzmán, Ronald",608597,2018,23,387,428,91,55,18,2,16,121,33,28.3,7.7,".235",".416",".306","0.722","0.181","161","1114","484","1718",".223",".358",".312",".289",".058",".023","86.6","14.1",33.3,6.8,33.1,"98.408830902","93.216383308",68.8,17.3,54,46,82.7,30,50.7,"26.2"
"Field, Johnny",608654,2018,26,221,233,49,27,13,0,9,72,7,30.9,3,".222",".403",".254","0.657","0.181","89","602","197","911",".186",".314",".281",".237",".089",".044","86.7","14.2",36.4,6.1,30.5,"96.732401081","92.39723517",67.3,24,56.4,43.6,76,32.1,48.6,"28.0"
"Jankowski, Travis",608671,2018,27,347,387,90,71,12,3,4,73,37,18.9,9.6,".259",".346",".332","0.678","0.087","120","926","190","1564",".236",".287",".303",".276",".059",".027","85.6","3.3",27.2,0.8,19.3,"94.429365433","91.216343937",60.3,12.5,35,65,87.5,17.3,40.9,"29.0"
"Plawecki, Kevin",608700,2018,27,238,277,50,28,13,2,7,65,28,23.5,10.1,".210",".370",".315","0.685","0.160","88","661","258","1068",".223",".353",".302",".305",".017","-0.003","86.9","11.6",28,4.8,35.6,"98.641898736","93.38729104",64.9,14.2,48.1,51.9,85.8,23.5,44.9,"26.0"
"Mondesi, Adalberto",609275,2018,22,275,291,76,46,13,3,14,77,11,26.5,3.8,".276",".498",".306","0.804","0.222","137","723","355","1080",".255",".480",".341",".330",".018",".011","90","13.7",31.7,11.8,36.6,"100.213978211","94.411350476",81.6,23.3,56.5,43.5,76.7,34,56.7,"29.9"
"Andujar, Miguel",609280,2018,23,573,606,170,94,47,2,27,97,25,16,4.1,".297",".527",".328","0.855","0.230","302","1424","395","2135",".270",".429",".361",".317",".098",".044","89.2","12.3",34.6,6.9,36.5,"99.385829292","93.793774438",72.3,11.1,35.1,64.9,88.9,19.7,53.1,"27.8"
"Cordero, Franchy",614173,2018,23,139,154,33,20,5,1,7,55,14,35.7,9.1,".237",".439",".307","0.746","0.202","61","372","150","624",".267",".515",".322",".357","-0.076","-0.035","94.1","7.3",36.5,14.5,51.9,"106.9769435","98.059174875",70.4,28.4,50,50,71.6,35.5,47.9,"29.1"
"Reyes, Franmil",614177,2018,22,261,285,73,48,9,0,16,80,24,28.1,8.4,".280",".498",".340","0.838","0.218","130","689","216","1160",".248",".446",".360",".329",".052",".031","92.3","6.8",28.7,11.9,47.5,"103.391082747","96.264753812",68.8,21.3,53.8,46.2,78.7,31.6,46.4,"26.8"
"Robertson, Daniel",621002,2018,24,282,340,74,49,16,0,9,77,43,22.6,12.6,".262",".415",".382","0.797","0.153","117","841","231","1421",".228",".367",".354",".328",".048",".026","86.6","7.7",31.9,5.7,34.8,"98.121731154","93.086724541",59.6,18.3,47.4,52.6,81.7,26.2,39.3,"27.7"
"Swanson, Dansby",621020,2018,24,478,533,114,71,25,4,14,122,44,22.9,8.3,".238",".395",".304","0.699","0.157","189","1403","675","2145",".231",".364",".293",".282",".031",".011","88","14.1",32.1,4.5,34,"98.225714101","93.153072781",70,17.2,42.8,57.2,82.8,25.4,50.1,"29.4"
"Taylor, Chris",621035,2018,27,536,604,136,76,35,8,17,178,55,29.5,9.1,".254",".444",".331","0.775","0.190","238","1521","632","2475",".241",".410",".335",".323",".034",".012","88.9","16.4",39.5,9.1,38.5,"99.231367955","93.702039687",69.8,25.3,51.3,48.7,74.7,31.5,47.6,"28.6"
"Correa, Carlos",621043,2018,23,402,468,96,60,20,1,15,111,53,23.7,11.3,".239",".405",".323","0.728","0.166","163","1158","267","1908",".225",".366",".313",".302",".039",".011","88.2","11.6",33.1,7.6,33.4,"99.263469338","93.666826589",62.2,15.2,41.9,58.1,84.8,24.1,42.2,"27.8"
"Dahl, David",621311,2018,24,249,271,68,38,11,3,16,68,19,25.1,7,".273",".534",".325","0.859","0.261","133","660","204","992",".254",".449",".357",".321",".085",".036","88.7","14.3",35,10.1,38.8,"98.779725326","93.584323005",76.7,22.7,45.5,54.5,77.3,30.4,55.6,"28.5"
"Brinson, Lewis",621446,2018,24,382,405,76,50,10,5,11,120,17,29.6,4.2,".199",".338",".240","0.578","0.139","129","1053","445","1580",".226",".395",".248",".290","-0.057","-0.042","89.5","7.5",27.3,9.1,39.2,"100.521459542","94.449277854",72.2,26.3,52.1,47.9,73.7,34.3,53.3,"29.3"
"Duggar, Steven",621453,2018,24,141,152,36,22,11,1,2,44,10,28.9,6.6,".255",".390",".303","0.693","0.135","55","403","191","640",".203",".305",".297",".246",".085",".051","85.7","13",36.7,4.3,30.6,"96.347988542","92.196593438",65.4,20.7,44.6,55.4,79.3,27.5,45.5,"28.9"
"Wendle, Joey",621563,2018,28,487,545,146,100,33,6,7,96,37,17.6,6.8,".300",".435",".354","0.789","0.135","212","1294","328","1981",".260",".367",".338",".304",".068",".034","88.8","10.7",31.8,3,35.7,"97.93373985","93.0904531",61.4,11.3,35.3,64.7,88.7,20.6,46.7,"28.3"
"Olson, Matt",621566,2018,24,580,660,143,81,33,0,29,163,70,24.7,10.6,".247",".453",".335","0.788","0.206","263","1688","654","2844",".251",".495",".340",".358","-0.042","-0.018","93.3","18.1",35.1,13.4,52.2,"103.477196555","96.467492926",69.2,23.6,39.7,60.3,76.4,27.5,44.4,"25.9"
"Duffy, Matt",622110,2018,27,503,560,148,121,22,1,4,93,47,16.6,8.4,".294",".366",".361","0.727","0.072","184","1322","311","2124",".269",".351",".323",".310",".015",".013","86.8","4.8",33.7,1.3,28.1,"96.121480485","92.150025572",68,9.4,39.2,60.8,90.6,17.3,46.5,"27.7"
"Muñoz, Yairo",622168,2018,23,293,329,81,57,16,0,8,71,30,21.6,9.1,".276",".413",".350","0.763","0.137","121","810","436","1224",".239",".364",".326",".297",".049",".029","87.4","4.6",31.3,4.3,30.4,"97.843551696","92.943846592",72.6,16,49.1,50.9,84,27.4,53,"28.1"
"Margot, Manuel",622534,2018,23,477,519,117,75,26,8,8,88,32,17,6.2,".245",".384",".292","0.676","0.139","183","1185","315","1913",".253",".371",".288",".295",".013","-0.007","89.4","11.5",34,3.6,37,"99.341797113","93.825767442",65.6,14.9,38,62,85.1,21,46.6,"29.4"
"Camargo, Johan",622666,2018,24,464,524,126,79,27,1,19,108,51,20.6,9.7,".272",".457",".349","0.806","0.185","212","1331","697","2085",".237",".373",".346",".306",".084",".040","88","12.6",31.2,5.4,33.7,"97.769704389","92.943354123",70,20.7,37.3,62.7,79.3,26.6,49.5,"26.3"
"Reyes, Victor",622682,2018,23,212,219,47,38,5,3,1,46,5,21,2.3,".222",".288",".239","0.527","0.066","61","602","199","817",".246",".330",".229",".261","-0.042","-0.032","85.4","6.2",31.5,3.2,26.2,"95.824616049","91.940940186",72.9,20.5,25.1,74.9,79.5,22.2,59,"29.2"
"Bote, David",623520,2018,25,184,210,44,27,9,2,6,60,19,28.6,9,".239",".408",".319","0.727","0.169","75","509","247","820",".246",".442",".314",".346","-0.034","-0.032","93.5","3.7",27.6,13.1,53.2,"104.090204921","96.602876587",64.8,23.3,54.4,45.6,76.7,33.3,46.8,"27.8"
"Conforto, Michael",624424,2018,25,543,638,132,78,25,1,28,159,84,24.9,13.2,".243",".448",".350","0.798","0.205","243","1597","682","2654",".243",".429",".342",".341",".019",".001","88.1","12.3",36.6,10.2,37.8,"99.317855233","93.722309275",64.4,20,46,54,80,27.7,43.2,"27.8"
"Frazier, Adam",624428,2018,26,318,352,88,53,23,2,10,53,29,15.1,8.2,".277",".456",".342","0.798","0.179","145","863","360","1363",".267",".393",".343",".319",".063",".024","88","10.4",34.5,4.4,31.5,"96.786054511","92.524745094",65.8,9.2,27.1,72.9,90.8,14,45,"27.3"
"Puig, Yasiel",624577,2018,27,405,444,108,63,21,1,23,87,36,19.6,8.1,".267",".494",".327","0.821","0.227","200","1072","407","1725",".278",".481",".349",".354",".013","-0.005","89.5","12.1",33.8,11.7,41,"102.480523481","95.313689367",70.7,14.7,47.8,52.2,85.3,24.4,47.9,"28.3"
"Soler, Jorge",624585,2018,26,223,257,59,32,18,0,9,69,28,26.8,10.9,".265",".466",".354","0.820","0.201","104","623","273","1039",".242",".454",".354",".349",".012",".005","89.6","10.6",31.4,11.1,41.3,"102.262332051","95.219747548",66.6,23.4,62.3,37.7,76.6,36.3,43.8,"28.2"
"Heredia, Guillermo",628338,2018,27,292,337,69,49,14,1,5,52,32,15.4,9.5,".236",".342",".318","0.660","0.106","100","771","233","1279",".248",".351",".295",".307","-0.009","-0.012","86.4","11.1",31.3,3.3,26.9,"96.219322542","92.111362331",67.2,11.4,37.1,62.9,88.6,16.8,42.7,"28.4"
"Ervin, Phillip",640447,2018,25,218,247,55,37,10,1,7,60,20,24.3,8.1,".252",".404",".324","0.728","0.152","88","619","286","991",".240",".372",".315",".305",".032",".010","85.9","16.7",37.7,4.6,34.6,"97.227433875","92.654413711",67.4,23.9,37,63,76.1,27.3,47,"28.0"
"Meadows, Austin",640457,2018,23,178,191,51,34,9,2,6,40,10,20.9,5.2,".287",".461",".325","0.786","0.174","82","487","201","772",".266",".424",".332",".316",".037",".016","88.2","13.7",34.3,6.9,39.3,"98.715552429","93.424758357",65,12,43.2,56.8,88,19.9,44.8,"28.7"
"Pinder, Chad",640461,2018,26,298,333,77,51,12,1,13,88,27,26.4,8.1,".258",".436",".332","0.768","0.178","130","785","348","1204",".268",".510",".333",".366","-0.074","-0.033","91.3","14",37.3,15.3,42.9,"101.476105288","94.991714471",76.6,20.4,46.5,53.5,79.6,28.4,54.3,"27.3"
"Anderson, Tim",641313,2018,25,567,606,136,85,28,3,20,149,30,24.6,5,".240",".406",".281","0.687","0.166","230","1488","667","2200",".221",".357",".294",".272",".049",".022","85.8","10.8",33.3,5,27.9,"96.290161381","92.154393786",73,17.7,46.8,53.2,82.3,27.7,54.1,"28.8"
"Asuaje, Carlos",641319,2018,26,189,218,37,26,8,1,2,46,24,21.1,11,".196",".280",".286","0.566","0.084","53","501","107","841",".220",".318",".255",".287","-0.038","-0.032","87","15.4",34.7,4.6,25.9,"95.090222535","91.61430383",67.7,13.8,41.2,58.8,86.2,20.5,46.4,"27.4"
"Bauers, Jake",641343,2018,22,323,388,65,30,22,2,11,104,54,26.8,13.9,".201",".384",".316","0.700","0.183","124","948","290","1602",".205",".349",".308",".303",".035",".005","87.6","12.1",33.9,7.6,31.3,"98.055847679","93.097087937",63.4,22.5,44.1,55.9,77.5,28.4,40.5,"27.8"
"Bellinger, Cody",641355,2018,22,557,632,145,85,28,7,25,151,69,23.9,10.9,".260",".470",".343","0.813","0.210","262","1598","654","2644",".235",".430",".345",".325",".040",".020","89.8","16.2",32,9.9,38.9,"100.286797015","94.235645224",66.1,26,37.7,62.3,74,29.7,45.1,"28.8"
"Dozier, Hunter",641531,2018,26,362,388,83,49,19,4,11,109,24,28.1,6.2,".229",".395",".278","0.673","0.166","143","997","376","1524",".236",".414",".291",".304","-0.019","-0.013","89.5","12.9",33.1,11.4,40.2,"100.717126142","94.469964229",69.4,15.5,56.9,43.1,84.5,28.4,50.1,"28.6"
"Engel, Adam",641553,2018,26,429,463,101,74,17,4,6,129,18,27.9,3.9,".235",".336",".279","0.615","0.101","144","1170","513","1694",".208",".298",".270",".247",".038",".023","87","14.7",27.6,3.1,32.5,"98.433995986","93.220098163",70.7,22.4,46.6,53.4,77.6,30.8,54.3,"30.1"
"Fowler, Dustin",641583,2018,23,192,203,43,32,3,2,6,47,8,23.2,3.9,".224",".354",".256","0.610","0.130","68","523","161","766",".259",".410",".263",".305","-0.056","-0.042","88.4","15.2",35.4,4.4,40.4,"99.624936438","93.882686027",70.9,14.7,45.6,54.4,85.3,23.1,50.9,"29.0"
"Garver, Mitch",641598,2018,27,302,335,81,53,19,2,7,72,29,21.5,8.7,".268",".414",".335","0.749","0.146","125","847","216","1373",".243",".392",".325",".309",".022",".016","89","12.7",31.5,6.3,38.8,"99.767535603","94.075285974",56,19.6,35.9,64.1,80.4,23.2,38.7,"26.3"
"Mancini, Trey",641820,2018,26,582,636,141,91,23,3,24,153,44,24.1,6.9,".242",".416",".299","0.715","0.174","242","1623","786","2516",".251",".434",".308",".328","-0.018","-0.020","89.9","5.4",27.6,12.7,42.9,"101.237612949","94.749301728",68.1,21.1,41.6,58.4,78.9,27.7,49.5,"27.0"
"McMahon, Ryan",641857,2018,23,181,202,42,27,9,1,5,64,18,31.7,8.9,".232",".376",".307","0.683","0.144","68","514","164","785",".209",".324",".296",".273",".052",".023","89.3","7.5",34.7,5.5,44.1,"99.884949153","94.099583761",71.4,25.8,51.7,48.3,74.2,33.7,51.8,"25.9"
"Sisco, Chance",642082,2018,23,160,184,29,19,8,0,2,66,13,35.9,7.1,".181",".269",".288","0.557","0.088","43","461","233","728",".180",".312",".259",".274","-0.043","-0.015","88.4","13.6",30.9,4.5,28.7,"96.770525532","92.497583763",69.4,29.7,61.2,38.8,70.3,35.8,47.5,"25.5"
"Sierra, Magneuris",642423,2018,22,147,156,28,25,3,0,0,39,6,25,3.8,".190",".211",".222","0.433","0.021","31","396","148","570",".196",".225",".192",".203","-0.014","-0.011","83.6","2.9",20.7,0,14.4,"91.880005532","90.403179362",69.8,16.6,40.6,59.4,83.4,26.3,55.3,"30.2"
"Rosario, Amed",642708,2018,22,554,592,142,99,26,8,9,119,29,20.1,4.9,".256",".381",".295","0.676","0.125","211","1480","672","2130",".255",".367",".290",".290",".014",".000","87.8","7.7",32.4,4.2,32.3,"97.6158547","92.837680624",69.9,18.7,39.9,60.1,81.3,26,54.3,"29.4"
"Adames, Willy",642715,2018,22,288,323,80,63,7,0,10,95,31,29.4,9.6,".278",".406",".348","0.754","0.128","117","845","290","1329",".214",".352",".328",".285",".054",".043","86.7","8.5",32.1,7.2,29.6,"97.769385155","92.891601289",70,23,42.8,57.2,77,27.8,46.8,"28.4"
"Benintendi, Andrew",643217,2018,23,579,661,168,105,41,6,16,106,71,16,10.7,".290",".465",".366","0.831","0.175","269","1544","544","2581",".278",".444",".357",".350",".021",".007","88.6","12.8",37.3,7.1,33.7,"98.01397825","93.080004927",70.1,16,27.7,72.3,84,19.2,46,"27.7"
"Kemp, Tony",643393,2018,26,255,294,67,46,15,0,6,44,32,15,10.9,".263",".392",".351","0.743","0.129","100","669","128","1068",".222",".304",".327",".283",".088",".044","84.1","11.6",34.4,0.5,17.7,"93.133979223","90.578608301",63.6,12.9,32.8,67.2,87.1,18.1,43.4,"27.6"
"Kiner-Falefa, Isiah",643396,2018,23,356,396,93,69,18,2,4,62,28,15.7,7.1,".261",".357",".325","0.682","0.096","127","947","341","1499",".256",".316",".301",".288",".041",".013","84.9","7",28.7,0.7,23.7,"94.541768503","91.342443276",55.9,5.9,37.4,62.6,94.1,14.8,41.1,"28.0"
"McNeil, Jeff",643446,2018,26,225,248,74,54,11,6,3,24,14,9.7,5.6,".329",".471",".381","0.852","0.142","106","545","257","838",".280",".413",".368",".330",".058",".038","86.6","15.5",32.2,2.7,28.9,"96.584545758","92.353139394",81.4,11.4,27.1,72.9,88.6,16.5,56.4,"27.8"
"White, Tyler",643603,2018,27,210,237,58,31,12,3,12,49,24,20.7,10.1,".276",".533",".354","0.887","0.257","112","636","134","1049",".240",".409",".377",".321",".124",".056","89","17",31.5,10.2,36.4,"98.876569259","93.512934074",61.8,13.2,28.5,71.5,86.8,17.8,41.3,"25.7"
"Albies, Ozzie",645277,2018,21,639,684,167,98,40,5,24,116,36,17,5.3,".261",".452",".305","0.757","0.191","289","1559","899","2386",".246",".398",".324",".301",".054",".023","86.8","16.1",34,5.2,29.4,"96.721019502","92.378085701",83,16,36.7,63.3,84,22.1,56.8,"28.7"
"Devers, Rafael",646240,2018,21,450,490,108,63,24,0,21,121,38,24.7,7.8,".240",".433",".298","0.731","0.193","195","1174","459","1828",".233",".407",".310",".303",".026",".007","90.9","11.2",30.2,10.1,42,"102.272122182","95.361112401",73.5,22,38.8,61.2,78,27.5,52.1,"27.3"
"Díaz, Aledmys",649557,2018,27,422,452,111,67,26,0,18,62,23,13.7,5.1,".263",".453",".303","0.756","0.190","191","1026","505","1475",".270",".454",".321",".331","-0.001","-0.010","89.1","13.7",32.7,8,39.6,"99.693482088","93.967103187",78.2,13.7,41.7,58.3,86.3,22.6,57.6,"28.0"
"Torres, Gleyber",650402,2018,21,431,484,117,76,16,1,24,122,42,25.2,8.7,".271",".480",".340","0.820","0.209","207","1239","417","1951",".254",".461",".349",".337",".019",".012","88.9","19",38.7,9.8,36.8,"98.781966752","93.47915207",69.6,23.3,47.6,52.4,76.7,31.4,48.4,"27.1"
"Allen, Greg",656185,2018,25,265,291,68,52,11,3,2,58,14,19.9,4.8,".257",".343",".310","0.653","0.086","91","744","185","1127",".259",".346",".288",".293","-0.003","-0.005","86.7","7.9",35.4,1.5,30.2,"95.928959505","91.974755297",66.1,13,43.2,56.8,87,19.9,46.9,"28.9"
"Chapman, Matt",656305,2018,25,547,616,152,80,42,6,24,146,58,23.7,9.4,".278",".508",".356","0.864","0.230","278","1529","536","2544",".257",".433",".369",".339",".075",".030","93.1","14.9",30.5,10.1,47.8,"103.455659303","96.18152783",62,17.8,40.4,59.6,82.2,23.7,41.5,"28.3"
"Hoskins, Rhys",656555,2018,25,558,660,137,65,38,0,34,150,87,22.7,13.2,".246",".496",".354","0.850","0.250","277","1677","744","2919",".230",".452",".363",".347",".044",".016","88.9","22.5",35.8,12.7,39.2,"99.687281602","93.966953625",60,15.7,39.5,60.5,84.1,21.9,39.2,"26.3"
"Mullins, Cedric",656775,2018,23,170,191,40,27,9,0,4,37,17,19.4,8.9,".235",".359",".312","0.671","0.124","61","469","198","770",".205",".306",".298",".270",".053",".028","89.3","10.1",24.4,3.5,28.9,"97.497227903","92.911688145",63.6,11.8,34.8,65.2,88.2,18,42.5,"29.3"
"O'Hearn, Ryan",656811,2018,24,149,170,39,15,10,2,12,45,20,26.5,11.8,".262",".597",".353","0.950","0.335","89","414","143","699",".234",".462",".398",".343",".135",".055","91.4","17.7",33.7,13,44.2,"100.246690192","94.657783269",65.4,21.4,54.7,45.3,78.6,31.2,41.8,"26.9"
"Schwarber, Kyle",656941,2018,25,428,510,102,59,14,3,26,140,78,27.5,15.3,".238",".467",".356","0.823","0.229","200","1250","595","2139",".242",".468",".343",".347","-0.001","-0.004","90.9","12.3",34,13.9,45,"102.880206783","95.766867343",64.9,23,48.4,51.6,77.1,30.3,41.7,"27.1"
"DeJong, Paul",657557,2018,24,436,490,105,60,25,1,19,123,36,25.1,7.3,".241",".433",".313","0.746","0.192","189","1209","556","1913",".234",".445",".321",".326","-0.012","-0.005","89.3","19.1",37.7,10.1,40.3,"99.478718239","93.852386981",65.6,16,49.8,49.8,84,25.4,45.9,"28.2"
"Laureano, Ramón",657656,2018,23,156,176,45,27,12,1,5,50,16,28.4,9.1,".288",".474",".358","0.832","0.186","74","453","184","727",".254",".462",".357",".345",".012",".012","89.8","10.3",34.3,11.7,41.7,"99.975958333","94.25174537",59.2,16,57.9,42.1,84,28.8,42.9,"29.0"
"Moncada, Yoán",660162,2018,23,578,650,136,81,32,6,17,217,67,33.4,10.3,".235",".400",".315","0.715","0.165","231","1608","616","2679",".211",".381",".311",".297",".019",".014","91","15.4",36.4,10.5,44.2,"100.753027017","94.65083072",62.7,22.9,55.8,44.2,77.1,31.1,41.2,"28.8"
"Ohtani, Shohei",660271,2018,23,326,366,93,48,21,2,22,102,37,27.9,10.1,".285",".564",".361","0.925","0.279","184","897","446","1455",".272",".542",".390",".381",".022",".009","92.9","12.4",35.6,16.7,51.1,"104.31506375","96.662880179",65.6,24.9,43.4,56.6,75.1,30.8,46,"28.3"
"Acuña Jr., Ronald",660670,2018,20,433,487,127,71,26,4,26,123,45,25.3,9.2,".293",".552",".366","0.918","0.259","239","1197","622","1985",".271",".535",".388",".375",".017",".013","90.9","13.1",34.2,14.2,46.6,"102.861445192","95.773768365",70.4,20.7,43.7,56.3,79.3,26.9,46.2,"29.6"
"Happ, Ian",664023,2018,23,387,462,90,54,19,2,15,167,70,36.1,15.2,".233",".408",".353","0.761","0.175","158","1147","598","1917",".212",".397",".329",".322",".011",".007","90","14.1",39.2,14,40.5,"100.706722342","94.436559685",66.4,33.1,52.5,47.5,66.9,37.8,43.3,"27.6"
"Bader, Harrison",664056,2018,24,379,427,100,66,20,2,12,125,31,29.3,7.3,".264",".422",".334","0.756","0.158","160","1108","513","1772",".221",".353",".326",".285",".069",".041","87.1","13.7",34.6,7.9,30.8,"98.031135433","93.015780709",65,21,46.1,53.9,79,28.1,45.3,"30.0"
"Fletcher, David",664058,2018,24,284,307,78,57,18,2,1,34,15,11.1,4.9,".275",".363",".316","0.679","0.088","103","763","239","1175",".277",".346",".297",".299",".017","-0.002","84","13.4",35.7,0.4,20.4,"93.87989304","90.9740738",53.5,4.8,22.7,77.3,95.2,10.1,40.4,"28.1"
"Kingery, Scott",664068,2018,24,452,484,102,69,23,2,8,126,24,26,5,".226",".338",".267","0.605","0.112","153","1352","631","1964",".225",".352",".263",".271","-0.014","-0.008","86.2","17.4",38.7,6,31.7,"97.230202346","92.629427492",64.4,23.8,39.9,60.1,76.2,29,51.4,"29.4"
"Soto, Juan",665742,2018,19,414,494,121,73,25,1,22,99,79,20,16,".292",".517",".406","0.923","0.225","214","1147","477","2031",".262",".483",".392",".372",".034",".020","90.5","6.2",30.1,10.9,42.2,"101.243943896","94.872985682",61.3,18.9,33,67,81.1,22.3,39,"27.2"
"Gurriel Jr., Lourdes",666971,2018,24,249,263,70,51,8,0,11,59,9,22.4,3.4,".281",".446",".309","0.755","0.165","111","654","315","986",".268",".451",".322",".321","-0.005",".001","91.1","11.1",35.2,8.4,45.6,"100.351138","94.669922737",72.6,15.2,43.4,56.6,84.8,25,53.1,"28.0"
"Pujols, Albert",405395,2019,39,491,545,120,75,22,0,23,68,43,12.5,7.9,".244",".430",".305","0.735","0.186","211","1299","510","2085",".252",".430",".308",".321",".000","-0.013","88.3","12.5",26.5,6.5,36.6,"98.702028255","93.397586981",59.7,11,30.2,69.8,89,18.2,44.5,"22.5"
"Cabrera, Miguel",408234,2019,36,493,549,139,106,21,0,12,108,48,19.7,8.7,".282",".398",".346","0.744","0.116","196","1297","396","2033",".271",".437",".318",".332","-0.039","-0.014","90.3","12.3",38.5,6.9,44.4,"100.398112564","94.438305641",68,14.6,40.8,59.2,85.4,24.4,49.6,"23.5"
"Mathis, Jeff",425772,2019,36,228,244,36,25,9,0,2,87,15,35.7,6.1,".158",".224",".209","0.433","0.066","51","620","258","937",".160",".219",".190",".192",".005","-0.002","86.1","16.9",29.6,1.7,26.4,"95.748303043","91.877173188",69.1,30.4,49.7,50.3,69.6,36.7,52.1,"25.7"
"Choo, Shin-Soo",425783,2019,36,563,660,149,92,31,2,24,165,78,25,11.8,".265",".455",".371","0.826","0.190","256","1588","528","2707",".264",".476",".353",".364","-0.021","-0.011","91.9","9.2",31.8,9.2,49,"102.002794264","95.652745761",65,20.9,55.3,44.7,79.1,29.3,42.4,"26.6"
"Molina, Yadier",425877,2019,36,419,452,113,79,24,0,10,58,23,12.8,5.1,".270",".399",".312","0.711","0.129","167","1046","378","1617",".271",".435",".303",".322","-0.036","-0.019","87.4","13.9",40.7,4.1,35,"96.859216201","92.459737059",75.6,14.8,26.3,73.7,85.2,18.9,55.8,"22.7"
"Canó, Robinson",429664,2019,36,389,422,100,59,28,0,13,68,25,16.1,5.9,".257",".429",".308","0.737","0.172","167","959","364","1480",".281",".449",".309",".331","-0.020","-0.022","90.9","7.4",33.6,7.8,46.3,"101.525934815","95.073836935",74.3,10.8,35.3,64.7,89.2,19.6,53.4,"24.6"
"Encarnación, Edwin",429665,2019,36,418,486,102,50,18,0,34,103,58,21.2,11.9,".244",".531",".344","0.875","0.287","222","1278","391","2151",".247",".525",".362",".365",".006","-0.003","90.1","22.5",34.6,14.3,42.4,"101.17625057","94.725991171",65.8,20.3,37.5,62.5,79.7,25.9,43.5,"24.9"
"Jones, Adam",430945,2019,33,485,528,126,84,25,1,16,101,31,19.1,5.9,".260",".414",".313","0.727","0.154","201","1291","605","1923",".257",".432",".308",".319","-0.018","-0.011","86.2","13.5",31.3,7.3,31,"97.264484508","92.647410494",72.3,14.8,45.5,54.5,85.2,26.7,54.5,"26.8"
"Martin, Russell",431145,2019,36,209,249,46,35,5,0,6,60,30,24.1,12,".220",".330",".337","0.667","0.110","69","630","200","1066",".218",".347",".295",".305","-0.017","-0.010","88.2","11.2",25.8,6,34,"98.385595","93.247893265",61.4,18.5,60.5,39.5,81.5,27,40.3,"26.0"
"Granderson, Curtis",434158,2019,38,317,363,58,28,17,1,12,98,41,27,11.3,".183",".356",".281","0.637","0.173","113","948","273","1571",".214",".388",".275",".307","-0.032","-0.032","88.8","19.4",38.5,7.7,34.8,"97.697461927","93.012019679",59.5,14.8,47.8,52.2,85.2,24.8,39.8,"26.5"
"Morales, Kendrys",434778,2019,36,170,201,33,28,2,1,2,26,26,12.9,12.9,".194",".253",".313","0.566","0.059","43","491","128","833",".274",".444",".264",".365","-0.191","-0.101","91.3","9.5",29,7.5,44.8,"101.059318356","94.744231931",58.8,11.9,33,67,88.1,17.9,39.5,"23.5"
"Kendrick, Howie",435062,2019,35,334,370,115,74,23,1,17,49,27,13.2,7.3,".344",".572",".395","0.967","0.228","191","898","307","1397",".332",".614",".400",".418","-0.042","-0.018","91.7","10.8",36.9,11.8,48.3,"102.231581655","95.726170346",64,8.6,33.6,66.4,91.4,17,47.5,"25.3"
"Kinsler, Ian",435079,2019,37,258,281,56,35,12,0,9,54,19,19.2,6.8,".217",".368",".278","0.646","0.151","95","685","163","1082",".206",".304",".277",".254",".064",".023","84.3","17.3",33.7,1.6,23.4,"94.48613099","91.246012376",68.2,14.7,31.1,68.9,85.3,19,47.6,"26.2"
"McCann, Brian",435263,2019,35,277,316,69,48,9,0,12,53,31,16.8,9.8,".249",".412",".323","0.735","0.163","114","779","280","1281",".237",".400",".311",".313",".012","-0.002","88.8","11.4",32.2,6,35.2,"98.12994","93.223699563",64.9,15.6,25.4,74.6,84.4,19,44,"22.1"
"Walker, Neil",435522,2019,33,337,381,88,60,19,1,8,77,42,20.2,11,".261",".395",".344","0.739","0.134","133","929","296","1502",".267",".429",".319",".339","-0.034","-0.020","86.2","11.7",40.6,7,31,"96.257698626","92.144668659",67.4,17.2,43.4,56.6,82.8,26.6,46.5,"25.6"
"Suzuki, Kurt",435559,2019,35,280,309,74,46,11,0,17,36,20,11.7,6.5,".264",".486",".324","0.810","0.222","136","668","310","1053",".277",".455",".337",".338",".031","-0.001","86","18.9",39.7,7.1,32.4,"97.198997419","92.618344818",74.2,10.5,38.9,61.1,89.5,18.7,51.9,"25.2"
"Desmond, Ian",435622,2019,33,443,482,113,58,31,4,20,119,34,24.7,7.1,".255",".479",".310","0.789","0.224","212","1165","337","1830",".270",".478",".328",".339",".001","-0.011","90.9","8.7",32.4,11.1,42.5,"102.261864356","95.3313524",68.5,17.6,47.5,52.5,82.4,26.6,46,"27.5"
"Cruz, Nelson",443558,2019,38,453,520,141,74,26,0,41,130,56,25,10.8,".311",".640",".393","1.033","0.329","290","1225","374","2114",".290",".638",".418",".416",".002",".002","93.7","13.1",38.3,21.5,51.5,"105.351946319","97.322233957",69.9,21.9,54.4,45.6,78.1,32.5,46.2,"25.3"
"Peralta, David",444482,2019,31,382,423,105,61,29,3,12,87,35,20.6,8.3,".275",".461",".343","0.804","0.186","176","1014","482","1562",".246",".379",".338",".304",".082",".034","90.1","6.4",29.1,5.9,40.9,"100.762306892","94.542203682",68.9,15.2,39.7,60.3,84.8,24.4,50.4,"26.9"
"Piña, Manny",444489,2019,32,158,179,36,21,8,0,7,50,16,27.9,8.9,".228",".411",".313","0.724","0.183","65","469","160","747",".226",".406",".308",".306",".005",".002","88.5","16.2",44,9.2,34.3,"98.190509444","93.132957685",65.3,21.7,39.2,60.8,78.3,27.2,45.2,"25.4"
"Jay, Jon",445055,2019,34,165,182,44,36,8,0,0,30,8,16.5,4.4,".267",".315",".311","0.626","0.048","52","482","133","712",".252",".325",".275",".276","-0.010","-0.001","83.1","5.8",36.2,1.6,12.8,"92.441222687","90.33245903",66.7,9.7,29.7,70.3,90.3,15.9,50.4,"24.9"
"Prado, Martín",445988,2019,35,245,260,57,46,9,0,2,41,12,15.8,4.6,".233",".294",".265","0.559","0.061","72","664","136","1010",".253",".338",".243",".273","-0.044","-0.030","87","8.3",31.9,0.5,28.5,"96.085245962","92.064252512",58.3,6.3,30.2,69.8,93.7,13.9,43.6,"25.6"
"Wieters, Matt",446308,2019,33,168,183,36,21,4,0,11,47,12,25.7,6.6,".214",".435",".268","0.703","0.221","73","464","158","763",".217",".399",".292",".285",".036",".007","88.8","13.8",31.7,7.8,34.1,"98.062080806","93.343596423",64.1,19.8,31.6,68.4,80.2,23.8,44.7,"23.7"
"Longoria, Evan",446334,2019,33,453,508,115,74,19,2,20,112,43,22,8.5,".254",".437",".325","0.762","0.183","198","1274","499","2018",".269",".491",".322",".351","-0.054","-0.029","89.7","14",35.8,7.8,40.8,"99.366085607","93.904958902",64.7,21.2,34.9,65.1,78.8,25.7,46.8,"26.4"
"Reynolds, Mark",448602,2019,35,135,162,23,12,7,0,4,57,22,35.2,13.6,".170",".311",".290","0.601","0.141","42","400","152","665",".166",".296",".267",".272",".015","-0.005","88.9","17.5",33.3,6.7,37,"99.064327805","93.801911728",66.9,28.5,63.9,36.1,71.5,38.4,44.7,"25.3"
"Davis, Chris",448801,2019,33,307,352,55,34,9,0,12,139,39,39.5,11.1,".179",".326",".276","0.602","0.147","100","920","325","1524",".202",".369",".263",".292","-0.043","-0.029","89.1","14.1",39.8,10.8,39.2,"98.670081163","93.560342924",57.4,25.6,63.7,36.3,74.4,38,40.4,"24.8"
"Zobrist, Ben",450314,2019,38,150,176,39,33,5,0,1,24,23,13.6,13.1,".260",".313",".358","0.671","0.053","47","402","81","710",".244",".317",".303",".303","-0.004",".000","85.8","5.3",25,0.9,23.4,"95.067698906","91.56974189",54.7,8.6,29.1,70.9,91.4,15.7,34.9,"26.7"
"Fowler, Dexter",451594,2019,33,487,574,116,72,24,1,19,142,74,24.7,12.9,".238",".409",".346","0.755","0.171","199","1392","502","2417",".251",".423",".326",".340","-0.014","-0.014","85.5","12.9",40.6,7.9,28.7,"96.524358779","92.292498076",66.9,21.2,41.5,58.5,78.8,27.1,42.9,"27.7"
"Flowers, Tyler",452095,2019,33,271,310,62,37,11,3,11,105,31,33.9,10,".229",".413",".319","0.732","0.184","112","768","286","1237",".196",".380",".310",".289",".033",".021","90.1","11.1",31.5,12.1,41.1,"100.657357857","94.469272262",68.3,28.6,56.3,43.7,71.4,36.7,47,"25.1"
"Pence, Hunter",452254,2019,36,286,316,85,49,17,1,18,69,26,21.8,8.2,".297",".552",".358","0.910","0.255","158","774","299","1245",".283",".518",".377",".365",".034",".012","91.5","9.9",36.1,10,42.6,"102.338578519","95.514528519",73.5,24.9,41.4,58.6,75.1,31.5,51.3,"28.6"
"Cabrera, Asdrúbal",452678,2019,33,447,514,116,72,25,1,18,103,57,20,11.1,".260",".441",".342","0.783","0.181","197","1263","404","2089",".238",".408",".331",".317",".033",".014","89.1","14.4",37.3,6.1,35.3,"97.630785829","92.935685272",66.6,16.2,32,68,83.8,20.6,45.5,"25.4"
"Blackmon, Charlie",453568,2019,32,580,634,182,101,42,7,32,104,40,16.4,6.3,".314",".576",".364","0.940","0.262","334","1531","415","2362",".295",".525",".387",".367",".051",".020","88.7","14.6",36.8,8.8,40.3,"99.698822","94.031157328",70.4,13.7,32.7,67.3,86.3,19.7,49.9,"26.8"
"Frazier, Todd",453943,2019,33,447,499,112,70,19,2,21,106,40,21.2,8,".251",".443",".329","0.772","0.192","198","1199","398","1991",".235",".409",".328",".313",".034",".015","88.3","17.1",34.6,8,38.3,"99.05753071","93.661440237",62.2,16.4,44.9,55.1,83.6,25.6,42.9,"25.3"
"Iannetta, Chris",455104,2019,36,144,164,32,16,10,0,6,54,18,32.9,11,".222",".417",".311","0.728","0.195","60","407","113","672",".229",".415",".303",".314",".002","-0.011","92.1","8.7",36.3,14.3,51.6,"105.150696957","97.245671319",67.1,25.3,76.9,23.1,74.7,34.6,43,"24.8"
"Maldonado, Martín",455117,2019,32,333,374,71,40,19,0,12,86,32,23,8.6,".213",".378",".293","0.671","0.165","126","912","310","1427",".215",".387",".288",".297","-0.009","-0.009","88.2","12.7",26.4,8.5,35.1,"98.430155122","93.25868249",62.9,14.9,45.4,54.6,85.1,24.6,45.6,"24.2"
"Chirinos, Robinson",455139,2019,35,366,437,87,47,22,1,17,125,51,28.6,11.7,".238",".443",".347","0.790","0.205","162","1063","422","1727",".214",".392",".336",".315",".051",".021","87","16.9",35.5,8.5,37,"98.433841429","93.240079244",67.8,22.8,54.6,45.4,77.2,33.7,47.1,"25.2"
"Markakis, Nick",455976,2019,35,414,469,118,82,25,2,9,59,47,12.6,10,".285",".420",".356","0.776","0.135","174","1156","352","1872",".298",".430",".332",".350","-0.010","-0.018","91.2","7.3",34.1,3.2,44.3,"100.257436961","94.567590416",60.3,9.5,21.3,78.7,90.5,13.3,41.8,"26.1"
"Castillo, Welington",456078,2019,32,230,251,48,24,12,0,12,74,16,29.5,6.4,".209",".417",".267","0.684","0.208","96","637","229","991",".218",".426",".287",".300","-0.009","-0.013","89.5","13.2",30.4,12.9,42.4,"100.540735316","94.385144873",61.2,19.7,50.4,49.6,80.3,28.7,43.6,"23.8"
"Núñez, Eduardo",456488,2019,32,167,174,38,29,7,0,2,27,4,15.5,2.3,".228",".305",".243","0.548","0.077","51","398","98","596",".239",".311",".233",".247","-0.006","-0.014","87.9","6.6",24.5,1.6,32.9,"98.394789296","93.198387113",72.1,11.3,26.7,73.3,88.7,16.9,53.7,"28.1"
"Cain, Lorenzo",456715,2019,33,562,623,146,105,30,0,11,106,50,17,8,".260",".372",".325","0.697","0.112","209","1547","500","2508",".287",".414",".302",".335","-0.042","-0.033","89.5","6.9",31.1,4.4,42.1,"100.238276903","94.349469379",65.3,9.8,41.6,58.1,90.2,19.2,44.7,"27.8"
"Solano, Donovan",456781,2019,31,215,228,71,53,13,1,4,49,10,21.5,4.4,".330",".456",".360","0.816","0.126","98","628","224","903",".315",".450",".346",".343",".006",".003","87","14.5",46.4,4.5,43.1,"98.720259167","93.451964192",65.8,13.7,28.3,71.7,86.3,19,50.8,"25.9"
"McCutchen, Andrew",457705,2019,32,219,262,56,33,12,1,10,55,43,21,16.4,".256",".457",".378","0.835","0.201","100","652","255","1165",".250",".438",".358",".354",".019",".004","90.6","12.7",32.9,8.1,40.9,"100.045469024","94.285084695",56,17.7,55.8,44.2,82.3,25.7,35.5,"28.8"
"Upton, Justin",457708,2019,31,219,256,47,27,8,0,12,78,32,30.5,12.5,".215",".416",".309","0.725","0.201","91","671","325","1129",".220",".426",".307",".317","-0.010","-0.010","87.2","18.5",35.6,13,37,"99.487771233","93.743885616",63.8,23.4,56.2,43.8,76.6,32.6,43.2,"26.8"
"Maybin, Cameron",457727,2019,32,239,269,68,40,17,0,11,72,30,26.8,11.2,".285",".494",".364","0.858","0.209","118","677","190","1121",".253",".453",".362",".339",".041",".023","89.4","11.8",35.9,10.9,39.5,"99.597751446","93.959264182",61.8,18.6,50.7,49.3,81.4,28.3,41.9,"28.7"
"Turner, Justin",457759,2019,34,479,549,139,88,24,0,27,88,51,16,9.3,".290",".509",".372","0.881","0.219","244","1338","504","2151",".286",".516",".370",".377","-0.007","-0.007","90.3","17.8",38.6,8.5,43,"99.316567333","94.054303103",66.6,13.2,27.7,72.3,86.8,17.2,45.5,"26.1"
"Posey, Buster",457763,2019,32,405,445,104,73,24,0,7,71,34,16,7.6,".257",".368",".320","0.688","0.111","149","1107","406","1765",".248",".408",".298",".310","-0.040","-0.012","88.6","9.1",32.4,5,36.3,"98.089996786","93.215351791",67.8,12,33.1,66.9,88,18.5,47.1,"24.2"
"Bruce, Jay",457803,2019,32,309,332,67,24,17,0,26,81,19,24.4,5.7,".217",".524",".262","0.786","0.307","162","792","402","1228",".250",".553",".319",".347","-0.029","-0.028","90.2","21.6",33.8,15.3,43.7,"101.125155856","94.795881176",80,20.2,49.2,50.8,79.8,30.7,56.3,"26.7"
"Votto, Joey",458015,2019,35,525,608,137,89,32,1,15,123,76,20.2,12.5,".261",".411",".357","0.768","0.150","216","1433","441","2458",".262",".451",".332",".350","-0.040","-0.018","88.9","15.2",40.7,7.4,38.2,"98.39220904","93.284395747",65.6,13.7,37,63,86.3,19.6,41.5,"25.1"
"Gardner, Brett",458731,2019,35,491,550,123,62,26,7,28,108,52,19.6,9.5,".251",".503",".325","0.828","0.252","247","1418","311","2381",".235",".367",".344",".299",".136",".045","87.8","13.8",29.5,4.7,32.7,"97.488521211","92.787581583",55.6,11.5,39.5,60.5,88.5,19.9,38.7,"28.9"
"Joyce, Matt",459964,2019,34,200,238,59,42,10,0,7,45,38,18.9,16,".295",".450",".408","0.858","0.155","90","577","185","999",".270",".438",".372",".360",".012",".012","87.7","16.8",38.1,6.7,33.5,"97.49674013","92.879986948",65.9,20.4,37.9,62.1,79.6,25.5,42.8,"25.9"
"Braun, Ryan",460075,2019,35,459,508,131,76,31,2,22,105,34,20.7,6.7,".285",".505",".343","0.848","0.220","232","1231","480","1875",".268",".472",".354",".339",".033",".015","91.5","7.3",33.3,10.5,45.3,"102.052932898","95.456152393",72,13.1,43.9,56.1,86.9,24.9,51.6,"26.6"
"Gordon, Alex",460086,2019,35,556,633,148,103,31,1,13,100,51,15.8,8.1,".266",".396",".345","0.741","0.130","220","1439","536","2350",".255",".422",".319",".330","-0.026","-0.011","88.7","9.3",33.7,5.7,38.4,"98.714198996","93.515087773",70.9,14.2,40.8,59.2,85.8,21.8,48.1,"25.4"
"Andrus, Elvis",462101,2019,30,600,648,165,122,27,4,12,96,34,14.8,5.2,".275",".393",".313","0.706","0.118","236","1608","499","2528",".272",".401",".300",".311","-0.008","-0.011","88.4","7.2",32.5,3.8,34.8,"98.037067647","93.090040864",61,9.6,36.8,63.2,90.4,19.6,46.4,"26.7"
"Cervelli, Francisco",465041,2019,33,141,160,30,18,8,1,3,41,13,25.6,8.1,".213",".348",".302","0.650","0.135","49","393","142","640",".204",".348",".285",".285",".000",".000","86.9","12",35.6,6.1,31.7,"96.6472466","92.3236233",63.6,17.3,48.4,51.6,82.7,24.6,42.5,"25.2"
"Cabrera, Melky",466320,2019,34,378,397,106,76,22,1,7,41,17,10.3,4.3,".280",".399",".313","0.712","0.119","151","893","388","1359",".280",".381",".301",".300",".018",".001","88.2","8.9",32.8,2.3,33,"98.235874132","93.127403623",72,8.5,27.1,72.9,91.5,15.6,52.2,"25.9"
"Sandoval, Pablo",467055,2019,32,272,296,73,36,23,0,14,67,18,22.6,6.1,".268",".507",".313","0.820","0.239","138","745","353","1137",".271",".474",".336",".335",".033",".001","89.8","10.9",37.1,12.6,44.7,"102.585228252","95.645906942",75.8,21.4,34.4,65.6,78.6,26.5,54.7,"24.3"
"Ramos, Wilson",467092,2019,31,473,524,136,103,19,0,14,69,44,13.2,8.4,".288",".416",".351","0.767","0.128","197","1110","435","1720",".262",".398",".327",".314",".018",".013","90","-0.1",25.8,4.9,42.5,"100.551024657","94.552424005",74.9,13.8,34.3,65.7,86.2,20.5,53.9,"22.9"
"Santana, Carlos",467793,2019,33,573,686,161,96,30,1,34,108,108,15.7,15.7,".281",".515",".397","0.912","0.234","295","1561","339","2793",".266",".481",".380",".367",".034",".013","91.8","11.7",29.1,10.3,44.9,"101.70770382","95.190037742",63.8,15.4,35.6,64.4,84.6,20.4,39.5,"25.7"
"Parra, Gerardo",467827,2019,32,274,301,64,40,14,1,9,59,19,19.6,6.3,".234",".391",".293","0.684","0.157","107","688","310","1076",".243",".382",".288",".296",".009","-0.008","86.2","10.2",35.8,4.9,21.6,"95.14028514","91.596039296",71.8,14.3,38.3,61.7,85.7,22.7,50,"26.4"
"González, Carlos",471865,2019,33,145,166,29,23,3,0,3,52,18,31.3,10.8,".200",".283",".289","0.572","0.083","41","394","134","635",".203",".323",".254",".273","-0.040","-0.019","87.6","1.4",28.4,6.9,34.7,"99.800495957","93.900247979",71.6,26.9,48.8,51.2,73.1,35.4,50.7,"27.0"
"Mercer, Jordy",474568,2019,32,256,271,69,44,16,0,9,57,13,21,4.8,".270",".438",".310","0.748","0.168","112","698","184","1082",".261",".445",".314",".315","-0.007","-0.001","86.9","13.2",37.2,7.2,36.2,"98.1160568","93.092855879",56.4,12.4,38.3,61.7,87.6,21,41.4,"26.4"
"Belt, Brandon",474832,2019,31,526,616,123,71,32,3,17,127,83,20.6,13.5,".234",".403",".339","0.742","0.169","212","1481","618","2514",".242",".457",".319",".346","-0.054","-0.027","87.3","22.4",41.4,9.2,35.7,"97.86413404","92.972052601",75.4,15.4,42.2,57.8,84.6,22.8,46.3,"24.8"
"Alonso, Yonder",475174,2019,32,292,335,58,35,13,0,10,70,39,20.9,11.6,".199",".346",".296","0.642","0.147","101","817","300","1370",".231",".374",".277",".304","-0.028","-0.027","88.1","14.1",32.6,5.7,39.3,"99.496347857","93.805879821",70.9,15.8,45.5,54.5,84.2,24.9,47.2,"23.2"
"Smoak, Justin",475253,2019,32,414,500,86,48,16,0,22,106,79,21.2,15.8,".208",".406",".342","0.748","0.198","168","1165","375","2044",".249",".491",".323",".368","-0.085","-0.045","90.3","16.7",37.5,12.1,39.8,"99.901978766","94.097331558",63.5,14.3,50,50,85.7,23.9,39.7,"23.5"
"Zimmerman, Ryan",475582,2019,34,171,190,44,29,9,0,6,39,17,20.5,8.9,".257",".415",".321","0.736","0.158","71","442","157","751",".248",".444",".313",".325","-0.029","-0.012","91.4","9.7",32.8,7.9,49.3,"102.074712388","95.398411343",56.7,15.9,45.5,54.5,84.1,26.6,40.6,"26.2"
"Avila, Alex",488671,2019,32,164,201,34,17,8,0,9,68,36,33.8,17.9,".207",".421",".353","0.774","0.214","69","478","180","857",".230",".499",".323",".360","-0.078","-0.037","91.4","9.4",42.7,19.4,49,"99.813964167","94.602651146",57.1,28.2,77.2,22.8,71.8,37.4,35.2,"24.6"
"Brantley, Michael",488726,2019,32,575,637,179,115,40,2,22,66,51,10.4,8,".311",".503",".372","0.875","0.192","289","1463","334","2316",".294",".474",".367",".358",".029",".009","88.8","10.6",36.3,5.9,37.3,"98.944887791","93.592931345",61,5.4,23.9,76.1,94.6,10.7,43.8,"26.4"
"Castro, Jason",488771,2019,32,237,275,55,33,9,0,13,88,33,32,12,".232",".435",".332","0.767","0.203","103","664","237","1146",".246",".517",".328",".363","-0.082","-0.035","91.8","14.4",41.7,18.3,47,"102.293181067","95.491659467",67.7,30.2,57.1,42.9,69.8,37.1,45.2,"26.2"
"Gurriel, Yuli",493329,2019,35,564,612,168,95,40,2,31,65,37,10.6,6,".298",".541",".343","0.884","0.243","305","1373","376","2085",".281",".416",".364",".322",".125",".042","89.3","14.3",33.5,4,38.1,"99.115304494","93.675495972",66.7,9.5,24.5,75.5,90.5,14.8,49.7,"27.6"
"Beckham, Gordon",493596,2019,32,223,240,48,27,13,2,6,68,13,28.3,5.4,".215",".372",".271","0.643","0.157","83","645","190","987",".216",".376",".274",".278","-0.004","-0.004","86.2","14.1",36.8,9.6,36.8,"97.900013077","92.982090516",68.6,22.6,38,62,77.4,27.7,50.5,"26.5"
"Rodríguez, Ronny",500135,2019,27,276,294,61,32,12,3,14,82,13,27.9,4.4,".221",".438",".252","0.690","0.217","121","723","248","1045",".222",".431",".283",".289",".007","-0.006","88.9","16.2",29.6,8.6,40.4,"99.725441875","93.96272089",69.7,24.7,48.7,51.3,75.3,35.9,55.7,"27.4"
"Rojas, Miguel",500743,2019,30,483,526,137,102,29,1,5,62,32,11.8,6.1,".284",".379",".331","0.710","0.095","183","1217","337","1867",".266",".364",".305",".299",".015",".006","87.4","9.1",31.9,2.7,28.8,"96.91060967","92.477684269",64.4,10,30.6,69.4,90,16.5,47.1,"26.3"
"Escobar, Eduardo",500871,2019,30,636,699,171,97,29,10,35,130,50,18.6,7.2,".269",".511",".320","0.831","0.242","325","1774","811","2691",".254",".464",".341",".326",".047",".015","87.8","18.4",38.6,7.5,31.4,"96.833323953","92.47242407",71.4,17.8,35.1,64.9,82.2,24.8,52.6,"27.6"
"Martínez, José A.",500874,2019,30,334,373,90,65,13,2,10,82,35,22,9.4,".269",".410",".340","0.750","0.141","137","955","364","1567",".273",".469",".323",".348","-0.059","-0.025","88.9","6.9",36.6,7.5,39.3,"100.266536429","94.245312311",61.3,17.6,34.9,65.1,82.4,23,43.3,"26.2"
"Adrianza, Ehire",501303,2019,29,202,236,55,39,8,3,5,40,20,16.9,8.5,".272",".416",".349","0.765","0.144","84","535","115","870",".265",".392",".326",".325",".024",".001","86.6","14.9",36.9,3.8,28,"96.524154146","92.27921122",69.4,12.6,30.5,69.5,87,18.2,48.7,"26.4"
"Lagares, Juan",501571,2019,30,259,286,55,37,12,1,5,76,22,26.6,7.7,".212",".324",".278","0.602","0.112","84","724","254","1093",".210",".296",".257",".253",".028",".004","88.3","11.2",33.3,3.7,34.4,"98.32039382","93.227372599",68.1,15,41.7,58.3,85,24.7,49.7,"27.9"
"Freese, David",501896,2019,36,162,186,51,27,13,0,11,44,23,23.7,12.4,".315",".599",".403","1.002","0.284","97","471","214","748",".285",".529",".415",".384",".070",".031","91.5","11",36.4,16.2,50.4,"101.869765254","95.522423932",63.1,20.8,45.8,54.2,79.2,28.7,44.8,"25.6"
"Davis, Khris",501981,2019,31,481,533,106,72,11,0,23,146,47,27.4,8.8,".220",".387",".293","0.680","0.167","186","1274","678","2066",".232",".436",".289",".317","-0.049","-0.028","90.2","13.1",31.5,10.6,40.4,"100.123268606","94.332532128",79.8,26.6,57.4,42.6,73.4,34.9,51.8,"25.6"
"Pham, Tommy",502054,2019,31,567,654,155,99,33,2,21,123,81,18.8,12.4,".273",".450",".369","0.819","0.177","255","1522","347","2604",".270",".455",".349",".354","-0.005","-0.005","90.9","5.2",29.7,8.5,45,"101.772675315","95.171833612",61.7,12.7,46.8,53.2,87.3,20.2,38.4,"28.7"
"Martinez, J.D.",502110,2019,31,575,657,175,104,33,2,36,138,72,21,11,".304",".557",".383","0.940","0.253","320","1539","491","2463",".306",".575",".386",".400","-0.018","-0.014","91.4","12.5",41.9,12.5,48.3,"102.267810181","95.582029229",72.7,16.4,48.1,51.9,83.6,26.7,49.5,"26.7"
"Reddick, Josh",502210,2019,32,501,550,138,102,19,3,14,66,36,12,6.5,".275",".409",".319","0.728","0.134","205","1283","394","1993",".275",".399",".308",".317",".010","-0.009","86.1","15.8",36,3.8,29.4,"96.674681023","92.339940093",74.2,9.3,27.9,72.1,90.6,14.8,51.3,"26.7"
"Freeman, Mike",502273,2019,31,177,213,49,37,8,0,4,61,22,28.6,10.3,".277",".390",".362","0.752","0.113","69","541","124","845",".214",".296",".327",".277",".094",".050","85.6","8.9",35.7,2.6,27.8,"96.204765172","92.107119483",60.7,18.2,44.4,55.6,81.8,25.1,44.3,"27.9"
"Dyson, Jarrod",502481,2019,34,400,452,92,72,11,2,7,86,47,19,10.4,".230",".320",".313","0.633","0.090","128","1044","452","1699",".220",".294",".281",".273",".026",".008","83.9","9.6",29.3,1.7,21.8,"94.212458882","91.256488845",64,14.6,41.2,58.8,85.4,21.4,43.2,"28.4"
"Murphy, Daniel",502517,2019,34,438,478,122,73,35,1,13,74,32,15.5,6.7,".279",".452",".328","0.780","0.173","198","1177","299","1821",".249",".369",".328",".290",".083",".038","86.3","14.8",36.7,2.6,28.3,"95.939515543","91.973685299",68.6,8.3,28.8,71.2,91.7,15,48.3,"25.7"
"Goldschmidt, Paul",502671,2019,31,597,682,155,95,25,1,34,166,78,24.3,11.4,".260",".476",".346","0.822","0.216","284","1770","672","2888",".259",".512",".346",".361","-0.036","-0.015","90.1","15.4",36.4,12.3,42.4,"101.099060419","94.813832214",66.7,22.3,34.9,65.1,77.7,26.3,46.5,"26.6"
"Gonzalez, Marwin",503556,2019,30,425,463,112,78,19,0,15,98,31,21.2,6.7,".264",".414",".322","0.736","0.150","176","1146","303","1783",".262",".436",".313",".323","-0.022","-0.010","90.7","11",35.1,7,44,"100.17183773","94.492499015",68.3,15.8,38.2,61.8,84.2,23.9,50,"25.8"
"León, Sandy",506702,2019,30,172,191,33,25,3,0,5,47,13,24.6,6.8,".192",".297",".251","0.548","0.105","51","483","132","758",".169",".243",".239",".222",".054",".017","85.4","20.8",32.3,1.8,25.4,"95.365804603","91.71542384",61.9,13.2,34.5,65.5,86.8,20.4,45.3,"23.5"
"Altuve, Jose",514888,2019,29,500,548,149,88,27,3,31,82,41,15,7.5,".298",".550",".353","0.903","0.252","275","1256","367","1994",".268",".485",".374",".343",".065",".031","87.4","9.7",28.2,9.2,34.5,"98.232746332","93.15652902",67.8,15.3,31.5,68.5,84.7,20.7,47.6,"28.6"
"Hernández, César",514917,2019,29,612,667,171,123,31,3,14,100,45,15,6.7,".279",".408",".333","0.741","0.129","250","1647","624","2600",".264",".375",".315",".302",".033",".013","86","9.5",32,3,28.3,"96.063685391","92.063206289",64.6,10.9,31.5,68.5,89.1,17.2,46,"28.7"
"Segura, Jean",516416,2019,29,576,618,161,108,37,4,12,73,30,11.8,4.9,".280",".420",".323","0.743","0.140","242","1469","500","2232",".270",".401",".315",".310",".019",".005","88.2","7.2",31,3.6,32.7,"98.140826245","93.158728356",60.8,7.7,24.9,75.1,92.3,14.6,47.5,"27.5"
"Castro, Starlin",516770,2019,29,636,676,172,115,31,4,22,111,28,16.4,4.1,".270",".436",".300","0.736","0.166","277","1612","430","2485",".268",".436",".307",".314",".000","-0.007","88.5","11",29.6,6.5,37.7,"99.25870618","93.71512167",67.5,12.2,33.8,66.2,87.8,19.1,49.2,"26.9"
"Marte, Starling",516782,2019,30,539,586,159,99,31,6,23,94,25,16,4.3,".295",".503",".342","0.845","0.208","271","1363","601","2127",".292",".500",".353",".357",".003","-0.004","88.6","8.2",31.3,8.8,38.6,"100.167259491","94.183408704",76.9,17.2,41,59,82.8,25.1,53.7,"29.0"
"d'Arnaud, Travis",518595,2019,30,351,391,88,56,16,0,16,85,32,21.7,8.2,".251",".433",".312","0.745","0.182","152","977","244","1506",".258",".450",".314",".332","-0.017","-0.018","90","14.6",33.8,8.5,39.7,"100.203373676","94.327140037",69.5,20.3,38.9,61.1,79.7,26.3,50.5,"26.9"
"Descalso, Daniel",518614,2019,32,168,194,29,21,5,1,2,57,23,29.4,11.9,".173",".250",".271","0.521","0.077","42","492","165","818",".192",".298",".238",".266","-0.048","-0.028","88.8","11.4",31,5.2,31,"97.119616909","92.593709273",63.3,19.6,55.3,44.7,80.4,28.8,40.3,"26.3"
"Dietrich, Derek",518618,2019,29,251,306,47,18,8,2,19,74,28,24.2,9.2,".187",".462",".328","0.790","0.275","116","751","328","1199",".220",".422",".334",".342",".040","-0.008","87.2","20.7",34.3,11.8,31.4,"98.731933294","93.378876176",71.4,23.6,46.4,53.6,76.4,30.6,49,"26.6"
"Donaldson, Josh",518626,2019,33,549,659,142,72,33,0,37,155,100,23.5,15.2,".259",".521",".379","0.900","0.262","286","1584","628","2742",".262",".530",".377",".385","-0.009","-0.008","92.9","13.3",33.3,17.3,50.5,"103.481444646","96.329034343",69.2,25.8,39.9,60.1,74.2,29.9,43.9,"25.8"
"Freeman, Freddie",518692,2019,29,597,692,176,102,34,2,38,127,87,18.4,12.6,".295",".549",".389","0.938","0.254","328","1669","665","2750",".291",".565",".387",".394","-0.016","-0.007","89.7","14.4",40,12.9,42.5,"100.291077106","94.346356255",80.6,19.7,34.4,65.6,80.3,24.3,52.1,"26.5"
"Grandal, Yasmani",518735,2019,30,513,632,126,70,26,2,28,139,109,22,17.2,".246",".468",".380","0.848","0.222","240","1591","497","2733",".243",".480",".361",".368","-0.012","-0.007","90.7","14.2",37.5,12.4,41.8,"101.083447676","94.798444108",58.9,16.9,44.9,55.1,83.1,25.5,38.5,"24.2"
"Heyward, Jason",518792,2019,29,513,589,129,84,20,4,21,110,68,18.7,11.5,".251",".429",".343","0.772","0.178","220","1355","464","2231",".256",".398",".328",".323",".031",".005","88.8","11.3",31.8,6.3,36.5,"99.605955423","93.856621272",66.3,16.2,35,65,83.8,22.7,45.5,"27.4"
"LeMahieu, DJ",518934,2019,30,602,655,197,136,33,2,26,90,46,13.7,7,".327",".518",".375","0.893","0.191","312","1542","357","2463",".317",".524",".375",".378","-0.006","-0.003","91.9","6.6",36.2,8.1,48.7,"101.290348333","95.241788097",64.5,10.8,28.1,71.9,89.2,16,45.6,"26.7"
"Lucroy, Jonathan",518960,2019,33,293,328,68,49,10,1,8,51,27,15.5,8.2,".232",".355",".305","0.660","0.123","104","867","318","1351",".238",".366",".286",".299","-0.011","-0.013","86.9","12.5",31,3.2,32.5,"97.427466639","92.740217257",53.2,7.7,30.6,69.4,92.3,14.5,39.2,"25.4"
"Moreland, Mitch",519048,2019,33,298,335,75,38,17,1,19,74,34,22.1,10.1,".252",".507",".328","0.835","0.255","151","830","308","1348",".256",".494",".347",".352",".013","-0.005","90.8","10.1",33.2,12.3,45.6,"101.731563274","95.18590146",75,19.1,52,48,80.9,28,49,"25.0"
"Moustakas, Mike",519058,2019,30,523,584,133,67,30,1,35,98,53,16.8,9.1,".254",".516",".329","0.845","0.262","270","1394","538","2233",".261",".505",".348",".350",".011","-0.002","89.5","17.4",32.3,11.5,40.8,"100.616091659","94.477699005",72,17.7,38.1,61.9,82.3,24.9,49.9,"25.7"
"Rizzo, Anthony",519203,2019,29,512,613,150,91,29,3,27,86,71,14,11.6,".293",".520",".405","0.925","0.227","266","1498","487","2470",".297",".487",".390",".386",".033",".004","89","12.6",36.8,7.5,37,"100.200593521","94.167510706",63.7,13.7,28.7,71.3,86.3,19.7,45.7,"25.3"
"Romine, Austin",519222,2019,30,228,240,64,44,12,0,8,50,10,20.8,4.2,".281",".439",".310","0.749","0.158","100","581","209","871",".258",".427",".315",".305",".012",".010","88.6","10.6",29.4,7.2,40.6,"101.300982222","94.748560559",76.2,14.4,39.3,60.7,85.6,22.8,56.8,"25.8"
"Sogard, Eric",519299,2019,33,396,442,115,77,23,2,13,63,38,14.3,8.6,".290",".457",".353","0.810","0.167","181","1106","202","1751",".267",".376",".342",".310",".081",".032","85.7","19.3",40.7,2.3,20.4,"94.087467711","91.057566737",55.3,6,21.9,78.1,94,11.1,39.1,"26.2"
"Thames, Eric",519346,2019,32,396,459,98,48,23,2,25,140,51,30.5,11.1,".247",".505",".346","0.851","0.258","200","1157","457","1881",".223",".430",".354",".325",".075",".029","90.9","19",36,9.7,44.2,"100.581451032","94.612173187",70.6,21.2,54.9,45.1,78.8,32.4,47.2,"26.7"
"Vogt, Stephen",519390,2019,34,255,280,67,31,24,2,10,66,20,23.6,7.1,".263",".490",".314","0.804","0.227","125","735","271","1121",".251",".485",".331",".330",".005",".001","89.8","22.4",37.3,11,41.1,"99.381285625","93.80900125",69,19.2,38.2,61.8,80.8,26.8,50.8,"26.5"
"Galvis, Freddy",520471,2019,29,556,588,145,93,28,1,23,144,28,24.5,4.8,".261",".439",".296","0.735","0.178","244","1553","538","2288",".236",".384",".308",".281",".055",".027","88.8","14.7",31.8,6,36.4,"97.641622","92.96163978",72.7,21.1,41,59,78.9,28.5,54.5,"25.9"
"Forsythe, Logan",523253,2019,32,317,367,72,47,17,1,7,100,44,27.2,12,".227",".353",".325","0.678","0.126","112","947","212","1665",".235",".404",".298",".321","-0.051","-0.023","89.2","12.3",39.7,5.9,40.1,"98.349886972","93.432547143",53.1,17.6,38.9,61.1,82.1,21.3,32.7,"27.3"
"Flores, Wilmer",527038,2019,27,265,285,84,57,18,0,9,31,15,10.9,5.3,".317",".487",".361","0.848","0.170","129","711","220","1105",".285",".436",".358",".331",".051",".027","87.4","16.4",36.6,5.4,30.6,"96.623078898","92.337248851",62.1,7.8,17.4,82.6,92.2,10.8,45.9,"25.3"
"García, Avisaíl",541645,2019,28,489,530,138,91,25,2,20,125,31,23.6,5.8,".282",".464",".332","0.796","0.182","227","1239","456","1894",".271",".492",".334",".343","-0.028","-0.009","89.5","9.8",34.1,12.4,40.3,"102.26663962","95.27715218",81.4,20.7,52.8,47.2,79.3,32,56.4,"28.8"
"Pérez, Hernán",541650,2019,28,232,246,53,34,11,0,8,66,11,26.8,4.5,".228",".379",".262","0.641","0.151","88","652","219","932",".216",".334",".271",".256",".045",".015","88.5","9.3",27.8,4.5,35.9,"98.821071687","93.560488242",68.1,22.4,34.4,65.6,77.6,26.7,53,"27.2"
"Inciarte, Ender",542255,2019,28,199,230,49,31,11,2,5,41,26,17.8,11.3,".246",".397",".343","0.740","0.151","79","579","188","902",".232",".317",".318",".291",".080",".027","83","9.7",35.2,2.1,17.6,"92.852376923","90.739017484",69.2,17.7,28.9,71.1,82.3,20.9,49.3,"26.9"
"Ozuna, Marcell",542303,2019,28,485,549,117,64,23,1,29,114,62,20.8,11.3,".241",".472",".328","0.800","0.231","229","1320","452","2260",".281",".529",".336",".376","-0.057","-0.040","91.8","13.5",32.8,13.1,49.2,"102.910036923","95.876849368",68.1,16.7,47.7,52.3,83.3,27.6,44.9,"27.4"
"Villar, Jonathan",542340,2019,28,642,714,176,114,33,5,24,176,61,24.6,8.5,".274",".453",".339","0.792","0.179","291","1798","652","2843",".246",".412",".335",".315",".041",".020","88.9","8.2",30.3,7.6,37.1,"100.064624522","94.076027283",74.2,21,42.8,57.4,78.9,27.5,49.8,"27.9"
"Santana, Danny",542454,2019,28,474,511,134,77,23,6,28,151,25,29.5,4.9,".283",".534",".324","0.858","0.251","253","1294","517","1942",".277",".504",".352",".345",".030",".007","91.4","13.5",37.8,10.3,43.6,"100.974542805","94.798723537",74.5,23.7,47.5,52.5,76.2,32.1,55.8,"27.7"
"Aguilar, Jesús",542583,2019,29,314,369,74,50,12,0,12,81,43,22,11.7,".236",".389",".325","0.714","0.153","122","939","317","1518",".245",".440",".307",".333","-0.051","-0.026","89.4","13.8",33.8,8.1,38.3,"100.181083417","94.208859417",64.1,20.5,36.8,63.2,79.3,26,44.3,"23.5"
"Beckham, Tim",542921,2019,29,304,328,72,35,21,1,15,102,21,31.1,6.4,".237",".461",".293","0.754","0.224","140","853","333","1352",".219",".420",".315",".295",".041",".020","87.2","10.8",33.7,9.5,33.8,"98.720866633","93.392943077",65.1,19.7,52.5,47.5,80.3,30.7,46.3,"26.7"
"Berti, Jon",542932,2019,29,256,287,70,49,14,1,6,73,24,25.4,8.4,".273",".406",".348","0.754","0.133","104","734","165","1171",".258",".378",".326",".316",".028",".010","86.9","5.2",32.1,4,38,"98.903971522","93.495692404",59.9,18.7,42.3,57.7,81.3,24.6,41.6,"29.8"
"Broxton, Keon",542979,2019,29,204,228,34,24,4,0,6,104,20,45.6,8.8,".167",".275",".242","0.517","0.108","56","611","251","970",".162",".284",".229",".233","-0.009","-0.004","88.1","10.3",28.2,6.5,30.1,"98.39266125","93.218946146",66,35.9,66.7,33.3,64.1,44,45.7,"29.2"
"Crawford, Brandon",543063,2019,32,500,560,114,77,24,2,11,117,53,20.9,9.5,".228",".350",".304","0.654","0.122","175","1362","629","2179",".238",".395",".281",".306","-0.045","-0.025","87.8","8.3",36.7,5.9,35.1,"97.781885729","92.971044648",77.4,21.4,45,55,78.6,28.3,51.3,"25.7"
"Cron, C.J.",543068,2019,29,459,500,116,67,24,0,25,108,29,21.6,5.8,".253",".468",".310","0.778","0.215","215","1225","362","1937",".275",".550",".324",".367","-0.082","-0.043","91.1","12.8",34,16.5,45,"103.083095057","95.828876125",69.2,17.5,40.4,59.6,82.5,25.4,50.2,"26.1"
"Dickerson, Alex",543105,2019,29,174,190,48,26,13,3,6,42,13,22.1,6.8,".276",".489",".332","0.821","0.213","85","473","171","718",".269",".477",".341",".347",".012","-0.006","89.9","16.3",37.6,9.6,43.6,"101.06648403","94.823635865",69.9,15.3,44,56,84.7,24,49.9,"26.7"
"Gomes, Yan",543228,2019,31,314,358,70,42,16,0,12,84,38,23.5,10.6,".223",".389",".316","0.705","0.166","122","907","361","1419",".217",".391",".298",".302","-0.002","-0.004","87.6","18.1",32,7.5,36.1,"98.060562348","93.052168304",67.2,19.8,35.4,64.6,80.2,25.5,49.7,"26.6"
"Grossman, Robbie",543257,2019,29,420,482,101,71,21,3,6,86,59,17.8,12.2,".240",".348",".334","0.682","0.108","146","1133","411","1896",".264",".382",".299",".327","-0.034","-0.028","87.7","12.1",36,2.5,30.9,"96.88005241","92.473119157",60.4,9.9,36.1,63.9,90.1,15.5,38.4,"27.5"
"Hicks, Aaron",543305,2019,29,221,255,52,30,10,0,12,72,31,28.2,12.2,".235",".443",".325","0.768","0.208","98","614","180","1071",".207",".380",".325",".296",".063",".029","89.8","14.6",30.3,10.9,36.8,"100.291281316","94.276068026",63.2,22.6,50.4,49.6,77.4,31.5,40.9,"27.6"
"Hicks, John",543308,2019,29,319,333,67,39,15,0,13,109,13,32.7,3.9,".210",".379",".240","0.619","0.169","121","893","324","1249",".201",".350",".259",".248",".029",".011","87.9","16.2",34.1,7.4,29.9,"98.566847308","93.283615337",79,26.4,50.7,49.3,73.6,35.6,62,"26.6"
"Hosmer, Eric",543333,2019,29,619,667,164,111,29,2,22,163,40,24.4,6,".265",".425",".310","0.735","0.160","263","1587","463","2558",".249",".411",".309",".304",".014",".005","90.8","2.1",29.1,7.6,46,"102.123969913","95.383913595",71.8,17.8,47.7,52.3,82.2,28.9,50,"25.8"
"Kipnis, Jason",543401,2019,32,458,511,112,71,23,1,17,88,40,17.2,7.8,".245",".410",".304","0.714","0.165","188","1245","294","1981",".256",".419",".301",".316","-0.009","-0.015","88.1","14.1",33.1,6,34.4,"97.701285761","92.914942527",65.9,11.6,42,58,88.4,20.4,46.3,"26.8"
"McCann, James",543510,2019,29,439,476,120,75,26,1,18,137,30,28.8,6.3,".273",".460",".328","0.788","0.187","202","1292","539","1966",".257",".447",".333",".323",".013",".010","90.2","10.8",36,9.6,44.2,"100.577583974","94.572465629",67.8,18.8,47.5,52.5,81.2,28.7,49.6,"26.2"
"Miller, Brad",543543,2019,29,154,170,40,20,6,1,13,45,15,26.5,8.8,".260",".565",".329","0.894","0.305","87","401","146","659",".242",".519",".368",".348",".046",".020","92.6","17.7",26.6,14.7,46.8,"102.629403962","95.770232264",70.6,24.8,44.8,55.2,75.2,30.6,45.7,"27.3"
"Nola, Austin",543592,2019,29,238,267,64,41,12,1,10,63,23,23.6,8.6,".269",".454",".342","0.796","0.185","108","641","233","1049",".233",".364",".337",".296",".090",".041","87.4","16.3",35,3.6,35.6,"97.969191364","93.060430682",63.4,16.1,43.1,56.9,83.9,23.1,42.4,"27.2"
"Rendon, Anthony",543685,2019,29,545,646,174,93,44,3,34,86,80,13.3,12.4,".319",".598",".412","1.010","0.279","326","1535","562","2613",".310",".590",".413",".414",".008","-0.001","90.4","19.5",38.7,13.2,46.6,"100.105818761","94.364729594",68.2,8.1,27,73,91.9,12.9,43.1,"26.7"
"Semien, Marcus",543760,2019,28,657,747,187,104,43,7,33,102,87,13.7,11.6,".285",".522",".369","0.891","0.237","343","1767","703","2965",".272",".496",".373",".362",".026",".011","88.9","14.9",34,9.3,38.1,"98.394543077","93.291025385",66.5,12.2,38.9,61.1,87.8,18.3,42.2,"28.1"
"Shaw, Travis",543768,2019,29,230,270,36,24,5,0,7,89,36,33,13.3,".157",".270",".281","0.551","0.113","62","706","269","1176",".189",".346",".248",".288","-0.076","-0.040","89.1","24.5",34,8.3,37.9,"99.798239714","94.006399712",65.9,24.2,41.6,58.4,75.8,29.8,45.1,"25.6"
"Springer, George",543807,2019,29,479,556,140,78,20,3,39,113,67,20.3,12.1,".292",".591",".383","0.974","0.299","283","1341","446","2299",".284",".580",".400",".400",".011",".000","89.8","10.5",31.6,15.3,44.8,"102.243162402","95.348781653",69.4,20.1,47.1,52.9,79.9,26.5,44,"28.4"
"Strange-Gordon, Dee",543829,2019,31,393,421,108,87,12,6,3,61,18,14.5,4.3,".275",".359",".304","0.663","0.084","141","968","378","1455",".252",".312",".282",".264",".047",".018","84.2","5.8",28.2,0,19,"93.293252484","90.721132516",74,12.1,24.6,75.4,87.9,15.9,55.3,"28.5"
"Vázquez, Christian",543877,2019,28,482,521,133,83,26,1,23,101,33,19.4,6.3,".276",".477",".320","0.797","0.201","230","1335","312","2013",".247",".438",".331",".310",".039",".021","89.4","13.6",38.5,6.4,40.3,"98.607970314","93.531031811",68.1,14.7,32,68,85.3,20.5,49.9,"25.7"
"Wong, Kolten",543939,2019,28,478,549,136,96,25,4,11,83,47,15.1,8.6,".285",".423",".361","0.784","0.138","202","1234","436","2012",".242",".349",".334",".295",".074",".039","86.1","12.6",28.6,2.6,25.4,"96.025301799","92.013404021",67.8,11.4,33.6,66.4,88.6,18.4,48,"27.6"
"Gregorius, Didi",544369,2019,29,324,344,77,45,14,2,16,53,17,15.4,4.9,".238",".441",".276","0.717","0.203","143","905","265","1378",".242",".402",".297",".292",".039",".005","88","17.7",30.8,6.5,35.5,"98.368135147","93.19498864",77.5,13.4,38,62,86.6,22.5,55.8,"27.7"
"García, Leury",544725,2019,28,577,618,161,123,27,3,8,139,21,22.5,3.4,".279",".378",".310","0.688","0.099","218","1471","579","2163",".242",".351",".294",".272",".027",".022","88.2","6.2",30.3,4.1,29.9,"97.233707717","92.660403959",72.8,16.7,40.3,59.7,83.3,24.6,54.4,"28.5"
"Vargas, Ildemaro",545121,2019,27,201,211,54,38,9,1,6,24,9,11.4,4.3,".269",".413",".299","0.712","0.144","83","498","163","774",".261",".371",".300",".289",".042",".011","87.3","3.5",25.8,3.6,30.3,"96.704520114","92.377253352",60.8,8.2,20.2,79.8,91.8,12.2,44.6,"27.3"
"Grichuk, Randal",545341,2019,27,585,627,136,71,29,5,31,162,35,25.8,5.6,".232",".458",".281","0.739","0.226","268","1561","561","2413",".236",".429",".307",".304",".029",".003","89.3","16",31.3,9.4,39.8,"100.740131792","94.423631368",69.4,16.7,48.8,51.2,83.3,28.1,50.2,"28.1"
"Marisnick, Jake",545350,2019,28,292,318,68,39,16,3,10,95,17,29.9,5.3,".233",".411",".289","0.700","0.178","120","833","328","1258",".201",".332",".297",".259",".079",".038","86.7","11.5",27,4.6,31.2,"98.39839375","93.229621623",73.2,18.3,52.1,47.9,81.7,29.2,52.8,"29.2"
"Trout, Mike",545361,2019,27,470,600,137,63,27,2,45,120,110,20,18.3,".291",".645",".438","1.083","0.354","303","1388","549","2509",".311",".681",".436",".461","-0.036","-0.025","90.9","22.2",43.8,20.9,44.4,"103.466773886","95.970475845",57.8,13.3,36.1,63.9,86.7,19.2,36.8,"29.2"
"Almora Jr., Albert",546991,2019,25,339,363,80,56,11,1,12,62,16,17.1,4.4,".236",".381",".271","0.652","0.145","129","881","317","1317",".254",".385",".271",".285","-0.004","-0.014","86.3","8.5",31,5.3,27.5,"97.073710432","92.557715596",68,13.5,40.6,59.4,86.5,24.2,52.1,"28.3"
"Ruiz, Rio",547004,2019,25,370,413,86,59,13,2,12,88,40,21.3,9.7,".232",".376",".306","0.682","0.144","139","989","340","1594",".230",".355",".294",".292",".021",".002","88.4","11.3",33.7,3,36.5,"98.246970638","93.295943652",69.8,18.1,40.2,59.8,81.9,24.3,46.7,"25.8"
"Wolters, Tony",547172,2019,27,359,411,94,74,17,2,1,68,36,16.5,8.8,".262",".329",".337","0.666","0.067","118","965","298","1546",".248",".320",".290",".286",".009",".004","85.3","10.1",37.5,0,19.7,"93.761511081","90.91707878",63.3,10.7,40.8,59.2,89.3,20,44.6,"26.1"
"Harper, Bryce",547180,2019,26,573,682,149,77,36,1,35,178,99,26.1,14.5,".260",".510",".372","0.882","0.250","292","1645","801","2787",".273",".547",".365",".387","-0.037","-0.022","91.9","13.7",37.6,15.5,45.6,"103.137354264","96.043547766",74.4,23.8,51.3,48.7,76.2,33.8,48.7,"28.3"
"Pérez, Roberto",547379,2019,30,389,449,93,59,9,1,24,127,45,28.3,10,".239",".452",".321","0.773","0.213","176","1138","286","1917",".223",".445",".326",".322",".007",".004","90.2","5.7",32.6,11.9,41.3,"101.381071221","94.869235939",60.2,22.5,49.3,50.7,77.5,30,39.8,"24.3"
"Martin, Leonys",547982,2019,31,236,264,47,31,7,0,9,78,21,29.5,8,".199",".343",".276","0.619","0.144","81","664","222","1023",".182",".334",".269",".262",".009",".007","87.3","16.9",27.3,7.4,27.3,"97.557633553","92.818935563",77.1,25,53,47,75,33.5,54.3,"27.2"
"Abreu, José",547989,2019,32,634,693,180,108,38,1,33,152,36,21.9,5.2,".284",".503",".330","0.833","0.219","319","1780","672","2735",".279",".517",".344",".358","-0.014","-0.014","92.1","10.9",35.2,13.7,48.2,"103.146324797","95.996655894",66.6,14.7,43,57,85.3,25.3,49.5,"26.6"
"Díaz, Elias",553869,2019,28,303,332,73,57,14,0,2,56,23,16.9,6.9,".241",".307",".296","0.603","0.066","93","834","354","1370",".238",".325",".265",".277","-0.018","-0.012","88.1","9.2",29.5,2.7,34.3,"99.26563336","93.660186627",71.7,14.4,45.5,54.5,85.6,23.3,47.7,"26.1"
"Narváez, Omar",553882,2019,27,428,482,119,85,12,0,22,92,47,19.1,9.8,".278",".460",".353","0.813","0.182","197","1199","463","1979",".263",".434",".345",".332",".026",".013","85.5","17.9",40.4,5.8,28.1,"95.546726667","91.774567182",72.4,18.9,31.6,68.4,81.1,22.9,47.8,"24.5"
"Astudillo, Willians",553902,2019,27,190,204,51,38,9,0,4,8,5,3.9,2.5,".268",".379",".299","0.678","0.111","72","369","93","593",".285",".417",".288",".319","-0.038","-0.031","85.8","15.3",38.2,3,31.3,"97.030897802","92.515448901",81.5,3.2,19.2,80.8,96.8,8.9,59,"24.3"
"Suárez, Eugenio",553993,2019,27,575,662,156,83,22,2,49,189,70,28.5,10.6,".271",".572",".358","0.930","0.301","329","1648","575","2728",".249",".505",".381",".355",".067",".026","89.3","17.7",38,14.8,40.8,"100.844864896","94.608867917",67.1,19.5,52.8,47.2,80.5,28.7,44.4,"25.9"
"Polanco, Gregory",570256,2019,27,153,167,37,22,8,1,6,49,12,29.3,7.2,".242",".425",".301","0.726","0.183","65","419","245","679",".232",".415",".305",".300",".010",".005","89.5","19.2",31.7,11.2,30.4,"99.604895882","93.812075392",78.2,21.6,54.1,45.9,77.9,32.7,50.5,"26.9"
"Santana, Domingo",570267,2019,26,451,507,114,72,20,1,21,164,50,32.3,9.9,".253",".441",".329","0.770","0.188","199","1318","556","2127",".253",".484",".326",".345","-0.043","-0.019","89","11.3",40.1,12.9,42.1,"100.050234643","94.228038964",69.2,24,53.6,46.4,76,31.9,46.8,"26.7"
"González, Erik",570481,2019,27,142,156,36,30,4,1,1,37,9,23.7,5.8,".254",".317",".301","0.618","0.063","45","328","138","529",".228",".304",".262",".250",".013",".012","87.4","4.5",28.4,3.3,27.8,"98.826440385","93.477520777",77.4,17.1,51,49,82.9,29,55.4,"28.5"
"Urshela, Gio",570482,2019,27,442,476,139,84,34,0,21,87,25,18.3,5.3,".314",".534",".355","0.889","0.220","236","1211","414","1798",".287",".499",".369",".349",".035",".020","90.5","13.7",37.3,7.5,41.6,"100.076720559","94.37213352",74.6,17.6,29.8,70.2,82.4,22.2,56.5,"26.3"
"Sánchez, Yolmer",570560,2019,27,496,555,125,99,20,4,2,117,44,21.1,7.9,".252",".321",".318","0.639","0.069","159","1472","500","2246",".230",".315",".281",".274",".006",".007","87.1","14.2",32.1,1.2,27,"95.805694709","91.918524721",67.3,16.6,35.2,64.8,83.4,22.8,48.8,"27.7"
"Schoop, Jonathan",570731,2019,27,433,464,111,64,23,1,23,116,20,25,4.3,".256",".473",".304","0.777","0.217","205","1102","377","1681",".251",".441",".324",".315",".032",".009","87.6","12.4",35.5,9.6,38.5,"100.523025472","94.303766025",80.2,21.2,49.3,50.7,78.8,32.5,58.4,"27.3"
"Adams, Matt",571431,2019,30,310,333,70,36,14,0,20,115,20,34.5,6,".226",".465",".276","0.741","0.239","144","821","382","1308",".228",".479",".306",".320","-0.014","-0.014","88.6","19.6",39.8,16,43.9,"101.473347857","94.825083538",70.6,21.5,52.8,47.2,78.5,33.4,50.1,"25.9"
"Arenado, Nolan",571448,2019,28,588,662,185,111,31,2,41,93,62,14,9.4,".315",".583",".379","0.962","0.268","343","1522","470","2391",".270",".480",".392",".343",".103",".049","89.4","17.7",34.6,8.8,37.6,"99.240765317","93.75734495",73,12,35.1,64.9,88,20.9,51.4,"25.9"
"Barnhart, Tucker",571466,2019,28,316,364,73,48,14,0,11,83,44,22.8,12.1,".231",".380",".328","0.708","0.149","120","864","274","1413",".221",".328",".301",".282",".052",".019","86.4","11.8",32.8,3.5,27.9,"95.615923125","91.808912455",67.8,17,38.4,61.6,83,23.5,46.6,"24.1"
"Bour, Justin",571506,2019,31,151,170,26,13,5,0,8,52,17,30.6,10,".172",".364",".259","0.623","0.192","55","455","222","725",".194",".385",".267",".289","-0.021","-0.022","89.3","10.4",29,12.2,42.9,"100.894154082","94.593140408",59.2,20.2,45.2,54.8,79.8,29.4,44.1,"24.0"
"Farmer, Kyle",571657,2019,28,183,197,42,27,6,0,9,59,10,29.9,5.1,".230",".410",".279","0.689","0.180","75","566","210","827",".231",".405",".289",".292",".005","-0.003","85.4","17.1",32,6,29.7,"96.32916339","92.228383162",64.8,21.4,42.2,57.8,78.6,29,50.8,"27.3"
"Goodwin, Brian",571718,2019,28,413,458,108,59,29,3,17,129,38,28.2,8.3,".262",".470",".326","0.796","0.208","194","1219","530","1979",".232",".407",".332",".304",".063",".028","87.6","18.4",38.5,6.9,33.3,"97.895933357","92.953846607",58.1,20.3,43.8,56.2,79.7,27.7,42.2,"27.9"
"Hamilton, Billy",571740,2019,28,316,353,69,53,14,2,0,87,32,24.6,9.1,".218",".275",".289","0.564","0.057","87","907","267","1404",".223",".264",".251",".254",".011","-0.003","80.7","15.1",32.9,0,7.3,"89.916051818","89.528641318",67.3,16.4,41.1,58.9,83.6,23,47.8,"29.5"
"Haniger, Mitch",571745,2019,28,246,283,54,25,13,1,15,81,30,28.6,10.6,".220",".463",".314","0.777","0.243","114","741","276","1222",".229",".459",".326",".330",".004","-0.004","88.4","17.9",31.7,13.2,40.9,"99.8113955","93.965994151",61.1,17.9,50.4,49.6,82.1,26.6,42.4,"27.1"
"Hernández, Enrique",571771,2019,27,414,460,98,61,19,1,17,97,36,21.1,7.8,".237",".411",".304","0.715","0.174","170","1155","490","1855",".239",".398",".301",".304",".013","-0.003","88.3","19.4",35.5,6.2,34.5,"98.499102125","93.321826144",69.7,15.8,50.7,49.3,84.2,26.5,47.2,"27.4"
"Holt, Brock",571788,2019,31,259,295,77,58,14,2,3,57,28,19.3,9.5,".297",".402",".369","0.771","0.105","104","776","157","1221",".248",".349",".333",".301",".053",".032","87.3","11.2",31.6,1.5,30.6,"96.253581262","92.229271359",58.5,12.7,33.1,66.9,87.3,18.7,42.1,"26.1"
"Lamb, Jake",571875,2019,28,187,226,36,20,8,2,6,55,32,24.3,14.2,".193",".353",".323","0.676","0.160","66","569","209","940",".233",".435",".297",".347","-0.082","-0.050","90.7","14.2",33.6,8.9,42.5,"100.601395821","94.602444887",63,13.6,52.8,47.2,86.4,25.8,42,"26.5"
"Muncy, Max",571970,2019,28,487,589,122,64,22,1,35,149,90,25.3,15.3,".251",".515",".374","0.889","0.264","251","1493","599","2581",".262",".511",".372",".380",".004","-0.008","89.8","14.5",38.9,12.7,43.4,"100.624856095","94.560041662",63,22.6,46.4,53.6,77.4,28.9,40.1,"27.7"
"Myers, Wil",571976,2019,28,434,489,104,63,22,1,18,167,51,34.2,10.4,".240",".419",".322","0.741","0.179","182","1219","349","2039",".230",".431",".317",".320","-0.012","-0.003","90.2","12.2",32.7,12.2,41.4,"101.566235802","95.04647295",63.2,25,46.5,53.5,75,32,44.4,"28.4"
"Naquin, Tyler",571980,2019,28,274,294,79,50,19,0,10,66,14,22.4,4.8,".288",".467",".325","0.792","0.179","128","733","190","1094",".274",".472",".330",".329","-0.005",".001","90.8","12.6",32.5,9.8,38.9,"101.033575192","94.826846538",75.1,18.7,38.2,61.8,81.3,25.5,54.9,"27.0"
"Owings, Chris",572008,2019,27,180,196,25,15,6,1,3,78,14,39.8,7.1,".139",".233",".209","0.442","0.094","42","507","177","775",".174",".290",".198",".237","-0.057","-0.039","86.9","8.5",25.5,7.8,31.4,"96.987664314","92.542667129",60.2,22,56,44,78,34.1,45.4,"28.1"
"Phegley, Josh",572033,2019,31,314,342,75,45,18,0,12,63,15,18.4,4.4,".239",".411",".282","0.693","0.172","129","836","322","1275",".247",".372",".291",".287",".039",".004","84.1","17.4",34.5,3.4,24.3,"95.244284252","91.664517154",63.1,11.2,45.3,54.7,88.8,22.6,47.5,"25.8"
"Piscotty, Stephen",572039,2019,28,357,393,89,58,17,1,13,84,29,21.4,7.4,".249",".412",".309","0.721","0.163","147","974","485","1492",".249",".433",".306",".318","-0.021","-0.012","89.2","12.5",31.8,8.1,41,"100.01466763","94.14751263",71,19.5,47,53,80.5,28.9,51,"26.0"
"Pollock, AJ",572041,2019,31,308,342,82,51,15,1,15,74,23,21.6,6.7,".266",".468",".327","0.795","0.202","144","794","308","1250",".254",".448",".333",".329",".020",".004","90.6","13.7",29.8,9,39.9,"99.774752521","94.228176962",65.2,15.4,51.1,48.9,84.6,26.6,46.9,"28.0"
"Rickard, Joey",572073,2019,28,168,189,38,24,9,2,3,50,18,26.5,9.5,".226",".357",".312","0.669","0.131","60","486","164","785",".213",".320",".290",".275",".037",".015","84.7","17.6",32.2,3.6,21.2,"94.484835593","91.263949746",69,17.7,36.3,63.7,82.3,23.4,46.8,"28.4"
"Seager, Kyle",572122,2019,31,393,443,94,51,19,1,23,86,44,19.4,9.9,".239",".468",".321","0.789","0.229","184","1098","363","1821",".259",".488",".332",".351","-0.020","-0.019","89.5","18.4",36.9,9,39.7,"98.55946875","93.666821053",66.8,14.4,37.6,62.4,85.6,21.3,45.6,"26.5"
"Voit, Luke",572228,2019,28,429,510,113,70,21,1,21,142,71,27.8,13.9,".263",".464",".378","0.842","0.201","199","1179","441","2016",".249",".502",".360",".368","-0.038","-0.008","89.9","12.9",39.6,14.5,42.4,"101.044367708","94.803622951",77.1,25.5,62.8,37.2,74.5,35.1,47.3,"25.7"
"Walker, Christian",572233,2019,28,529,603,137,81,26,1,29,155,67,25.7,11.1,".259",".476",".348","0.824","0.217","252","1456","700","2413",".262",".516",".346",".364","-0.040","-0.018","91.1","14.8",34.1,14,48.8,"102.727625691","95.697243147",75.1,22,48.5,51.5,78,28.8,48.7,"27.2"
"Zunino, Mike",572287,2019,28,266,289,44,24,10,1,9,98,20,33.9,6.9,".165",".312",".232","0.544","0.147","83","767","306","1189",".194",".381",".235",".274","-0.069","-0.039","88.4","19.2",26.8,13,36.9,"101.234572262","94.624915",71.8,25.4,60.8,39.2,74.6,38.3,51.4,"26.3"
"Goins, Ryan",572365,2019,31,144,163,36,27,6,1,2,44,17,27,10.4,".250",".347",".333","0.680","0.097","50","414","120","674",".199",".289",".298",".260",".058",".038","87.4","7.8",27.7,1.1,32.7,"97.0734502","92.715950404",58.7,21.9,40.4,59.6,78.1,27.9,40.4,"26.1"
"Carpenter, Matt",572761,2019,33,415,491,94,57,20,2,15,128,63,26.1,12.8,".227",".393",".335","0.728","0.166","163","1263","418","2165",".217",".405",".315",".320","-0.012","-0.005","88","19",36.2,7.7,31.1,"97.130606383","92.713489573",62,18.5,45.3,54.7,81.5,25.5,40.6,"26.0"
"Dickerson, Corey",572816,2019,30,260,279,79,37,28,2,12,56,16,20.1,5.7,".304",".565",".341","0.906","0.261","147","771","290","1179",".262",".473",".367",".322",".092",".045","87.1","16.2",44,9.2,34.8,"98.920345049","93.485303447",77.2,24.9,31.1,68.9,75.1,27.4,58.4,"27.6"
"Dozier, Brian",572821,2019,32,416,482,99,59,20,0,20,105,61,21.8,12.7,".238",".430",".340","0.770","0.192","179","1158","416","2045",".235",".426",".329",".330",".004","-0.001","88.5","19",32.4,7.3,35.4,"97.965853419","93.121791871",62.2,16.8,44.7,55.3,83.2,24.3,39.3,"26.9"
"Yastrzemski, Mike",573262,2019,28,371,411,101,55,22,3,21,107,32,26,7.8,".272",".518",".334","0.852","0.246","192","1032","403","1632",".252",".504",".353",".342",".014",".011","89.6","19.5",36.9,12.8,42.9,"100.328345606","94.375012624",68.2,21.9,40.4,59.6,78.1,27.3,47.6,"27.5"
"Contreras, Willson",575929,2019,27,360,409,98,54,18,2,24,102,38,24.9,9.3,".272",".533",".355","0.888","0.261","192","981","426","1567",".247",".482",".368",".347",".051",".021","88.5","7.5",31.2,12.8,41.5,"101.564759462","94.848420927",70.3,23.2,47.5,52.5,76.8,33.1,50.1,"27.8"
"Iglesias, Jose",578428,2019,29,504,530,145,110,21,3,11,70,20,13.2,3.8,".288",".407",".318","0.725","0.119","205","1390","418","1936",".265",".361",".306",".286",".046",".020","84.1","7.1",29.7,2.5,24.2,"94.71843919","91.441140476",67.1,10,22.3,77.7,90,15.3,55.5,"27.1"
"Hechavarría, Adeiny",588751,2019,30,203,221,49,27,12,1,9,48,14,21.7,6.3,".241",".443",".299","0.742","0.202","90","557","183","817",".227",".389",".312",".294",".054",".018","87.6","11.8",30.8,6.4,30.1,"96.943622105","92.598858355",71.5,14.3,43.1,56.9,85.7,24.3,53.5,"27.2"
"Osuna, José",591741,2019,26,261,285,69,39,20,0,10,48,18,16.8,6.3,".264",".456",".310","0.766","0.192","119","675","250","1053",".269",".448",".320",".330",".008","-0.010","89.2","9.8",32.3,5.7,37.4,"99.311936449","93.80543472",74.4,16.5,35.7,64.3,83.5,22.6,51.3,"27.1"
"Austin, Tyler",592122,2019,27,154,179,29,14,5,1,9,67,24,37.4,13.4,".188",".409",".296","0.705","0.221","63","472","198","788",".198",".455",".298",".320","-0.046","-0.022","91.7","14.9",27.3,17.9,48.8,"102.850681628","95.936979059",63.9,24.4,69.4,30.6,75.6,39.4,42.5,"26.7"
"Bryant, Kris",592178,2019,27,543,634,153,86,35,1,31,145,74,22.9,11.7,".282",".521",".382","0.903","0.239","283","1507","615","2486",".248",".464",".379",".351",".057",".028","87.6","19.2",35.8,10.1,34.1,"98.53167269","93.281246777",73.8,20.7,45.3,54.7,79.3,28.4,48.5,"28.2"
"Canha, Mark",592192,2019,30,410,497,112,67,16,3,26,107,67,21.5,13.5,".273",".517",".396","0.913","0.244","212","1264","489","2106",".245",".465",".386",".361",".052",".025","89.1","15.2",32.1,10.6,41.1,"99.685622252","93.94485394",60.6,17.6,36.7,63.3,82.4,22.8,40.6,"27.6"
"Casali, Curt",592200,2019,30,207,236,52,35,9,0,8,59,25,25,10.6,".251",".411",".331","0.742","0.160","85","564","222","962",".236",".394",".316",".309",".017",".007","87.2","18.5",42.4,6.8,31,"95.934453836","91.994587103",67.1,14.9,46.4,53.6,85.1,22.2,43.1,"25.2"
"Castellanos, Nick",592206,2019,27,615,664,178,90,58,3,27,143,41,21.5,6.2,".289",".525",".337","0.862","0.236","323","1606","612","2436",".279",".541",".357",".363","-0.016","-0.006","88.9","13.9",39.8,11.4,41.5,"99.936858686","94.155142055",74.6,14,47.5,52.5,86,26.9,54.7,"27.9"
"DeShields, Delino",592261,2019,26,357,408,89,66,15,4,4,100,38,24.5,9.3,".249",".347",".325","0.672","0.098","124","1024","289","1669",".215",".314",".295",".273",".033",".022","86.9","13.5",34.1,2.5,24.3,"95.350649508","91.685580656",63.2,16.1,40,60,83.9,22.2,43.4,"29.4"
"Drury, Brandon",592273,2019,26,418,447,91,54,21,1,15,113,25,25.3,5.6,".218",".380",".262","0.642","0.162","159","1168","408","1783",".246",".423",".271",".306","-0.043","-0.035","86.9","13.8",36.7,10,36.7,"99.247389221","93.624401006",61.7,20,41,59,80,27.6,47.4,"26.8"
"Gamel, Ben",592325,2019,27,311,356,77,52,18,0,7,104,40,29.2,11.2,".248",".373",".337","0.710","0.125","116","923","289","1512",".231",".346",".308",".298",".027",".010","88.2","9.9",35.4,4.1,38,"98.655207184","93.509022098",59.3,12,48.5,51.5,88,23.1,40.1,"28.2"
"Goodrum, Niko",592348,2019,27,423,472,105,61,27,5,12,138,46,29.2,9.7,".248",".421",".322","0.743","0.173","178","1244","436","1964",".238",".388",".315",".304",".033",".011","89.3","13",38,6.6,41.5,"100.060278881","94.164698916",67.8,22.7,50.2,49.8,77.3,31.9,48.1,"29.0"
"Healy, Ryon",592387,2019,27,169,187,40,17,16,0,7,40,13,21.4,7,".237",".456",".289","0.745","0.219","77","454","199","708",".242",".435",".308",".318",".021","-0.010","89.6","17",33.1,10.1,39.2,"99.883530317","94.1541836",64.9,10.9,56.3,43.8,89.1,25.1,47.3,"25.9"
"Jones, JaCoby",592444,2019,27,298,333,70,37,19,3,11,94,27,28.2,8.1,".235",".430",".310","0.740","0.195","128","839","265","1306",".247",".448",".311",".326","-0.018","-0.015","91.7","14.1",35,11.7,47.6,"101.922136893","95.411799317",65.1,15.5,48.3,51.7,84.5,26.5,47,"28.3"
"Judge, Aaron",592450,2019,27,378,447,103,57,18,1,27,141,64,31.5,14.3,".272",".540",".381","0.921","0.268","204","1112","368","1914",".275",".578",".382",".400","-0.038","-0.018","96","11.6",40.3,21.2,58.4,"107.048947731","98.862456513",66.4,24.1,66.5,33.5,75.9,36.7,42,"28.2"
"Machado, Manny",592518,2019,26,587,661,150,95,21,2,32,128,65,19.4,9.8,".256",".462",".334","0.796","0.206","271","1442","369","2418",".261",".463",".335",".343","-0.001","-0.008","91.2","13",31.2,8.7,43.7,"102.073663723","95.40263803",69.1,14.7,42.6,57.4,85.3,24.2,46.7,"26.4"
"Moran, Colin",592567,2019,26,466,503,129,85,30,1,13,117,30,23.3,6,".277",".429",".322","0.751","0.152","200","1190","585","1808",".262",".439",".315",".316","-0.010","-0.001","88.2","12.5",37.1,8,34.8,"98.556321897","93.372829654",75.5,16,39.3,60.7,84,24.7,53.7,"25.3"
"Pederson, Joc",592626,2019,27,450,514,112,57,16,3,36,111,50,21.6,9.7,".249",".538",".339","0.877","0.289","242","1253","566","2054",".245",".474",".362",".344",".064",".018","91.2","15.6",31.4,11.6,43.5,"101.926819048","95.251138896",68.4,17.5,38.8,61.2,82.5,24.1,46.1,"26.2"
"Realmuto, J.T.",592663,2019,28,538,593,148,84,36,3,25,123,41,20.7,6.9,".275",".493",".328","0.821","0.218","265","1501","629","2332",".273",".469",".340",".341",".024","-0.001","90.3","14.4",35,9.5,41.1,"101.081746462","94.730632317",70.6,16.6,38.1,61.9,83.4,23.8,50.7,"28.7"
"Renfroe, Hunter",592669,2019,27,440,494,95,42,19,1,33,154,46,31.2,9.3,".216",".489",".289","0.778","0.273","215","1264","332","2023",".220",".455",".320",".314",".034",".006","89.9","19.1",32.2,13.3,39.4,"101.091156986","94.693304315",64.7,21.6,47.7,52.3,78.4,30.6,45.9,"27.1"
"Rosario, Eddie",592696,2019,27,562,590,155,94,28,1,32,86,22,14.6,3.7,".276",".500",".300","0.800","0.224","281","1369","380","2068",".261",".495",".329",".327",".005",".002","89.2","16.8",33.2,9.4,36,"98.424787531","93.352567757",81,15.7,29.4,70.6,84.3,21.3,59.3,"27.1"
"Simmons, Andrelton",592743,2019,29,398,424,105,79,19,0,7,37,24,8.7,5.7,".264",".364",".309","0.673","0.100","145","864","327","1389",".243",".327",".290",".272",".037",".018","87.8","9.5",18.8,1.9,33.6,"97.498130508","92.76261238",67.3,7.1,28.9,71.1,92.9,13.9,48,"26.3"
"Wilkerson, Stevie",592859,2019,27,329,361,74,44,18,2,10,108,22,29.9,6.1,".225",".383",".286","0.669","0.158","126","976","268","1478",".198",".311",".286",".253",".072",".033","86.3","11.1",33.5,3.8,30.4,"95.932262973","91.984574253",61.4,19,40.8,59.2,81,27.4,46,"28.3"
"Yelich, Christian",592885,2019,27,488,579,161,85,29,3,44,117,80,20.2,13.8,".330",".672",".430","1.102","0.342","328","1348","539","2284",".311",".625",".442",".426",".047",".016","93.3","11.3",33.2,17.1,49.1,"104.869553459","97.015311892",70,16.1,49.5,50.5,83.9,28.3,45.2,"28.7"
"Merrifield, Whit",593160,2019,30,681,735,206,139,41,10,16,126,45,17.1,6.1,".302",".463",".348","0.811","0.161","315","1817","617","2773",".281",".434",".340",".325",".029",".015","87.1","15.6",42.4,4.8,29.2,"96.252648182","92.167329527",68.3,14.1,33.1,66.9,85.9,20.1,49.3,"28.6"
"Bogaerts, Xander",593428,2019,26,614,698,190,105,52,0,33,122,76,17.5,10.9,".309",".555",".384","0.939","0.246","341","1812","456","2862",".274",".477",".390",".356",".078",".034","90.7","13.3",35.1,9.3,44.5,"101.168690363","94.874752258",56.3,14,33.6,66.4,86,20.9,41.1,"28.0"
"Hernández, Marco",593523,2019,26,148,155,37,28,7,0,2,42,3,27.1,1.9,".250",".338",".279","0.617","0.088","50","398","135","561",".218",".281",".266",".234",".057",".032","86.6","6.4",27.1,2.2,22.4,"94.894842692","91.532661456",79.4,26.9,48.6,51.4,73.1,35.7,60.4,"29.4"
"Alberto, Hanser",593643,2019,26,524,550,160,125,21,2,12,50,16,9.1,2.9,".305",".422",".329","0.751","0.117","221","1254","326","1762",".279",".392",".318",".300",".030",".018","84.4","11.9",32.5,3.2,18.5,"94.197573506","91.107926269",74.6,8.1,23.6,76.4,91.9,14.5,59.1,"26.9"
"Polanco, Jorge",593871,2019,25,631,704,186,117,40,7,22,116,60,16.5,8.5,".295",".485",".356","0.841","0.190","306","1673","368","2771",".272",".465",".352",".342",".020",".010","88","19.1",41.6,7.5,33.1,"97.46599549","92.78121002",65.9,10.6,31.9,68.1,89.4,17.5,44.9,"28.2"
"Sanó, Miguel",593934,2019,26,380,439,94,39,19,2,34,159,55,36.2,12.5,".247",".576",".346","0.922","0.329","219","1120","370","1911",".236",".555",".378",".369",".021",".009","94.4","15.9",36,22.6,57.2,"105.196811712","97.791274595",65.3,24.4,63.8,36.2,75.6,38.1,43.6,"26.5"
"Calhoun, Kole",594777,2019,31,552,632,128,65,29,1,33,162,70,25.6,11.1,".232",".467",".325","0.792","0.235","258","1450","756","2389",".242",".472",".330",".340","-0.005","-0.010","89.5","14.9",35.2,12.3,42.6,"99.943105052","94.209946136",73.6,22.3,57,43,77.7,32.1,48.2,"25.9"
"Eaton, Adam",594809,2019,30,566,656,158,111,25,7,15,106,65,16.2,9.9,".279",".428",".365","0.793","0.149","242","1610","579","2664",".256",".406",".342",".328",".022",".014","88.9","15.3",33.9,4.4,34.3,"98.729984311","93.47287412",63.8,11.3,31.3,68.8,88.7,17.8,44.6,"28.3"
"Garcia, Greg",594824,2019,29,311,372,77,56,13,4,4,83,53,22.3,14.2,".248",".354",".364","0.718","0.106","110","906","148","1586",".217",".301",".319",".294",".053",".025","85.8","4.3",29,2.8,27,"96.047828571","92.035017946",51.6,8.8,37.8,62.2,91.2,16,34.3,"27.6"
"Kiermaier, Kevin",595281,2019,29,447,480,102,61,20,7,14,104,26,21.7,5.4,".228",".398",".278","0.676","0.170","178","1201","381","1784",".243",".395",".284",".296",".003","-0.012","89.2","6.9",26.4,6,37.7,"100.003324269","94.058416696",75.5,16,43.8,56.2,84,25.1,54.9,"29.4"
"Knapp, Andrew",595284,2019,27,136,160,29,18,9,0,2,51,18,31.9,11.3,".213",".324",".318","0.642","0.111","44","395","196","643",".214",".366",".282",".299","-0.042","-0.017","89.2","16.1",36.4,10.7,42,"99.13086561","93.935779634",75.6,22.6,53.2,46.8,77.4,31.2,51.8,"27.0"
"Alfaro, Jorge",595751,2019,26,431,465,113,80,14,1,18,154,22,33.1,4.7,".262",".425",".312","0.737","0.163","183","1185","500","1723",".251",".460",".312",".324","-0.035","-0.012","90.8","4.7",33.3,12.2,44.8,"103.194269429","95.842433082",79.7,27.2,51.5,48.5,72.8,38.4,61.2,"28.8"
"Profar, Jurickson",595777,2019,26,459,518,100,54,24,2,20,75,48,14.5,9.3,".218",".410",".301","0.711","0.192","188","1272","500","2061",".251",".432",".301",".329","-0.022","-0.028","86.7","14",29.7,7.3,31.3,"97.141906243","92.584582042",65.7,12.7,37.3,62.7,87.3,20.2,45.2,"26.8"
"Báez, Javier",595879,2019,26,531,561,149,78,38,4,29,156,28,27.8,5,".281",".531",".316","0.847","0.250","282","1334","595","2002",".262",".503",".347",".334",".028",".013","91.1","7.7",36.3,14.5,43.6,"102.448426524","95.481472949",73.6,24.6,48.6,51.4,75.4,35.5,55.5,"28.6"
"Cave, Jake",595909,2019,26,198,228,51,30,11,2,8,71,21,31.1,9.2,".258",".455",".351","0.806","0.197","90","552","161","922",".260",".484",".343",".359","-0.029","-0.016","90.5","7.4",38.3,12.8,43.8,"100.842377969","94.839403906",71.3,19.2,56.4,43.6,80.8,31.8,47.7,"27.6"
"Hedges, Austin",595978,2019,26,312,347,55,35,9,0,11,109,27,31.4,7.8,".176",".311",".252","0.563","0.135","97","877","264","1373",".195",".347",".242",".265","-0.036","-0.023","86.7","21.6",32,9.4,32.5,"97.733819802","92.919899257",71.1,22.4,52.3,47.7,77.6,33.3,51.3,"24.5"
"Lindor, Francisco",596019,2019,25,598,654,170,96,40,2,32,98,46,15,7,".284",".518",".335","0.853","0.234","310","1555","314","2426",".274",".465",".349",".334",".053",".015","91","12.3",29.8,8.4,41,"101.130645418","94.847008982",72.2,10.2,30.6,69.4,89.8,17.1,51.4,"27.5"
"Odor, Rougned",596059,2019,25,522,581,107,46,30,1,30,178,52,30.6,9,".205",".439",".283","0.722","0.234","229","1435","525","2349",".222",".466",".302",".322","-0.027","-0.020","91.1","17.9",30.6,15.4,45.6,"101.734976168","95.31182003",67.5,19.8,48.2,51.8,80.2,29.2,47.9,"28.0"
"Slater, Austin",596103,2019,26,168,192,40,23,9,3,5,59,22,30.7,11.5,".238",".417",".333","0.750","0.179","70","495","155","803",".233",".440",".320",".330","-0.023","-0.010","88.7","3.5",35.8,11,49.1,"100.737708519","94.645085185",61.2,25.1,53.2,46.8,74.9,32.8,42.1,"28.3"
"Smith Jr., Dwight",596105,2019,26,357,392,86,54,16,3,13,82,26,20.9,6.6,".241",".412",".297","0.709","0.171","147","926","345","1496",".236",".369",".299",".290",".043",".009","89.1","7.3",30.4,4.2,39.3,"100.125783957","94.187231727",65.5,16.4,54.5,45.5,83.6,28.3,45.7,"26.1"
"Story, Trevor",596115,2019,26,588,656,173,95,38,5,35,174,58,26.5,8.8,".294",".554",".363","0.917","0.260","326","1662","505","2684",".260",".464",".380",".341",".090",".039","91","17.5",36.5,9.2,46,"101.223764423","95.034883125",70.4,17.3,46.1,53.9,82.7,26.4,48.1,"29.2"
"Vogelbach, Daniel",596129,2019,26,462,558,96,49,17,0,30,149,92,26.7,16.5,".208",".439",".341","0.780","0.231","203","1417","429","2532",".225",".442",".333",".345","-0.003","-0.012","88.8","17.1",39,11.3,38,"100.052249618","94.193186358",51,21.2,39.5,60.5,78.8,26.9,34,"24.1"
"Sánchez, Gary",596142,2019,26,396,446,92,45,12,1,34,125,40,28,9,".232",".525",".316","0.841","0.293","208","1152","360","1879",".251",".564",".346",".373","-0.039","-0.027","91","19.2",33.8,21.1,41.9,"103.410339559","95.82221136",59.1,20.6,47.5,52.5,79.4,32.3,44,"25.5"
"Cuthbert, Cheslor",596144,2019,26,309,330,76,53,14,0,9,67,19,20.3,5.8,".246",".379",".294","0.673","0.133","117","836","319","1287",".248",".382",".287",".293","-0.003","-0.006","88.8","15",31.4,4.9,37.6,"99.671722149","93.927468678",69.9,16.2,41.2,58.8,83.8,24.1,48.6,"26.6"
"Kepler, Max",596146,2019,26,524,596,132,64,32,0,36,99,60,16.6,10.1,".252",".519",".336","0.855","0.267","272","1325","324","2160",".259",".458",".355",".343",".061",".012","89.7","18.2",30.5,10,42.1,"100.805599577","94.514078635",74,10.8,42.5,57.5,89.2,20.2,49.4,"27.7"
"Franco, Maikel",596748,2019,26,389,428,91,57,17,0,17,61,36,14.3,8.4,".234",".409",".297","0.706","0.175","159","984","434","1511",".245",".420",".281",".298","-0.011","-0.017","89.1","14.8",24.2,7.9,38.4,"100.63202897","94.350348879",71,16.3,32.6,67.4,83.7,22,51.5,"25.4"
"Choi, Ji Man",596847,2019,28,410,487,107,66,20,2,19,108,64,22.2,13.1,".261",".459",".363","0.822","0.198","188","1215","346","2020",".260",".492",".348",".365","-0.033","-0.017","91.2","12.8",37.9,12,42.7,"101.047548701","94.915341299",68.3,18.2,47.7,52.3,81.8,25.6,43,"25.3"
"Bradley Jr., Jackie",598265,2019,29,494,567,111,59,28,3,21,155,56,27.3,9.9,".225",".421",".317","0.738","0.196","208","1383","466","2210",".228",".417",".314",".318",".004","-0.004","90.2","9.1",30.5,10.4,44.8,"100.737430117","94.682078123",69.3,25.9,48.3,51.7,74.1,32.6,48.1,"27.6"
"La Stella, Tommy",600303,2019,30,292,321,86,62,8,0,16,28,20,8.7,6.2,".295",".486",".346","0.832","0.191","142","754","297","1209",".297",".484",".351",".355",".002","-0.004","88.2","13.2",34.8,5.9,31.2,"97.070269695","92.641464291",58.6,8.2,22.4,76.1,91.5,11.9,42.3,"25.7"
"Severino, Pedro",600474,2019,25,305,341,76,50,13,0,13,73,29,21.4,8.5,".249",".420",".321","0.741","0.171","128","855","268","1400",".265",".443",".316",".336","-0.023","-0.020","87.6","13.2",35.7,9.3,33.6,"99.019749573","93.539727039",66.8,15.5,48,52,84.5,24.9,44.1,"27.0"
"Núñez, Renato",600524,2019,25,541,599,132,77,24,0,31,143,44,23.9,7.3,".244",".460",".311","0.771","0.216","249","1594","577","2464",".252",".471",".323",".335","-0.011","-0.012","89.9","19.9",32.1,11.8,40.9,"101.416437214","94.827385786",68.3,17.1,43.8,56.2,82.9,27.4,49.5,"27.1"
"Candelario, Jeimer",600869,2019,25,335,386,68,41,17,2,8,99,43,25.6,11.1,".203",".337",".306","0.643","0.134","113","1028","288","1619",".231",".369",".283",".308","-0.032","-0.025","88.2","15.8",32.9,6.6,33.8,"99.260932458","93.636242119",59.4,15.9,42.9,57.1,84.1,25.8,43.6,"27.3"
"Rondon, José",602922,2019,25,143,157,28,22,3,0,3,38,11,24.2,7,".196",".280",".263","0.543","0.084","40","437","163","673",".209",".303",".241",".256","-0.023","-0.015","87.3","8.1",33,3,32.1,"97.556846792","92.824923524",65.3,18.1,39.6,60.4,81.9,24.8,46.2,"27.4"
"Ahmed, Nick",605113,2019,29,556,625,141,83,33,6,19,113,52,18.1,8.3,".254",".437",".316","0.753","0.183","243","1531","642","2357",".256",".422",".315",".321",".015","-0.006","87.8","7.6",35.7,6.9,34,"97.728699383","92.939083223",72.4,13.8,39.5,60.5,86.2,21.3,49.5,"28.2"
"Anderson, Brian",605119,2019,26,459,520,120,66,33,1,20,114,44,21.9,8.5,".261",".468",".342","0.810","0.207","215","1224","410","1925",".253",".453",".342",".339",".015",".003","89.9","11.1",31.3,9.7,46,"100.764886494","94.722101667",65.3,16.3,47.4,52.6,83.7,27.4,47.5,"27.0"
"Barnes, Austin",605131,2019,29,212,242,43,25,12,1,5,56,23,23.1,9.5,".203",".340",".293","0.633","0.137","72","586","231","940",".191",".297",".272",".256",".043",".016","87.2","16.4",27.8,5.1,29.1,"96.417563924","92.23558949",57,14.1,45.8,54.2,85.9,22.3,39.6,"27.2"
"Bell, Josh",605137,2019,26,527,613,146,69,37,3,37,118,74,19.2,12.1,".277",".569",".367","0.936","0.292","300","1427","658","2442",".281",".558",".378",".384",".011","-0.006","92.4","13.1",34.6,13.9,47.2,"103.082487171","96.001241809",77.2,19.8,37,63,80.2,25.3,48.1,"26.7"
"Betts, Mookie",605141,2019,26,597,706,176,102,40,5,29,101,97,14.3,13.7,".295",".524",".391","0.915","0.229","313","1708","380","2909",".311",".577",".380",".411","-0.053","-0.031","91","19",39.4,10.9,47.4,"100.567436587","94.76255839",59.7,7.9,33.9,66.1,92.1,14.5,38.3,"27.9"
"Caratini, Victor",605170,2019,25,244,279,65,43,11,0,11,59,29,21.1,10.4,".266",".447",".348","0.795","0.181","109","680","197","1110",".258",".439",".338",".343",".008","-0.005","89.7","6.9",32.4,9.8,35.9,"99.639721196","93.859793207",69.9,13.2,44.5,55.5,86.8,22.3,46,"25.0"
"Davis, J.D.",605204,2019,26,410,453,126,81,22,1,22,97,38,21.4,8.4,".307",".527",".369","0.896","0.220","216","1120","420","1803",".309",".543",".373",".384","-0.016","-0.011","91.5","10.2",36.8,11.9,47.9,"102.839054744","95.769210032",71.5,24.6,37.6,62.4,75.4,28.1,48.9,"26.3"
"Fisher, Derek",605233,2019,25,147,168,27,15,4,1,7,58,21,34.5,12.5,".184",".367",".286","0.653","0.183","54","380","170","670",".211",".367",".283",".298",".000","-0.015","92.3","9.2",34.8,13.8,44.3,"102.661998864","95.755711839",59.4,27.5,75,25,72.5,38.8,37.3,"29.0"
"Panik, Joe",605412,2019,28,438,491,107,79,21,2,5,47,43,9.6,8.8,".244",".336",".315","0.651","0.092","147","1136","366","1877",".253",".375",".284",".307","-0.039","-0.023","86.8","12.8",33.8,2.2,25.8,"95.338176359","91.672916205",64.5,6.6,21.8,78.2,93.4,10.7,42.2,"25.6"
"Smith, Mallex",605480,2019,26,510,566,116,82,19,9,6,141,42,24.9,7.4,".227",".335",".300","0.635","0.108","171","1406","564","2242",".202",".285",".278",".256",".050",".022","85.2","7.3",29,2.4,20.1,"94.189873149","91.140372155",70.1,22.5,43.3,56.7,77.5,28.2,48.6,"29.4"
"Starling, Bubba",605490,2019,26,186,197,40,29,7,0,4,56,9,28.4,4.6,".215",".317",".255","0.572","0.102","59","453","195","684",".210",".303",".247",".243",".014",".004","81.8","12.1",36.6,2.5,17.6,"92.948463594","90.804861102",70.4,14.2,63.6,36.4,85.8,29.7,49.7,"28.7"
"Tilson, Charlie",605508,2019,26,144,157,33,27,5,0,1,38,10,24.2,6.4,".229",".285",".293","0.578","0.056","41","398","162","595",".240",".320",".256",".277","-0.035","-0.021","86.9","4.9",29.2,3.1,31.1,"97.431041132","92.733163396",68.2,15,48.3,51.7,85,24.9,49.2,"29.1"
"Castro, Harold",605612,2019,25,354,369,103,84,10,4,5,86,9,23.3,2.4,".291",".384",".305","0.689","0.093","136","914","267","1306",".258",".370",".292",".279",".014",".013","87.2","8.6",36.9,3.8,28.6,"96.521335149","92.397637004",67.8,16.3,36.3,63.7,83.7,24.2,54.1,"27.2"
"Arcia, Orlando",606115,2019,24,494,546,110,78,16,1,15,109,43,20,7.9,".223",".350",".283","0.633","0.127","173","1365","460","2100",".218",".347",".269",".273",".003","-0.004","87.9","6.6",26.5,4.9,31.3,"97.613876615","92.86605",65.6,18,38.2,61.8,82,24.6,47.7,"26.4"
"Tapia, Raimel",606132,2019,25,426,447,117,80,23,5,9,100,21,22.4,4.7,".275",".415",".309","0.724","0.140","177","1106","412","1620",".251",".371",".307",".285",".044",".022","87.6","7.5",36.5,4,31.6,"96.957221534","92.526824862",79.1,20.5,37.3,62.7,79.5,26.8,58.8,"28.5"
"Aquino, Aristides",606157,2019,25,205,225,53,26,8,0,19,60,16,26.7,7.1,".259",".576",".316","0.892","0.317","118","556","210","896",".248",".503",".360",".336",".073",".024","87.8","18.6",30.6,15.6,39,"100.625701972","94.373538652",82.5,27.7,45.3,54.7,72.3,35.5,55.7,"28.6"
"Hernández, Teoscar",606192,2019,26,417,464,96,49,19,2,26,153,45,33,9.7,".230",".472",".306","0.778","0.242","197","1174","432","1923",".215",".447",".325",".312",".025",".013","91.2","15.3",30.6,13,42.3,"101.608146591","95.066922348",72.4,27.1,54.1,45.9,72.9,34.8,47.3,"29.1"
"Peraza, José",606299,2019,25,376,403,90,64,18,2,6,58,17,14.4,4.2,".239",".346",".285","0.631","0.107","130","907","322","1365",".269",".366",".272",".301","-0.020","-0.029","85","17.3",32.5,0.3,25.6,"95.370811987","91.732562691",75,7.4,35.8,64.2,92.6,16.7,54,"28.1"
"Marte, Ketel",606466,2019,25,569,628,187,110,36,9,32,86,53,13.7,8.4,".329",".592",".389","0.981","0.263","337","1479","629","2402",".300",".525",".405",".375",".067",".030","90","11.5",34.6,9.9,40,"101.092484421","94.7158706",70.8,11.3,30.6,69.4,88.7,17.6,47.8,"27.9"
"Greiner, Grayson",606988,2019,26,208,224,42,31,5,1,5,70,13,31.3,5.8,".202",".308",".251","0.559","0.106","64","544","160","865",".201",".330",".242",".254","-0.022","-0.012","86.6","12.4",28.6,6.4,32.9,"98.218691714","93.160320432",63.8,20.9,51,49,79.1,32,46.2,"26.8"
"Nimmo, Brandon",607043,2019,26,199,254,44,24,11,1,8,71,46,28,18.1,".221",".407",".375","0.782","0.186","81","619","192","1086",".216",".349",".340",".331",".058",".009","89.3","12.2",35.6,7.1,35.6,"99.24699","93.762587364",63.6,21.2,49.5,50.5,78.8,27.5,40.8,"28.5"
"Turner, Trea",607208,2019,26,521,569,155,94,37,5,19,113,43,19.9,7.6,".298",".497",".353","0.850","0.199","259","1413","556","2233",".279",".455",".356",".339",".042",".017","90.4","9.9",29.8,7.3,42,"101.230091659","94.839620073",67.4,12.5,45.1,54.9,87.5,23.4,46.9,"30.3"
"Smith, Kevan",607345,2019,31,191,211,48,31,12,0,5,37,16,17.5,7.6,".251",".393",".318","0.711","0.142","75","513","167","797",".291",".455",".305",".348","-0.062","-0.043","89.5","5.7",37.4,6.8,41.8,"99.40006987","93.932446078",60.6,10.5,36.8,63.2,89.5,19.3,44.8,"26.3"
"Beaty, Matt",607461,2019,26,249,268,66,37,19,1,9,33,17,12.3,6.3,".265",".458",".317","0.775","0.193","114","615","223","977",".272",".422",".324",".319",".036",".005","89.4","10.3",28.2,5.5,40.5,"100.338583704","94.373558279",64.9,9.1,33.5,66.5,90.9,18,46.2,"27.4"
"Pillar, Kevin",607680,2019,30,611,645,158,97,37,3,21,89,18,13.8,2.8,".259",".432",".287","0.719","0.173","264","1509","596","2127",".262",".411",".298",".299",".021","-0.001","86.4","14.1",33.1,5.4,30.8,"98.016751985","93.018091033",73.7,9.1,29,71,90.9,17.8,58.9,"28.0"
"Stallings, Jacob",607732,2019,29,191,210,50,39,5,0,6,40,16,19,7.6,".262",".382",".325","0.707","0.120","73","468","206","738",".265",".434",".297",".319","-0.052","-0.022","89.2","11.4",28.3,6.6,37.8,"98.303555135","93.351015714",67.8,15.2,41.5,58.5,84.8,25.4,50.7,"24.5"
"Travis, Sam",607752,2019,25,144,157,31,20,4,1,6,36,11,22.9,7,".215",".382",".274","0.656","0.167","55","425","133","625",".224",".380",".273",".285",".002","-0.012","89.1","7.9",27.5,7.9,40.4,"100.791608545","94.488310092",71,16.7,32.5,67.5,83.3,22.2,52.6,"27.4"
"Ramírez, José",608070,2019,26,482,542,123,64,33,3,23,74,52,13.7,9.6,".255",".479",".327","0.806","0.224","231","1318","234","2173",".269",".464",".334",".344",".015","-0.010","89.2","19.8",32.6,6.9,35.7,"98.625705777","93.428589029",64.5,8.7,28.5,71.5,91.3,14.6,42.5,"27.9"
"Bregman, Alex",608324,2019,25,554,690,164,84,37,2,41,83,119,12,17.2,".296",".592",".423","1.015","0.296","328","1603","407","2915",".264",".455",".418",".375",".137",".043","89.3","19.6",35.5,5.4,38,"98.440477393","93.337376731",57.5,10,28,72,90,14.3,35.1,"27.4"
"Gallo, Joey",608336,2019,25,241,297,61,23,15,1,22,114,52,38.4,17.5,".253",".598",".389","0.987","0.345","144","722","281","1308",".225",".606",".401",".397","-0.008",".004","94.8","22.4",34.9,29.8,53.1,"107.288990484","98.537980565",65.8,32.4,66,34,67.6,41.6,40.8,"27.7"
"Kelly, Carson",608348,2019,24,314,365,77,40,19,0,18,79,48,21.6,13.2,".245",".478",".348","0.826","0.233","150","965","392","1571",".249",".460",".339",".340",".018","-0.001","88.9","14.3",39.8,9.3,40.4,"99.326221441","93.845580894",61.7,16.2,42.6,57.4,83.8,23.3,41.9,"25.2"
"Russell, Addison",608365,2019,25,215,241,51,37,4,1,9,58,20,24.1,8.3,".237",".391",".308","0.699","0.154","84","625","254","944",".225",".357",".297",".286",".034",".011","86.9","9.1",33.1,7.7,28.1,"96.87826481","92.443759051",68.1,20.4,50.3,49.7,79.6,30.2,48.7,"27.7"
"Seager, Corey",608369,2019,25,489,541,133,69,44,1,19,98,44,18.1,8.1,".272",".483",".335","0.818","0.211","236","1172","543","1909",".254",".455",".340",".328",".028",".012","88.8","14.3",35.2,7.9,38.2,"98.778797128","93.502181872",77.9,17.1,48.5,51.5,82.9,25.7,51.1,"26.9"
"Winker, Jesse",608385,2019,25,338,384,91,56,17,2,16,60,38,15.6,9.9,".269",".473",".357","0.830","0.204","160","939","333","1522",".277",".440",".351",".350",".033",".001","89.2","7.2",32,4.7,41.1,"99.735411111","94.073450967",66.8,13.8,31,69,86.2,18.1,44.3,"25.6"
"Lugo, Dawel",608475,2019,24,273,288,67,46,11,4,6,59,8,20.5,2.8,".245",".381",".271","0.652","0.136","104","716","157","1013",".257",".387",".272",".287","-0.006","-0.015","87","7.8",37.2,4.8,36.7,"98.17526367","93.11062078",66,16.1,28,72,83.9,21.3,54.8,"27.5"
"Mazara, Nomar",608577,2019,24,429,469,115,68,27,1,19,108,28,23,6,".268",".469",".318","0.787","0.201","201","1247","410","1912",".266",".483",".327",".338","-0.014","-0.011","89.1","10.7",33.9,11.7,39.3,"101.041745155","94.634283789",68.5,20.4,38.8,61.2,79.6,27.2,50.7,"26.5"
"Murphy, Tom",608596,2019,28,260,281,71,40,12,1,18,87,19,31,6.8,".273",".535",".324","0.859","0.262","139","759","310","1225",".217",".433",".355",".299",".102",".056","90.6","18.9",32.2,11.8,44.8,"100.979318161","94.820561092",63.9,19.2,53.5,46.5,80.8,30.7,44.9,"26.2"
"Guzmán, Ronald",608597,2019,24,256,295,56,26,20,0,10,87,32,29.5,10.8,".219",".414",".308","0.722","0.195","106","750","277","1224",".237",".426",".306",".327","-0.012","-0.021","85.6","14.8",36.4,9.5,36.5,"98.840543765","93.420968824",69.3,22.6,53.2,46.8,77.4,32.6,49.3,"25.9"
"Plawecki, Kevin",608700,2019,28,158,174,35,22,10,0,3,31,12,17.8,6.9,".222",".342",".287","0.629","0.120","54","400","106","650",".221",".358",".273",".284","-0.016","-0.011","85.6","15.3",26.6,5.2,32,"96.788279688","92.435971969",68.9,13.3,36.4,63.6,86.7,19.1,46.6,"26.0"
"Mondesi, Adalberto",609275,2019,23,415,443,109,70,20,10,9,132,19,29.8,4.3,".263",".424",".291","0.715","0.161","176","1077","530","1610",".233",".382",".298",".283",".042",".015","88.7","10.2",31.2,9.6,34,"98.586377622","93.416701224",79.6,26.8,59,41.4,73.2,37.9,58.1,"29.9"
"Reyes, Franmil",614177,2019,23,494,548,123,67,19,0,37,156,47,28.5,8.6,".249",".512",".310","0.822","0.263","253","1320","515","2119",".259",".535",".338",".359","-0.023","-0.021","93.3","9.5",33.3,15.5,51,"103.847694162","96.604159768",76.9,26.9,57.2,42.8,73.1,36.5,51.5,"26.6"
"Robertson, Daniel",621002,2019,25,207,237,44,32,9,1,2,59,24,24.9,10.1,".213",".295",".312","0.607","0.082","61","630","138","977",".213",".295",".275",".279",".000","-0.004","87.7","5.8",25,1.4,33.8,"97.353057432","92.728106939",66.5,16,41,59,84,22.9,45.6,"27.0"
"Martin Jr., Richie",621006,2019,24,283,309,59,42,8,3,6,83,14,26.9,4.5,".208",".322",".260","0.582","0.114","91","833","341","1229",".205",".295",".252",".245",".027",".007","83.2","9.4",29.6,2.6,25.2,"95.198605361","91.717593316",72.4,21.6,42.2,57.8,78.4,28.6,53.8,"29.5"
"Swanson, Dansby",621020,2019,25,483,545,121,75,26,3,17,124,51,22.8,9.4,".251",".422",".325","0.747","0.171","204","1368","526","2223",".271",".477",".317",".350","-0.055","-0.033","89.9","14.4",36.7,10.6,41.6,"99.797419121","94.192917747",68.8,20.6,45.3,54.7,79.4,27.6,45.9,"28.7"
"Newman, Kevin",621028,2019,25,493,531,152,114,20,6,12,62,28,11.7,5.3,".308",".446",".353","0.799","0.138","220","1213","513","1882",".274",".375",".339",".303",".071",".036","85.3","8.5",33.4,2.3,24.8,"94.991693333","91.524680704",70,7.4,25.8,74.2,92.6,13.9,51,"28.5"
"Taylor, Chris",621035,2019,28,366,414,96,51,29,4,12,115,37,27.8,8.9,".262",".462",".333","0.795","0.200","169","1075","515","1723",".234",".384",".331",".300",".078",".031","86","13.8",39.1,5.8,32.3,"97.5218724","92.78720241",72.3,21.7,59.2,40.8,78.3,31.5,49.8,"28.7"
"Correa, Carlos",621043,2019,24,280,321,78,40,16,1,21,75,35,23.4,10.9,".279",".568",".358","0.926","0.289","159","831","228","1319",".284",".559",".380",".395",".009","-0.015","89","12.5",36.4,14.8,42,"102.4206864","95.299037538",62.3,17.1,36.3,63.7,82.9,24.8,44.3,"27.6"
"Dahl, David",621311,2019,25,374,413,113,65,28,5,15,110,28,26.6,6.8,".302",".524",".353","0.877","0.222","196","1043","426","1605",".266",".483",".364",".341",".041",".023","88.7","11.2",41,11,39.5,"98.77328291","93.506315299",73.6,22.6,45,55,77.4,30.9,52.1,"28.1"
"Buxton, Byron",621439,2019,25,271,295,71,27,30,4,10,68,19,23.1,6.4,".262",".513",".314","0.827","0.251","139","662","210","1031",".246",".422",".340",".307",".091",".033","90","20.3",32.5,8.8,38.7,"101.025778218","94.668611931",75.7,19,49.4,50.6,81,29.1,54.4,"30.3"
"Brinson, Lewis",621446,2019,25,226,248,39,29,9,1,0,74,13,29.8,5.2,".173",".221",".236","0.457","0.048","50","626","226","966",".199",".295",".205",".246","-0.074","-0.041","87","10",25.8,4.1,32.9,"98.122297237","93.07441625",72.4,22.9,49,51,77.1,32.8,52.7,"29.5"
"Duggar, Steven",621453,2019,25,261,281,61,43,12,2,4,78,16,27.8,5.7,".234",".341",".278","0.619","0.107","89","710","300","1132",".219",".338",".265",".264",".003",".001","85.7","9",35.5,4.7,32.8,"96.971647143","92.488956209",68.4,17.8,48.4,51.6,82.2,26.5,47.3,"28.2"
"Stewart, Christin",621514,2019,25,369,416,86,50,25,1,10,103,34,24.8,8.2,".233",".388",".305","0.693","0.155","143","1038","289","1633",".247",".436",".294",".321","-0.048","-0.027","86.9","19.1",37.5,7.8,33.8,"98.092919706","93.047032353",68.4,20.2,44.4,55.6,79.8,28.5,48.8,"26.9"
"Wendle, Joey",621563,2019,29,238,263,55,37,13,2,3,47,14,17.9,5.3,".231",".340",".293","0.633","0.109","81","676","149","1025",".257",".342",".275",".294","-0.002","-0.019","87.4","11.6",31.4,1.6,32.5,"97.049603299","92.53253201",60.6,10.8,33.5,66.5,89.2,20.1,47.1,"28.6"
"Olson, Matt",621566,2019,25,483,547,129,67,26,0,36,138,51,25.2,9.3,".267",".545",".351","0.896","0.278","263","1408","606","2288",".278",".578",".368",".387","-0.033","-0.019","92.7","19.4",36.1,15.7,50.4,"103.334092275","96.341713994",67,26.4,33.1,66.9,73.6,28.1,45.4,"26.2"
"Dean, Austin",621573,2019,25,178,189,40,20,14,0,6,47,9,24.9,4.8,".225",".404",".261","0.665","0.179","72","459","97","707",".252",".417",".276",".297","-0.013","-0.021","88.7","9.4",33.8,6.2,39.1,"99.662226667","93.900228485",63.3,12.7,34.7,65.3,87.3,21.9,49.8,"27.7"
"Duffy, Matt",622110,2019,28,147,169,37,28,8,0,1,29,19,17.2,11.2,".252",".327",".343","0.670","0.075","48","403","61","673",".253",".331",".299",".311","-0.004","-0.012","87","5.5",27.7,1.8,33.6,"97.2121725","92.712751345",58.9,12.8,36.2,63.8,87.2,18.9,39.4,"26.5"
"Muñoz, Yairo",622168,2019,24,172,181,46,36,7,1,2,37,7,20.4,3.9,".267",".355",".298","0.653","0.088","61","459","223","656",".215",".307",".281",".245",".048",".036","84.7","6.2",27.9,1.6,25,"95.214838824","91.634442593",77.2,14.9,46.4,53.6,85.1,27.2,60.1,"28.2"
"Margot, Manuel",622534,2019,24,398,441,93,59,19,3,12,88,38,20,8.6,".234",".387",".304","0.691","0.153","154","1075","196","1743",".221",".329",".296",".276",".058",".020","87.7","14.2",28.4,3.8,34.8,"98.690901438","93.386922131",65.2,17.8,38.5,61.5,82.2,23,43.9,"29.0"
"Reyes, Pablo",622569,2019,25,143,157,29,18,7,2,2,36,13,22.9,8.3,".203",".322",".274","0.596","0.119","46","372","122","627",".187",".277",".260",".242",".045",".018","88.2","12.2",24.3,4.3,29.2,"97.382838868","92.770446571",67.6,17.2,36.4,63.6,82.8,23,45,"28.1"
"Camargo, Johan",622666,2019,25,232,248,54,34,12,1,7,43,15,17.3,6,".233",".384",".279","0.663","0.151","89","605","254","894",".249",".363",".279",".284",".021","-0.005","86.9","11.1",33.7,4,31.6,"97.769489895","92.914069947",74.4,15.9,40.6,59.4,84.1,25,54.6,"25.7"
"Reyes, Victor",622682,2019,24,276,292,84,60,16,5,3,64,14,21.9,4.8,".304",".431",".336","0.767","0.127","119","816","210","1213",".268",".367",".325",".290",".064",".035","87.5","9.2",38.3,2,31.8,"97.168320571","92.630534019",66.7,16.2,28,72,83.8,20.7,51.7,"28.9"
"Bote, David",623520,2019,26,303,356,78,50,17,0,11,93,44,26.1,12.4,".257",".422",".362","0.784","0.165","128","867","350","1435",".239",".373",".336",".316",".049",".020","89.7","7.7",34.9,6.3,36.3,"100.603479623","94.365111557",65.3,24.5,47.8,52.2,75.5,32.5,45.7,"27.6"
"Ramírez, Harold",623912,2019,24,421,446,116,82,20,3,11,91,18,20.4,4,".276",".416",".312","0.728","0.140","175","1124","319","1670",".263",".401",".308",".301",".015",".007","88.9","3.8",29,7,34.7,"99.716576687","93.90759577",71.7,14.5,41.3,58.7,85.5,25.7,54.2,"28.9"
"Santander, Anthony",623993,2019,24,380,405,99,58,20,1,20,86,19,21.2,4.7,".261",".476",".297","0.773","0.215","181","1118","326","1659",".260",".460",".321",".319",".016",".002","89.9","15.3",31.2,8.8,36.6,"100.631026419","94.428867399",67.8,14.7,29.9,70.1,85.3,21.1,52,"27.5"
"Alonso, Pete",624413,2019,24,597,693,155,70,30,2,53,183,72,26.4,10.4,".260",".583",".358","0.941","0.323","348","1691","612","2762",".257",".551",".384",".380",".032",".004","90.7","14.8",36.9,17.4,42.7,"103.52161466","95.867841481",67.5,19.1,41.7,58.3,80.9,28,46.6,"26.4"
"Biggio, Cavan",624415,2019,24,354,430,83,48,17,2,16,123,71,28.6,16.5,".234",".429",".364","0.793","0.195","152","1064","331","1870",".239",".424",".343",".346",".005","-0.003","88.9","20.1",44.2,9.7,39.9,"97.95095069","93.214258578",60.7,17.7,59.7,40.3,82.3,26.1,36.1,"28.3"
"Conforto, Michael",624424,2019,26,549,648,141,78,29,1,33,149,84,23,13,".257",".494",".363","0.857","0.237","271","1542","583","2587",".262",".507",".358",".370","-0.013","-0.012","89.2","15.9",35.8,12.7,39.2,"100.0477863","94.1312909",70.8,21.3,40.3,59.7,78.7,27.1,45.8,"27.5"
"Frazier, Adam",624428,2019,27,554,608,154,104,33,7,10,75,40,12.3,6.6,".278",".417",".336","0.753","0.139","231","1439","552","2302",".275",".403",".320",".318",".014",".002","87.1","13.1",36.4,2,28.3,"96.108033475","92.07951087",69.7,11,27.3,72.7,89,15.6,48.1,"27.2"
"Puig, Yasiel",624577,2019,28,555,611,148,92,30,2,24,133,44,21.8,7.2,".267",".458",".327","0.785","0.191","254","1426","570","2247",".257",".453",".330",".329",".005",".001","90","13.8",30,10.5,39.1,"100.971591932","94.613191138",77.1,20.7,46.2,53.8,79.3,28.2,52.6,"28.2"
"Soler, Jorge",624585,2019,27,589,679,156,74,33,1,48,178,73,26.2,10.8,".265",".569",".354","0.923","0.304","335","1651","631","2750",".276",".595",".378",".396","-0.026","-0.018","92.6","15.4",34.7,17.9,50.1,"104.405603365","96.703293759",68.1,20.8,60.1,39.9,79.1,32.5,44.1,"27.0"
"Heredia, Guillermo",628338,2019,28,204,231,46,28,13,0,5,60,18,26,7.8,".225",".363",".306","0.669","0.138","74","570","161","918",".240",".345",".291",".298",".018","-0.007","86.6","12.9",32.7,3,34.7,"97.379718889","92.699987986",73.3,19.1,50.4,49.6,80.9,27.4,48,"28.2"
"Kang, Jung Ho",628356,2019,32,172,185,29,11,7,1,10,60,11,32.4,5.9,".169",".395",".222","0.617","0.226","68","456","189","719",".216",".429",".256",".294","-0.034","-0.038","92.2","13.7",32.7,12.5,46,"102.297290877","95.708110619",68.1,25.5,57.5,42.5,74.5,35.9,48.4,"26.0"
"Ervin, Phillip",640447,2019,26,236,260,64,39,11,7,7,63,18,24.2,6.9,".271",".466",".331","0.797","0.195","110","668","251","1088",".240",".379",".334",".305",".087",".029","85","14.4",37.1,5,31.1,"96.967515714","92.540978084",71,18.9,48.6,51.4,81.1,28.3,47.8,"27.5"
"Frazier, Clint",640449,2019,24,225,246,60,34,14,0,12,70,16,28.5,6.5,".267",".489",".317","0.806","0.222","110","596","195","976",".245",".460",".333",".319",".029",".014","88.5","15.4",37.3,11.3,36.1,"99.326073671","93.755365823",68.1,21.1,69.2,30.8,78.9,32.7,44.2,"27.4"
"Meadows, Austin",640457,2019,24,530,591,154,85,29,7,33,131,54,22.2,9.1,".291",".558",".364","0.922","0.267","296","1538","333","2497",".282",".545",".380",".375",".013",".005","90.4","16.7",38.1,13.6,42.9,"101.27902925","94.853411479",61,15.3,42.2,57.8,84.7,23.5,42.2,"28.1"
"Mercado, Óscar",640458,2019,24,438,482,118,75,25,3,15,84,28,17.4,5.8,".269",".443",".318","0.761","0.174","194","1088","308","1738",".260",".403",".321",".310",".040",".011","88","14.9",33.4,4.6,34.2,"97.887426023","92.995281966",77.2,13.1,49,51,86.9,23.4,51.5,"29.5"
"Pinder, Chad",640461,2019,27,341,370,82,48,21,0,13,88,20,23.8,5.4,".240",".416",".290","0.706","0.176","142","865","403","1325",".255",".446",".298",".321","-0.030","-0.023","90.9","8.6",31.9,9.4,44.4,"101.395071129","95.038595911",75,17.8,45.6,54.4,82.2,25.7,51.8,"27.0"
"Anderson, Tim",641313,2019,26,498,518,167,117,32,0,18,109,15,21,2.9,".335",".508",".357","0.865","0.173","253","1229","514","1765",".283",".450",".363",".321",".058",".042","88.3","8.7",37.6,5.5,37.6,"98.353274592","93.322923632",75.6,12.3,43,57,87.7,24.5,58.6,"28.7"
"Bauers, Jake",641343,2019,23,372,423,84,55,16,1,12,115,45,27.2,10.6,".226",".371",".312","0.683","0.145","138","1052","265","1755",".220",".351",".296",".293",".020",".003","88.1","15",31.9,5.4,33.1,"98.048297907","93.059068716",64.4,16.2,43.5,56.5,83.8,24.4,42.1,"27.7"
"Bellinger, Cody",641355,2019,23,558,661,170,86,34,3,47,108,95,16.3,14.4,".305",".629",".406","1.035","0.324","351","1586","658","2688",".316",".632",".414",".427","-0.003","-0.013","91.1","17.9",39.6,13.8,45.9,"101.221347768","94.966274787",68.9,19.9,32.7,67.3,80.1,23.5,44.6,"28.8"
"Calhoun, Willie",641432,2019,24,309,337,83,47,14,1,21,53,23,15.7,6.8,".269",".524",".323","0.847","0.255","162","801","272","1278",".256",".439",".351",".323",".085",".028","89.7","17.6",35.3,7.1,40.7,"99.712949922","93.943274729",71,10.9,27.5,72.5,89.1,15.9,49.3,"26.4"
"Cordell, Ryan",641477,2019,27,217,247,48,33,8,0,7,69,19,27.9,7.7,".221",".355",".290","0.645","0.134","77","630","275","982",".205",".353",".279",".273",".002",".006","88.8","19.2",25.6,8,32.1,"98.663495342","93.444229041",70.2,22,53.5,46.5,78.3,31.4,49,"29.3"
"Crawford, J.P.",641487,2019,24,345,396,78,46,21,4,7,83,43,21,10.9,".226",".371",".313","0.684","0.145","128","1028","376","1716",".234",".336",".296",".294",".035",".002","85","12.4",34.7,3.7,24.8,"95.368146183","91.765717405",65.8,16.7,36.8,63.2,83.3,21,43.3,"27.4"
"Demeritte, Travis",641513,2019,24,169,186,38,26,7,2,3,63,14,33.9,7.5,".225",".343",".286","0.629","0.118","58","504","167","777",".224",".355",".272",".280","-0.012","-0.008","91.2","16.1",28.7,4.1,46.3,"101.067855741","95.049688692",63.7,30.7,45.4,54.6,69.3,35.1,46.2,"28.6"
"Dixon, Brandon",641525,2019,27,391,420,97,58,20,4,15,136,21,32.4,5,".248",".435",".290","0.725","0.187","170","1093","423","1665",".237",".445",".303",".308","-0.010","-0.005","89.6","17",39,12.1,41.3,"100.547458308","94.423777606",70.6,24.8,57.5,42.5,75.2,35.5,51.9,"28.5"
"Dozier, Hunter",641531,2019,27,523,586,146,81,29,10,26,148,55,25.3,9.4,".279",".522",".348","0.870","0.243","273","1400","474","2253",".260",".468",".360",".338",".054",".022","91.1","16.7",35.8,10.8,42.9,"102.015977632","95.204411763",64.7,13.1,56.9,43.1,86.9,27,44.7,"28.3"
"Engel, Adam",641553,2019,27,227,248,55,37,10,2,6,78,14,31.5,5.6,".242",".383",".304","0.687","0.141","87","630","215","970",".225",".348",".296",".280",".035",".016","86.4","11.1",33.3,6.2,30,"97.680187465","92.852139789",69.5,22.6,49.7,50.3,77.4,31.9,50.7,"30.0"
"Garver, Mitch",641598,2019,28,311,359,85,37,16,1,31,87,41,24.2,11.4,".273",".630",".365","0.995","0.357","196","862","156","1502",".255",".573",".404",".382",".057",".022","91.1","15.3",33.6,16.7,50,"101.425326814","95.198410664",53.7,14.4,51.9,48.1,85.6,24,35,"26.3"
"Hampson, Garrett",641658,2019,24,299,327,74,53,9,4,8,88,24,26.9,7.3,".247",".385",".302","0.687","0.138","115","820","196","1335",".219",".329",".292",".265",".056",".027","85.8","13.1",30.2,4.1,26.2,"96.269536931","92.153434307",61,14.9,46.4,53.6,85.1,22.9,40.5,"30.1"
"Locastro, Tim",641796,2019,26,212,250,53,38,12,2,1,44,14,17.6,5.6,".250",".340",".357","0.697","0.090","72","650","257","983",".225",".294",".314",".295",".046",".019","84.4","13.6",28.8,1.4,19.4,"93.938776867","91.183691867",56,14.1,31.7,68.3,85.9,21.2,45.1,"30.7"
"Mancini, Trey",641820,2019,27,602,679,175,100,38,2,35,143,63,21.1,9.3,".291",".535",".364","0.899","0.244","322","1723","583","2722",".277",".503",".373",".362",".032",".011","90.3","7.8",36.4,11.1,42.7,"101.635240474","95.06039847",67.4,20.3,38.7,61.3,79.7,26.9,48.1,"26.7"
"McKinney, Billy",641856,2019,24,251,276,54,27,14,1,12,73,19,26.4,6.9,".215",".422",".274","0.696","0.207","106","661","213","1038",".217",".363",".291",".278",".059",".013","86.7","15.2",31.3,7.1,31.9,"97.528593667","92.792045531",65.4,17.4,48.6,51.4,82.6,26.3,46.4,"27.4"
"McMahon, Ryan",641857,2019,24,480,539,120,73,22,1,24,160,56,29.7,10.4,".250",".450",".329","0.779","0.200","216","1371","529","2249",".243",".429",".330",".325",".021",".005","91.9","8.8",36.6,9.7,48,"102.348495723","95.712813868",74.8,26.6,47.6,52.4,73.4,32.4,49.6,"26.4"
"O'Neill, Tyler",641933,2019,24,141,151,37,26,6,0,5,53,10,35.1,6.6,".262",".411",".311","0.722","0.149","58","386","186","614",".218",".384",".308",".278",".027",".030","89","19.9",29.5,7.6,37.2,"99.844076047","94.032528372",69.6,28.9,62.3,37.7,71.1,41.4,51.1,"30.0"
"Sisco, Chance",642082,2019,24,167,198,35,20,7,0,8,61,22,30.8,11.1,".210",".395",".333","0.728","0.185","66","508","165","853",".220",".418",".319",".333","-0.023","-0.014","89.5","16.4",37.7,11.2,39.6,"98.323231887","93.573763333",66.7,23.5,45.9,54.1,76.5,29.5,43.4,"24.5"
"Smith, Dominic",642086,2019,24,177,197,50,29,10,0,11,44,19,22.3,9.6,".282",".525",".355","0.880","0.243","93","481","204","767",".239",".433",".368",".322",".092",".046","88.3","15.1",36.8,8.3,34.8,"97.912940758","93.028654504",70.9,18.4,40,60,81.6,25.8,49,"26.2"
"Tellez, Rowdy",642133,2019,24,370,409,84,44,19,0,21,116,29,28.4,7.1,".227",".449",".293","0.742","0.222","166","1044","391","1603",".250",".477",".308",".335","-0.028","-0.027","90.7","14",37,14.2,41.6,"101.864006047","95.125615798",63.9,21.2,45.3,54.7,78.8,31.3,49.1,"24.9"
"Thaiss, Matt",642136,2019,24,147,164,31,16,7,0,8,52,17,31.7,10.4,".211",".422",".293","0.715","0.211","62","425","184","711",".209",".358",".303",".283",".064",".020","89.1","15.9",34.7,6.7,43.2,"99.557187234","94.11424234",74.3,28.8,51.7,48.3,71.2,33,45.1,"25.6"
"VanMeter, Josh",642165,2019,24,228,260,54,32,13,1,8,56,29,21.5,11.2,".237",".408",".327","0.735","0.171","93","641","151","1069",".245",".419",".316",".322","-0.011","-0.006","90.1","15.6",37,4.4,38.1,"98.908482262","93.627792814",58.4,15,40.5,59.5,85,22.4,39.8,"26.8"
"Mejía, Francisco",642336,2019,23,226,244,60,39,11,2,8,56,13,23,5.3,".265",".438",".316","0.754","0.173","99","613","168","902",".219",".368",".317",".276",".070",".041","88.4","19.7",31.6,5.4,29.8,"97.776759176","92.994198521",70.2,21.1,31.3,68.7,78.9,25.6,56.7,"27.2"
"Rosario, Amed",642708,2019,23,616,655,177,125,30,7,15,124,31,18.9,4.7,".287",".432",".323","0.755","0.145","266","1596","569","2408",".283",".417",".318",".318",".015",".000","89.4","8.8",35,4.5,39.5,"98.795593821","93.60288",69.9,14.3,41.2,58.8,85.7,24.2,52,"29.2"
"Adames, Willy",642715,2019,23,531,584,135,89,25,1,20,153,46,26.2,7.9,".254",".418",".317","0.735","0.164","222","1485","439","2338",".250",".437",".313",".320","-0.019","-0.007","88.5","10.8",36.1,8.8,35.6,"99.072984309","93.592578431",69.3,18.5,52.1,47.9,81.6,27.3,47,"28.3"
"Benintendi, Andrew",643217,2019,24,541,615,144,86,40,5,13,140,59,22.8,9.6,".266",".431",".343","0.774","0.165","233","1537","504","2435",".258",".450",".330",".336","-0.019","-0.006","89.1","17.6",40.1,8.7,37.7,"98.241980591","93.339900444",77.4,21,34.4,65.6,79,25.2,51.4,"27.1"
"Cooper, Garrett",643265,2019,28,381,421,107,75,16,1,15,110,33,26.1,7.8,".281",".446",".344","0.790","0.165","170","1132","303","1707",".270",".467",".337",".345","-0.021","-0.008","89.1","4.5",33.7,10.1,40.3,"101.240205","94.656264816",64.2,16.9,33.9,66.1,83.1,23.4,48.4,"27.2"
"Jansen, Danny",643376,2019,24,347,384,72,46,12,1,13,79,31,20.6,8.1,".207",".360",".279","0.639","0.153","125","915","322","1455",".243",".415",".275",".312","-0.055","-0.037","88.9","16.3",31.9,6.6,40,"99.29700837","93.780262862",70.7,15.7,32.1,67.9,84.3,20.4,47.1,"27.3"
"Kemp, Tony",643393,2019,27,245,279,52,31,9,4,8,47,23,16.8,8.2,".212",".380",".291","0.671","0.168","93","654","209","1005",".199",".286",".285",".259",".094",".026","86.2","14.6",27.6,1.7,15.7,"93.517128737","90.776784603",66,16.3,25.6,74.4,83.7,19,46.6,"26.4"
"Kiner-Falefa, Isiah",643396,2019,24,202,222,48,34,12,1,1,49,14,22.1,6.3,".238",".322",".299","0.621","0.084","65","528","132","848",".221",".302",".272",".263",".020",".009","87.2","6.8",29.7,1.3,33.5,"96.966178831","92.619608506",57.8,8.7,38.7,61.3,91.3,18.9,43,"28.0"
"Long Jr., Shed",643418,2019,23,152,168,40,22,12,1,5,40,16,23.8,9.5,".263",".454",".333","0.787","0.191","69","396","144","662",".208",".327",".333",".271",".127",".062","87.6","11.1",28.6,6.9,36.7,"98.160977818","93.143172569",63.8,19.2,49.4,50.6,80.8,27.1,45.2,"27.7"
"McNeil, Jeff",643446,2019,27,510,567,162,100,38,1,23,75,35,13.2,6.2,".318",".531",".384","0.915","0.213","271","1373","548","2067",".283",".465",".384",".350",".066",".034","89","13.8",34.2,5.1,36.7,"98.062735349","93.296269953",84.2,13.8,32.2,67.8,86.2,19.9,60.1,"27.2"
"Tauchman, Mike",643565,2019,28,260,296,72,40,18,1,13,71,34,24,11.5,".277",".504",".361","0.865","0.227","131","764","221","1288",".243",".402",".364",".319",".102",".045","88.7","11.3",39.5,6.5,38.9,"98.579674105","93.583860476",67.4,16.5,38.9,61.1,83.5,21.8,43.2,"27.9"
"White, Tyler",643603,2019,28,240,279,50,33,14,0,3,78,36,28,12.9,".208",".304",".308","0.612","0.096","73","766","212","1249",".198",".299",".274",".271",".005",".003","86","12.4",30.9,4,30.4,"96.349605679","92.201128944",61.8,18.4,35.3,64.7,81.6,23.6,41.4,"25.1"
"Albies, Ozzie",645277,2019,22,640,702,189,114,43,8,24,112,54,16,7.7,".295",".500",".352","0.852","0.205","320","1615","611","2494",".282",".482",".354",".346",".018",".008","88.9","15.6",36.8,7.1,34,"98.232348151","93.247307887",80.7,16,36.5,63.5,84,22.9,55.6,"28.6"
"Robles, Victor",645302,2019,22,546,617,139,86,33,3,17,140,35,22.7,5.7,".255",".419",".326","0.745","0.164","229","1433","604","2285",".231",".368",".317",".294",".051",".023","83.3","16.7",34.5,5.4,23,"94.905795816","91.739895663",71.1,14.4,43.5,56.5,85.6,23.5,49.9,"29.2"
"Ford, Mike",645801,2019,26,143,163,37,18,7,0,12,28,17,17.2,10.4,".259",".559",".350","0.909","0.300","80","384","106","657",".278",".478",".372",".358",".081",".014","91.9","15.6",36.5,10.4,45.2,"101.055283103","94.890394609",62.3,14.7,41.1,58.9,85.3,22.1,40,"24.5"
"Devers, Rafael",646240,2019,22,647,702,201,111,54,4,32,119,48,17,6.8,".311",".555",".361","0.916","0.244","359","1745","552","2636",".298",".526",".377",".367",".029",".010","92.5","10.5",33.1,10,48.5,"103.293569886","96.084697628",75.8,19.9,31.2,68.8,80.1,24,55,"27.1"
"Naylor, Josh",647304,2019,22,253,279,63,40,15,0,8,64,25,22.9,9,".249",".403",".315","0.718","0.154","102","710","155","1154",".233",".374",".306",".294",".029",".012","89.6","4.5",30,7,36.3,"100.447291474","94.297610737",61.1,14.4,34.8,65.2,85.6,22.2,44.8,"26.1"
"Díaz, Aledmys",649557,2019,28,210,247,57,35,12,1,9,28,26,11.3,10.5,".271",".467",".356","0.823","0.196","98","546","180","903",".265",".427",".345",".343",".040",".002","88.3","12",28.2,7.3,34.2,"98.260126413","93.171656739",67.5,9.2,46.5,53.5,90.8,19.9,45.2,"28.1"
"Urías, Luis",649966,2019,22,215,249,48,35,8,1,4,56,25,22.5,10,".223",".326",".329","0.655","0.103","70","636","109","1030",".226",".354",".294",".307","-0.028","-0.013","87.3","10.1",30.8,4.7,31.4,"96.821621013","92.47115758",60.6,18.6,36,64,81.4,23.6,42.3,"27.2"
"Arraez, Luis",650333,2019,22,326,366,109,84,20,1,4,29,36,7.9,9.8,".334",".439",".399","0.838","0.105","143","902","143","1486",".287",".406",".360",".333",".033",".027","87.1","11.4",41.7,2.8,22.8,"94.64459953","91.360227508",61.2,6,12.4,87.6,94,7.8,42.2,"26.9"
"Jiménez, Eloy",650391,2019,22,468,504,125,74,18,2,31,134,30,26.6,6,".267",".513",".315","0.828","0.246","240","1202","509","1864",".261",".515",".343",".347","-0.002","-0.004","91.2","9.3",32.4,13.6,47.9,"102.681413214","95.727878512",71.4,22.6,49,51,77.4,32.8,49.9,"27.7"
"Torres, Gleyber",650402,2019,22,546,604,152,88,26,0,38,129,48,21.4,7.9,".278",".535",".337","0.872","0.257","292","1507","491","2393",".259",".492",".358",".340",".043",".018","89.1","17.6",38.2,11,36.8,"99.178781179","93.678797352",75.6,19.7,45.4,54.6,80.3,28,51.8,"26.5"
"Díaz, Yandy",650490,2019,27,306,346,82,47,20,1,14,60,35,17.3,10.1,".268",".477",".341","0.818","0.209","146","801","238","1309",".280",".487",".342",".356","-0.010","-0.014","91.7","5.7",34,11.1,44.8,"102.453884","95.60036348",70.1,16.1,39.7,60.3,83.9,22.1,44.8,"26.5"
"Rengifo, Luis",650859,2019,22,357,406,85,57,18,3,7,93,40,22.9,9.9,".238",".364",".321","0.685","0.126","130","1026","497","1669",".237",".370",".298",".308","-0.006","-0.010","87.1","9.6",31,6.6,29.9,"97.485341145","92.743079656",63.4,19.7,37.9,62.1,80.3,25.1,44.5,"28.0"
"Allen, Greg",656185,2019,26,231,256,53,37,9,3,4,53,11,20.7,4.3,".229",".346",".290","0.636","0.117","80","621","155","969",".227",".335",".274",".276",".011","-0.002","87.3","9.2",26.8,3,30.9,"96.582444713","92.32531578",69.8,16.4,41.1,58.9,83.6,24.1,49.6,"29.0"
"Chapman, Matt",656305,2019,26,583,670,145,70,36,3,36,147,73,21.9,10.9,".249",".506",".342","0.848","0.257","295","1692","671","2805",".251",".504",".354",".359",".002","-0.005","92.7","16.6",25.1,13.6,49,"103.46333537","96.250434176",62.4,19.2,36.3,63.7,80.8,23.7,42,"28.1"
"Chavis, Michael",656308,2019,23,347,382,88,59,10,1,18,127,31,33.2,8.1,".254",".444",".322","0.766","0.190","154","966","393","1493",".223",".417",".323",".303",".027",".020","88.8","11.7",32.3,13,35.5,"100.213843545","94.183450457",72.7,28.4,58.5,41.5,71.6,38.4,51.6,"28.0"
"Díaz, Isan",656371,2019,23,179,201,31,19,5,2,5,59,19,29.4,9.5,".173",".307",".259","0.566","0.134","55","484","95","820",".177",".317",".248",".257","-0.010","-0.009","88.5","18.2",25.6,8.5,32.2,"97.4226605","92.783632269",55.8,15.7,49.6,50.4,84.3,28.1,37.8,"26.8"
"Haseley, Adam",656514,2019,23,222,242,59,40,14,0,5,60,14,24.8,5.8,".266",".396",".324","0.720","0.130","88","626","223","976",".218",".330",".309",".269",".066",".040","87.3","5",29.4,4.1,28.8,"96.518718519","92.26176",71.3,17,53.5,46.5,83,28.7,49.9,"27.8"
"Hoskins, Rhys",656555,2019,26,570,705,129,62,33,5,29,173,116,24.5,16.5,".226",".454",".364","0.818","0.228","259","1859","678","3223",".215",".417",".347",".337",".037",".010","89.7","24",31,10.8,38.7,"99.42720995","93.97812603",58.1,16.9,38.2,61.8,83.1,23.2,39.2,"25.9"
"Luplow, Jordan",656669,2019,25,225,261,62,31,15,1,15,61,33,23.4,12.6,".276",".551",".372","0.923","0.275","124","657","188","1111",".247",".474",".383",".352",".077",".031","89.6","16.1",33.9,13.2,38.8,"99.047672195","93.646979695",73.5,21.5,46.5,53.5,78.5,26.6,44.7,"28.2"
"O'Hearn, Ryan",656811,2019,25,328,370,64,36,13,1,14,99,39,26.8,10.5,".195",".369",".281","0.650","0.174","121","920","283","1509",".222",".408",".278",".304","-0.039","-0.026","90.5","13",29.9,9.9,43.7,"100.542248879","94.610039827",65.5,16.4,45.8,54.2,83.6,26.1,45.3,"27.2"
"Schwarber, Kyle",656941,2019,26,529,610,132,62,29,3,38,156,70,25.6,11.5,".250",".531",".339","0.870","0.281","281","1490","579","2539",".262",".553",".357",".374","-0.022","-0.017","93.5","15.5",35.6,15.9,51.2,"104.364394516","96.768710054",65.6,21.7,43,57,78.3,28,43.3,"27.1"
"Tucker, Cole",657061,2019,22,147,159,31,16,10,3,2,40,10,25.2,6.3,".211",".361",".266","0.627","0.150","53","382","205","622",".240",".365",".264",".281","-0.004","-0.017","87.9","6.6",28.7,5.2,36.5,"98.685688431","93.367541176",74.4,19.9,42,58,80.1,26.4,48.7,"28.8"
"Verdugo, Alex",657077,2019,23,343,377,101,65,22,2,12,49,26,13,6.9,".294",".475",".342","0.817","0.181","163","919","336","1468",".289",".458",".341",".339",".017",".002","89.4","9",33.7,6.1,39.7,"99.832463784","94.053509966",61.3,8.8,31.2,68.8,91.2,16,44.6,"27.3"
"DeJong, Paul",657557,2019,25,583,664,136,74,31,1,30,149,62,22.4,9.3,".233",".444",".318","0.762","0.211","259","1604","606","2579",".238",".447",".322",".332","-0.003","-0.010","87","18.3",33,9.7,33.9,"98.154188241","93.091659652",69.4,15.9,45.7,54.3,84.1,24.2,48.8,"27.6"
"Laureano, Ramón",657656,2019,24,434,481,125,72,29,0,24,123,27,25.6,5.6,".288",".521",".340","0.861","0.233","226","1283","547","1954",".271",".490",".356",".346",".031",".010","89.7","14.7",37.2,10.4,40.4,"100.000765128","94.198050256",66.5,17.3,52.3,47.7,82.7,28.3,48.8,"28.5"
"Moncada, Yoán",660162,2019,24,511,559,161,97,34,5,25,154,40,27.5,7.2,".315",".548",".367","0.915","0.233","280","1419","557","2219",".282",".518",".379",".358",".030",".021","93.1","12.3",40.4,12.9,47.9,"102.936634056","95.959630724",67,20.6,53.3,46.7,79.4,31.1,47.5,"27.8"
"Ohtani, Shohei",660271,2019,24,384,425,110,67,20,5,18,110,33,25.9,7.8,".286",".505",".343","0.848","0.219","194","1046","518","1683",".280",".487",".352",".350",".018",".002","92.8","6.8",31.7,13.1,47.1,"102.948367482","96.064857014",71.6,21.1,39.9,60.1,78.9,27.4,49.3,"28.2"
"Acuña Jr., Ronald",660670,2019,21,626,715,175,110,22,2,41,188,76,26.3,10.6,".280",".518",".365","0.883","0.238","324","1829","656","3048",".279",".574",".369",".390","-0.056","-0.021","90.6","14.2",40.5,16.2,47.4,"103.398305955","96.011363144",68.8,22.9,40.4,59.6,76.9,27.7,45.5,"29.3"
"Riley, Austin",663586,2019,22,274,297,62,32,11,1,18,108,16,36.4,5.4,".226",".471",".279","0.750","0.245","129","728","352","1119",".227",".460",".307",".309",".011","-0.002","89.4","20.6",40.5,15.5,44.6,"101.078740357","94.72754125",80.8,29.2,54.2,45.8,70.8,38.7,56.3,"27.8"
"Grisham, Trent",663757,2019,22,157,184,36,22,6,2,6,49,20,26.6,10.9,".229",".408",".326","0.734","0.179","64","465","94","756",".232",".378",".314",".307",".030",".007","87.6","15.7",33.3,6.1,34.6,"98.209223462","93.130525",54.6,16.7,41.6,58.4,83.3,22.7,38.5,"29.0"
"Lowe, Nathaniel",663993,2019,23,153,170,40,25,8,0,7,51,13,30,7.6,".261",".451",".324","0.775","0.190","69","429","117","701",".257",".452",".326",".328","-0.001","-0.002","91.3","13",37.5,11.2,45.2,"102.859603846","95.595648462",67,17.4,50.5,49.5,82.6,27.4,44.8,"27.1"
"Happ, Ian",664023,2019,24,140,156,37,18,7,1,11,39,15,25,9.6,".264",".564",".333","0.897","0.300","79","403","180","634",".239",".513",".368",".345",".051",".023","89.8","16",27.5,15.9,38.2,"99.347177451","93.811333366",74.6,20.5,51.5,48.5,79.5,30.4,51.9,"27.8"
"France, Ty",664034,2019,24,184,201,43,27,8,1,7,49,9,24.4,4.5,".234",".402",".294","0.696","0.168","74","492","105","801",".228",".390",".296",".294",".012",".002","88.9","15.1",31.6,6.3,42.6,"99.771344853","94.127469706",70.8,14.8,48.1,51.9,85.2,24,48.9,"25.9"
"Lowe, Brandon",664040,2019,24,296,327,80,44,17,2,17,113,25,34.6,7.6,".270",".514",".336","0.850","0.244","152","849","362","1311",".234",".497",".354",".339",".017",".015","91.6","19.2",40.2,17.5,46.2,"101.287092967","95.215649341",77.9,27.2,64,36,72.8,37.7,54.2,"27.7"
"Bader, Harrison",664056,2019,25,347,406,71,42,14,3,12,117,46,28.8,11.3,".205",".366",".314","0.680","0.161","127","1040","350","1735",".211",".403",".293",".312","-0.037","-0.019","88.4","15.3",31.3,11.5,35.3,"99.203015625","93.65660426",58.2,17.2,49.3,50.7,82.8,26.6,41.4,"29.5"
"Fletcher, David",664058,2019,25,596,653,173,133,30,4,6,64,55,9.8,8.4,".290",".384",".350","0.734","0.094","229","1637","515","2629",".292",".371",".318",".318",".013",".000","83.8","9.9",37.5,0.2,17.1,"93.20784584","90.716838337",49,5.5,19.8,80.2,94.5,9.7,36.3,"27.5"
"Kingery, Scott",664068,2019,25,458,500,118,61,34,4,19,147,34,29.4,6.8,".258",".474",".315","0.789","0.216","217","1266","588","1973",".246",".434",".329",".316",".040",".013","88.4","17.8",39.2,8.7,38.9,"99.14878293","93.689147891",71.8,23.3,49.5,50.5,76.7,31.9,50.6,"29.1"
"Moore, Dylan",664238,2019,26,247,282,51,26,14,2,9,93,25,33,8.9,".206",".389",".302","0.691","0.183","96","713","283","1162",".190",".336",".299",".275",".053",".024","88.4","19.2",30.3,7.1,36.1,"98.478764605","93.244655197",65.4,23.3,41.3,58.7,76.7,28.3,44.4,"28.4"
"Tatis Jr., Fernando",665487,2019,20,334,372,106,65,13,6,22,110,30,29.6,8.1,".317",".590",".379","0.969","0.273","197","847","290","1399",".256",".491",".398",".347",".099",".051","90.4","6.7",33.5,14.2,44.1,"102.598001071","95.498050135",70.8,23.2,57,43,76.8,35.2,47.7,"29.3"
"Guerrero Jr., Vladimir",665489,2019,20,464,514,126,83,26,2,15,91,46,17.7,8.9,".272",".433",".339","0.772","0.161","201","1223","426","1986",".261",".440",".329",".333","-0.007","-0.004","89.4","6.7",30.9,8.4,38.7,"101.626864628","94.89985352",69.3,15.9,40.8,59.2,84.1,24.5,46.8,"26.3"
"Soto, Juan",665742,2019,20,542,659,153,82,32,5,34,132,108,20,16.4,".282",".548",".401","0.949","0.266","297","1545","601","2788",".285",".575",".394",".409","-0.027","-0.015","92","12.5",36.3,13.1,47.8,"102.137286408","95.569584745",66.8,15.9,44.9,55.1,84.1,24,40.8,"27.3"
"Bichette, Bo",666182,2019,21,196,212,61,32,18,0,11,50,14,23.6,6.6,".311",".571",".358","0.929","0.260","112","596","229","889",".265",".470",".384",".333",".101",".051","90","10.4",36.1,9.2,43.5,"100.354957808","94.381930137",72.6,19.4,33.3,66.7,80.6,24.5,53.3,"28.4"
"Gurriel Jr., Lourdes",666971,2019,25,314,343,87,46,19,2,20,86,20,25.1,5.8,".277",".541",".327","0.868","0.264","170","830","323","1283",".251",".502",".358",".340",".039",".018","90.4","14.4",33.6,12,45.3,"100.566699741","94.614525108",70.6,22.9,47.8,52.2,77.1,32.6,50.9,"27.6"
"Reynolds, Bryan",668804,2019,24,491,546,154,97,37,4,16,121,46,22.2,8.4,".314",".503",".377","0.880","0.189","247","1303","584","2168",".296",".478",".371",".361",".025",".010","89.5","9.4",37,7.3,41.6,"100.231643152","94.403448207",72.1,15.8,48,52,84.2,26.3,48,"28.1"
"Rojas, Josh",668942,2019,25,138,157,30,21,7,0,2,41,18,26.1,11.5,".217",".312",".312","0.624","0.095","43","380","125","640",".236",".407",".279",".320","-0.095","-0.041","89","10.3",38.1,6.7,42.3,"98.910364694","93.893128041",67.9,24.4,40.3,59.7,75.6,28.8,43.4,"28.1"
"Senzel, Nick",669222,2019,24,375,414,96,60,20,4,12,101,30,24.4,7.2,".256",".427",".315","0.742","0.171","160","1045","360","1625",".240",".409",".315",".305",".018",".010","87.8","11.1",31.6,8.8,38.2,"98.782850588","93.504538856",72.8,18.7,35.7,64.3,81,23.7,49.3,"29.4"
"Edman, Tommy",669242,2019,24,327,350,99,64,17,7,11,62,16,17.7,4.6,".303",".498",".349","0.847","0.195","163","863","299","1376",".282",".440",".356",".330",".058",".026","87.4","14.2",37.4,5.7,33.6,"97.248854697","92.677901027",66.2,12.4,33,67,87.6,18.8,47.9,"29.4"
"Smith, Will",669257,2019,24,170,196,43,19,9,0,15,52,18,26.5,9.2,".253",".571",".337","0.908","0.318","97","511","164","828",".221",".446",".369",".320",".125",".049","89.4","23.8",36.4,11.9,38.8,"98.844499672","93.553043471",63.1,17.3,45.9,54.1,82.7,25.2,42.6,"27.6"
"Hiura, Keston",669374,2019,22,314,348,95,51,23,2,19,107,25,30.7,7.2,".303",".570",".368","0.938","0.267","179","889","367","1380",".259",".521",".388",".355",".049",".033","91.4","16.4",35.6,14.8,50,"103.0339339","96.005838",73.2,25.4,58.8,41.2,74.6,36.2,51.3,"26.9"
"Lopez, Nicky",670032,2019,24,379,402,91,65,22,2,2,51,18,12.7,4.5,".240",".325",".276","0.601","0.085","123","1026","304","1519",".223",".282",".260",".242",".043",".018","85","3",22.3,1.4,19.7,"93.65443825","90.915877147",69.1,12,24.5,75.5,88,15.1,49.6,"28.5"
"Alvarez, Yordan",670541,2019,22,313,369,98,45,26,0,27,94,52,25.5,14.1,".313",".655",".412","1.067","0.342","205","879","295","1494",".287",".598",".432",".409",".057",".023","92.2","13.4",39.4,18.4,48.9,"103.966041818","96.433098402",61.7,17.3,38.3,61.7,82.7,25.1,43.2,"26.8"
"Pujols, Albert",405395,2020,40,152,163,34,20,8,0,6,25,9,15.3,5.5,".224",".395",".270","0.665","0.171","60","412","58","622",".248",".401",".282",".299","-0.006","-0.017","88.6","16.4",30.5,5.6,34.4,"98.349771111","93.28479528",64.5,11.1,40.2,59.8,88.9,22.2,49.2,"22.1"
"Cabrera, Miguel",408234,2020,37,204,231,51,37,4,0,10,51,24,22.1,10.4,".250",".417",".329","0.746","0.167","85","567","120","909",".288",".520",".323",".379","-0.103","-0.056","93.2","12.1",36.8,9.8,49.7,"102.655113117","96.026886144",70.5,18.4,55.9,44.1,81.6,31.6,47.7,"23.1"
"Molina, Yadier",425877,2020,37,145,156,38,32,2,0,4,21,6,13.5,3.8,".262",".359",".303","0.662","0.097","52","380","60","557",".254",".385",".290",".298","-0.026","-0.008","84.7","12.3",38.9,2.4,25.4,"95.328723016","91.70046664",72.4,14.8,39,61,85.2,24.1,55.1,"23.1"
"Canó, Robinson",429664,2020,37,171,182,54,35,9,0,10,24,9,13.2,4.9,".316",".544",".352","0.896","0.228","93","419","59","605",".297",".481",".376",".353",".063",".023","90.4","6.2",31.8,7.4,46.6,"102.61505473","95.745912925",76.3,9.6,35.3,64.7,90.4,19.8,57.5,"24.9"
"Encarnación, Edwin",429665,2020,37,159,181,25,10,5,0,10,54,16,29.8,8.8,".157",".377",".250","0.627","0.220","60","498","103","791",".161",".366",".272",".277",".011","-0.005","85.4","22.8",29.2,13.2,33,"98.563050755","93.338255755",63,25.6,46,54,74.4,32.6,45.8,"25.3"
"Cruz, Nelson",443558,2020,39,185,214,56,34,6,0,16,58,25,27.1,11.7,".303",".595",".397","0.992","0.292","110","524","122","846",".269",".545",".411",".383",".050",".028","91.6","9.4",39.4,15.2,47.2,"102.723679524","95.93307824",68.8,22.1,55.9,44.1,77.9,34.2,47.6,"25.1"
"Peralta, David",444482,2020,32,203,218,61,45,10,1,5,45,13,20.6,6,".300",".433",".339","0.772","0.133","88","534","78","822",".260",".375",".333",".299",".058",".034","89.2","6.4",29.4,5.1,36.3,"100.556636709","94.354591139",65.5,15.5,35.8,64.2,84.5,21.1,46.6,"27.1"
"Longoria, Evan",446334,2020,34,193,209,49,31,10,1,7,39,11,18.7,5.3,".254",".425",".297","0.722","0.171","82","515","64","794",".282",".524",".308",".364","-0.099","-0.056","91.7","10.7",29.9,11.5,45.2,"101.530260256","95.520896474",62.5,12.2,40.2,59.8,87.8,21,45,"26.6"
"Cabrera, Asdrúbal",452678,2020,34,190,213,46,26,9,3,8,40,19,18.8,8.9,".242",".447",".305","0.752","0.205","85","532","73","849",".243",".429",".319",".317",".018",".002","89.5","13.7",30.5,6.5,38.3,"97.982868684","93.323023224",66.8,12.3,36.9,63.1,87.7,20.5,46.1,"24.9"
"Blackmon, Charlie",453568,2020,33,221,247,67,48,12,1,6,44,19,17.8,7.7,".303",".448",".356","0.804","0.145","99","593","86","906",".276",".426",".340",".331",".022",".009","86.9","13.5",38.5,5,29.7,"97.303074157","92.71975736",70.2,15.3,42.5,57.5,84.7,23.3,50.2,"26.9"
"Frazier, Todd",453943,2020,34,157,172,37,23,9,1,4,42,11,24.4,6.4,".236",".382",".302","0.684","0.146","60","444","68","715",".225",".370",".300",".294",".012",".006","87.8","20.5",33,5.4,31.3,"98.348281786","93.274160268",62.2,19.1,40.7,59.3,80.9,26.9,43.6,"24.2"
"Maldonado, Martín",455117,2020,33,135,165,29,19,4,0,6,51,27,30.9,16.4,".215",".378",".350","0.728","0.163","51","416","73","695",".202",".357",".326",".316",".021",".010","86.1","19.1",38.4,8.1,26.7,"96.166389286","92.158860482",62.7,21.2,47.7,52.3,78.8,29.1,42.6,"23.6"
"Solano, Donovan",456781,2020,32,190,203,62,43,15,1,3,39,10,19.2,4.9,".326",".463",".365","0.828","0.137","88","517","71","746",".278",".417",".357",".320",".046",".037","88.5","15.5",43.4,4.6,34.9,"98.263815526","93.264044768",68.4,13.4,37.1,62.9,86.6,22,51.9,"26.6"
"McCutchen, Andrew",457705,2020,33,217,241,55,36,9,0,10,48,22,19.9,9.1,".253",".433",".324","0.757","0.180","94","598","76","974",".272",".480",".327",".355","-0.047","-0.028","89.7","18.2",36.5,8.3,41.2,"99.22758119","93.968213095",59.1,16.4,38.2,61.8,83.6,22,40.6,"27.5"
"Upton, Justin",457708,2020,32,147,166,30,16,5,0,9,43,11,25.9,6.6,".204",".422",".289","0.711","0.218","62","422","78","682",".228",".430",".307",".329","-0.008","-0.022","91.7","18.6",25.7,8.6,43.8,"101.522735094","95.215063714",63.7,20.9,57.5,42.5,79.1,29.9,43.7,"26.9"
"Turner, Justin",457759,2020,35,150,175,46,32,9,1,4,26,18,14.9,10.3,".307",".460",".400","0.860","0.153","69","411","53","681",".298",".551",".376",".403","-0.091","-0.027","90.3","17.5",40.8,11.3,44,"99.373362258","94.028252339",67.2,13.2,46.2,53.8,86.8,20.5,42.9,"25.7"
"Votto, Joey",458015,2020,36,186,223,42,23,8,0,11,43,37,19.3,16.6,".226",".446",".354","0.800","0.220","83","527","65","923",".253",".478",".347",".369","-0.032","-0.022","87.4","15.4",36.4,9.1,35.7,"98.39738875","93.296095944",57.2,17.2,38.1,61.9,82.8,22.5,36.2,"25.3"
"Gardner, Brett",458731,2020,36,130,158,29,18,5,1,5,35,26,22.2,16.5,".223",".392",".354","0.746","0.169","51","379","55","653",".226",".370",".332",".327",".022",".005","89.2","15",35.4,5.2,36.5,"98.883051489","93.849728602",58.9,16.9,50.9,49.1,83.1,24.6,37.4,"28.2"
"Gordon, Alex",460086,2020,36,163,184,34,26,4,0,4,37,18,20.1,9.8,".209",".307",".299","0.606","0.098","50","431","69","707",".230",".352",".275",".301","-0.045","-0.026","82.8","11.6",34.1,3.2,25.4,"96.317651311","92.159319426",72.4,18.3,36.4,63.6,81.7,23.1,47.2,"25.0"
"Ramos, Wilson",467092,2020,32,142,155,34,23,6,0,5,31,10,20,6.5,".239",".387",".297","0.684","0.148","55","340","65","529",".247",".419",".297",".316","-0.032","-0.019","89","6.5",26.8,7.1,42,"101.041723929","94.832569732",78.9,19.3,40.9,59.1,80.7,25.9,54.8,"23.3"
"Santana, Carlos",467793,2020,34,206,255,41,26,7,0,8,43,47,16.9,18.4,".199",".350",".349","0.699","0.151","72","614","72","1123",".251",".448",".316",".372","-0.098","-0.056","88","12.2",32.3,6.8,36.6,"99.260366296","93.650599074",61.5,15.8,34.6,65.4,84.2,20.6,36.3,"25.6"
"Belt, Brandon",474832,2020,32,149,179,46,23,13,1,9,36,30,20.1,16.8,".309",".591",".425","1.016","0.282","88","397","60","686",".287",".597",".427",".422","-0.006",".005","90.7","18",40.7,16.8,46.9,"101.297268571","95.273395045",73.8,15.8,45.9,54.1,84.2,23.3,43.1,"25.2"
"Brantley, Michael",488726,2020,33,170,187,51,31,15,0,5,28,17,15,9.1,".300",".476",".364","0.840","0.176","81","443","38","721",".260",".413",".362",".325",".063",".037","88.7","10.2",34.5,4.9,37.3,"98.251374648","93.415636667",59.5,10.1,35.2,64.8,89.9,16.3,39.9,"26.3"
"Gurriel, Yuli",493329,2020,36,211,230,49,30,12,1,6,27,12,11.7,5.2,".232",".384",".274","0.658","0.152","81","519","50","789",".265",".408",".281",".318","-0.024","-0.037","89.3","13.9",34.4,3.7,36.5,"98.527696064","93.454652781",66.2,6.3,30.4,69.6,93.7,15.6,48.8,"27.2"
"Escobar, Eduardo",500871,2020,31,203,222,43,29,7,3,4,41,15,18.5,6.8,".212",".335",".270","0.605","0.123","68","543","79","811",".263",".396",".257",".306","-0.061","-0.049","88.6","18.1",34.8,5.5,31.7,"97.095200488","92.633428037",70.6,12.6,36.8,63.2,87.4,21.6,51.4,"27.9"
"Martinez, J.D.",502110,2020,32,211,237,45,22,16,0,7,59,22,24.9,9.3,".213",".389",".291","0.680","0.176","82","579","116","898",".229",".443",".290",".318","-0.054","-0.028","89.5","14.7",39.6,11.1,41.6,"99.85455974","94.246308758",74,20.4,45.8,54.2,79.6,28.1,51.9,"25.9"
"Reddick, Josh",502210,2020,33,188,210,46,30,11,1,4,42,20,20,9.5,".245",".378",".316","0.694","0.133","71","525","71","836",".246",".360",".304",".303",".018",".001","85.9","19.1",34.7,4.8,29.3,"96.145119315","92.092886986",69.2,16.1,39.1,60.9,83.5,22.6,46.5,"26.3"
"Goldschmidt, Paul",502671,2020,32,191,231,58,39,13,0,6,43,37,18.6,16,".304",".466",".417","0.883","0.162","89","581","78","978",".285",".510",".387",".396","-0.044","-0.009","89.2","11.7",42.3,10.7,40.9,"99.2678272","93.874685503",61.1,19.7,33.1,66.9,80.3,23.7,40.6,"26.4"
"Gonzalez, Marwin",503556,2020,31,175,199,37,28,4,0,5,41,17,20.6,8.5,".211",".320",".286","0.606","0.109","56","491","66","802",".240",".401",".269",".314","-0.081","-0.045","89.2","12.6",31.9,5.1,38.4,"98.202361739","93.451501168",61.3,17.8,34.8,65.2,82.2,23.5,43,"25.6"
"Altuve, Jose",514888,2020,30,192,210,42,28,9,0,5,39,17,18.6,8.1,".219",".344",".286","0.630","0.125","66","500","64","762",".230",".349",".278",".288","-0.005","-0.010","86.7","9.3",24.8,4.6,33.3,"97.480630811","92.777053741",68,12.1,32.9,67.1,87.9,20.2,50,"28.4"
"Hernández, César",514917,2020,30,233,261,66,43,20,0,3,57,24,21.8,9.2,".283",".408",".355","0.763","0.125","95","670","76","1076",".273",".396",".335",".330",".012",".005","89.1","5.6",37.3,4,37.3,"98.999012093","93.787809064",65,10.2,46.4,53.6,89.8,19.8,43.6,"28.4"
"Segura, Jean",516416,2020,30,192,217,51,37,5,2,7,45,23,20.7,10.6,".266",".422",".347","0.769","0.156","81","523","73","821",".250",".391",".333",".318",".031",".015","87.7","11.2",31.8,6.1,38.5,"99.748813288","93.958321438",65.1,16.1,33.1,66.9,83.9,22.4,46.8,"28.3"
"Marte, Starling",516782,2020,31,228,250,64,43,14,1,6,41,12,16.4,4.8,".281",".430",".340","0.770","0.149","98","623","113","943",".258",".413",".333",".320",".017",".013","87.1","6.5",30.3,6.5,30.3,"97.604057802","92.829315028",73.1,15,44.3,55.7,85,25.4,52.7,"28.4"
"d'Arnaud, Travis",518595,2020,31,165,184,53,36,8,0,9,50,16,27.2,8.7,".321",".533",".386","0.919","0.212","88","445","93","676",".296",".531",".392",".382",".002",".010","93.4","8.1",42.2,11.3,57.8,"103.400702414","96.99885113",68.7,21.7,51.4,48.6,78.3,30.9,50.3,"26.3"
"Freeman, Freddie",518692,2020,30,214,262,73,36,23,1,13,37,45,14.1,17.2,".341",".640",".462","1.102","0.299","137","598","83","1021",".339",".660",".456",".464","-0.020","-0.008","92.4","17.2",49.2,14.8,54.2,"101.812650227","95.798406705",78.1,15.2,31.3,68.7,84.8,20.1,48.2,"26.3"
"Grandal, Yasmani",518735,2020,31,161,194,37,22,7,0,8,58,30,29.9,15.5,".230",".422",".351","0.773","0.192","68","500","81","860",".207",".403",".338",".327",".019",".011","90.3","15.6",38.1,7.6,43.8,"99.928859811","94.403731524",49.4,22.2,50,50,77.8,30.7,34.1,"23.6"
"Heyward, Jason",518792,2020,30,147,181,39,25,6,2,6,37,30,20.4,16.6,".265",".456",".392","0.848","0.191","67","464","63","809",".287",".451",".368",".381",".005","-0.013","87.6","11.3",42,4.5,40.2,"99.349426786","93.800858304",56.8,19.4,36.4,63.6,80.6,23.7,37,"27.0"
"LeMahieu, DJ",518934,2020,31,195,216,71,49,10,2,10,21,18,9.7,8.3,".364",".590",".421","1.011","0.226","115","531","34","829",".312",".460",".429",".366",".130",".063","91.3","2.3",29.7,2.9,45.7,"100.540551744","94.953852733",64.2,7.1,22.2,77.8,92.9,11.2,44.1,"26.0"
"Moreland, Mitch",519048,2020,34,136,152,36,17,9,0,10,32,15,21.1,9.9,".265",".551",".342","0.893","0.286","75","347","77","574",".236",".476",".372",".335",".075",".037","88.2","12.5",31.7,14.4,40.4,"99.371440577","93.901631942",71,23.6,50.6,49.4,76.4,31.3,46.7,"24.2"
"Moustakas, Mike",519058,2020,31,139,163,32,15,9,0,8,36,18,22.1,11,".230",".468",".331","0.799","0.238","65","408","58","660",".240",".430",".340",".335",".038",".005","88.8","16.3",36.2,9.5,40,"100.011511887","94.258664667",69,15.2,42.9,57.1,84.8,24.4,47.9,"25.0"
"Rizzo, Anthony",519203,2020,30,203,243,45,28,6,0,11,38,28,15.6,11.5,".222",".414",".342","0.756","0.192","84","620","65","985",".266",".413",".326",".355",".001","-0.029","87.7","16.7",34.7,7.8,34.7,"99.57215061","93.849255427",55.9,9.8,32.8,67.2,90.2,19.3,42.5,"25.0"
"Galvis, Freddy",520471,2020,30,141,159,31,19,5,0,7,30,13,18.9,8.2,".220",".404",".308","0.712","0.184","57","378","62","618",".220",".360",".312",".301",".044",".011","87","13.6",27,4.5,27.9,"96.518537593","92.396665981",66.1,20.4,39.8,60.2,79.6,26.5,45.1,"26.0"
"Perez, Salvador",521692,2020,30,150,156,50,27,12,0,11,36,3,23.1,1.9,".333",".633",".353","0.986","0.300","95","389","71","563",".319",".622",".410",".406",".011",".004","91","14.2",41.7,14.2,47,"101.097460351","95.13199885",79.3,16.2,41.4,58.6,83.8,26.9,58.8,"25.1"
"Flores, Wilmer",527038,2020,28,198,213,53,29,11,1,12,36,13,16.9,6.1,".268",".515",".315","0.830","0.247","102","576","68","892",".245",".430",".347",".309",".085",".038","87.9","19",37.4,6.1,34.4,"97.808676707","93.175661718",69.5,12.7,27.6,72.4,87.3,17.8,48,"25.0"
"García, Avisaíl",541645,2020,29,181,207,43,31,10,0,2,49,20,23.7,9.7,".238",".326",".333","0.659","0.088","59","479","124","724",".244",".375",".296",".317","-0.049","-0.021","87.4","8.7",37.1,3.8,37.1,"99.290871364","93.692910455",78.6,24.1,54.3,45.7,75.9,34.7,54.6,"28.0"
"Ozuna, Marcell",542303,2020,29,228,267,77,45,14,0,18,60,38,22.5,14.2,".338",".636",".431","1.067","0.298","145","657","137","1074",".310",".632",".444",".434",".004",".010","93","16.4",39.1,15.4,54.4,"103.534352941","96.562612663",69,21,51.8,48.2,79,31.4,46.3,"27.2"
"Villar, Jonathan",542340,2020,29,185,207,43,36,5,0,2,54,19,26.1,9.2,".232",".292",".301","0.593","0.060","54","508","116","805",".216",".287",".266",".261",".005",".005","86.7","1.6",18.7,1.5,35.8,"99.470722344","93.853135313",74.6,22.5,48.4,51.6,77.5,32,51.6,"27.0"
"Aguilar, Jesús",542583,2020,30,188,216,52,34,10,0,8,40,23,18.5,10.6,".277",".457",".352","0.809","0.180","86","567","76","882",".271",".452",".347",".345",".005",".002","89.3","16",37.5,7.2,37.5,"99.078188947","93.762450461",64.1,13.7,38.4,61.6,86.3,22.3,47.3,"24.7"
"Crawford, Brandon",543063,2020,33,172,193,44,24,12,0,8,47,15,24.4,7.8,".256",".465",".326","0.791","0.209","80","481","106","732",".235",".398",".334",".309",".067",".025","88.7","12.4",35.4,9.5,39.4,"98.74086254","93.673056111",78.3,21.6,55.1,44.9,78.4,31.5,54.6,"25.7"
"Dickerson, Alex",543105,2020,30,150,169,45,24,10,1,10,29,16,17.2,9.5,".300",".580",".373","0.953","0.280","87","385","63","606",".270",".498",".396",".358",".082",".038","90.9","17.8",30.3,10.7,44.3,"101.065423607","94.709296281",72.7,15,39,61,85,23.3,50.3,"26.9"
"Grossman, Robbie",543257,2020,30,166,192,40,18,12,2,8,38,21,19.8,10.9,".241",".482",".344","0.826","0.241","80","467","48","751",".240",".399",".351",".328",".083",".023","89","15.2",33.6,5.5,37.5,"98.280297813","93.396949921",65.9,12.4,35.7,64.3,87.6,18.4,43.4,"27.4"
"Hicks, Aaron",543305,2020,30,169,211,38,20,10,2,6,38,41,18,19.4,".225",".414",".379","0.793","0.189","70","508","95","918",".256",".435",".351",".374","-0.021","-0.023","88.2","11.1",29.8,6.9,38.2,"99.738009846","93.99654093",66.6,22.6,48,52,77.4,27.9,39.4,"27.5"
"Hosmer, Eric",543333,2020,30,143,156,41,26,6,0,9,28,9,17.9,5.8,".287",".517",".333","0.850","0.230","74","380","47","570",".284",".520",".359",".366","-0.003","-0.007","90.8","8.7",33.3,10.3,47,"102.042935","95.392185517",68.8,14,30.6,69.4,86,20.2,50.4,"25.6"
"Miller, Brad",543543,2020,30,142,171,33,17,8,1,7,46,25,26.9,14.6,".232",".451",".357","0.808","0.219","64","411","81","705",".252",".481",".349",".377","-0.030","-0.028","89.8","11.2",33,13.4,43.3,"100.674943878","94.479301237",60.2,30.6,45.2,54.8,69.4,35.7,39.7,"27.2"
"Nola, Austin",543592,2020,30,161,184,44,27,9,1,7,34,18,18.5,9.8,".273",".472",".353","0.825","0.199","76","445","50","728",".280",".467",".352",".361",".005","-0.009","89.7","12.5",40.3,7.8,43.4,"99.895058462","94.446211628",62.5,16,36.8,63.2,84,20.1,40.4,"26.4"
"Rendon, Anthony",543685,2020,30,189,232,54,33,11,1,9,31,38,13.4,16.4,".286",".497",".418","0.915","0.211","94","525","43","889",".287",".469",".395",".390",".028",".005","90.1","19.5",39.2,6.4,40.5,"98.602933924","93.634717389",66.8,8.9,35.9,64.1,91.1,14.7,40.5,"26.4"
"Semien, Marcus",543760,2020,29,211,236,47,30,9,1,7,50,25,21.2,10.6,".223",".374",".305","0.679","0.151","79","593","86","984",".209",".352",".299",".287",".022",".012","86.2","19.3",32.9,5,28.6,"96.361638375","92.211459874",70.8,18.5,40.4,59.6,81.5,23.3,44.1,"28.1"
"Shaw, Travis",543768,2020,30,163,180,39,23,10,0,6,50,16,27.8,8.9,".239",".411",".306","0.717","0.172","67","437","85","709",".241",".436",".310",".323","-0.025","-0.013","90.9","19.8",34.2,7.9,44.7,"101.517883509","95.057627105",70.1,25,40.4,59.6,75,29.1,47,"25.1"
"Springer, George",543807,2020,30,189,222,50,28,6,2,14,38,24,17.1,10.8,".265",".540",".359","0.899","0.275","102","500","87","821",".294",".569",".379",".405","-0.029","-0.026","88.7","18.3",35.3,12.6,42.5,"101.012866184","94.708160132",73.9,19.4,42.2,57.8,80.3,25.3,47.7,"28.1"
"Vázquez, Christian",543877,2020,29,173,189,49,33,9,0,7,43,16,22.8,8.5,".283",".457",".344","0.801","0.174","79","502","70","779",".218",".353",".346",".281",".104",".065","88.4","14.4",33.1,4.7,40,"98.429126154","93.35878876",65,19.2,30.2,69.8,80.8,22.9,47.6,"25.0"
"Wong, Kolten",543939,2020,29,181,208,48,41,4,2,1,30,20,14.4,9.6,".265",".326",".350","0.676","0.061","59","521","51","849",".235",".306",".305",".286",".020",".019","86.5","10.8",31.2,0.7,26.6,"95.584306892","91.793051554",65.6,10.6,28.7,71.3,89.4,15.8,43.9,"26.7"
"Gregorius, Didi",544369,2020,30,215,237,61,39,10,2,10,28,15,11.8,6.3,".284",".488",".339","0.827","0.204","105","600","81","902",".263",".396",".348",".311",".092",".037","83.8","17.8",35.3,4.2,27.9,"96.139141064","92.158376631",73.9,13,32.5,67.5,87,19,53.5,"27.2"
"Grichuk, Randal",545341,2020,28,216,231,59,38,9,0,12,49,13,21.2,5.6,".273",".481",".312","0.793","0.208","104","565","87","855",".268",".468",".334",".333",".013",".001","88.9","12.6",27.2,11.4,39.6,"100.547348929","94.472173234",71.3,17.2,34.2,65.8,82.8,23.1,51.7,"27.7"
"Trout, Mike",545361,2020,28,199,241,56,28,9,2,17,56,35,23.2,14.5,".281",".603",".390","0.993","0.322","120","601","62","1023",".291",".612",".407",".428","-0.009","-0.021","93.7","23.1",36.1,15.3,55.1,"103.522413333","96.756365347",57.4,13.9,43.1,56.9,86.1,19.5,36.7,"28.8"
"Ruiz, Rio",547004,2020,26,185,204,41,21,11,0,9,46,17,22.5,8.3,".222",".427",".286","0.713","0.205","79","510","91","788",".212",".356",".303",".277",".071",".026","87.9","10.5",27.7,8.6,39,"99.181741429","93.707106906",77.4,19.7,47,53,80.3,27.3,52,"25.2"
"Harper, Bryce",547180,2020,27,190,244,51,27,9,2,13,43,49,17.6,20.1,".268",".542",".420","0.962","0.274","103","554","115","973",".308",".658",".400",".454","-0.116","-0.054","92.5","16",33.3,17.3,50.7,"104.136840278","96.785819375",73.5,18,46.2,53.8,82,28.6,45.9,"27.8"
"Abreu, José",547989,2020,33,240,262,76,42,15,0,19,59,18,22.5,6.9,".317",".617",".370","0.987","0.300","148","657","126","1027",".299",".587",".411",".399",".030",".012","92.9","10.9",37.4,14.3,53.3,"104.315308571","96.898123022",68.8,19.8,47.6,52.4,80.2,30.1,48.5,"26.8"
"Suárez, Eugenio",553993,2020,28,198,231,40,17,8,0,15,67,30,29,13,".202",".470",".312","0.782","0.268","93","603","116","999",".216",".472",".332",".342","-0.002","-0.010","89.1","17.9",29.5,14.4,44.7,"101.191154545","94.886730076",63.7,21.7,53.4,46.6,78.3,31.7,41.7,"26.0"
"Polanco, Gregory",570256,2020,28,157,174,24,11,6,0,7,65,13,37.4,7.5,".153",".325",".214","0.539","0.172","51","486","150","755",".223",".417",".232",".301","-0.092","-0.069","92.9","20.8",36.8,12.6,51.6,"103.372398125","96.619252842",73,32.8,59.2,40.8,67.2,42.8,51.4,"27.5"
"González, Erik",570481,2020,28,181,193,41,24,13,1,3,51,8,26.4,4.1,".227",".359",".255","0.614","0.132","65","442","96","661",".237",".396",".262",".293","-0.037","-0.031","88.5","5.5",33.6,6.8,44,"100.617211515","94.399348561",74,19.1,56.1,43.9,80.9,32,53.4,"27.3"
"Urshela, Gio",570482,2020,28,151,174,45,28,11,0,6,25,18,14.4,10.3,".298",".490",".368","0.858","0.192","74","401","50","633",".314",".491",".365",".379","-0.001","-0.014","91.4","12.3",38.5,7,40.8,"100.173467538","94.611012713",70.8,13.1,37,63,86.9,20.3,48.2,"25.0"
"Schoop, Jonathan",570731,2020,28,162,177,45,31,4,2,8,39,8,22,4.5,".278",".475",".324","0.799","0.197","77","423","89","624",".243",".389",".340",".300",".086",".040","87.2","8.7",26.4,5.6,33.6,"100.202616935","94.106945887",77.4,17.3,46.5,53.5,82.7,27.8,56.6,"27.3"
"Arenado, Nolan",571448,2020,29,182,201,46,29,9,0,8,20,15,10,7.5,".253",".434",".303","0.737","0.181","79","441","49","684",".235",".392",".308",".288",".042",".020","87.8","19.1",27.1,5.4,33.7,"98.207786506","93.152140723",66.5,9.5,32.8,67.2,90.5,17.9,48.1,"24.8"
"Goodwin, Brian",571718,2020,29,144,164,31,15,9,1,6,54,17,32.9,10.4,".215",".417",".299","0.716","0.202","60","415","79","682",".212",".381",".305",".298",".036",".007","89.9","20.7",41.3,10.9,41.3,"99.35149587","94.073766739",60.6,26.7,55.2,44.8,73.3,33.7,40,"28.0"
"Muncy, Max",571970,2020,29,203,248,39,23,4,0,12,60,39,24.2,15.7,".192",".389",".331","0.720","0.197","79","628","101","1100",".229",".473",".316",".360","-0.084","-0.044","88.5","14.2",29,12.4,40,"99.706862329","94.042931517",59.8,19,53.3,46.7,81,26.8,36.6,"27.3"
"Myers, Wil",571976,2020,29,198,218,57,26,14,2,15,56,18,25.7,8.3,".288",".606",".353","0.959","0.318","120","529","84","843",".285",".589",".400",".396",".017",".004","91","13.4",40.8,15,45.8,"101.631815571","95.352673957",62.6,16.7,46,54,83.3,25.9,42.6,"28.2"
"Piscotty, Stephen",572039,2020,29,159,171,36,25,6,0,5,53,9,31,5.3,".226",".358",".271","0.629","0.132","57","414","97","588",".237",".398",".273",".293","-0.040","-0.020","88.1","13.5",34.3,6.5,39.8,"99.177777778","93.835064299",76.9,24.1,49.6,50.4,75.9,33.7,59,"26.5"
"Pollock, AJ",572041,2020,32,196,210,54,29,9,0,16,45,12,21.4,5.7,".276",".566",".314","0.880","0.290","111","493","71","746",".269",".499",".364",".345",".067",".019","89.6","13",37.9,10.6,43.1,"100.207984474","94.434710861",65.3,14.7,46.8,53.2,85.3,24.7,47.7,"28.2"
"Seager, Kyle",572122,2020,32,203,248,49,28,12,0,9,33,32,13.3,12.9,".241",".433",".355","0.788","0.192","88","567","72","963",".252",".472",".338",".365","-0.039","-0.027","89.1","17.7",30.7,10.2,39.8,"98.417159318","93.543557614",62.5,13.1,40,60,86.9,20.4,40.3,"25.7"
"Voit, Luke",572228,2020,29,213,234,59,32,5,0,22,54,17,23.1,7.3,".277",".610",".338","0.948","0.333","130","571","111","910",".279",".586",".393",".389",".024",".004","88.9","15.2",37.5,13.3,40,"100.684343544","94.623051203",79.2,19.2,49.6,50.4,80.8,27.6,52.1,"24.9"
"Walker, Christian",572233,2020,29,218,243,59,33,18,1,7,50,19,20.6,7.8,".271",".459",".333","0.792","0.188","100","624","120","962",".266",".454",".339",".339",".005",".000","90.4","11.5",34.5,6.5,48.5,"101.908890353","95.476667059",74.2,17.4,50,50,82.6,27.1,51.8,"26.9"
"Carpenter, Matt",572761,2020,34,140,169,26,16,6,0,4,48,23,28.4,13.6,".186",".314",".325","0.639","0.128","44","431","84","736",".209",".400",".293",".330","-0.086","-0.037","88.1","17.1",44.6,9.9,36.3,"97.452524565","92.894545055",61.2,25,55,45,75,33.1,39.4,"25.7"
"Dickerson, Corey",572816,2020,31,194,210,50,37,5,1,7,35,15,16.7,7.1,".258",".402",".311","0.713","0.144","78","570","102","861",".248",".396",".308",".305",".006",".003","85.7","11.1",25.8,5.7,30.8,"97.061493671","92.538034367",73.7,23.3,30.8,69.2,76.7,25.7,53.4,"27.0"
"Yastrzemski, Mike",573262,2020,29,192,225,57,29,14,4,10,55,30,24.4,13.3,".297",".568",".400","0.968","0.271","109","565","77","940",".251",".488",".407",".364",".080",".043","88.2","18.4",35,10.9,42.3,"99.26844913","93.715521022",58.8,18.9,41.9,58.1,81.1,24.7,39.1,"27.5"
"Contreras, Willson",575929,2020,28,189,225,46,29,10,0,7,57,20,25.3,8.9,".243",".407",".356","0.763","0.164","77","546","123","871",".249",".441",".336",".353","-0.034","-0.017","89.8","9.1",35.8,10.4,47.8,"102.281617612","95.465128571",67.8,21.3,56,44,78.7,33.8,47.9,"27.3"
"Iglesias, Jose",578428,2020,30,142,150,53,33,17,0,3,17,3,11.3,2,".373",".556",".400","0.956","0.183","79","387","33","567",".359",".502",".407",".387",".054",".020","86.2","7.6",43.7,3.2,36.5,"99.091504762","93.67587496",61.9,7.3,28.1,71.9,92.7,14.5,48.5,"27.1"
"Canha, Mark",592192,2020,31,191,243,47,28,12,2,5,54,37,22.2,15.2,".246",".408",".387","0.795","0.162","78","629","80","1063",".241",".415",".351",".359","-0.007","-0.008","89.7","19.4",37.3,7.9,39.4,"98.907806143","93.708491143",58.1,18.4,40,60,81.6,24,38,"27.5"
"Castellanos, Nick",592206,2020,28,218,242,49,22,11,2,14,69,19,28.5,7.9,".225",".486",".298","0.784","0.261","106","624","153","966",".274",".545",".329",".375","-0.059","-0.046","91","16.5",39.3,16.1,46.7,"100.5504196","94.703394832",73.6,19.9,55.8,44.2,80.1,34.2,51.8,"27.7"
"Goodrum, Niko",592348,2020,28,158,179,29,16,7,1,5,69,18,38.5,10.1,".184",".335",".263","0.598","0.151","53","483","120","775",".183",".336",".262",".265","-0.001","-0.003","88.8","16",34.8,9.8,40.2,"98.879519348","93.764511522",66.4,30,56.3,43.8,70,38.6,44.5,"28.1"
"Machado, Manny",592518,2020,27,224,254,68,39,12,1,16,37,26,14.6,10.2,".304",".580",".370","0.950","0.276","130","575","85","936",".300",".540",".391",".385",".040",".006","90.2","15.6",34.6,11.1,43.5,"102.695949158","95.565070368",72.3,14.7,40.7,59.3,85.3,21.7,46.7,"26.4"
"Moran, Colin",592567,2020,27,178,200,44,24,10,0,10,52,19,26,9.5,".247",".472",".325","0.797","0.225","84","523","94","809",".254",".479",".340",".350","-0.007","-0.010","91.9","8.3",32.3,13.5,47.2,"102.613770159","95.95598352",69.4,17.2,43.4,56.6,82.8,28,49.9,"24.2"
"Realmuto, J.T.",592663,2020,29,173,195,46,29,6,0,11,48,16,24.6,8.2,".266",".491",".349","0.840","0.225","85","455","83","742",".246",".498",".361",".356","-0.007",".005","90.2","11.6",32.8,13.6,42.4,"101.277934921","95.12123304",67.1,22.6,47.4,52.6,77.4,29.8,45.3,"28.2"
"Rosario, Eddie",592696,2020,28,210,231,54,34,7,0,13,34,19,14.7,8.2,".257",".476",".316","0.792","0.219","100","535","79","828",".246",".437",".333",".318",".039",".015","87.5","18.1",30.3,6.2,35.4,"97.149699091","92.643316171",70.1,15.8,30.6,69.4,84.2,22.6,51.9,"27.0"
"Yelich, Christian",592885,2020,28,200,247,41,21,7,1,12,76,46,30.8,18.6,".205",".430",".356","0.786","0.225","86","599","117","1100",".246",".468",".343",".374","-0.038","-0.031","94","7.1",32.3,12.3,55.6,"103.843596557","97.02065123",57.8,21.6,61.9,38.1,78.4,33.6,34.6,"28.2"
"Merrifield, Whit",593160,2020,31,248,265,70,49,12,0,9,33,12,12.5,4.5,".282",".440",".325","0.765","0.158","109","654","68","996",".292",".439",".329",".336",".001","-0.007","86.1","15.8",39.8,5.1,27.3,"95.855324206","91.961579112",71.8,11.8,27.3,72.7,88.2,16.3,49.3,"28.5"
"Bogaerts, Xander",593428,2020,27,203,225,61,42,8,0,11,41,21,18.2,9.3,".300",".502",".364","0.866","0.202","102","604","87","967",".258",".471",".368",".340",".031",".028","89","8.7",31.3,8.6,36.8,"99.721139136","94.010233642",64.3,17.1,38.1,61.9,82.9,23,43.6,"27.6"
"Alberto, Hanser",593643,2020,27,219,231,62,44,15,0,3,30,5,13,2.2,".283",".393",".306","0.699","0.110","86","559","59","760",".247",".319",".301",".261",".074",".040","82.3","13.2",32.6,1,20.7,"93.472612717","90.856123497",75.6,11.2,23.9,76.1,88.8,16.9,62.9,"26.8"
"Polanco, Jorge",593871,2020,26,209,226,54,42,8,0,4,35,13,15.5,5.8,".258",".354",".304","0.658","0.096","74","577","59","901",".263",".381",".289",".304","-0.027","-0.015","86.6","16.1",39,2.8,33.3,"96.651106591","92.358275714",64.4,10.4,34.3,65.7,89.6,16.8,43.7,"27.8"
"Sanó, Miguel",593934,2020,27,186,205,38,13,12,0,13,90,18,43.9,8.8,".204",".478",".278","0.756","0.274","89","544","158","869",".215",".483",".317",".326","-0.005","-0.009","95.2","20.2",31.3,23.2,57.3,"107.128241875","98.788112737",70.2,29.1,70.7,29.3,70.9,42.6,47.3,"26.4"
"Calhoun, Kole",594777,2020,32,190,228,43,18,9,0,16,50,28,21.9,12.3,".226",".526",".338","0.864","0.300","100","539","126","901",".263",".517",".362",".379",".009","-0.017","89.4","17",36.1,12.1,38.2,"99.503862113","93.982617872",75.9,23,62.5,37.5,77,32.7,46.8,"26.0"
"Duvall, Adam",594807,2020,31,190,209,45,21,8,0,16,54,15,25.8,7.2,".237",".532",".301","0.833","0.295","101","527","89","798",".228",".516",".348",".342",".016",".006","88.1","22.9",30.7,14,40.1,"100.670608824","94.472182941",66.5,18.4,43.7,56.3,81.6,27.1,49,"27.9"
"Eaton, Adam",594809,2020,31,159,176,36,20,11,1,4,32,12,18.2,6.8,".226",".384",".285","0.669","0.158","61","460","43","676",".248",".389",".287",".303","-0.005","-0.016","87.8","5.7",30.5,4.6,38.2,"98.916617419","93.580895285",68.5,8.8,31.6,68.4,91.2,16.6,50.7,"27.9"
"Kiermaier, Kevin",595281,2020,30,138,159,30,19,5,3,3,42,20,26.4,12.6,".217",".362",".321","0.683","0.145","50","397","83","653",".249",".377",".301",".325","-0.015","-0.024","87.7","-0.4",28.1,6.3,41.7,"99.416378542","93.734220104",73.8,19.1,58.1,41.9,80.9,30.1,46.9,"29.3"
"Profar, Jurickson",595777,2020,27,180,202,50,37,6,0,7,28,15,13.9,7.4,".278",".428",".343","0.771","0.150","77","539","67","837",".282",".411",".335",".338",".017","-0.003","87.2","11",35.5,3.3,27.7,"96.940536711","92.4870825",66.3,14.1,33.1,66.9,85.9,20.1,47.1,"27.0"
"Báez, Javier",595879,2020,27,222,235,45,27,9,1,8,75,7,31.9,3,".203",".360",".238","0.598","0.157","80","598","155","909",".213",".380",".256",".275","-0.020","-0.019","89.4","10.3",24.8,8.2,40.3,"101.31207375","94.809897708",73.2,29.4,50.2,49.8,70.6,38.2,53.2,"27.9"
"Lindor, Francisco",596019,2020,26,236,266,61,40,13,0,8,41,24,15.4,9,".258",".415",".335","0.750","0.157","98","700","95","1118",".279",".441",".324",".346","-0.026","-0.022","89.9","13.5",36.5,5.6,41.1,"99.684694433","94.059685052",72.4,12.4,35.7,64.3,87.6,20.3,48.9,"27.4"
"Story, Trevor",596115,2020,27,235,259,68,40,13,4,11,63,24,24.3,9.3,".289",".519",".355","0.874","0.230","122","644","103","1036",".253",".457",".370",".335",".062",".035","89.9","20.8",40.1,8.8,41.3,"100.396057209","94.467090526",66.5,18.4,40.3,59.7,81.6,25.7,45.8,"28.9"
"Sánchez, Gary",596142,2020,27,156,178,23,9,4,0,10,64,18,36,10.1,".147",".365",".253","0.618","0.218","57","485","98","774",".193",".430",".271",".314","-0.065","-0.043","91.8","19.2",29.3,17.6,50,"103.997915652","96.672059451",61.7,22.1,54.4,45.6,77.9,34,43.7,"25.0"
"Kepler, Max",596146,2020,27,171,196,39,21,9,0,9,36,22,18.4,11.2,".228",".439",".321","0.760","0.211","75","465","56","770",".258",".425",".328",".340",".014","-0.012","88.5","22.2",30.9,5.2,38.2,"99.204226765","93.676104222",66.8,11.2,46.9,53.1,88.8,21.2,44.8,"28.0"
"Franco, Maikel",596748,2020,27,223,243,62,38,16,0,8,38,16,15.6,6.6,".278",".457",".321","0.778","0.179","102","616","103","944",".256",".398",".329",".307",".059",".022","86.7","8.4",33.3,5.9,38.6,"100.224684468","94.175420214",71.5,15.7,40.1,59.9,84.3,24.6,49.9,"24.7"
"Bradley Jr., Jackie",598265,2020,30,191,217,54,36,11,0,7,48,23,22.1,10.6,".283",".450",".364","0.814","0.167","86","508","83","836",".220",".368",".352",".301",".082",".051","88.4","4.3",28.5,7.8,36.4,"98.602853571","93.472785429",67.7,22.7,35.6,64.4,77.3,26.1,45.3,"27.3"
"La Stella, Tommy",600303,2020,31,196,228,55,34,14,2,5,12,27,5.3,11.8,".281",".449",".370","0.819","0.168","88","568","34","940",".275",".423",".355",".348",".026",".007","88","17.1",32.1,4.8,28.3,"96.273957849","92.214603892",54.1,8.9,17.2,82.8,91.1,11.2,38.1,"25.5"
"Severino, Pedro",600474,2020,26,160,178,40,29,5,1,5,40,16,22.5,9,".250",".388",".322","0.710","0.138","62","450","81","741",".269",".430",".312",".337","-0.042","-0.025","87.6","9.5",36.4,7.5,31.4,"99.0569","93.575382269",66.9,15.3,50.8,49.2,84.7,28.2,45.9,"26.7"
"Núñez, Renato",600524,2020,26,195,216,50,28,10,0,12,64,17,29.6,7.9,".256",".492",".324","0.816","0.236","96","610","118","893",".227",".431",".347",".315",".061",".032","86.3","21.1",37.9,12.1,36.4,"98.851627273","93.444118636",66.8,24.1,38.5,61.5,75.9,30.1,52.1,"26.6"
"Candelario, Jeimer",600869,2020,26,185,206,55,34,11,3,7,49,20,23.8,9.7,".297",".503",".369","0.872","0.206","93","524","87","844",".277",".471",".373",".356",".032",".017","90.2","13.3",37.5,10.4,47.1,"101.954374925","95.267632164",67.9,17.1,50.8,49.2,82.9,27.9,45,"26.8"
"Ahmed, Nick",605113,2020,30,199,217,53,37,10,1,5,46,18,21.2,8.3,".266",".402",".327","0.729","0.136","80","537","95","832",".247",".377",".318",".304",".025",".014","87.7","9.4",30.1,5.3,33.3,"97.979172667","93.079952",69.4,20.8,40.4,59.6,79.2,27.4,48.2,"28.1"
"Anderson, Brian",605119,2020,27,200,229,51,32,7,1,11,66,22,28.8,9.6,".255",".465",".345","0.810","0.210","93","551","133","888",".227",".426",".348",".324",".039",".024","87.4","9.6",34.8,9.6,39.3,"99.102413382","93.651971037",73.4,27.7,47.6,52.4,72.3,34.4,49.1,"26.4"
"Bell, Josh",605137,2020,27,195,223,44,33,3,0,8,59,22,26.5,9.9,".226",".364",".305","0.669","0.138","71","516","118","857",".222",".375",".286",".293","-0.011","-0.007","91.7","5.9",24.3,8.6,42.9,"102.09961","95.3740285",72.4,25.3,49.3,50.7,74.7,33.6,45.9,"26.2"
"Betts, Mookie",605141,2020,27,219,246,64,38,9,1,16,38,24,15.4,9.8,".292",".562",".366","0.928","0.270","123","584","39","930",".283",".485",".390",".362",".077",".028","90.7","18.5",40.1,7.8,43.4,"99.966803556","94.311948056",58,6.7,31.2,68.8,93.3,13.8,40.5,"28.3"
"Davis, J.D.",605204,2020,27,190,229,47,32,9,0,6,56,31,24.5,13.5,".247",".389",".371","0.760","0.142","74","578","117","951",".252",".424",".339",".355","-0.035","-0.016","90.1","3.3",29.6,9,45.2,"102.105949851","95.319305299",66.9,21.3,51.8,48.2,78.7,29.3,44.9,"27.2"
"Arcia, Orlando",606115,2020,25,173,189,45,29,10,1,5,32,14,16.9,7.4,".260",".416",".317","0.733","0.156","72","440","61","703",".276",".423",".317",".334","-0.007","-0.017","89","9.6",37.3,5.7,38.7,"99.346351","93.890230143",67.6,19.1,31.7,68.3,80.9,23.1,46.8,"26.1"
"Tapia, Raimel",606132,2020,26,184,206,59,48,8,2,1,38,14,18.4,6.8,".321",".402",".369","0.771","0.081","74","528","62","805",".244",".325",".338",".285",".077",".053","85.3","1.8",28.7,2,30,"96.593740405","92.307061689",71.3,12.5,33.3,66.7,87.5,18.7,51.1,"28.1"
"Hernández, Teoscar",606192,2020,27,190,207,55,32,7,0,16,63,14,30.4,6.8,".289",".579",".340","0.919","0.290","110","547","125","840",".296",".614",".384",".401","-0.035","-0.017","93.3","15.3",40.6,18.1,53.1,"104.846097031","97.246447559",62.9,27.7,48.5,51.5,72.3,34.9,46.4,"28.2"
"Marte, Ketel",606466,2020,26,181,195,52,35,14,1,2,21,7,10.8,3.6,".287",".409",".323","0.732","0.122","74","454","33","695",".265",".381",".316",".306",".028",".010","89.2","10",28.8,3.8,40.5,"100.204872785","94.245687975",62,9.2,25,75,90.8,14.1,45,"27.6"
"Nimmo, Brandon",607043,2020,27,186,225,52,33,8,3,8,43,33,19.1,14.7,".280",".484",".404","0.888","0.204","90","586","85","978",".250",".423",".387",".359",".061",".028","87.2","7.6",30.8,7.8,32.9,"97.980723714","93.071893214",67.4,16.3,41.4,58.6,83.8,21.6,41.6,"27.9"
"Turner, Trea",607208,2020,27,233,259,78,47,15,4,12,36,22,13.9,8.5,".335",".588",".394","0.982","0.253","137","662","90","1033",".303",".515",".413",".383",".073",".030","90.5","9.5",34.2,9.7,40.7,"100.635350612","94.552732551",67.5,13.5,34,66,86.5,19.6,46.9,"29.9"
"Pillar, Kevin",607680,2020,31,208,223,60,39,12,3,6,41,13,18.4,5.8,".288",".462",".336","0.798","0.174","96","563","93","829",".272",".435",".341",".328",".027",".013","87.1","13.4",34.7,5.5,36.5,"98.092420244","93.134598773",67.1,15.6,42.6,57.4,84.4,25.3,51.9,"27.8"
"Ramírez, José",608070,2020,27,219,254,64,30,16,1,17,43,31,16.9,12.2,".292",".607",".386","0.993","0.315","133","670","63","1146",".264",".507",".415",".373",".100",".042","88.7","23.2",36.7,10.2,35.6,"99.264116591","93.668352686",63.2,13,25.2,74.8,87,16.6,41.4,"27.2"
"Bregman, Alex",608324,2020,26,153,180,37,18,12,1,6,26,24,14.4,13.3,".242",".451",".350","0.801","0.209","69","431","33","736",".249",".389",".345",".332",".062",".013","88.9","17.3",35.9,3.9,33.6,"97.415178281","92.891529134",56.3,8.2,32.9,67.1,91.8,14.7,36.1,"27.0"
"Gallo, Joey",608336,2020,26,193,226,35,17,8,0,10,79,29,35,12.8,".181",".378",".301","0.679","0.197","73","569","141","956",".189",".415",".297",".315","-0.037","-0.018","91.2","26.8",28.9,14.2,43.9,"102.04771537","95.481172685",67.2,29.6,66.3,33.7,70.4,37.4,43.6,"27.1"
"Seager, Corey",608369,2020,26,212,232,65,37,12,1,15,37,17,15.9,7.3,".307",".585",".358","0.943","0.278","124","523","100","807",".326",".651",".394",".430","-0.066","-0.036","93.2","11.9",38.4,16.1,55.9,"103.805088736","96.925112586",82.2,14.2,56,44,85.8,25.8,55.6,"27.1"
"Winker, Jesse",608385,2020,26,149,183,38,19,7,0,12,46,28,25.1,15.3,".255",".544",".388","0.932","0.289","81","447","77","783",".265",".524",".396",".397",".020","-0.001","92.1","10.5",37.5,13.6,49,"101.587811731","95.660791165",64.1,25.6,38.3,61.7,74.4,28.9,40.2,"26.4"
"Mondesi, Adalberto",609275,2020,24,219,233,56,36,11,3,6,70,11,30,4.7,".256",".416",".294","0.710","0.160","91","550","162","847",".215",".355",".305",".267",".061",".038","90.6","13.7",19.9,7.3,39.1,"100.463874118","94.6236125",77.5,31.3,56.2,43.8,68.7,40,54.5,"29.4"
"Reyes, Franmil",614177,2020,24,211,241,58,39,10,0,9,69,24,28.6,10,".275",".450",".344","0.794","0.175","95","600","156","982",".245",".442",".341",".342",".008","-0.001","92.4","11.2",31.3,13.3,44.9,"103.394751806","96.328288182",69.3,28.1,59.3,40.7,71.9,38.5,46,"26.2"
"Lopes, Tim",621005,2020,26,143,151,34,20,12,0,2,34,6,22.5,4,".238",".364",".278","0.642","0.126","52","393","87","571",".235",".347",".279",".276",".017",".003","87.2","6.5",29.4,2.8,39.4,"98.485706852","93.271333611",74.4,25.6,38.3,61.7,74.4,29.4,54.1,"28.4"
"Swanson, Dansby",621020,2020,26,237,264,65,40,15,0,10,71,22,26.9,8.3,".274",".464",".345","0.809","0.190","110","663","141","1060",".267",".474",".348",".354","-0.010","-0.006","89.1","14.7",40.7,11.4,40.7,"99.696452771","94.009281333",71,26.2,46.9,53.1,73.8,31.6,47.2,"28.4"
"Newman, Kevin",621028,2020,26,156,172,35,29,5,0,1,21,12,12.2,7,".224",".276",".281","0.557","0.052","43","423","35","662",".253",".337",".251",".290","-0.061","-0.039","85.5","8.7",32.6,0.7,28.3,"95.906204848","91.961745455",60.1,5.8,32,68,94.2,14.6,43.5,"27.5"
"Taylor, Chris",621035,2020,29,185,214,50,30,10,2,8,55,26,25.7,12.1,".270",".476",".366","0.842","0.206","88","503","107","858",".272",".488",".364",".371","-0.012","-0.007","88","9.1",35.1,11.5,45,"101.014144762","94.70205312",73.7,27.2,53.9,46.1,72.8,32.5,44.9,"28.4"
"Correa, Carlos",621043,2020,25,201,221,53,39,9,0,5,49,16,22.2,7.2,".264",".383",".326","0.709","0.119","77","558","79","869",".249",".397",".308",".311","-0.014","-0.003","88.8","11.3",26.1,6,42.1,"99.799884079","94.072529338",65.8,14.5,41.2,58.8,85.5,24.4,47.1,"27.2"
"Wendle, Joey",621563,2020,30,168,184,48,33,9,2,4,35,10,19,5.4,".286",".435",".342","0.777","0.149","73","459","46","673",".256",".375",".335",".304",".060",".031","86.7","5.1",32.8,3.8,32.1,"97.125920909","92.569623864",64.6,7.6,37,63,92.4,18.7,50.1,"28.2"
"Olson, Matt",621566,2020,26,210,245,41,22,4,1,14,77,34,31.4,13.9,".195",".424",".310","0.734","0.229","89","581","131","1002",".224",".453",".316",".340","-0.029","-0.024","92.3","19.6",30.1,13.1,45.9,"102.764032969","95.948013281",67.6,29.1,52.4,47.6,70.9,34.8,42.7,"26.0"
"Margot, Manuel",622534,2020,25,145,159,39,29,9,0,1,25,13,15.7,8.2,".269",".352",".327","0.679","0.083","51","377","56","583",".260",".381",".301",".309","-0.029","-0.008","89.4","7.5",32.2,4.2,33.9,"98.87174386","93.556567982",64.2,16,37.5,62.5,84,23.5,47.5,"28.4"
"Reyes, Victor",622682,2020,25,202,213,56,43,7,2,4,45,9,21.1,4.2,".277",".391",".315","0.706","0.114","79","572","99","810",".287",".430",".307",".329","-0.039","-0.022","90","10.7",39.5,3.8,41.4,"98.63923961","93.618739286",69.4,18.8,37.2,62.8,81.3,26.4,54.2,"27.9"
"Santander, Anthony",623993,2020,25,153,165,40,15,13,1,11,25,10,15.2,6.1,".261",".575",".315","0.890","0.314","88","382","61","589",".287",".516",".364",".358",".059",".006","88.6","24.7",40.6,10.2,36.7,"100.002088281","94.130117717",75,22.2,30.2,69.8,77.8,25.6,52.5,"26.7"
"Alonso, Pete",624413,2020,25,208,239,48,26,6,0,16,61,24,25.5,10,".231",".490",".326","0.816","0.259","102","571","109","929",".225",".463",".342",".334",".027",".008","90.2","15.5",30.4,13.1,41.2,"102.386786986","95.44273469",65.3,17.7,52.2,47.8,82.3,30.4,46.1,"26.2"
"Biggio, Cavan",624415,2020,25,220,265,55,31,16,0,8,61,41,23,15.5,".250",".432",".375","0.807","0.182","95","635","86","1112",".214",".343",".355",".315",".089",".040","87.4","16.7",31.4,5,30.8,"96.787761519","92.575247452",59.6,18,44.2,55.8,82,23,36.3,"27.7"
"Conforto, Michael",624424,2020,27,202,233,65,44,12,0,9,57,24,24.5,10.3,".322",".515",".412","0.927","0.193","104","573","92","932",".281",".478",".401",".374",".037",".027","88.4","11",38.6,11,36.6,"99.863468082","94.033462897",65.4,16.6,48,52,83.4,26,44.2,"26.9"
"Frazier, Adam",624428,2020,28,209,230,48,34,7,0,7,35,17,15.2,7.4,".230",".364",".297","0.661","0.134","76","557","58","885",".251",".378",".291",".309","-0.014","-0.018","85.5","12.3",34.9,4,25.1,"95.606103488","91.803051744",68.9,11.4,30.4,69.6,88.6,16.6,46.2,"27.2"
"Soler, Jorge",624585,2020,28,149,174,34,18,8,0,8,60,19,34.5,10.9,".228",".443",".326","0.769","0.215","66","434","90","739",".243",".487",".332",".354","-0.044","-0.022","92.5","15.5",36.7,18.9,51.1,"104.222742889","96.799733556",56.6,26.5,57.7,42.3,73.5,37.2,38.2,"26.6"
"Cronenworth, Jake",630105,2020,26,172,192,49,27,15,3,4,30,18,15.6,9.4,".285",".477",".354","0.831","0.192","82","478","42","754",".317",".535",".356",".393","-0.058","-0.037","89.8","10.6",37.8,10.6,42.7,"99.954348592","94.317753732",58.1,10.3,38.8,61.2,89.7,16.7,39.8,"28.7"
"Frazier, Clint",640449,2020,25,131,160,35,20,6,1,8,44,25,27.5,15.6,".267",".511",".394","0.905","0.244","67","376","73","688",".246",".447",".388",".363",".064",".025","89.4","11.6",38.6,12.5,43.2,"100.225028864","94.500424205",59.6,22.6,64.2,35.8,77.4,31.7,35.3,"27.5"
"Meadows, Austin",640457,2020,25,132,152,27,14,8,1,4,50,17,32.9,11.2,".205",".371",".296","0.667","0.166","49","407","76","657",".186",".344",".292",".278",".027",".014","90.3","24.2",28.6,7.3,44,"99.996409512","94.370029878",67.4,23.4,48.9,51.1,76.6,31.4,46.1,"26.5"
"Anderson, Tim",641313,2020,27,208,221,67,45,11,1,10,50,10,22.6,4.5,".322",".529",".357","0.886","0.207","110","545","110","786",".286",".501",".376",".352",".028",".024","87.2","6.7",33.3,10.1,35.8,"99.049571899","93.615060633",73,23.2,43.6,56.4,76.8,30.9,55.2,"28.7"
"Bellinger, Cody",641355,2020,24,213,243,51,29,10,0,12,42,30,17.3,12.3,".239",".455",".333","0.788","0.216","97","591","93","967",".280",".490",".337",".370","-0.035","-0.033","89.3","16.6",29.2,9.5,41.5,"100.513292857","94.455236287",68.2,19.6,31.9,68.1,80.4,23.3,47.6,"28.6"
"Crawford, J.P.",641487,2020,25,204,232,52,41,7,2,2,39,23,16.8,9.9,".255",".338",".336","0.674","0.083","69","569","60","935",".257",".360",".303",".318","-0.022","-0.015","85.8","11.5",34.1,1.8,31.1,"97.315126098","92.657563049",58.5,11.1,37.5,62.5,88.9,18.2,41.1,"26.8"
"Dozier, Hunter",641531,2020,28,158,186,36,24,4,2,6,48,27,25.8,14.5,".228",".392",".344","0.736","0.164","62","427","88","725",".235",".385",".326",".331",".007","-0.005","86.4","17",26.4,8.3,30.9,"98.298979455","93.253164404",63.8,13.8,65.3,34.7,86.2,30.9,41.9,"27.9"
"Hampson, Garrett",641658,2020,25,167,184,39,27,4,3,5,60,13,32.6,7.1,".234",".383",".287","0.670","0.149","64","487","84","772",".230",".391",".290",".297","-0.008","-0.007","86.3","14.4",39.6,8.2,23.4,"96.405365208","92.207041563",64.4,19.1,59,41,80.9,29,43.3,"29.6"
"Lewis, Kyle",641786,2020,24,206,242,54,40,3,0,11,71,34,29.3,14,".262",".437",".364","0.801","0.175","90","604","137","982",".239",".433",".349",".344",".004",".005","88.3","11.1",37.2,11.8,35,"98.801784265","93.501654412",64.2,26.7,58.6,41.4,73.3,36.3,43.2,"28.0"
"McMahon, Ryan",641857,2020,25,172,193,37,21,6,1,9,66,18,34.2,9.3,".215",".419",".295","0.714","0.204","72","532","115","841",".203",".389",".308",".296",".030",".012","90.1","9.2",27.1,11.4,43,"101.166563962","94.858618952",67.9,22.3,54.8,45.2,77.7,31.7,47.3,"26.0"
"O'Neill, Tyler",641933,2020,25,139,157,24,12,5,0,7,43,15,27.4,9.6,".173",".360",".261","0.621","0.187","50","387","89","622",".190",".374",".271",".286","-0.014","-0.015","88","15.1",23.7,8.3,39.2,"99.253915208","93.793193021",68.5,27,49.4,50.6,73,33.9,45.5,"29.5"
"Smith, Dominic",642086,2020,25,177,199,56,24,21,1,10,45,14,22.6,7,".316",".616",".377","0.993","0.300","109","505","85","757",".303",".566",".412",".392",".050",".020","89.8","10.8",43,13.4,46.7,"100.278953134","94.610905149",71.7,19,39.3,60.7,81,26,51.9,"25.9"
"Valaika, Pat",642162,2020,27,141,150,39,27,4,0,8,34,8,22.7,5.3,".277",".475",".315","0.790","0.198","67","364","70","570",".260",".456",".337",".323",".019",".014","88.7","18.2",38.9,8.4,34.3,"98.160594906","93.284483333",70.3,16.7,50.9,49.1,83.3,29.4,50.2,"27.2"
"Adames, Willy",642715,2020,24,185,205,48,24,15,1,8,74,20,36.1,9.8,".259",".481",".332","0.813","0.222","89","513","138","826",".229",".394",".347",".307",".087",".040","88.8","12.5",36.9,10,40.5,"100.611447818","94.419791091",69,30.9,56.4,43.6,69.1,38.7,46.2,"28.2"
"Dubón, Mauricio",643289,2020,25,157,177,43,34,4,1,4,36,15,20.3,8.5,".274",".389",".337","0.726","0.115","61","460","82","680",".256",".402",".318",".319","-0.013","-0.001","86.2","16.7",40.3,4,30.6,"96.64635377","92.323176885",76.6,18.4,36.2,63.8,81.6,23.9,54.7,"27.9"
"Kiner-Falefa, Isiah",643396,2020,25,211,228,59,49,4,3,3,32,14,14,6.1,".280",".370",".329","0.699","0.090","78","541","50","799",".260",".340",".307",".294",".030",".013","87.2","0.8",22.2,2.2,31.1,"96.603922889","92.344912179",65.6,9.5,32.7,67.3,90.5,15.8,47.4,"28.1"
"McNeil, Jeff",643446,2020,28,183,209,57,39,14,0,4,24,20,11.5,9.6,".311",".454",".383","0.837","0.143","83","525","67","804",".277",".407",".360",".337",".047",".023","86.6","11.5",37,2.5,26.5,"95.63896284","91.861592484",83,13.3,27.4,72.6,86.7,17.5,57,"27.1"
"Robles, Victor",645302,2020,23,168,189,37,28,5,1,3,53,9,28,4.8,".220",".315",".293","0.608","0.095","53","488","95","756",".205",".280",".273",".262",".035",".011","82.2","19",37.3,1.7,22.9,"94.70035","91.585986903",73.1,21.2,43.1,56.9,78.8,27.9,50.3,"28.0"
"Devers, Rafael",646240,2020,23,232,248,61,33,16,1,11,67,13,27,5.2,".263",".483",".310","0.793","0.220","112","656","147","980",".256",".460",".337",".328",".023",".009","93","10.6",33.3,12.2,43.6,"102.902087073","95.998599329",74.3,26.9,39.7,60.3,73.1,31.7,55,"26.7"
"Jiménez, Eloy",650391,2020,23,213,226,63,35,14,0,14,56,12,24.8,5.3,".296",".559",".332","0.891","0.263","119","540","110","805",".278",".540",".373",".364",".019",".009","92.4","5.7",32.9,16.6,55.7,"103.874396076","96.948955223",75.6,22.6,39.5,60.5,77.4,29.2,54.4,"27.2"
"Torres, Gleyber",650402,2020,23,136,160,33,22,8,0,3,28,22,17.5,13.8,".243",".368",".356","0.724","0.125","50","383","70","671",".245",".384",".326",".335","-0.016","-0.009","88.6","14.9",33.3,3.7,38,"98.754019444","93.614987477",67,22,45.2,54.8,78,28,42,"26.3"
"Chapman, Matt",656305,2020,27,142,152,33,12,9,2,10,54,8,35.5,5.3,".232",".535",".276","0.811","0.303","76","415","94","653",".245",".542",".335",".350","-0.007","-0.015","93.6","24.1",40.4,18.4,51.7,"103.811896591","96.625373793",64.9,28,57.3,42.7,72,36.2,44.9,"27.4"
"Chavis, Michael",656308,2020,24,146,158,31,19,5,2,5,50,8,31.6,5.1,".212",".377",".259","0.636","0.165","55","405","101","622",".229",".394",".272",".294","-0.017","-0.022","88.3","10",37.8,7.1,37.8,"99.348214286","93.72648551",71.4,26.4,64.4,35.6,73.6,38.3,51.6,"28.1"
"Hoskins, Rhys",656555,2020,27,151,185,37,18,9,0,10,43,29,23.2,15.7,".245",".503",".384","0.887","0.258","76","449","74","769",".236",".507",".382",".381","-0.004",".001","89.7","25.1",32.4,15.1,41.7,"100.487589434","94.486281038",61.2,21,41.9,58.1,79,26.6,41.5,"25.7"
"Mullins, Cedric",656775,2020,25,140,153,38,28,4,3,3,37,8,24.2,5.2,".271",".407",".315","0.722","0.136","57","394","55","602",".207",".290",".313",".245",".117",".068","88.6","15.9",23.4,2.8,31.8,"98.471417391","93.43960087",70.3,18.1,29.4,70.6,81.9,21.9,50.8,"28.6"
"Schwarber, Kyle",656941,2020,27,191,224,36,19,6,0,11,66,30,29.5,13.4,".188",".393",".308","0.701","0.205","75","568","100","955",".219",".437",".307",".336","-0.044","-0.029","92.8","8.8",28.8,11.5,47.2,"103.130327705","96.271187438",62.4,21.5,39.3,60.7,78.5,28,42.9,"26.9"
"Verdugo, Alex",657077,2020,24,201,221,62,40,16,0,6,45,17,20.4,7.7,".308",".478",".367","0.845","0.170","96","580","60","923",".238",".369",".362",".299",".109",".063","87","5.9",31.2,6.4,34.4,"98.021422025","93.054003567",57.9,12.7,31.3,68.8,87.3,18.7,42.8,"27.6"
"White, Evan",657108,2020,24,182,202,32,17,7,0,8,84,18,41.6,8.9,".176",".346",".252","0.598","0.170","63","530","120","828",".190",".387",".261",".292","-0.041","-0.031","91.7","13.7",27.3,14.1,52.5,"102.396977755","95.801080408",63.1,29,61.4,38.6,71,38,43.8,"28.2"
"DeJong, Paul",657557,2020,26,152,174,38,29,6,0,3,50,17,28.7,9.8,".250",".349",".322","0.671","0.099","53","415","96","682",".238",".406",".296",".315","-0.057","-0.019","89.2","21.7",41.5,7.5,40.6,"98.955570943","93.781347547",75.2,21,63.6,36.4,79,32.3,48.5,"26.6"
"Laureano, Ramón",657656,2020,25,183,222,39,24,8,1,6,58,24,26.1,10.8,".213",".366",".338","0.704","0.153","67","543","77","895",".230",".403",".315",".338","-0.037","-0.023","87.7","12.3",34.4,9.4,34.4,"99.202456563","93.694385859",57.3,15.4,48.1,51.9,84.6,25,40.2,"27.8"
"Moncada, Yoán",660162,2020,25,200,231,45,28,8,3,6,72,28,31.2,12.1,".225",".385",".320","0.705","0.160","77","591","109","981",".207",".336",".309",".290",".049",".019","87.8","13.9",33.8,6.2,33.1,"98.732421563","93.432022969",63.6,18.8,51.7,48.3,81.3,30.5,43.1,"27.5"
"Ohtani, Shohei",660271,2020,25,153,175,29,16,6,0,7,50,22,28.6,12.6,".190",".366",".291","0.657","0.176","56","459","94","739",".234",".423",".290",".331","-0.057","-0.041","89.1","9.2",32,10.7,42.7,"100.110699423","94.137870388",65.1,26.2,49.4,50.6,73.8,32.3,44.8,"28.7"
"Tsutsugo, Yoshi",660294,2020,28,157,185,31,17,5,1,8,50,26,27,14.1,".197",".395",".314","0.709","0.198","62","496","65","847",".211",".421",".309",".325","-0.026","-0.016","90.2","17.2",25,9.3,47.2,"100.54797037","94.744612315",62.8,21,31.1,68.9,79,23.2,39.7,"25.7"
"Acuña Jr., Ronald",660670,2020,22,160,202,40,15,11,0,14,60,38,29.7,18.8,".250",".581",".406","0.987","0.331","93","502","98","876",".256",".594",".413",".422","-0.013","-0.009","92.3","18.1",34,16.2,56,"105.3485436","97.591202626",63.9,26.3,39.8,60.2,73.7,29.9,40.5,"29.1"
"Riley, Austin",663586,2020,23,188,206,45,29,7,1,8,49,16,23.8,7.8,".239",".415",".301","0.716","0.176","78","503","105","773",".265",".474",".307",".342","-0.059","-0.035","91","13.6",30.7,10.1,42.9,"101.303326667","95.046922681",77.9,20.8,50.8,49.2,79.2,30.1,54.2,"26.8"
"Tucker, Kyle",663656,2020,23,209,228,56,29,12,6,9,46,18,20.2,7.9,".268",".512",".325","0.837","0.244","107","547","87","862",".261",".449",".349",".327",".063",".022","91.1","14.9",34.1,9.1,44.5,"100.585821585","94.801780307",77.3,17.4,36.1,63.9,82.6,22.5,50.5,"27.6"
"Grisham, Trent",663757,2020,23,215,252,54,33,8,3,10,64,31,25.4,12.3,".251",".456",".352","0.808","0.205","98","622","80","1048",".260",".477",".349",".363","-0.021","-0.014","88.3","13.5",37.9,11.2,41.8,"100.546281528","94.492469653",58.1,19.2,40.9,59.1,80.8,24.2,38.3,"29.1"
"Happ, Ian",664023,2020,25,198,231,51,27,11,1,12,63,30,27.3,13,".258",".505",".361","0.866","0.247","100","583","127","941",".261",".469",".369",".362",".036",".007","91.1","9",37.5,10.4,48.5,"101.293754179","95.210163083",64.4,24.2,63.3,36.7,75.8,35.7,43.5,"27.1"
"France, Ty",664034,2020,25,141,155,43,29,9,1,4,37,11,23.9,7.1,".305",".468",".368","0.836","0.163","66","387","62","614",".285",".484",".362",".360","-0.016",".002","85.7","14.8",44.2,8.7,29.8,"97.071596731","92.601347864",69.6,17.2,41.8,58.2,82.8,25.1,46.1,"25.2"
"Lowe, Brandon",664040,2020,25,193,224,52,27,9,2,14,58,25,25.9,11.2,".269",".554",".362","0.916","0.285","107","530","132","882",".258",".547",".385",".381",".007",".004","89.8","18.1",37.2,17.6,43.1,"101.582307353","95.064492574",72.6,27.8,62.8,37.2,72.2,35.7,46.9,"27.4"
"Fletcher, David",664058,2020,26,207,230,66,50,13,0,3,25,20,10.9,8.7,".319",".425",".376","0.801","0.106","88","594","24","906",".292",".351",".350",".316",".074",".034","84.7","4.1",30.8,0.5,17.8,"93.861628587","90.930814293",47.4,4.4,17,83,95.6,8.6,37.2,"27.3"
"Moore, Dylan",664238,2020,27,137,159,35,18,9,0,8,43,14,27,8.8,".255",".496",".358","0.854","0.241","68","415","63","656",".251",".464",".368",".357",".032",".011","90.4","17.3",39.4,14,44.7,"100.937683913","94.786239239",58.5,19.5,44,56,80.5,27,41.8,"27.6"
"Bohm, Alec",664761,2020,23,160,180,54,39,11,0,4,36,16,20,8.9,".338",".481",".400","0.881","0.143","77","418","74","661",".285",".467",".381",".357",".014",".024","90.2","4.8",34.9,10.3,46.8,"101.4943","95.013107143",71.3,16.6,48.2,51.8,83.4,25.2,47.5,"27.3"
"Tatis Jr., Fernando",665487,2020,21,224,257,62,32,11,2,17,61,27,23.7,10.5,".277",".571",".366","0.937","0.294","128","606","119","988",".297",".614",".392",".422","-0.043","-0.030","95.9","8.7",32.3,19.5,62.2,"105.418141463","98.319840671",71.8,23.8,38.6,61.4,76.2,28.2,47,"29.3"
"Guerrero Jr., Vladimir",665489,2020,21,221,243,58,34,13,2,9,38,20,15.6,8.2,".262",".462",".329","0.791","0.200","102","556","98","907",".268",".446",".338",".338",".016",".000","92.5","4.6",29.5,8.8,50.8,"104.137539231","96.564434725",74.3,17.1,44.5,55.5,82.9,24.7,47.9,"25.3"
"Soto, Juan",665742,2020,21,154,196,54,27,14,0,13,28,41,14.3,20.9,".351",".695",".490","1.185","0.344","107","452","54","827",".332",".696",".478",".475","-0.001",".003","92.1","4.3",33.3,18.3,51.6,"104.179163651","96.71684",61.2,15,41.1,58.9,85,21.4,36.2,"26.3"
"Gurriel Jr., Lourdes",666971,2020,26,208,224,64,39,14,0,11,48,14,21.4,6.3,".308",".534",".348","0.882","0.226","111","547","100","832",".281",".486",".372",".347",".048",".025","90.8","10.5",39.5,11.8,49.4,"101.125280494","95.206539938",70.8,19.2,39.3,60.7,80.8,26.3,51.2,"26.3"
"Reynolds, Bryan",668804,2020,25,185,208,35,20,6,2,7,57,21,27.4,10.1,".189",".357",".275","0.632","0.168","66","533","92","863",".228",".403",".278",".314","-0.046","-0.036","87.5","10.2",35.2,10.2,38.3,"99.182354844","93.601750078",70.2,15.8,52.7,47.3,84.2,27.7,46.8,"28.2"
"Edman, Tommy",669242,2020,25,204,227,51,38,7,1,5,48,16,21.1,7,".250",".368",".317","0.685","0.118","75","556","60","876",".266",".367",".302",".315",".001","-0.013","86.5","8.2",31,3.8,33.5,"98.038288205","93.038931538",60.9,10.9,36.8,63.2,89.1,19,42.7,"28.9"
"Solak, Nick",669256,2020,25,209,233,56,44,10,0,2,42,18,18,7.7,".268",".344",".326","0.670","0.076","72","588","60","895",".264",".388",".297",".318","-0.044","-0.021","89.9","9.4",27.5,4.7,40.4,"99.55755","94.098003235",64.1,9.6,43.6,56.4,90.4,19.1,43.8,"28.6"
"Hiura, Keston",669374,2020,23,217,246,46,29,4,0,13,85,16,34.6,6.5,".212",".410",".297","0.707","0.198","89","633","194","990",".210",".435",".304",".318","-0.025","-0.014","87.4","14.3",34.3,14.3,39.6,"99.973661343","94.067657368",71.2,35.6,57.9,42.1,64.4,42.7,50.1,"27.0"
"Lopez, Nicky",670032,2020,25,169,192,34,25,8,0,1,41,18,21.4,9.4,".201",".266",".286","0.552","0.065","45","477","59","749",".238",".308",".254",".287","-0.042","-0.033","84.9","1.4",30.5,1.5,26.7,"95.483714921","91.77179232",64.3,16.4,32.3,67.7,83.6,21,44.6,"27.7"
"Robert Jr., Luis",673357,2020,22,202,227,47,28,8,0,11,73,20,32.2,8.8,".233",".436",".302","0.738","0.203","88","587","188","882",".225",".466",".316",".329","-0.030","-0.013","87.9","16.7",36.6,13.2,40.5,"101.465314462","94.80674876",81.3,31.4,57.6,42.4,68.6,41.5,57.6,"29.1"
"Akiyama, Shogo",673451,2020,32,155,183,38,31,6,1,0,34,25,18.6,13.7,".245",".297",".357","0.654","0.052","46","512","57","821",".244",".326",".304",".315","-0.029","-0.011","85.1","2.9",34.7,0.8,26.4,"94.947517833","91.486567417",61.8,13.4,34.4,65.6,86.6,19.1,42.6,"27.7"
"Pujols, Albert",405395,2021,41,275,296,65,45,3,0,17,45,14,15.2,4.7,".236",".433",".284","0.717","0.197","119","739","99","1123",".252",".466",".302",".323","-0.033","-0.021","90.3","12",29.3,9.1,39.7,"100.714355517","94.638800431",63.4,11.4,40.4,59.6,88.6,21.7,47.1,"22.5"
"Cabrera, Miguel",408234,2021,38,472,526,121,90,16,0,15,118,40,22.4,7.6,".256",".386",".316","0.702","0.130","182","1326","225","2035",".228",".419",".305",".313","-0.033","-0.008","91.4","10",32.8,8.4,49,"101.953387486","95.613068408",69.1,18.1,42.8,57.2,81.9,25.8,49.4,"24.0"
"Molina, Yadier",425877,2021,38,440,473,111,81,19,0,11,79,24,16.7,5.1,".252",".370",".297","0.667","0.118","163","1162","200","1669",".252",".413",".290",".308","-0.043","-0.018","88","15.3",34.1,5.2,31.6,"97.653775275","92.936144353",76,17.4,36.6,63.4,82.6,24,57.1,"22.7"
"Suzuki, Kurt",435559,2021,37,219,247,49,35,8,0,6,44,12,17.8,4.9,".224",".342",".294","0.636","0.118","75","592","84","912",".202",".312",".282",".265",".030",".017","85.2","14.6",28.9,3.9,27.2,"95.984336023","91.998129261",69.9,13.8,39.7,60.3,86.2,21.7,49,"24.6"
"Cruz, Nelson",443558,2021,40,513,584,136,82,21,1,32,126,51,21.6,8.7,".265",".497",".334","0.831","0.232","255","1389","302","2198",".259",".525",".346",".367","-0.028","-0.021","92.9","11.8",31.8,13.6,52.5,"105.497885455","97.364589369",73.8,22.7,47.3,52.7,77.3,30.7,51,"26.0"
"Peralta, David",444482,2021,33,487,538,126,80,30,8,8,92,46,17.1,8.6,".259",".402",".325","0.727","0.143","196","1313","180","2062",".239",".346",".314",".294",".056",".020","89.3","5.3",27.2,5.1,41.8,"101.204662576","94.748489747",66.3,13.3,39.9,60.1,86.7,21.3,46.5,"27.6"
"Piña, Manny",444489,2021,34,180,208,34,15,6,0,13,38,22,18.3,10.6,".189",".439",".293","0.732","0.250","79","492","70","801",".214",".439",".315",".329",".000","-0.014","86.5","18.8",32.2,10.6,32.2,"97.71228493","92.909556338",62.1,11.9,52.5,47.5,88.1,23.8,42.9,"25.1"
"Escobar, Alcides",444876,2021,34,318,348,92,65,21,2,4,55,17,15.8,4.9,".289",".406",".341","0.747","0.117","129","945","144","1382",".269",".367",".326",".310",".039",".016","81.7","11.1",36.3,3,21,"93.737835538","91.096947761",69.2,15.1,34.7,65.3,84.9,21.9,52.2,"27.5"
"Longoria, Evan",446334,2021,35,253,291,66,36,17,0,13,68,35,23.4,12,".261",".482",".351","0.833","0.221","122","704","109","1155",".245",".495",".352",".351","-0.013",".001","94.1","15.5",34.2,13.4,54.5,"102.080352447","96.205606417",64.4,19.9,44.2,55.8,80.1,25.1,42.4,"26.1"
"Cabrera, Asdrúbal",452678,2021,35,309,352,71,43,21,0,7,80,36,22.7,10.2,".230",".366",".313","0.679","0.136","113","884","143","1366",".212",".339",".297",".288",".027",".009","87.8","14.5",30,6,30.9,"97.083983103","92.69338342",68.7,17.9,43.2,56.8,82.1,25.3,48.3,"25.0"
"Blackmon, Charlie",453568,2021,34,514,582,139,97,25,4,13,91,54,15.6,9.3,".270",".411",".351","0.762","0.141","211","1362","181","2144",".285",".455",".333",".358","-0.044","-0.025","87.6","10.2",32.6,7,38.5,"99.359821596","93.750499272",68.1,14.3,36,64,85.7,20.2,47.3,"27.6"
"Maldonado, Martín",455117,2021,34,373,426,64,41,10,1,12,127,47,29.8,11,".172",".300",".272","0.572","0.128","112","1132","210","1789",".181",".317",".258",".269","-0.017","-0.011","88","17.6",30.8,5.7,33.2,"97.340165902","92.740188648",62,20.4,51.7,48.3,79.6,28.9,42.8,"23.8"
"Cain, Lorenzo",456715,2021,35,257,286,66,45,13,0,8,48,26,16.8,9.1,".257",".401",".329","0.730","0.144","103","702","101","1134",".251",".383",".319",".318",".018",".001","88.4","7.2",29,4.3,37.6,"99.209885333","93.717624115",65.8,11.8,52.8,47.2,88.2,21.9,44.6,"28.7"
"Solano, Donovan",456781,2021,33,307,344,86,62,17,0,7,58,25,16.9,7.3,".280",".404",".344","0.748","0.124","124","874","118","1317",".271",".437",".324",".337","-0.033","-0.013","88.3","11",39.8,7.5,36.6,"98.208590709","93.239344229",71.1,13,37.2,62.8,87,20.3,49.7,"26.1"
"McCutchen, Andrew",457705,2021,34,482,574,107,55,24,1,27,132,81,23,14.1,".222",".444",".334","0.778","0.222","214","1389","225","2308",".231",".429",".335",".340",".015","-0.005","88.8","14.6",33.6,9,39.5,"99.449259775","93.945349747",63.7,19,49.3,50.7,81,25.9,41.7,"28.7"
"Upton, Justin",457708,2021,33,318,362,67,38,12,0,17,107,39,29.6,10.8,".211",".409",".296","0.705","0.198","130","942","190","1520",".223",".429",".305",".321","-0.020","-0.016","90.1","15.6",30.4,11.9,41.6,"101.796016952","95.228719143",66.5,24.3,51.1,48.9,75.7,31.4,45.1,"27.4"
"Turner, Justin",457759,2021,36,533,612,148,99,22,0,27,98,61,16,10,".278",".471",".361","0.832","0.193","251","1510","166","2465",".266",".477",".358",".361","-0.006","-0.003","90.9","19.2",36.5,8,42.4,"99.559758318","94.25153575",67,13.2,30.6,69.4,86.8,17.7,44.5,"25.8"
"Posey, Buster",457763,2021,34,395,454,120,79,23,0,18,87,56,19.2,12.3,".304",".499",".390","0.889","0.195","197","1076","172","1757",".274",".466",".379",".358",".033",".021","88.5","8.7",38.4,8.1,39.4,"98.703017161","93.540916742",67.9,20.3,34.3,65.7,79.7,23.9,44.6,"24.3"
"Votto, Joey",458015,2021,37,448,533,119,59,23,1,36,127,77,23.8,14.4,".266",".563",".375","0.938","0.297","252","1331","249","2232",".268",".593",".391",".404","-0.030","-0.013","92.9","18.2",44.3,17.2,53.2,"102.539441104","96.093851969",68,22.4,49,51,77.6,29.4,43.9,"25.2"
"Gardner, Brett",458731,2021,37,387,461,86,56,16,4,10,100,60,21.7,13,".222",".362",".327","0.689","0.140","140","1262","119","2096",".218",".328",".305",".299",".034",".006","86.7","12.5",29.2,3.4,33.2,"97.795042847","92.940441986",56.1,13.9,34.7,65.3,86.1,18.4,37.5,"28.6"
"Andrus, Elvis",462101,2021,32,497,541,121,91,25,2,3,81,31,15,5.7,".243",".320",".294","0.614","0.077","159","1360","167","2053",".272",".382",".270",".311","-0.062","-0.041","87.8","8.1",34,2.1,34.8,"98.143821256","93.154317918",66,10.4,38.7,61.3,89.6,19.6,48.9,"26.7"
"Ramos, Wilson",467092,2021,33,151,163,31,18,5,0,8,36,9,22.1,5.5,".205",".397",".248","0.645","0.192","60","382","74","555",".229",".419",".275",".307","-0.022","-0.032","89.6","6.6",30.2,11.2,44,"101.516048448","95.099649483",71.9,17,51.8,48.2,83,26.7,54.6,"23.8"
"Santana, Carlos",467793,2021,35,565,659,121,87,15,0,19,102,86,15.5,13.1,".214",".342",".319","0.661","0.128","193","1589","232","2706",".238",".422",".294",".333","-0.080","-0.039","89.9","12.9",28,6.9,41.9,"100.529242479","94.571698094",66.9,16.6,37.2,62.8,83.4,22.3,43.4,"25.0"
"Belt, Brandon",474832,2021,33,325,381,89,44,14,2,29,103,48,27,12.6,".274",".597",".378","0.975","0.323","194","937","178","1578",".236",".521",".406",".371",".076",".035","89.2","23",35.9,17,44.8,"101.188143333","94.847397963",78.8,25.6,38.2,61.8,74.4,28.3,47.5,"25.6"
"Zimmerman, Ryan",475582,2021,36,255,273,62,32,16,0,14,77,16,28.2,5.9,".243",".471",".286","0.757","0.228","120","722","127","1117",".225",".418",".319",".298",".053",".021","91.3","7.4",32.2,10.6,47.8,"102.490607667","95.871579889",59.7,18.7,45.6,54.4,81.3,29,45.7,"26.6"
"Lowrie, Jed",476704,2021,37,457,512,112,70,28,0,14,108,49,21.1,9.6,".245",".398",".318","0.716","0.153","182","1242","197","2033",".253",".472",".311",".344","-0.074","-0.033","90.7","16.4",36.5,9.3,45.9,"100.200115198","94.60925779",70.8,18.2,46.1,53.9,81.8,24.2,46.7,"25.3"
"Brantley, Michael",488726,2021,34,469,508,146,106,29,3,8,53,33,10.4,6.5,".311",".437",".362","0.799","0.126","205","1208","78","1868",".305",".469",".347",".361","-0.032","-0.014","89.5","9.9",38.8,5.8,42.9,"99.686219375","94.187918365",66,7.1,21.9,78.1,92.9,10.9,45.6,"25.7"
"Castro, Jason",488771,2021,34,149,179,35,20,7,0,8,54,25,30.2,14,".235",".443",".356","0.799","0.208","66","450","96","772",".250",".503",".347",".374","-0.060","-0.027","90.5","14.5",43.3,14.6,42.3,"100.658358936","94.773261702",61.1,30.1,50,50,69.9,34.6,40,"26.6"
"Gurriel, Yuli",493329,2021,37,530,605,169,123,31,0,15,68,59,11.2,9.8,".319",".462",".383","0.845","0.143","245","1406","111","2292",".268",".389",".363",".326",".073",".037","89.8","13.4",31,3.4,42,"99.889790127","94.187271203",62.4,9,23.8,76.2,91,13.9,42.8,"27.0"
"Rojas, Miguel",500743,2021,32,495,539,131,89,30,3,9,74,37,13.7,6.9,".265",".392",".322","0.714","0.127","194","1258","158","2001",".240",".341",".311",".286",".051",".025","86.2","11.5",32.4,2.8,32.9,"96.919576095","92.460967976",66.5,11.2,38.2,61.8,88.8,19.3,45.7,"26.6"
"Escobar, Eduardo",500871,2021,32,549,599,139,80,26,5,28,124,48,20.7,8,".253",".472",".314","0.786","0.219","259","1531","250","2404",".246",".460",".334",".329",".012",".005","87","20.8",38,8.9,34.5,"98.233403679","93.168115165",72.1,18.4,36.2,63.8,81.6,23.9,49.5,"27.4"
"Adrianza, Ehire",501303,2021,31,182,209,45,29,9,2,5,42,21,20.1,10,".247",".401",".327","0.728","0.154","73","521","71","835",".247",".379",".316",".317",".022","-0.001","85.4","13.4",36.1,2.8,32.6,"97.240242676","92.662424752",68.1,13.7,44,56,86.3,21.1,44.9,"26.9"
"Lagares, Juan",501571,2021,32,309,327,73,45,20,2,6,76,12,23.2,3.7,".236",".372",".266","0.638","0.136","115","846","129","1237",".239",".377",".274",".282","-0.005","-0.008","90.6","8.8",34.9,6.8,42.9,"101.584322018","95.299308502",66.3,16.7,39.5,60.5,83.3,24.4,50.3,"28.2"
"Almonte, Abraham",501659,2021,32,148,175,32,15,12,0,5,38,26,21.7,14.9,".216",".399",".331","0.730","0.183","59","466","68","763",".223",".365",".321",".317",".034",".004","89.3","10.5",32.4,7.3,41.4,"100.118694909","94.254921455",63.7,15.8,43.2,56.8,84.2,23.2,43,"27.8"
"Pham, Tommy",502054,2021,33,475,561,109,68,24,2,15,128,78,22.8,13.9,".229",".383",".340","0.723","0.154","182","1386","187","2374",".247",".444",".318",".349","-0.061","-0.031","90.8","7.6",35.6,10,47.6,"101.782107886","95.261546371",60.1,16.6,50,50,83.4,23.6,38.2,"27.8"
"Martinez, J.D.",502110,2021,33,570,634,163,90,42,3,28,150,55,23.7,8.7,".286",".518",".349","0.867","0.232","295","1579","337","2410",".280",".536",".364",".372","-0.018","-0.008","92.1","16.9",41.2,12.5,49.4,"102.421753991","95.887919576",76.6,20.9,46.7,53.3,79.1,29.2,54.2,"26.1"
"Reddick, Josh",502210,2021,34,151,158,39,26,11,0,2,31,6,19.6,3.8,".258",".371",".285","0.656","0.113","56","400","51","589",".262",".386",".283",".292","-0.015","-0.009","85.1","16.8",40.5,2.5,32.2,"96.785347705","92.428976942",72,10,46.8,53.2,90,21,53.5,"26.3"
"Goldschmidt, Paul",502671,2021,33,603,679,177,108,36,2,31,136,67,20,9.9,".294",".514",".365","0.879","0.220","310","1728","264","2751",".287",".579",".373",".396","-0.065","-0.023","92.6","17.1",36.9,13.6,50.6,"102.744108602","96.119572675",64.3,21.1,33.9,66.1,78.9,24.9,44.2,"26.3"
"Gonzalez, Marwin",503556,2021,32,276,307,55,36,14,0,5,78,20,25.4,6.5,".199",".304",".275","0.579","0.105","84","796","114","1203",".216",".334",".259",".282","-0.030","-0.023","87.9","8.9",31.5,4.5,34.5,"98.802506327","93.488964462",61.8,16.2,38.3,61.7,83.8,24.2,47,"26.8"
"León, Sandy",506702,2021,32,202,220,37,28,5,0,4,65,12,29.5,5.5,".183",".267",".237","0.504","0.084","54","611","86","920",".171",".267",".225",".220",".000",".005","87.3","20",31.4,2.1,26.4,"95.771584638","91.925814599",59.7,17.4,45.7,54.3,82.6,26.9,45.2,"23.7"
"Altuve, Jose",514888,2021,31,601,678,167,103,32,1,31,91,66,13.4,9.7,".278",".489",".350","0.839","0.211","294","1619","163","2489",".258",".427",".357",".333",".062",".024","87.7","15.6",32.1,6.4,35,"98.384760909","93.261160455",66.8,9.9,27.5,72.5,90.1,15.9,47.4,"28.0"
"Hernández, César",514917,2021,31,570,637,132,88,21,2,21,135,59,21.2,9.3,".232",".386",".308","0.694","0.154","220","1554","217","2457",".241",".390",".302",".312","-0.004","-0.010","87.4","10.7",32.6,6.9,33.2,"98.368510187","93.237272693",68.3,15.6,37.9,62.1,84.4,22,47.1,"28.7"
"Segura, Jean",516416,2021,31,514,567,149,105,27,3,14,78,39,13.8,6.9,".290",".436",".348","0.784","0.146","224","1450","148","2182",".262",".402",".338",".321",".034",".017","87.2","5.8",31.1,5.9,37.4,"99.697739358","93.921203784",66.7,11.4,30.7,69.3,88.6,17.3,48.7,"27.3"
"Castro, Starlin",516770,2021,31,315,346,89,66,20,0,3,62,26,17.9,7.5,".283",".375",".333","0.708","0.092","118","836","115","1292",".270",".418",".309",".327","-0.043","-0.018","88.4","9.2",33.9,5.5,40.1,"99.936740625","94.12089707",64.4,15.4,38.5,61.5,84.6,22.1,46.2,"26.2"
"Marte, Starling",516782,2021,32,467,526,145,103,27,3,12,99,43,18.8,8.2,".310",".458",".383","0.841","0.148","214","1270","201","1970",".267",".433",".364",".343",".025",".021","87.6","4.6",32.6,8.4,39.6,"100.239516776","94.207705479",70.9,16.1,42.4,57.6,83.9,24.6,49.5,"28.5"
"Culberson, Charlie",518586,2021,32,247,271,60,38,15,2,5,64,17,23.6,6.3,".243",".381",".296","0.677","0.138","94","677","147","996",".227",".326",".292",".271",".055",".021","85.4","10.6",35.6,3.2,29.8,"96.995265435","92.523502896",72.1,21.9,48.4,51.6,78.1,31.1,52.9,"28.1"
"d'Arnaud, Travis",518595,2021,32,209,229,46,25,14,0,7,53,17,23.1,7.4,".220",".388",".284","0.672","0.168","81","577","99","872",".241",".406",".291",".310","-0.018","-0.019","89.9","5.9",33.8,7.6,43.9,"100.720567595","94.649667962",74.9,16.6,48.2,51.8,83.4,24.3,51.9,"26.4"
"Donaldson, Josh",518626,2021,35,457,543,113,61,26,0,26,114,74,21,13.6,".247",".475",".352","0.827","0.228","217","1277","237","2125",".260",".547",".353",".386","-0.072","-0.033","94.1","14.6",30.2,17.4,52.7,"104.204804343","97.023133829",70.2,22.5,41.7,58.3,77.5,27.6,45.2,"24.6"
"Freeman, Freddie",518692,2021,31,600,695,180,122,25,2,31,107,85,15.4,12.2,".300",".503",".393","0.896","0.203","302","1662","257","2688",".309",".577",".379",".410","-0.074","-0.031","91.4","12",37.2,11.5,46.1,"101.764448826","95.351215951",77.6,17.1,32.2,67.8,82.9,21,51.2,"26.9"
"Grandal, Yasmani",518735,2021,32,278,374,67,35,9,0,23,81,87,21.7,23.3,".241",".522",".421","0.943","0.281","145","907","114","1668",".253",".505",".403",".411",".017","-0.008","93.1","14.2",32.5,13.3,53.2,"103.697350693","96.690811542",50.9,17,45,55,83,24.8,31.9,"23.6"
"Heyward, Jason",518792,2021,31,323,353,69,44,15,2,8,68,27,19.3,7.6,".214",".347",".280","0.627","0.133","112","849","114","1314",".230",".365",".275",".293","-0.018","-0.018","88.2","7.5",27.5,4.8,42.4,"100.619993968","94.455367341",60.4,12.1,48,52,87.9,23.9,45.1,"26.8"
"LeMahieu, DJ",518934,2021,32,597,679,160,125,24,1,10,94,73,13.8,10.8,".268",".362",".349","0.711","0.094","216","1653","133","2660",".280",".407",".315",".342","-0.045","-0.027","90.6","5",33.3,3.8,43.5,"100.113305573","94.512956356",61.9,9.8,28.2,71.8,90.2,14.4,41.4,"26.6"
"Moreland, Mitch",519048,2021,35,229,252,52,30,11,1,10,58,18,23,7.1,".227",".415",".286","0.701","0.188","95","619","127","986",".218",".401",".300",".295",".014",".005","91","12.9",31.6,9.2,47.7,"101.311393218","95.136",69.7,20.2,57.8,42.2,79.8,30.4,47.7,"24.5"
"Moustakas, Mike",519058,2021,32,183,206,38,20,12,0,6,46,18,22.3,8.7,".208",".372",".282","0.654","0.164","68","514","95","792",".196",".328",".284",".274",".044",".010","87","18.6",29.3,5.7,31.4,"99.054763571","93.531275714",70.1,17.6,45.6,54.4,82.4,27.8,50.9,"25.3"
"Rizzo, Anthony",519203,2021,31,496,576,123,75,23,3,22,87,52,15.1,9,".248",".440",".344","0.784","0.192","218","1434","171","2230",".257",".440",".339",".348",".000","-0.009","90.1","14.8",31.4,7.7,41.1,"100.696655631","94.60294966",64.6,15.6,31.6,68.4,84.4,20.8,46.5,"25.2"
"Sogard, Eric",519299,2021,35,169,180,42,34,6,1,1,30,9,16.7,5,".249",".314",".283","0.597","0.065","53","455","23","679",".202",".280",".259",".233",".034",".026","84","12.1",27.7,0.7,14.9,"93.350558088","90.692226471",60.5,4.9,36.4,63.6,95.1,12.1,42.7,"25.5"
"Stanton, Giancarlo",519317,2021,31,510,579,139,85,19,0,35,157,63,27.1,10.9,".273",".516",".354","0.870","0.243","263","1488","306","2426",".255",".503",".370",".362",".013",".008","95.1","10.3",32.6,15.9,56.3,"108.657830625","99.263673807",63.5,23.4,50.5,49.5,76.6,32.6,44.2,"24.7"
"Vogt, Stephen",519390,2021,36,210,238,41,27,6,1,7,56,26,23.5,10.9,".195",".333",".283","0.616","0.138","70","639","105","1015",".213",".371",".270",".295","-0.038","-0.025","88.5","19.2",32.1,5.1,35.9,"98.115523247","93.238209481",66.4,20.3,39.3,60.7,79.7,26.2,45.8,"26.3"
"Galvis, Freddy",520471,2021,31,356,394,86,56,15,1,14,77,27,19.5,6.9,".242",".407",".302","0.709","0.165","145","1012","119","1545",".219",".354",".305",".282",".053",".023","86.8","14.1",34.9,4.9,31.7,"97.368068071","92.754358208",65.3,15,31.8,68.2,85,20.7,48.7,"25.9"
"Perez, Salvador",521692,2021,31,620,665,169,97,24,0,48,170,28,25.6,4.2,".273",".544",".316","0.860","0.271","337","1631","402","2392",".269",".562",".359",".369","-0.018","-0.010","93","15.9",34.1,16.3,56.2,"104.087645903","97.05981185",78.6,20.7,50,50,79.3,33.7,58.9,"26.1"
"Flores, Wilmer",527038,2021,29,389,436,102,67,16,1,18,56,41,12.8,9.4,".262",".447",".335","0.782","0.185","174","1103","111","1727",".236",".409",".337",".315",".038",".022","88.6","18",32.7,6,35.4,"97.933465595","93.130124",68.4,12.3,26.3,73.7,87.7,16.4,46,"24.6"
"García, Avisaíl",541645,2021,30,460,514,121,74,18,0,29,120,38,23.3,7.4,".263",".491",".331","0.822","0.228","226","1178","313","1755",".272",".516",".346",".365","-0.025","-0.019","90.4","9.3",35.9,12.2,46.4,"102.661785607","95.672483217",81.9,25.5,49.4,50.6,74.5,33.7,58.1,"28.6"
"Ozuna, Marcell",542303,2021,30,188,208,40,27,6,0,7,46,19,22.1,9.1,".213",".356",".288","0.644","0.143","67","479","91","758",".262",".464",".284",".346","-0.108","-0.062","89.7","14.5",35.2,9.9,40.8,"101.379969296","94.940367589",72.4,20.6,44.6,55.4,79.4,27.2,48.5,"26.4"
"Villar, Jonathan",542340,2021,30,454,505,113,75,18,2,18,132,46,26.1,9.1,".249",".416",".322","0.738","0.167","189","1244","267","1967",".232",".389",".320",".307",".027",".013","88","7",29.9,7.4,34.9,"99.828691447","93.930594182",74.7,22.1,49,51,77.9,30.1,49.9,"27.3"
"Ortega, Rafael",542364,2021,30,296,330,86,59,14,2,11,70,30,21.2,9.1,".291",".463",".360","0.823","0.172","137","833","104","1337",".250",".389",".355",".313",".074",".042","88.3","18.3",36.8,5.7,34.6,"98.23177","93.187027477",66.4,13.8,41.4,58.6,86.2,21.8,44.9,"27.5"
"Aguilar, Jesús",542583,2021,31,449,510,117,72,23,0,22,93,46,18.2,9,".261",".459",".329","0.788","0.198","206","1303","214","2066",".255",".456",".334",".333",".003",".001","89.6","19",34.7,8.5,41,"100.000025495","94.305900248",63.9,17.1,44.7,55.3,82.9,25.9,44.8,"24.4"
"Berti, Jon",542932,2021,31,233,271,49,34,10,1,4,61,32,22.5,11.8,".210",".313",".311","0.624","0.103","73","687","86","1138",".231",".324",".282",".302","-0.011","-0.020","87.1","1.9",29.1,2.3,38.3,"98.661285862","93.387591264",62.7,14.8,41.9,58.1,85.2,21.8,42.3,"29.9"
"Crawford, Brandon",543063,2021,34,483,549,144,87,30,3,24,105,56,19.1,10.2,".298",".522",".373","0.895","0.224","252","1347","290","2136",".250",".494",".377",".353",".028",".024","88.8","14.7",35.8,11.5,43.3,"99.818696492","94.078049948",77.6,20.2,52.1,47.9,79.8,29.3,51.7,"25.8"
"Cron, C.J.",543068,2021,31,470,547,132,72,31,1,28,117,60,21.4,11,".281",".530",".375","0.905","0.249","249","1381","237","2191",".258",".491",".383",".366",".039",".017","88.8","15.8",31.9,11.5,42,"101.733108492","94.934202465",66.2,19.1,42.4,57.6,80.9,27.4,47.1,"26.0"
"Dickerson, Alex",543105,2021,31,283,312,66,41,10,2,13,76,23,24.4,7.4,".233",".420",".304","0.724","0.187","119","789","145","1229",".256",".446",".313",".335","-0.026","-0.022","87.4","17",35.7,10.2,38.6,"100.298478058","94.200962621",70.7,19.6,47.2,52.8,80.4,28.3,50.3,"26.7"
"Gomes, Yan",543228,2021,33,349,375,88,58,15,1,14,78,19,20.8,5.1,".252",".421",".301","0.722","0.169","147","921","120","1348",".274",".467",".308",".338","-0.046","-0.030","89.6","14.1",39.3,8.8,38.2,"98.939020735","93.768441544",68.7,12.4,38.1,61.9,87.6,20.6,50.9,"26.3"
"Grossman, Robbie",543257,2021,31,557,671,133,84,23,3,23,155,98,23.1,14.6,".239",".415",".357","0.772","0.176","231","1635","202","2817",".232",".404",".337",".335",".011",".002","87.8","21.1",39.5,7.6,34.1,"97.650887745","92.935303661",63.4,16,42.2,57.8,84,21.6,38.4,"27.7"
"Harrison, Josh",543281,2021,33,505,558,141,98,33,2,8,75,31,13.4,5.6,".279",".400",".341","0.741","0.121","202","1287","171","1877",".273",".427",".325",".334","-0.027","-0.009","87.2","14.5",39.5,4.4,32.6,"97.20370125","92.65377125",75,14.7,27.2,72.8,85.3,18.8,55.4,"26.8"
"Higashioka, Kyle",543309,2021,31,193,211,35,15,10,0,10,59,17,28,8.1,".181",".389",".246","0.635","0.208","75","520","107","816",".230",".519",".272",".347","-0.130","-0.075","90.5","21.7",37.8,15.8,48.1,"101.231464179","95.165749323",68.6,21,56.7,43.3,79,31.3,46.6,"25.4"
"Hosmer, Eric",543333,2021,31,509,565,137,97,28,0,12,99,48,17.5,8.5,".269",".395",".337","0.732","0.126","201","1416","213","2200",".264",".408",".319",".327","-0.013","-0.008","90.5","3.3",26.6,5.9,47,"102.446751471","95.653349314",67.2,14.6,38.2,61.8,85.4,22.9,48.3,"26.0"
"McCann, James",543510,2021,31,375,412,87,64,12,1,10,115,32,27.9,7.8,".232",".349",".294","0.643","0.117","131","1039","185","1623",".216",".342",".281",".280",".007",".001","87.3","9.3",32.3,6.1,40.7,"99.60505","93.951917356",71.3,17.6,44.6,55.4,82.4,27,50.2,"26.7"
"Miller, Brad",543543,2021,31,331,377,75,43,9,3,20,112,45,29.7,11.9,".227",".453",".321","0.774","0.226","150","947","195","1525",".244",".460",".331",".343","-0.007","-0.012","92.4","12.9",31.1,12.3,47.9,"103.105330826","96.244066376",67.3,24.1,49.7,50.3,75.9,30.9,45.9,"27.4"
"Nola, Austin",543592,2021,31,173,194,47,33,12,0,2,19,14,9.8,7.2,".272",".376",".340","0.716","0.104","65","435","34","694",".257",".365",".316",".308",".011",".008","89.7","14.7",30.1,0.6,41,"99.429194103","94.078545419",68.6,8.2,30.4,69.6,91.8,12.2,45,"26.1"
"Rendon, Anthony",543685,2021,31,217,249,52,33,13,0,6,41,29,16.5,11.6,".240",".382",".329","0.711","0.142","83","597","66","948",".230",".370",".310",".303",".012",".007","89.1","22.3",31.5,5.6,38.8,"98.233539888","93.358192584",71.6,12.2,33.3,66.7,87.8,17.2,46.5,"25.4"
"Semien, Marcus",543760,2021,30,652,724,173,87,39,2,45,146,66,20.2,9.1,".265",".538",".334","0.872","0.273","351","1778","245","2923",".243",".464",".368",".336",".074",".032","89.7","20.3",35.2,9.9,41.3,"99.347364664","93.999108178",69.7,14.4,44.3,55.7,85.6,21.5,45.1,"28.6"
"Shaw, Travis",543768,2021,31,220,250,44,24,11,0,9,68,24,27.2,9.6,".200",".373",".286","0.659","0.173","82","654","107","1048",".210",".387",".289",".300","-0.014","-0.011","87.7","19.9",31.6,9,38.7,"100.355750132","94.354729342",67.1,19.4,42.7,57.3,80.6,25.7,46.4,"25.1"
"Springer, George",543807,2021,31,299,342,79,37,19,1,22,79,37,23.1,10.8,".264",".555",".352","0.907","0.291","166","799","147","1328",".245",".520",".381",".365",".035",".016","89.4","19",37.1,15.4,41.6,"101.560583153","95.049735204",69.8,18.9,48.2,51.8,81.1,27,45.8,"28.4"
"Vázquez, Christian",543877,2021,30,458,498,118,88,23,1,6,84,33,16.9,6.6,".258",".352",".308","0.660","0.094","161","1271","129","1947",".228",".336",".289",".273",".016",".016","86.3","13.6",33,2.7,31.1,"97.030512447","92.53569576",65.1,12.6,28,72,87.4,17.6,47,"25.2"
"Wong, Kolten",543939,2021,30,445,492,121,73,32,2,14,83,31,16.9,6.3,".272",".447",".335","0.782","0.175","199","1172","139","1815",".248",".391",".337",".310",".056",".027","88.3","12.8",35.3,5.5,34.8,"98.306274469","93.257560531",67.3,11,37.9,62.1,89,18.9,47.9,"26.8"
"Gregorius, Didi",544369,2021,31,368,408,77,46,16,2,13,67,25,16.4,6.1,".209",".370",".270","0.640","0.161","136","1042","186","1580",".224",".335",".275",".277",".035","-0.002","86.1","18.3",32.1,2.3,26.6,"96.254415526","92.127214605",78,18.8,38.1,61.9,81.2,24.6,54.4,"27.7"
"García, Leury",544725,2021,30,415,474,111,80,22,4,5,97,41,20.5,8.6,".267",".376",".335","0.711","0.109","156","1108","178","1672",".237",".340",".312",".292",".036",".020","86.1","4.3",30.1,3.3,32.5,"97.383117421","92.707989088",72.6,15.6,44.1,55.9,84.4,24.4,52.6,"28.4"
"Grichuk, Randal",545341,2021,29,511,545,123,75,25,1,22,114,27,20.9,5,".241",".423",".281","0.704","0.182","216","1326","197","2004",".230",".406",".300",".297",".017",".003","89.8","16.1",30.4,8.6,41.1,"101.265902714","94.873053501",73.8,13,44.8,55.2,87,23.2,52.3,"28.1"
"Marisnick, Jake",545350,2021,30,176,198,38,23,7,3,5,65,11,32.8,5.6,".216",".375",".286","0.661","0.159","66","484","116","727",".193",".298",".287",".258",".077",".029","88.2","15.2",34.8,6.1,36.5,"99.732177544","94.049096991",73.7,23.8,54.6,45.4,76.2,33.4,52.3,"28.8"
"Stassi, Max",545358,2021,30,282,319,68,43,11,1,13,101,28,31.7,8.8,".241",".426",".326","0.752","0.185","120","800","158","1270",".227",".414",".327",".319",".012",".008","89.9","11",35.2,11.1,42.5,"100.699396889","94.626615333",64.8,25.4,51.5,48.5,74.6,31.5,44.5,"26.3"
"Herrera, Odúbel",546318,2021,29,450,492,117,75,27,2,13,77,29,15.7,5.9,".260",".416",".310","0.726","0.156","187","1273","158","1939",".249",".384",".312",".305",".032",".007","88.9","7.3",32.5,4.8,40.1,"100.897753189","94.616140163",69.6,13.9,32.1,67.9,86.1,20,50.3,"27.3"
"Harper, Bryce",547180,2021,28,488,599,151,73,42,1,35,134,100,22.4,16.7,".309",".615",".429","1.044","0.306","300","1425","332","2401",".295",".622",".431",".431","-0.007",".000","92.5","13.3",38.9,18.1,49.7,"104.095508409","96.641756068",75.3,24.4,50.6,49.4,75.6,32,47.5,"27.8"
"Pérez, Roberto",547379,2021,32,141,161,21,11,3,0,7,56,17,34.8,10.6,".149",".319",".245","0.564","0.170","45","422","91","695",".196",".382",".251",".294","-0.063","-0.043","91","6.9",26.4,12.6,41.4,"102.202746667","95.530603253",63.7,26.2,65.6,34.4,73.8,34.9,41.6,"24.7"
"Abreu, José",547989,2021,34,566,659,148,86,30,2,30,143,61,21.7,9.3,".261",".481",".351","0.832","0.220","272","1683","291","2606",".248",".459",".354",".347",".022",".007","92","10.4",31.2,10.2,49.3,"102.892077685","95.964420464",66.8,17.4,46.2,53.8,82.6,27.7,48.4,"26.5"
"Díaz, Elias",553869,2021,30,338,371,83,46,18,1,18,60,30,16.2,8.1,".246",".464",".310","0.774","0.218","157","843","136","1307",".240",".417",".330",".315",".047",".015","87.1","14.7",30.1,7.9,37.6,"99.755097071","93.915122401",75.3,15.2,47.6,52.4,84.8,24.1,51.3,"25.8"
"Narváez, Omar",553882,2021,29,391,445,104,73,20,0,11,84,41,18.9,9.2,".266",".402",".342","0.744","0.136","157","1039","169","1625",".233",".373",".322",".304",".029",".018","84.6","17.9",40.3,5.1,25.6,"95.24547414","91.64567869",74.6,14.4,44.1,55.9,85.6,23.6,52.2,"25.3"
"Astudillo, Willians",553902,2021,29,208,216,49,34,8,0,7,12,3,5.6,1.4,".236",".375",".259","0.634","0.139","78","435","32","614",".247",".383",".272",".282","-0.008","-0.010","85.9","16.8",33.5,4.1,33,"97.826550204","92.937382959",83.7,7.9,13.6,86.4,92.1,9.9,62.2,"24.2"
"Suárez, Eugenio",553993,2021,29,505,574,100,46,23,0,31,171,56,29.8,9.8,".198",".428",".286","0.714","0.230","216","1440","268","2391",".210",".453",".306",".323","-0.025","-0.017","89.1","18.3",33,15,39.8,"100.26923","94.340085339",64.3,18.7,56.7,43.3,81.3,29.5,42.7,"26.7"
"Polanco, Gregory",570256,2021,29,336,382,70,45,12,2,11,104,36,27.2,9.4,".208",".354",".283","0.637","0.146","119","984","188","1551",".227",".413",".275",".316","-0.059","-0.041","89.9","15.9",32.5,9.7,48.3,"102.625763051","95.732966229",69.6,19.6,53.1,46.9,80.4,30.6,48.1,"27.2"
"González, Erik",570481,2021,29,220,229,51,41,7,1,2,40,8,17.5,3.5,".232",".300",".258","0.558","0.068","66","557","106","807",".253",".356",".244",".280","-0.056","-0.036","87","0.1",27.1,3.4,31.5,"98.552873","93.308669274",78.5,15.2,45.6,54.4,84.8,25.6,57.1,"27.4"
"Urshela, Gio",570482,2021,29,420,442,112,78,18,2,14,109,20,24.7,4.5,".267",".419",".301","0.720","0.152","176","1155","195","1697",".246",".414",".309",".301",".005",".008","88.9","7.5",36.2,8,42,"99.811173013","94.060609231",72.4,18.2,38.3,61.7,81.8,25,54,"25.7"
"Schoop, Jonathan",570731,2021,29,623,674,173,120,30,1,22,133,37,19.7,5.5,".278",".435",".320","0.755","0.157","271","1746","291","2588",".253",".404",".324",".311",".031",".013","88.1","10.8",30.1,6.8,40.2,"101.189261968","94.661372435",71,15.7,41.6,58.4,84.3,24.7,52.5,"27.0"
"Arenado, Nolan",571448,2021,30,593,653,151,80,34,3,34,96,50,14.7,7.7,".255",".494",".312","0.806","0.239","293","1542","176","2443",".245",".428",".336",".313",".066",".023","89","20",34.1,6.7,37.5,"98.719642976","93.570965437",67.5,10.4,34.6,65.4,89.6,18.5,46.8,"25.5"
"Barnhart, Tucker",571466,2021,30,348,388,86,58,21,0,7,100,29,25.8,7.5,".247",".368",".317","0.685","0.121","128","967","163","1524",".201",".317",".300",".265",".051",".035","87.1","15.5",37.1,4,31.1,"96.446621452","92.288152621",73.6,19.7,42,58,80.3,26.3,50.4,"24.4"
"Farmer, Kyle",571657,2021,30,483,529,127,87,22,2,16,97,22,18.3,4.2,".263",".416",".316","0.732","0.153","201","1328","157","1955",".248",".387",".316",".302",".029",".014","87.2","15.8",36,4.3,31.9,"97.545416308","92.888295077",65.3,11.3,34.9,65.1,88.7,20,49.9,"27.0"
"Goodwin, Brian",571718,2021,30,235,271,52,33,10,1,8,58,33,21.4,12.2,".221",".374",".319","0.693","0.153","88","707","110","1179",".245",".397",".306",".326","-0.023","-0.020","88.5","16.9",35.8,6.1,31.8,"97.666668539","92.909063764",64.7,20,47.7,52.3,80,27.3,42,"27.4"
"Haniger, Mitch",571745,2021,30,620,691,157,93,23,2,39,169,54,24.5,7.8,".253",".485",".318","0.803","0.232","301","1774","340","2775",".252",".491",".340",".348","-0.006","-0.008","89.3","14.8",33.6,12.6,45.1,"100.90811287","94.762439739",65.1,20.1,50.1,49.9,79.9,29.8,46.6,"27.2"
"Hernández, Enrique",571771,2021,29,508,585,127,69,35,3,20,110,61,18.8,10.4,".250",".449",".337","0.786","0.199","228","1385","213","2265",".249",".462",".338",".348","-0.013","-0.010","90.8","17.9",36.5,8.4,43.2,"99.999080443","94.357513827",66.9,13.9,46.3,53.7,86.1,23.5,44.6,"27.4"
"Holt, Brock",571788,2021,33,235,260,49,33,13,1,2,49,23,18.8,8.8,".209",".298",".281","0.579","0.089","70","648","74","1024",".222",".308",".259",".273","-0.010","-0.014","86.1","9.8",31,1.6,24.6,"94.971155106","91.513393743",61.9,13.8,33.9,66.1,86.2,19.5,42.6,"26.2"
"Lamb, Jake",571875,2021,30,144,170,28,17,4,0,7,51,22,30,12.9,".194",".368",".306","0.674","0.174","53","426","64","683",".209",".391",".298",".314","-0.023","-0.016","90.6","18.3",34.7,11.6,44.2,"100.34607234","94.472866277",65.2,18.9,50,50,81.1,26.9,44.7,"26.1"
"Muncy, Max",571970,2021,30,497,592,124,60,26,2,36,120,83,20.3,14,".249",".527",".368","0.895","0.278","262","1402","196","2434",".266",".584",".379",".406","-0.057","-0.027","91.2","15.2",34.9,16.2,46.6,"102.0590325","95.545324574",60.4,16.8,47.7,52.3,83.2,23.4,37.6,"26.7"
"Myers, Wil",571976,2021,30,442,500,113,70,24,2,17,141,54,28.2,10.8,".256",".434",".334","0.768","0.178","192","1287","269","2010",".215",".374",".330",".297",".060",".033","88","10.6",31.5,7.5,38,"99.248078867","93.720577324",65.8,24.9,46.8,53.2,75.1,31.6,46.3,"28.3"
"Naquin, Tyler",571980,2021,30,411,454,111,66,24,2,19,106,35,23.3,7.7,".270",".477",".333","0.810","0.207","196","1201","187","1797",".259",".464",".345",".340",".013",".005","89.8","9.6",31.5,10.5,41.6,"101.606264067","95.061087033",77.4,15.6,37.8,62.2,84.4,23.7,56.3,"27.7"
"Piscotty, Stephen",572039,2021,30,173,188,38,25,8,0,5,48,13,25.5,6.9,".220",".353",".282","0.635","0.133","61","452","91","676",".219",".378",".279",".289","-0.025","-0.010","86.1","17.5",32.8,8.8,36.8,"98.354235873","93.27082928",75.1,20.5,45.7,54.3,79.5,27.7,53.8,"25.9"
"Pollock, AJ",572041,2021,33,384,422,114,65,27,1,21,80,30,19,7.1,".297",".536",".355","0.891","0.239","206","971","168","1465",".274",".497",".375",".356",".039",".019","90.3","12",35,11.2,47.4,"101.215235526","95.03458727",73.6,14.1,45.4,54.6,85.9,24.2,52.8,"27.7"
"Seager, Kyle",572122,2021,33,603,670,128,63,29,1,35,161,59,24,8.8,".212",".438",".285","0.723","0.226","264","1619","328","2554",".216",".459",".308",".320","-0.021","-0.012","89","19.5",35.7,12.3,40.1,"99.68216","94.062280564",72.3,20.6,49.7,50.3,79.4,29.7,49.6,"25.7"
"Taylor, Michael A.",572191,2021,30,483,528,118,89,16,1,12,144,33,27.3,6.3,".244",".356",".297","0.653","0.112","172","1373","302","2113",".243",".391",".286",".300","-0.035","-0.014","89.4","12.1",30.6,6.6,40.2,"100.404271228","94.393365396",75.3,22.5,50.7,49.3,77.5,31.2,51.9,"28.2"
"Voit, Luke",572228,2021,30,213,241,51,32,7,1,11,74,21,30.7,8.7,".239",".437",".328","0.765","0.198","93","607","190","966",".247",".504",".332",".360","-0.067","-0.028","90.7","15.9",35.3,15.9,52.2,"102.007686522","95.69180529",76,29.9,64.2,35.8,70.1,40.5,51.7,"24.9"
"Walker, Christian",572233,2021,30,401,445,98,64,23,1,10,106,38,23.8,8.5,".244",".382",".315","0.697","0.138","153","1147","227","1774",".246",".396",".304",".314","-0.014","-0.010","88.8","15.6",34,6.4,41.1,"100.28235","94.26129266",80.9,20.7,45.1,54.9,79.3,27.3,53.6,"27.4"
"Zunino, Mike",572287,2021,30,333,375,72,26,11,2,33,132,34,35.2,9.1,".216",".559",".301","0.860","0.343","186","936","244","1502",".214",".540",".358",".355",".019",".003","90.7","23.2",31.7,24.3,47,"103.927569505","96.400499158",66.8,30.3,58.1,41.9,69.7,38.8,46.8,"26.1"
"Carpenter, Matt",572761,2021,35,207,249,35,20,11,1,3,77,35,30.9,14.1,".169",".275",".305","0.580","0.106","57","652","111","1123",".218",".428",".269",".338","-0.153","-0.069","90","21.1",45,11.5,42,"99.459285625","94.093493906",63.7,24.9,48.3,51.7,75.1,29.7,38.7,"25.7"
"Dickerson, Corey",572816,2021,32,336,365,91,62,18,5,6,68,25,18.6,6.8,".271",".408",".326","0.734","0.137","137","982","159","1483",".242",".377",".317",".298",".031",".019","87.8","10.1",29,3,35.7,"99.285067037","93.722231375",75.1,23.1,26.8,73.2,76.9,24.3,54.3,"27.3"
"Ruf, Darin",573131,2021,34,262,312,71,40,13,2,16,87,46,27.9,14.7,".271",".519",".385","0.904","0.248","136","826","105","1377",".255",".518",".384",".379",".001",".005","93","9.8",41.5,14.3,54.5,"103.131388409","96.537492571",57.7,16.4,48.2,51.8,83.6,25,38.1,"25.8"
"Yastrzemski, Mike",573262,2021,30,468,532,105,49,28,3,25,131,51,24.6,9.6,".224",".457",".311","0.768","0.233","214","1313","197","2103",".216",".432",".326",".316",".025",".010","89.5","19.4",33.1,10.3,39.3,"99.157264671","93.794353174",67.8,18.6,41.1,58.9,81.4,24.2,45.9,"27.4"
"Contreras, Willson",575929,2021,29,413,483,98,57,20,0,21,138,52,28.6,10.8,".237",".438",".340","0.778","0.201","181","1205","273","1969",".235",".450",".337",".346","-0.012","-0.009","91.8","9.6",30.1,11.2,48.4,"103.658236475","96.307224532",66.1,22.9,59.4,40.6,77.1,34.7,45.1,"27.5"
"Iglesias, Jose",578428,2021,31,483,511,131,93,27,2,9,75,21,14.7,4.1,".271",".391",".309","0.700","0.120","189","1335","155","1858",".268",".369",".304",".299",".022",".005","85.4","11.3",35.5,3.5,28.6,"96.602792118","92.312438321",68.6,10.5,30.5,69.5,89.5,18.9,55,"28.2"
"Torreyes, Ronald",591720,2021,28,318,344,77,59,10,1,7,41,19,11.9,5.5,".242",".346",".286","0.632","0.104","110","805","77","1170",".232",".301",".274",".258",".045",".016","82.2","12.2",30.4,0.4,14.1,"92.098592826","90.2509952",72.3,9.2,26.4,73.6,90.8,14.2,52.8,"26.9"
"Bryant, Kris",592178,2021,29,513,586,136,77,32,2,25,135,62,23,10.6,".265",".481",".353","0.834","0.216","247","1387","274","2232",".255",".456",".356",".347",".025",".009","88.2","15.1",37.1,10.3,40,"99.222537","93.821051447",73.7,17.5,53.5,46.5,82.5,28,48.7,"27.9"
"Canha, Mark",592192,2021,32,519,625,120,77,22,4,17,128,77,20.5,12.3,".231",".387",".358","0.745","0.156","201","1610","205","2642",".227",".381",".333",".332",".006",".001","87.3","13.5",36.1,7.1,35.4,"97.938321269","93.004303181",61.4,15.3,38.8,61.2,84.7,21.5,40.5,"27.8"
"Casali, Curt",592200,2021,32,200,231,42,25,11,1,5,66,26,28.6,11.3,".210",".350",".313","0.663","0.140","70","556","111","905",".197",".336",".289",".280",".014",".009","86.4","23.3",35.6,5.9,31.1,"96.608726119","92.448608571",72.6,22.7,53.8,46.2,77.3,29.5,46.1,"25.0"
"Castellanos, Nick",592206,2021,29,531,585,164,91,38,1,34,121,41,20.7,7,".309",".576",".362","0.938","0.267","306","1396","319","2143",".287",".545",".391",".375",".031",".016","89.8","14",44,10.6,46.9,"101.478243413","95.160421779",78.8,20.3,48.4,51.6,79.7,30.7,55,"27.6"
"Gamel, Ben",592325,2021,29,340,400,84,55,18,3,8,105,51,26.3,12.8,".247",".388",".347","0.735","0.141","132","988","164","1600",".224",".379",".322",".315",".009",".007","89","16.7",41.5,7.9,36.5,"98.769805556","93.550768069",65.9,16.1,58.2,41.8,83.9,27.2,44.5,"27.8"
"Goodrum, Niko",592348,2021,29,290,325,62,40,11,2,9,107,29,32.9,8.9,".214",".359",".292","0.651","0.145","104","871","202","1341",".211",".384",".286",".304","-0.025","-0.018","88","13.4",37.8,10.3,40,"98.972163118","93.633622486",68.8,29,56.3,43.8,71,37,48.5,"28.5"
"Judge, Aaron",592450,2021,29,550,633,158,95,24,0,39,158,75,25,11.8,".287",".544",".373","0.917","0.257","299","1579","292","2654",".298",".597",".387",".415","-0.053","-0.028","95.8","11.6",38.5,17.8,58.4,"107.090197563","98.864780584",66.1,20.2,49.3,50.7,79.8,29.1,42.5,"27.7"
"Machado, Manny",592518,2021,28,564,640,157,96,31,2,28,102,63,15.9,9.8,".278",".489",".347","0.836","0.211","276","1419","220","2238",".286",".531",".350",".377","-0.042","-0.027","93.1","14",33.8,13.3,52.2,"104.861270593","97.161278811",70.1,14,41.6,58.4,86,23,48,"26.4"
"Moran, Colin",592567,2021,28,318,359,82,60,12,0,10,87,36,24.2,10,".258",".390",".334","0.724","0.132","124","883","151","1386",".240",".391",".318",".314","-0.001",".004","89.1","7.2",34.2,8.2,37.2,"99.644896783","93.994792609",69.8,20.4,39.1,60.9,79.6,26.9,49.1,"23.9"
"Pederson, Joc",592626,2021,29,429,481,102,62,19,3,18,117,39,24.3,8.1,".238",".422",".310","0.732","0.184","181","1235","209","1918",".236",".439",".315",".330","-0.017","-0.015","91","14.1",31.2,10.1,47.6,"102.043830449","95.564759776",66.7,19.8,38.5,61.5,80.2,26.3,48.7,"26.9"
"Realmuto, J.T.",592663,2021,30,476,537,125,79,25,4,17,129,48,24,8.9,".263",".439",".343","0.782","0.176","209","1343","246","2096",".248",".421",".336",".329",".018",".007","89.6","11.5",31.2,8.6,44.7,"101.300227486","94.997809341",70,21.3,38.8,61.2,78.7,27,49.5,"28.8"
"Renfroe, Hunter",592669,2021,29,521,572,135,71,33,0,31,130,44,22.7,7.7,".259",".501",".315","0.816","0.242","261","1424","233","2191",".253",".508",".344",".352","-0.007","-0.008","90.1","15.6",32.7,14.4,44.3,"102.674148889","95.514085899",66.7,18.8,39.3,60.7,81.2,25.9,48.2,"27.2"
"Rosario, Eddie",592696,2021,29,379,412,98,62,19,3,14,61,26,14.8,6.3,".259",".435",".305","0.740","0.176","165","996","131","1508",".253",".436",".316",".322","-0.001","-0.006","88.5","15.5",34.3,5.9,35.8,"98.13205425","93.256977774",75.7,15.3,26,74,84.7,19.2,53.5,"27.4"
"Simmons, Andrelton",592743,2021,31,412,451,92,77,12,0,3,62,32,13.7,7.1,".223",".274",".283","0.557","0.051","113","1054","104","1645",".231",".285",".252",".263","-0.011","-0.011","84.1","3.9",29.1,0.6,21.8,"94.564850578","91.340361942",62.1,11.4,27.4,72.6,88.6,16.6,45,"26.2"
"Yelich, Christian",592885,2021,29,399,475,99,69,19,2,9,113,70,23.8,14.7,".248",".373",".362","0.735","0.125","149","1172","182","2012",".240",".389",".325",".331","-0.016","-0.006","91","2.8",29.4,7.6,48.8,"102.904104931","95.927427979",67.3,16.8,52.1,47.9,83.2,24.9,41.4,"28.3"
"Merrifield, Whit",593160,2021,32,664,720,184,129,42,3,10,103,40,14.3,5.6,".277",".395",".317","0.712","0.118","262","1697","204","2608",".260",".391",".306",".304",".004",".002","86.9","14.1",40,3.5,28.8,"96.198273099","92.10313669",71.3,14,28.5,71.5,86,18.3,50,"28.6"
"Bogaerts, Xander",593428,2021,28,529,603,156,98,34,1,23,113,62,18.7,10.3,".295",".493",".370","0.863","0.198","261","1606","223","2505",".274",".470",".368",".358",".023",".010","89.6","12.5",36.4,9.7,43,"100.949849336","94.630657583",62.5,15.5,33.4,66.6,84.5,22,45.7,"27.7"
"Alberto, Hanser",593643,2021,28,241,255,65,40,20,3,2,26,4,10.2,1.6,".270",".402",".291","0.693","0.132","97","606","64","834",".262",".389",".296",".296",".013",".000","87.1","16.1",32.6,4.5,30.3,"97.114657308","92.602038798",82,9.8,25.7,74.3,90.2,16,64.4,"26.8"
"Polanco, Jorge",593871,2021,27,588,644,158,88,35,2,33,118,45,18.3,7,".269",".503",".323","0.826","0.234","296","1618","213","2489",".261",".489",".349",".346",".014",".003","89.4","19.3",36.1,10.1,37.4,"99.644968803","94.059153897",70.6,12,37,63,88,19.7,49.5,"27.9"
"Sanó, Miguel",593934,2021,28,470,532,105,51,24,0,30,183,59,34.4,11.1,".223",".466",".312","0.778","0.243","219","1325","328","2195",".212",".446",".332",".323",".020",".009","93.4","17.6",32.3,17.8,55.9,"105.463960417","97.768462404",66.3,25.9,63.9,36.1,74.1,38.2,44.6,"26.5"
"Difo, Wilmer",594694,2021,29,219,240,59,45,7,3,4,54,20,22.5,8.3,".269",".384",".329","0.713","0.115","84","592","122","922",".227",".322",".312",".276",".062",".036","83.7","12.2",31.9,4.2,23.5,"94.870747654","91.61334087",79.9,24.6,38.2,61.8,75.4,28,53.5,"28.5"
"Calhoun, Kole",594777,2021,33,166,182,39,26,8,0,5,41,15,22.5,8.2,".235",".373",".297","0.670","0.138","62","454","112","734",".217",".405",".292",".298","-0.032","-0.006","88.5","17.3",38.1,6.3,38.9,"98.302995873","93.33714373",82.1,24.6,53.7,46.3,75.4,31.9,51.6,"24.8"
"Duvall, Adam",594807,2021,32,513,555,117,60,17,2,38,174,35,31.4,6.3,".228",".491",".281","0.772","0.263","252","1441","266","2158",".224",".500",".324",".329","-0.009","-0.005","89.8","23.6",33.3,16.1,43.9,"101.576989532","95.059923684",67.1,18.9,48.4,51.6,81.1,29.3,50,"28.5"
"Eaton, Adam",594809,2021,32,254,288,51,33,10,2,6,71,22,24.7,7.6,".201",".327",".282","0.609","0.126","83","743","100","1156",".213",".316",".271",".278",".011","-0.007","86.6","8.3",29.3,4.3,34,"98.315962778","93.173465556",67,16.8,38.2,61.8,83.2,23.7,47.4,"28.0"
"Gosselin, Phil",594838,2021,32,345,373,90,69,14,0,7,81,24,21.7,6.4,".261",".362",".314","0.676","0.101","125","965","120","1436",".237",".357",".297",".289",".005",".008","87.6","11.5",30.2,3.4,35.1,"98.441666718","93.387116513",61.2,13,35.9,64.1,87,21.2,45.7,"29.1"
"Kiermaier, Kevin",595281,2021,31,348,390,90,60,19,7,4,99,33,25.4,8.5,".259",".388",".328","0.716","0.129","135","959","207","1494",".230",".323",".310",".284",".065",".026","86.6","1.1",29.6,4,36.4,"97.950420317","93.031935857",74.7,23.2,50.4,49.6,76.8,31.6,51.5,"29.2"
"Knapp, Andrew",595284,2021,29,145,159,22,17,3,0,2,61,10,38.4,6.3,".152",".214",".215","0.429","0.062","31","428","112","619",".171",".284",".196",".234","-0.070","-0.038","86.2","13.1",27.9,3.5,31.4,"98.4036645","93.352518354",75.9,30,53,47,70,37.6,56.2,"27.3"
"Alfaro, Jorge",595751,2021,28,295,311,72,52,15,1,4,99,11,31.8,3.5,".244",".342",".283","0.625","0.098","101","771","183","1105",".242",".385",".274",".293","-0.043","-0.019","90.9","1.8",27.6,8.2,49,"104.04963551","96.498388051",78.7,21.1,50.9,49.1,78.9,33.2,59.1,"28.3"
"Profar, Jurickson",595777,2021,28,353,412,80,57,17,2,4,65,49,15.8,11.9,".227",".320",".329","0.649","0.093","113","1059","119","1734",".236",".326",".293",".304","-0.006","-0.011","85.3","14",30.6,2.7,30.2,"96.637331931","92.333732595",65.2,13.5,30.6,69.4,86.5,17.9,43.7,"26.2"
"Báez, Javier",595879,2021,28,502,547,133,82,18,2,31,184,28,33.6,5.1,".265",".494",".319","0.813","0.229","248","1394","410","2065",".231",".447",".344",".318",".047",".026","90.1","10.6",32.7,13.4,45.2,"102.100878994","95.40051456",75.8,29.3,53.1,46.9,70.7,40.6,56.9,"28.5"
"Cave, Jake",595909,2021,28,164,178,31,21,6,1,3,62,10,34.8,5.6,".189",".293",".249","0.542","0.104","48","453","88","719",".215",".333",".241",".270","-0.040","-0.029","87","8.4",38.8,5.8,33,"97.212427059","92.655349703",66.9,21.7,67.9,32.1,78.3,32.7,45.5,"27.9"
"Evans, Phillip",595943,2021,28,214,247,44,34,5,0,5,53,28,21.5,11.3,".206",".299",".312","0.611","0.093","64","572","86","928",".241",".350",".278",".313","-0.051","-0.035","88.4","5.3",25.5,4.3,42.9,"100.887540864","94.73554913",68.1,14.1,44.3,55.7,85.9,23.6,44.7,"27.6"
"Hedges, Austin",595978,2021,28,286,312,51,34,7,0,10,87,15,27.9,4.8,".178",".308",".220","0.528","0.130","88","799","163","1185",".190",".292",".227",".231",".016","-0.004","85.7","18.9",27.8,3.9,30.1,"97.296127449","92.649496531",74.6,20.6,49.5,50.5,79.4,29.5,54,"24.5"
"Lindor, Francisco",596019,2021,27,452,524,104,65,16,3,20,96,58,18.3,11.1,".230",".412",".322","0.734","0.182","186","1287","203","2096",".249",".456",".317",".344","-0.044","-0.027","90.7","14.4",35.6,8.2,44.1,"100.654597006","94.782827712",70.8,16.6,39.1,60.9,83.4,23.2,47.4,"27.8"
"Odor, Rougned",596059,2021,27,322,361,65,38,12,0,15,100,27,27.7,7.5,".202",".379",".286","0.665","0.177","122","859","167","1343",".200",".377",".289",".292",".002","-0.003","89.1","19.6",29.6,9.1,38,"100.043154906","94.176931232",74.6,22.2,43.8,56.2,77.8,29.1,51,"26.8"
"Slater, Austin",596103,2021,28,274,306,66,41,12,1,12,84,28,27.5,9.2,".241",".423",".320","0.743","0.182","116","777","138","1188",".250",".438",".321",".333","-0.015","-0.012","87.1","7.8",37.4,9.5,41.6,"99.902361489","93.967423936",66.4,24.1,49.6,50.4,75.9,30.2,45.5,"28.4"
"Story, Trevor",596115,2021,28,526,595,132,69,34,5,24,139,53,23.4,8.9,".251",".471",".329","0.800","0.220","248","1524","292","2402",".239",".454",".341",".335",".017",".006","90.6","17.5",34.2,9.9,42.6,"100.826442959","94.729589592",73.8,18,47.9,52.1,82,27.4,50.8,"28.6"
"Vogelbach, Daniel",596129,2021,28,216,259,47,30,8,0,9,58,43,22.4,16.6,".218",".380",".347","0.727","0.162","82","681","63","1178",".234",".395",".323",".337","-0.015","-0.014","91.4","11.7",33.5,8.2,48.7,"101.598522405","95.31562943",49.6,14.2,33.3,66.7,85.8,19.4,32.9,"24.4"
"Sánchez, Gary",596142,2021,28,383,440,78,41,13,1,23,121,52,27.5,11.8,".204",".423",".307","0.730","0.219","162","1154","201","1845",".222",".453",".314",".334","-0.030","-0.020","89.5","20.5",34.4,13.7,42,"101.387474046","94.874494389",64.6,23.3,43.8,56.2,76.7,29.4,44.1,"25.5"
"Kepler, Max",596146,2021,28,426,490,90,46,21,4,19,96,54,19.6,11,".211",".413",".306","0.719","0.202","176","1115","164","1876",".248",".453",".309",".345","-0.040","-0.036","89.8","16.3",35.3,10.8,42.5,"100.947813174","94.654756198",69.8,16.5,43.9,56.1,83.5,23,44.7,"27.4"
"Franco, Maikel",596748,2021,28,377,403,79,46,22,0,11,67,20,16.6,5,".210",".355",".253","0.608","0.145","134","987","159","1466",".221",".343",".263",".269",".012","-0.006","88.2","9.1",28.1,5.1,33.9,"99.462911847","93.782594824",65.7,16.3,37.5,62.5,83.7,24.1,50.1,"25.0"
"Choi, Ji Man",596847,2021,30,258,305,59,34,14,0,11,87,45,28.5,14.8,".229",".411",".348","0.759","0.182","106","758","153","1279",".231",".424",".334",".340","-0.013","-0.006","91.2","14.8",39.2,9.4,46.8,"101.415282353","95.226775235",68.4,25,52.7,47.3,75,31.7,42.5,"25.3"
"Bradley Jr., Jackie",598265,2021,31,387,428,63,40,14,3,6,132,28,30.8,6.5,".163",".261",".236","0.497","0.098","101","1088","238","1682",".190",".291",".224",".252","-0.030","-0.028","89.7","9.6",27.9,5.1,40.3,"98.888279922","93.730124086",67.5,25.1,57.1,42.9,74.9,34.3,47.8,"27.2"
"La Stella, Tommy",600303,2021,32,220,242,55,36,11,1,7,26,18,10.7,7.4,".250",".405",".308","0.713","0.155","89","659","39","1034",".276",".464",".307",".342","-0.059","-0.035","88.9","13.5",36.9,6.2,33.3,"97.900392784","93.14712",55.7,9.6,20,80,90.4,12.2,39.7,"24.9"
"Severino, Pedro",600474,2021,27,379,419,94,65,18,0,11,109,34,26,8.1,".248",".383",".308","0.691","0.135","145","1086","213","1693",".244",".404",".299",".310","-0.021","-0.011","88.2","15.2",33.5,7.6,38.5,"100.998962681","94.5406432",68.1,18.7,54.7,45.3,81.3,29.5,47.9,"26.0"
"Candelario, Jeimer",600869,2021,27,557,626,151,90,42,3,16,135,65,21.6,10.4,".271",".443",".351","0.794","0.172","247","1608","248","2547",".273",".464",".344",".355","-0.021","-0.011","88.7","12.6",38.6,9,39.1,"99.820428626","94.030826508",68.7,15.1,40.8,59.2,84.9,23.5,47.6,"27.2"
"Daza, Yonathan",602074,2021,27,301,331,85,69,12,2,2,60,21,18.1,6.3,".282",".355",".332","0.687","0.073","107","809","105","1216",".253",".329",".304",".287",".026",".017","85.2","6.6",32.3,2,27,"95.398912083","91.715523292",68.5,11.9,35.1,64.9,88.1,19.8,50.3,"28.2"
"Urías, Ramón",602104,2021,27,262,296,73,52,14,0,7,76,28,25.7,9.5,".279",".412",".361","0.773","0.133","108","780","117","1253",".263",".421",".341",".341","-0.009",".000","89.6","5.2",34.4,9.7,42.5,"100.299722391","94.477848641",66.8,20.6,43.3,56.7,79.4,25.8,43.9,"27.0"
"Ahmed, Nick",605113,2021,31,434,473,96,58,30,3,5,104,34,22,7.2,".221",".339",".280","0.619","0.118","147","1184","209","1777",".207",".298",".269",".253",".041",".016","87.2","10.1",27.9,2.4,27.9,"96.727999817","92.379487034",70,18.9,43.4,56.6,81.1,26.9,50,"27.8"
"Anderson, Brian",605119,2021,28,233,264,58,42,9,0,7,65,26,24.6,9.8,".249",".378",".337","0.715","0.129","88","658","129","1028",".209",".371",".314",".296",".007",".018","88.8","11.3",33.9,7.7,38.7,"98.54644369","93.476804821",72.9,20.7,47.9,52.1,79.3,28.3,50.2,"27.0"
"Barnes, Austin",605131,2021,31,200,225,43,29,8,0,6,56,20,24.9,8.9,".215",".345",".299","0.644","0.130","69","547","90","890",".208",".313",".285",".274",".032",".011","85.2","13.5",29.7,4.1,31.7,"97.137178611","92.601449231",67.4,21.9,42.9,57.1,78.1,26.7,44.2,"26.9"
"Bell, Josh",605137,2021,28,498,568,130,78,24,1,27,101,65,17.8,11.4,".261",".476",".347","0.823","0.215","237","1305","223","2182",".267",".485",".352",".362","-0.009","-0.010","92.5","4.9",28.5,8.8,52,"103.31235455","96.348443033",74.3,16.3,44.7,55.3,83.7,24.1,46.7,"26.2"
"Betts, Mookie",605141,2021,28,466,550,123,68,29,3,23,86,68,15.6,12.4,".264",".487",".367","0.854","0.223","227","1336","131","2232",".258",".449",".365",".357",".038",".008","90.3","18.9",34,7.8,41,"99.139157135","94.102277154",64,10.1,38.8,61.2,89.9,16.8,40.4,"27.2"
"Caratini, Victor",605170,2021,27,313,356,71,55,9,0,7,82,35,23,9.8,".227",".323",".309","0.632","0.096","101","815","126","1312",".225",".359",".273",".291","-0.036","-0.018","90","8.4",31.5,6.8,44.3,"101.375348291","94.946228034",64.7,14.8,50.6,49.4,85.2,25.5,44.8,"24.9"
"Davis, J.D.",605204,2021,28,179,211,51,34,12,0,5,68,24,32.2,11.4,".285",".436",".384","0.820","0.151","78","544","163","890",".241",".409",".357",".337",".027",".020","89.7","13.2",37.2,12.4,42.5,"100.977158596","94.61092292",76.3,34.5,59.3,40.7,65.5,41,50.1,"26.9"
"Panik, Joe",605412,2021,30,236,257,49,37,9,0,3,34,17,13.2,6.6,".208",".284",".266","0.550","0.076","67","637","53","1013",".238",".330",".244",".277","-0.046","-0.033","86.5","9.7",33.8,1.5,25.5,"96.124492277","92.076096188",66.7,12.6,21.3,78.7,87.4,14.4,43.8,"26.2"
"Pérez, Michael",605421,2021,28,210,231,30,14,8,1,7,68,19,29.4,8.2,".143",".290",".221","0.511","0.147","61","588","98","941",".168",".311",".225",".245","-0.021","-0.020","85.7","10.2",29.6,6.3,33.1,"97.012886714","92.519999643",65.5,16.7,49.3,50.7,83.3,27.3,46,"25.2"
"Zimmer, Bradley",605548,2021,28,299,348,68,50,9,1,8,122,30,35.1,8.6,".227",".344",".325","0.669","0.117","103","853","200","1375",".223",".377",".300",".319","-0.033","-0.019","90.7","7",30.4,9.4,42.5,"102.634386941","95.519158765",67.5,27.1,60.9,39.1,72.9,36.4,44.8,"29.4"
"Castro, Harold",605612,2021,27,315,339,89,72,13,1,3,72,14,21.2,4.1,".283",".359",".310","0.669","0.076","113","832","150","1173",".285",".423",".291",".319","-0.064","-0.028","88.6","10.2",44,3.2,38.5,"97.96529065","93.316242886",74.5,17.1,39.2,60.8,82.9,25.8,57.7,"26.2"
"Tapia, Raimel",606132,2021,27,487,533,133,99,26,2,6,70,40,13.1,7.5,".273",".372",".327","0.699","0.099","181","1330","117","1973",".240",".312",".305",".276",".060",".029","85.7","-4.4",19.9,2.1,31.5,"96.953380048","92.476739258",69,8.9,27.3,72.7,91.1,14.7,51.2,"28.3"
"Aquino, Aristides",606157,2021,27,174,204,33,16,6,1,10,75,27,36.8,13.2,".190",".408",".299","0.707","0.218","71","510","138","841",".184",".397",".303",".302",".011",".001","89","22.9",31.7,14.9,39.6,"101.505933529","94.887180594",64.6,27.4,63,37,72.6,39.3,45.1,"28.3"
"Hernández, Teoscar",606192,2021,28,550,595,163,102,29,0,32,148,36,24.9,6.1,".296",".524",".346","0.870","0.228","288","1473","340","2290",".275",".535",".369",".366","-0.011",".003","91.8","13.1",37.4,14,49,"103.3032702","96.169584775",75.8,20.5,56.4,43.6,79.5,31.8,51.8,"28.5"
"Mercedes, Yermín",606213,2021,28,240,262,65,48,9,1,7,46,20,17.6,7.6,".271",".404",".328","0.732","0.133","97","739","113","1097",".243",".420",".317",".313","-0.016",".004","87.3","15.8",35.4,7.2,29.2,"98.111283776","93.084708974",70.6,16.8,29.5,70.5,83.2,22,53.5,"26.4"
"Peraza, José",606299,2021,27,142,154,29,16,7,0,6,26,9,16.9,5.8,".204",".380",".266","0.646","0.176","54","341","42","509",".210",".341",".280",".271",".039",".009","85.6","20.8",31,4.3,25,"95.015849825","91.542031667",71.7,11,36,64,89,19.5,51.3,"27.6"
"Marte, Ketel",606466,2021,27,340,374,108,64,29,1,14,60,31,16,8.3,".318",".532",".377","0.909","0.214","181","891","89","1411",".301",".496",".385",".371",".036",".014","91.1","10.3",33.5,8.9,48.4,"102.733084286","95.652881541",67.5,11,34.5,65.5,89,17.3,45.9,"26.8"
"Haase, Eric",606992,2021,28,351,381,81,46,12,1,22,119,26,31.2,6.8,".231",".459",".286","0.745","0.228","161","1001","226","1548",".230",".463",".316",".321","-0.004","-0.005","90.9","16",35.9,13.7,47.9,"102.221321624","95.458014188",68.7,26.6,51.9,48.1,73.4,34.7,48.1,"27.9"
"Nimmo, Brandon",607043,2021,28,324,385,95,67,17,3,8,78,54,20.3,14,".293",".438",".402","0.840","0.145","142","941","128","1547",".265",".389",".370",".346",".049",".024","89.3","8.8",34.3,4.1,41.1,"100.055118689","94.323742263",67,17.9,45.9,54.1,82.1,22.5,42.5,"28.9"
"Peterson, Jace",607054,2021,31,259,302,64,46,11,1,6,68,38,22.5,12.6,".247",".367",".348","0.715","0.120","95","789","127","1295",".232",".373",".318",".320","-0.006","-0.002","87.7","12",34.2,5.2,34.7,"98.012142813","93.102308586",59.5,18.3,53,47,81.7,27.2,40.3,"28.1"
"Turner, Trea",607208,2021,28,595,646,195,130,34,3,28,110,41,17,6.3,".328",".536",".375","0.911","0.208","319","1620","242","2487",".300",".485",".386",".363",".051",".023","89.6","11.4",34.6,7.4,46.2,"101.311622295","94.938968542",72.4,15.3,43.4,56.6,84.7,23,49.2,"30.6"
"Beaty, Matt",607461,2021,28,204,234,55,43,4,1,7,44,20,18.8,8.5,".270",".402",".363","0.765","0.132","82","571","70","885",".229",".344",".339",".306",".058",".033","86.7","12.3",26.9,3.8,30.6,"97.183536","92.5925725",65.4,9.9,40.7,59.3,90.1,19.2,45.9,"27.1"
"Pillar, Kevin",607680,2021,32,326,348,75,47,11,2,15,82,11,23.6,3.2,".230",".414",".276","0.690","0.184","135","884","145","1323",".219",".378",".296",".281",".036",".015","85.8","20.2",34.7,7.3,31.8,"97.289337398","92.668278857",71.4,14,42.9,57.1,86,24.6,52.6,"27.6"
"Stallings, Jacob",607732,2021,31,374,427,92,63,20,1,8,85,49,19.9,11.5,".246",".369",".335","0.704","0.123","138","1037","148","1697",".241",".370",".312",".313","-0.001","-0.001","88.1","10.7",37.1,4.5,36.4,"98.149676897","93.250874586",65,13.6,46.5,53.5,86.4,23.4,42.5,"24.2"
"Ramírez, José",608070,2021,28,552,636,147,74,32,5,36,87,72,13.7,11.3,".266",".538",".355","0.893","0.272","297","1619","138","2675",".278",".514",".372",".376",".024","-0.004","90","18.3",33.4,11.2,42.4,"100.864817586","94.821900043",64.5,8.9,29.3,70.7,91.1,14.9,43,"28.1"
"Bregman, Alex",608324,2021,27,348,400,94,65,17,0,12,53,44,13.3,11,".270",".422",".355","0.777","0.152","147","968","77","1593",".254",".424",".336",".334","-0.002",".002","89","15.9",33.8,6.4,38.1,"98.729469933","93.691938758",65,8.2,34.3,65.7,91.8,13.5,41.4,"25.7"
"Gallo, Joey",608336,2021,27,498,616,99,47,13,1,38,213,111,34.6,18,".199",".458",".351","0.809","0.259","228","1470","376","2612",".196",".462",".348",".350","-0.004","-0.002","91.5","22.7",29.4,18.7,45.8,"103.455349562","96.100400474",64.5,30.5,64.2,35.8,69.5,38.8,40.4,"27.4"
"Kelly, Carson",608348,2021,26,304,359,73,48,11,1,13,74,44,20.6,12.3,".240",".411",".343","0.754","0.171","125","914","138","1473",".250",".431",".328",".345","-0.020","-0.017","88.2","18.6",37.9,8.5,34,"98.077323898","93.187875532",62.5,17.7,44.9,55.1,82.3,25,42,"25.6"
"Seager, Corey",608369,2021,27,353,409,108,67,22,3,16,66,48,16.1,11.7,".306",".521",".394","0.915","0.215","184","856","191","1397",".284",".541",".389",".392","-0.020","-0.003","91","10.7",36.6,12.4,49.3,"102.128592069","95.562976483",81.6,17.1,59,41,82.9,28.1,53.3,"26.5"
"Winker, Jesse",608385,2021,27,423,485,129,72,32,1,24,75,53,15.5,10.9,".305",".556",".394","0.950","0.251","235","1144","144","1895",".288",".525",".403",".388",".031",".015","90.6","10.8",38.2,11.2,47.1,"101.264512356","95.148046121",68.4,16.2,30.3,69.7,83.8,20.2,45.1,"25.8"
"Mazara, Nomar",608577,2021,26,165,181,35,25,5,2,3,45,15,24.9,8.3,".212",".321",".276","0.597","0.109","53","487","80","776",".207",".351",".264",".272","-0.030","-0.008","90.4","11.1",33.1,7.4,39.7,"100.256099016","94.618008926",64.9,19.2,43.4,56.6,80.8,27.4,46.5,"26.4"
"Murphy, Tom",608596,2021,30,277,325,56,37,8,0,11,99,40,30.5,12.3,".202",".350",".304","0.654","0.148","97","806","179","1323",".190",".349",".291",".291",".001",".000","88.6","15.9",30.9,8.8,38.1,"99.422102637","93.881376906",67.8,24.3,56.4,43.6,75.7,33.3,44.5,"26.9"
"Jankowski, Travis",608671,2021,30,131,157,33,24,6,2,1,29,22,18.5,14,".252",".351",".364","0.715","0.099","46","362","33","583",".221",".287",".312",".281",".064",".031","85.2","6.9",26,1.9,20.2,"94.839975833","91.483603895",62.6,14.8,37.2,62.8,85.2,18.8,41,"28.5"
"Mayfield, Jack",608686,2021,30,266,290,58,33,15,0,10,68,17,23.4,5.9,".218",".387",".272","0.659","0.169","103","746","119","1112",".187",".325",".284",".252",".062",".032","85.3","16.8",28.2,6.5,26.7,"96.160469167","92.102882708",72.8,15.4,42.8,57.2,84.6,24.7,52.9,"27.2"
"Plawecki, Kevin",608700,2021,30,157,173,45,35,7,0,3,26,12,15,6.9,".287",".389",".349","0.738","0.102","61","402","42","622",".255",".433",".325",".329","-0.044","-0.004","87.3","13.4",34.1,6.1,34.8,"98.671764242","93.399782061",66.5,11.2,31.1,68.9,88.8,16.3,46.3,"25.5"
"Refsnyder, Rob",608701,2021,30,139,157,34,25,7,0,2,40,17,25.5,10.8,".245",".338",".325","0.663","0.093","47","404","61","669",".258",".450",".296",".342","-0.112","-0.046","89.2","9.3",40,7,41,"100.4674838","94.3421936",61.7,20.4,48.4,51.6,79.6,26.9,40.1,"27.3"
"Andujar, Miguel",609280,2021,26,154,162,39,31,2,0,6,28,7,17.3,4.3,".253",".383",".284","0.667","0.130","59","426","54","618",".258",".405",".288",".301","-0.022","-0.013","87.1","6.1",31.5,5.5,37,"99.424963438","93.763376693",74.6,11.1,33.9,66.1,88.9,19.4,55.2,"27.5"
"Reyes, Franmil",614177,2021,25,418,466,106,56,18,2,30,149,43,32,9.2,".254",".522",".324","0.846","0.268","218","1209","273","1988",".241",".517",".354",".354",".005",".000","92","9.7",31.3,17.2,48.5,"104.748650075","96.767001157",68.2,26.1,50.9,49.1,73.9,33.7,45.4,"26.1"
"Torrens, Luis",620443,2021,25,346,378,84,51,16,2,15,99,28,26.2,7.4,".243",".431",".299","0.730","0.188","149","1021","173","1554",".239",".431",".311",".318",".000","-0.007","90.9","6.1",34.4,10.4,43.2,"100.339014677","94.639265968",63.2,21.6,42.6,57.4,78.4,27.4,45.3,"26.8"
"Swanson, Dansby",621020,2021,27,588,653,146,84,33,2,27,167,52,25.6,8,".248",".449",".311","0.760","0.201","264","1626","333","2578",".244",".453",".322",".329","-0.004","-0.007","89.3","14.1",36.8,11.4,42.7,"99.888272056","94.152698735",72.6,24.4,48.2,51.8,75.6,30.4,48.1,"28.3"
"Newman, Kevin",621028,2021,27,517,554,117,87,22,3,5,41,27,7.4,4.9,".226",".309",".265","0.574","0.083","160","1259","90","1926",".254",".338",".249",".278","-0.029","-0.029","85.3","9.9",32,1.6,26,"95.837500212","91.93298839",63.3,6.7,25.1,74.9,93.3,12.1,44.9,"28.4"
"Taylor, Chris",621035,2021,30,507,582,129,80,25,4,20,167,63,28.7,10.8,".254",".438",".344","0.782","0.184","222","1444","324","2384",".233",".428",".338",".329",".010",".009","88.2","17.4",38.1,10.2,38.1,"99.754756176","93.990311298",69.4,25.9,56.1,43.9,74.1,32.8,45.6,"28.8"
"Correa, Carlos",621043,2021,26,555,640,155,94,34,1,26,116,75,18.1,11.7,".279",".485",".366","0.851","0.206","269","1607","207","2610",".286",".484",".364",".370",".001","-0.006","90.2","12.1",33.5,9.4,42.7,"101.559240852","95.042767326",62.1,12.6,40.2,59.8,87.4,20.9,42.1,"27.0"
"Dahl, David",621311,2021,27,205,220,43,28,11,0,4,59,10,26.8,4.5,".210",".322",".247","0.569","0.112","66","561","100","814",".243",".397",".246",".295","-0.075","-0.049","88.1","11.5",37.3,6.7,36.7,"98.355703067","93.28542953",70.3,18.1,42.7,57.3,81.9,26.7,52.9,"27.7"
"Phillips, Brett",621433,2021,27,253,292,52,26,9,4,13,113,33,38.7,11.3,".206",".427",".300","0.727","0.221","108","751","163","1234",".177",".366",".313",".285",".061",".028","89.6","17.8",31.9,11.1,45.1,"100.118117143","94.459645357",65.7,30.7,61.6,38.4,69.3,36.5,42.6,"28.5"
"Taylor, Tyrone",621438,2021,27,243,271,60,36,9,3,12,59,20,21.8,7.4,".247",".457",".321","0.778","0.210","111","677","102","1049",".235",".402",".333",".313",".055",".020","88.6","16",29.7,7.6,37.3,"99.420409247","93.871791838",68.9,12.5,43.1,56.9,87.5,23.6,49.2,"28.6"
"Buxton, Byron",621439,2021,27,235,254,72,30,23,0,19,62,13,24.4,5.1,".306",".647",".358","1.005","0.341","152","604","133","925",".294",".619",".419",".408",".028",".011","92.5","13.3",35.3,17.9,53.8,"104.685828953","97.053762616",77.6,21.7,47.9,52.1,78.3,29.4,53,"29.9"
"Brinson, Lewis",621446,2021,27,274,290,62,39,14,0,9,72,13,24.8,4.5,".226",".376",".263","0.639","0.150","103","763","167","1099",".239",".372",".275",".285",".004","-0.010","88.5","14",29.9,6.4,37.7,"99.908491863","94.080305911",72.7,20.6,47.3,52.7,79.7,31.8,55.6,"28.6"
"Duggar, Steven",621453,2021,27,268,297,69,42,14,5,8,88,27,29.6,9.1,".257",".437",".330","0.767","0.180","117","742","120","1197",".225",".402",".327",".303",".035",".024","88","15.2",40,8.4,33.9,"98.188827865","93.277028757",62.4,18.1,51.7,48.3,81.9,27.7,41.9,"28.4"
"Stewart, DJ",621466,2021,27,270,318,55,33,10,0,12,89,44,28,13.8,".204",".374",".324","0.698","0.170","101","804","164","1328",".202",".381",".310",".313","-0.007","-0.003","87.8","19.7",29.3,9.4,34.3,"99.077311","93.573858771",72.5,23.1,59.3,40.7,76.9,31.8,47.1,"26.7"
"Ward, Taylor",621493,2021,27,208,237,52,29,15,0,8,55,20,23.2,8.4,".250",".438",".332","0.770","0.188","91","565","94","874",".252",".454",".333",".342","-0.016","-0.009","89.6","16.4",39.1,10.3,39.7,"100.613691486","94.599493581",67.3,17.5,46.3,53.7,82.5,25.1,47,"28.2"
"Nido, Tomás",621512,2021,27,153,161,34,25,5,1,3,44,5,27.3,3.1,".222",".327",".261","0.588","0.105","50","367","113","496",".236",".400",".254",".289","-0.073","-0.035","88.7","10",42.2,6.4,43.1,"98.825414","93.808968624",84.5,31.2,46.4,53.6,68.8,37.7,65.7,"25.6"
"Wisdom, Patrick",621550,2021,29,338,375,78,37,13,0,28,153,32,40.8,8.5,".231",".518",".305","0.823","0.287","175","1021","295","1631",".212",".461",".346",".320",".057",".026","91.2","19.1",39.5,16.2,51.9,"102.998189677","96.238947568",74.9,32.6,60,40,67.4,41.3,50,"28.1"
"Wendle, Joey",621563,2021,31,460,501,122,76,31,4,11,113,28,22.6,5.6,".265",".422",".319","0.741","0.157","194","1247","173","1857",".235",".358",".317",".287",".064",".030","87.9","6.2",30.6,4.6,34.6,"98.186461965","93.246941532",64.4,15.7,41.9,58.1,84.3,25,48.1,"27.9"
"Olson, Matt",621566,2021,27,565,673,153,79,35,0,39,113,88,16.8,13.1,".271",".540",".371","0.911","0.269","305","1678","273","2774",".258",".513",".379",".378",".027",".001","91.6","16.2",32.4,12.7,48.8,"102.889106926","95.968662554",72.1,18.3,36.5,63.5,81.7,23.1,47,"25.9"
"Duffy, Matt",622110,2021,30,289,322,83,66,12,0,5,63,25,19.6,7.8,".287",".381",".357","0.738","0.094","110","799","71","1269",".272",".386",".327",".326","-0.005",".001","87.5","7.5",40.5,4,34.8,"97.109602655","92.7019352",62.4,7.9,38.6,61.4,92.1,15.4,42.4,"26.4"
"Margot, Manuel",622534,2021,26,421,464,107,76,18,3,10,70,37,15.1,8,".254",".382",".313","0.695","0.128","161","1128","139","1706",".264",".398",".301",".316","-0.016","-0.015","87.9","10.7",31.5,5.1,40.2,"99.808768523","93.961249772",72.2,13.2,38.1,61.9,86.8,20.5,51.1,"28.6"
"Reyes, Victor",622682,2021,26,209,220,54,35,10,4,5,55,8,25,3.6,".258",".416",".284","0.700","0.158","87","619","96","869",".251",".407",".298",".296",".009",".002","89.5","6.6",37.6,8.3,35,"98.719452763","93.428455263",68.4,19.1,35.6,64.4,80.9,25.3,55.1,"28.8"
"Mateo, Jorge",622761,2021,26,194,209,48,32,11,1,4,55,9,26.3,4.3,".247",".376",".293","0.669","0.129","73","551","103","822",".240",".365",".291",".287",".011",".004","85.4","14.1",33.3,5.7,31.2,"97.805720714","92.986843669",70.7,20.9,48.9,51.1,79.1,30.4,50.9,"30.3"
"Bote, David",623520,2021,28,291,327,58,38,10,2,8,73,27,22.3,8.3,".199",".330",".276","0.606","0.131","96","783","124","1232",".221",".398",".268",".308","-0.068","-0.040","89.9","9.8",27.5,10,43.7,"102.139621636","95.308141545",68.1,16.4,44.9,55.1,83.6,25,47.4,"27.2"
"Ramírez, Harold",623912,2021,26,339,361,91,62,21,1,7,56,14,15.5,3.9,".268",".398",".305","0.703","0.130","135","949","150","1335",".260",".405",".302",".306","-0.007","-0.004","91.3","6.2",24.5,6.3,47.2,"102.899398392","95.900678077",70,13.9,39.3,60.7,86.1,23.9,55.2,"28.6"
"Santander, Anthony",623993,2021,26,406,438,98,56,24,0,18,101,23,23.1,5.3,".241",".433",".286","0.719","0.192","176","1194","191","1812",".265",".450",".307",".329","-0.017","-0.022","90.7","18",34.5,8.4,43.5,"101.427339286","95.071361201",72.2,18.6,37.8,62.2,81.4,25.1,51.5,"26.2"
"Alonso, Pete",624413,2021,26,561,637,147,80,27,3,37,127,60,19.9,9.4,".262",".519",".344","0.863","0.257","291","1450","248","2298",".264",".547",".363",".376","-0.028","-0.013","91","14.7",34.5,14.9,47.3,"103.709055662","96.163804165",70.8,16.5,41.3,58.7,83.5,24.9,49.3,"26.0"
"Arroyo, Christian",624414,2021,26,164,181,43,25,12,0,6,44,8,24.3,4.4,".262",".445",".324","0.769","0.183","73","469","88","696",".230",".398",".332",".304",".047",".028","86.3","9.4",35.5,7.4,35.5,"99.422643","93.716760833",76.2,17.1,43,57,82.9,26.5,55.7,"28.0"
"Biggio, Cavan",624415,2021,26,250,294,56,38,10,1,7,78,37,26.5,12.6,".224",".356",".322","0.678","0.132","89","694","107","1125",".208",".345",".298",".291",".011",".007","88.9","15.6",32.8,5.6,31.6,"97.655151477","93.044143543",63.5,16.8,57.3,42.7,83,25.7,41.5,"28.3"
"Conforto, Michael",624424,2021,28,406,479,94,60,20,0,14,104,59,21.7,12.3,".232",".384",".344","0.728","0.152","156","1202","185","1982",".248",".438",".322",".349","-0.054","-0.027","88.5","13.2",32.9,9.2,39.5,"99.624073158","93.947085809",68.2,17.9,37.6,62.4,82.1,23.3,44.3,"27.0"
"Frazier, Adam",624428,2021,29,577,639,176,130,36,5,5,69,48,10.8,7.5,".305",".411",".368","0.779","0.106","237","1519","120","2352",".286",".377",".341",".325",".034",".016","85.4","12.6",38.9,1,25.2,"94.770636087","91.395336317",68,7.6,25.8,74.2,92.4,12.4,47.6,"27.1"
"Trevino, Jose",624431,2021,28,285,302,68,49,14,0,5,57,12,18.9,4,".239",".340",".267","0.607","0.101","97","720","100","1053",".246",".382",".261",".288","-0.042","-0.027","87.5","9.5",33.5,4.3,36.9,"98.521216983","93.321543463",62.4,13.1,39.4,60.6,86.9,22.4,48.2,"24.6"
"Gordon, Nick",624503,2021,25,200,216,48,34,9,1,4,55,12,25.5,5.6,".240",".355",".292","0.647","0.115","71","538","100","781",".264",".422",".283",".320","-0.067","-0.037","91.2","9.4",35.6,6.8,47.9,"99.872461781","94.586008425",77.9,20.7,44.2,55.8,79.3,28.4,57.7,"27.8"
"McGuire, Reese",624512,2021,26,198,217,50,34,15,0,1,44,15,20.3,6.9,".253",".343",".310","0.653","0.090","68","525","73","797",".237",".337",".289",".283",".006",".006","87.5","13.4",39.7,2.6,32.7,"97.267607105","92.776742384",71,14.2,38.7,61.3,85.8,21.4,50.3,"26.4"
"Nuñez, Dom",624513,2021,26,228,263,43,18,12,3,10,91,34,34.6,12.9,".189",".399",".293","0.692","0.210","91","689","129","1129",".166",".316",".294",".261",".083",".033","86","21.9",39.1,9.4,31.2,"97.334386957","92.77074562",59.5,23,55.8,44.2,77,32.8,41.1,"25.3"
"Soler, Jorge",624585,2021,29,516,602,115,61,27,0,27,142,67,23.6,11.1,".223",".432",".316","0.748","0.209","223","1439","284","2413",".246",".499",".323",".359","-0.067","-0.036","91.2","15.7",30.9,12.7,47,"103.589178942","96.139729418",70.1,18.4,57.5,42.5,81.5,29.2,44.8,"26.9"
"Sosa, Edmundo",624641,2021,25,288,326,78,60,8,4,6,63,17,19.3,5.2,".271",".389",".346","0.735","0.118","112","812","159","1190",".257",".386",".322",".320",".003",".002","86.7","6",28.9,4,32,"97.971031681","93.0175588",74,19.6,45,55,80.4,27.9,53.6,"29.7"
"Heredia, Guillermo",628338,2021,30,305,347,67,36,26,0,5,81,32,23.3,9.2,".220",".354",".311","0.665","0.134","108","831","161","1344",".216",".343",".292",".291",".011",".001","86.6","12.7",35.6,4,34.7,"98.091220179","93.063741473",76.7,16.7,57.4,42.6,83.3,27.5,49.6,"27.8"
"Hernandez, Yadiel",628450,2021,33,264,289,72,54,8,1,9,59,22,20.4,7.6,".273",".413",".329","0.742","0.140","109","720","143","1155",".242",".419",".320",".312","-0.006",".008","89.7","5.2",31.4,5.8,38.6,"98.77171534","93.810419175",74.5,23.7,39.4,60.6,76.3,28.3,49,"25.4"
"Ibáñez, Andy",628451,2021,28,253,272,70,46,15,2,7,35,15,12.9,5.5,".277",".435",".321","0.756","0.158","110","614","90","929",".258",".418",".325",".318",".017",".007","88.8","15.5",35.5,7.3,38.6,"98.872548532","93.626062615",72.9,12.7,39.3,60.7,87.3,20.5,51.6,"28.0"
"Cronenworth, Jake",630105,2021,27,567,643,151,90,33,7,21,90,55,14,8.6,".266",".460",".340","0.800","0.194","261","1542","125","2435",".271",".449",".341",".344",".011","-0.003","88.6","12.5",35.8,7.3,35,"98.727004664","93.509905895",62.5,7.3,30.9,69.1,92.7,13.7,43.2,"28.5"
"Frazier, Clint",640449,2021,26,183,218,34,20,9,0,5,65,32,29.8,14.7,".186",".317",".317","0.634","0.131","58","539","99","949",".201",".355",".289",".312","-0.038","-0.023","86.9","13.9",28.8,10.2,41.5,"101.669189322","94.867958729",62.1,22.5,59.5,40.5,77.5,30.1,37.8,"27.1"
"Meadows, Austin",640457,2021,26,518,591,121,62,29,3,27,122,59,20.6,10,".234",".458",".315","0.773","0.224","237","1465","238","2366",".234",".427",".327",".325",".031",".002","89.3","21.7",36.1,8.7,37.9,"99.236473035","93.763605871",71,16.3,44.6,55.4,83.7,24.4,46.7,"27.5"
"Mercado, Óscar",640458,2021,26,214,238,48,30,11,1,6,42,21,17.6,8.8,".224",".369",".300","0.669","0.145","79","560","105","903",".218",".337",".294",".283",".032",".011","86.2","16.2",24.9,4.1,27.7,"96.160471786","92.105837186",71.2,21.2,43.7,56.3,78.8,26.7,47.6,"28.9"
"Pinder, Chad",640461,2021,29,214,233,52,29,16,1,6,62,16,26.6,6.9,".243",".411",".300","0.711","0.168","88","573","111","906",".252",".510",".307",".352","-0.099","-0.045","92.6","7.4",36.6,16.3,54.2,"102.714990909","96.220786993",72.9,23,44.3,55.7,77,28.1,49.1,"26.6"
"Anderson, Tim",641313,2021,28,527,551,163,115,29,2,17,119,22,21.6,4,".309",".469",".338","0.807","0.160","247","1372","269","2010",".272",".443",".345",".322",".026",".023","89.6","4.3",32.5,8,42.3,"100.468994726","94.526930721",79.1,17.8,43.2,56.8,82.2,25.9,57.8,"28.2"
"Bauers, Jake",641343,2021,25,282,315,59,48,7,0,4,78,30,24.8,9.5,".209",".277",".290","0.567","0.068","78","786","127","1222",".226",".359",".257",".293","-0.082","-0.036","88.1","20",36.3,5.4,37.7,"98.990606238","93.653642836",67.5,18.2,50.6,49.4,81.8,26.9,47.5,"27.4"
"Bellinger, Cody",641355,2021,25,315,350,52,31,9,2,10,94,31,26.9,8.9,".165",".302",".240","0.542","0.137","95","916","192","1430",".202",".357",".237",".279","-0.055","-0.042","89.3","22.2",33.5,7.2,34.4,"98.249680721","93.232864369",74,24.7,40.5,59.5,75.3,29.7,51.4,"28.0"
"Calhoun, Willie",641432,2021,26,260,284,65,46,10,3,6,34,21,12,7.4,".250",".381",".310","0.691","0.131","99","638","65","1022",".271",".404",".301",".322","-0.023","-0.021","90.2","14.9",28.6,3.5,41.9,"100.611673158","94.711764802",66.1,12.2,26.2,73.8,87.8,16,44.5,"26.2"
"Collins, Zack",641470,2021,26,196,232,41,24,13,0,4,70,34,30.2,14.7,".209",".337",".329","0.666","0.128","66","571","103","941",".211",".393",".299",".319","-0.056","-0.020","91.1","20.9",40.9,10.3,44.1,"101.124713871","95.218920726",67.3,23.7,45.1,54.9,76.3,28.4,44.2,"25.4"
"Crawford, J.P.",641487,2021,26,619,687,169,123,37,0,9,114,58,16.6,8.4,".273",".376",".338","0.714","0.103","233","1755","153","2791",".256",".343",".314",".300",".033",".014","86.3","9.8",34.3,2.4,30.6,"97.337774462","92.671236474",64,10.1,33.3,66.7,89.9,15.5,44.2,"27.5"
"Dozier, Hunter",641531,2021,29,487,543,105,56,27,6,16,154,43,28.4,7.9,".216",".394",".285","0.679","0.178","192","1332","292","2076",".219",".390",".293",".298",".004","-0.005","89.9","15.8",33,8.8,42.2,"100.920294588","94.659477906",70.5,18.4,61.6,38.4,81.6,32.4,48.8,"28.2"
"Fraley, Jake",641584,2021,26,214,265,45,29,7,0,9,71,46,26.8,17.4,".210",".369",".352","0.721","0.159","79","659","113","1159",".228",".367",".322",".337",".002","-0.015","85.3","12.1",38.4,6.2,33.6,"97.840943699","92.954708414",64.4,21.4,50,50,78.6,28.6,39.8,"27.7"
"Garver, Mitch",641598,2021,30,207,243,53,25,15,0,13,71,31,29.2,12.8,".256",".517",".358","0.875","0.261","107","614","112","1032",".250",".555",".372",".387","-0.038","-0.015","92.3","19",38.4,17.4,53.6,"103.147161304","96.32265529",58.6,22.8,49.1,50.9,77.2,30,38.8,"25.6"
"Guillorme, Luis",641645,2021,26,132,156,35,31,3,0,1,23,23,14.7,14.7,".265",".311",".374","0.685","0.046","41","405","29","661",".236",".316",".311",".303","-0.005",".008","86.4","4.7",34.5,0.9,22.7,"95.402536852","91.796157593",58.7,9.8,27.8,72.2,90.2,14.7,40.1,"25.9"
"Hampson, Garrett",641658,2021,26,453,494,106,68,21,6,11,118,33,23.9,6.7,".234",".380",".289","0.669","0.146","172","1250","175","1906",".233",".380",".288",".293",".000","-0.005","87","13",34.7,5,31.2,"97.242538491","92.696106215",64.6,14.8,48.5,51.5,85.2,23.9,46,"29.8"
"Heim, Jonah",641680,2021,26,265,285,52,29,13,0,10,58,15,20.4,5.3,".196",".358",".239","0.597","0.162","95","734","103","1139",".227",".377",".256",".287","-0.019","-0.031","87.1","15.5",34.6,6.2,37.9,"99.166240095","93.627588278",74.6,16.5,34.1,65.9,83.5,21.6,50,"26.0"
"Locastro, Tim",641796,2021,28,139,156,25,19,4,0,2,33,7,21.2,4.5,".180",".252",".263","0.515","0.072","35","393","48","569",".208",".278",".237",".262","-0.026","-0.025","82.1","14.3",32.7,0.9,16.8,"93.378920566","90.917769905",57.9,17.9,32.9,67.1,82.1,22.7,46.4,"30.6"
"Mancini, Trey",641820,2021,29,556,616,142,87,33,1,21,143,51,23.2,8.3,".255",".432",".326","0.758","0.177","240","1563","293","2468",".261",".455",".326",".340","-0.023","-0.014","88.9","9.7",36,10.4,42,"101.505868937","94.869304891",65.8,21.7,44,56,78.3,29.6,47,"26.5"
"Martin, Jason",641829,2021,25,144,154,30,21,3,0,6,41,8,26.6,5.2,".208",".354",".248","0.602","0.146","51","400","81","608",".224",".385",".260",".282","-0.031","-0.022","87.5","11.4",33.3,7.7,33.3,"98.2363524","93.2213684",72.2,23.9,44.7,55.3,76.1,29.1,49.7,"27.6"
"McKinney, Billy",641856,2021,26,265,300,51,28,11,3,9,79,32,26.3,10.7,".192",".358",".280","0.638","0.166","95","810","99","1280",".208",".360",".277",".289","-0.002","-0.012","88.1","17.6",30.9,6.4,34.6,"98.187748191","93.259317074",64.1,17,45.2,54.8,83,23.3,43.2,"27.6"
"McMahon, Ryan",641857,2021,26,528,596,134,78,32,1,23,147,59,24.7,9.9,".254",".449",".331","0.780","0.195","237","1488","299","2388",".239",".434",".334",".326",".015",".008","90.5","14.3",40.2,7.3,43.5,"100.810510524","94.736908351",73.2,22,50.9,49.1,78,29.2,48.8,"26.2"
"O'Neill, Tyler",641933,2021,26,482,537,138,76,26,2,34,168,38,31.3,7.1,".286",".560",".352","0.912","0.274","270","1334","317","2070",".271",".577",".384",".387","-0.017","-0.003","93","17.8",39.9,17.9,52.2,"104.172238365","97.016212516",73.8,26.1,55.9,44.1,73.9,34.7,49.8,"29.6"
"Smith, Dominic",642086,2021,26,446,493,109,78,20,0,11,112,32,22.7,6.5,".244",".363",".304","0.667","0.119","162","1210","224","1850",".258",".424",".291",".325","-0.061","-0.034","89","14.9",40.6,6.5,40.6,"99.236681294","93.860401735",72.9,18.6,44.9,55.1,81.4,27.7,52,"26.3"
"Tellez, Rowdy",642133,2021,26,297,325,72,45,14,2,11,65,23,20,7.1,".242",".414",".305","0.719","0.172","123","821","116","1266",".257",".476",".306",".339","-0.062","-0.033","92.2","13.4",35.6,11.7,48.1,"103.628501293","96.278980779",68.6,14.5,38.3,61.7,85.5,23.3,48.5,"25.1"
"Valaika, Pat",642162,2021,28,259,281,52,39,8,0,5,76,16,27,5.7,".201",".290",".250","0.540","0.089","75","743","133","1101",".211",".346",".238",".268","-0.056","-0.030","86.8","19.8",40.6,4.8,32.6,"97.799003978","92.940658432",74.5,19.4,46.5,53.5,80.6,27.3,52.5,"27.0"
"VanMeter, Josh",642165,2021,26,274,310,58,33,17,2,6,83,33,26.8,10.6,".212",".354",".297","0.651","0.142","97","801","131","1326",".199",".323",".287",".274",".031",".013","89.3","19.6",30.1,5.2,36.8,"98.3083825","93.411424635",60.4,18,57.8,42.2,82,26.8,39.7,"26.8"
"White, Eli",642201,2021,27,198,220,35,22,6,1,6,66,18,30,8.2,".177",".308",".259","0.567","0.131","61","575","116","892",".173",".295",".253",".250",".013",".003","85.5","15.6",31.1,6.8,22.7,"95.641756719","91.824571328",68.7,23.5,49.5,50.5,76.5,30.2,48.7,"30.4"
"Mejía, Francisco",642336,2021,25,250,277,65,41,15,3,6,49,17,17.7,6.1,".260",".416",".322","0.738","0.156","104","708","93","1013",".226",".348",".320",".285",".068",".035","85.7","14.9",34.8,4.4,28.9,"96.732260693","92.387852388",70.3,14.6,28.5,71.5,85.4,20.5,55.4,"27.0"
"Sierra, Magneuris",642423,2021,25,209,225,48,41,6,1,0,50,15,22.2,6.7,".230",".268",".281","0.549","0.038","56","583","78","858",".228",".265",".239",".242",".003","-0.003","82.3","7.7",26.3,0,18.8,"93.137664615","90.706650581",65.7,14.4,39.8,60.2,85.6,22.2,50.3,"28.8"
"Rosario, Amed",642708,2021,25,550,588,155,113,25,6,11,120,31,20.4,5.3,".282",".409",".321","0.730","0.127","225","1464","219","2156",".266",".375",".315",".303",".034",".012","88.8","5.6",32,2.8,43.5,"100.074259533","94.248108388",63.9,15.6,41.5,58.5,84.4,24.8,48.9,"29.5"
"Adames, Willy",642715,2021,25,497,555,130,72,32,1,25,156,57,28.1,10.3,".262",".481",".337","0.818","0.219","239","1394","325","2221",".232",".440",".349",".324",".041",".025","89.5","16.8",35.1,11.4,44.7,"100.71382731","94.667554152",72.2,24.2,52.6,47.4,75.8,32.6,48.9,"28.0"
"Gutiérrez, Kelvin",642721,2021,26,272,295,63,49,8,3,3,76,19,25.8,6.4,".232",".316",".292","0.608","0.084","86","764","147","1160",".217",".311",".270",".266",".005",".004","89.9","2.3",27.6,3.6,44.9,"101.851865918","95.242715795",61.4,21.2,52.4,47.6,78.8,31.2,45,"28.3"
"Alcántara, Sergio",642727,2021,24,220,255,45,31,6,3,5,74,30,29,11.8,".205",".327",".303","0.630","0.122","72","656","123","1069",".210",".304",".279",".279",".023",".000","87.5","10.5",32.9,3.4,33.6,"96.804458514","92.614091497",65.6,23.2,54,46,76.8,30,42.5,"27.3"
"Benintendi, Andrew",643217,2021,26,493,538,136,90,27,2,17,97,36,18,6.7,".276",".442",".324","0.766","0.166","218","1341","204","2045",".252",".456",".328",".328","-0.014",".000","89.6","15.4",38.5,8.9,43.2,"98.80441545","93.810618421",73.9,18.8,32.2,67.8,81.2,22.5,52.5,"27.6"
"Cooper, Garrett",643265,2021,30,215,250,61,41,10,1,9,68,30,27.2,12,".284",".465",".380","0.845","0.181","100","625","100","1001",".263",".460",".367",".361",".005",".006","91.1","8.2",36.5,10.8,52.7,"103.574053108","96.420640135",65.2,20.1,42.5,57.5,79.9,27.2,45.9,"26.2"
"Dubón, Mauricio",643289,2021,26,175,187,42,28,9,0,5,41,9,21.9,4.8,".240",".377",".278","0.655","0.137","66","463","67","675",".225",".366",".278",".273",".011",".005","86.1","14.9",30.1,4.4,30.1,"96.656903182","92.334706591",70,16.3,36.4,63.6,83.7,23.1,52,"27.9"
"Jansen, Danny",643376,2021,26,184,205,41,17,13,0,11,44,17,21.5,8.3,".223",".473",".299","0.772","0.250","87","506","90","805",".236",".463",".329",".333",".010","-0.004","90","20.5",34.8,8.6,44.7,"100.434504348","94.821972609",74.9,22.1,36.5,64.6,77.9,25.6,49.1,"27.7"
"Kemp, Tony",643393,2021,29,330,397,92,65,16,3,8,51,52,12.8,13.1,".279",".418",".382","0.800","0.139","138","919","79","1511",".249",".356",".351",".324",".062",".027","86.7","18.4",38.9,1,21.9,"94.470356522","91.31408413",63,12.2,27,73,87.8,15.9,42,"26.8"
"Kiner-Falefa, Isiah",643396,2021,26,635,677,172,136,25,3,8,90,28,13.3,4.1,".271",".357",".312","0.669","0.086","227","1597","127","2396",".265",".351",".293",".292",".006",".001","85.5","5.4",31.6,1.8,28.8,"96.328326447","92.167027033",62.6,6.9,29.8,70.2,93.1,14.5,46.5,"28.0"
"McNeil, Jeff",643446,2021,29,386,426,97,70,19,1,7,58,29,13.6,6.8,".251",".360",".319","0.679","0.109","139","987","125","1514",".254",".391",".301",".316","-0.031","-0.015","88.1","12",30.4,4.3,33.4,"97.717491472","93.070663221",83.7,12.4,36.2,63.8,87.6,18.2,56.1,"27.0"
"Schwindel, Frank",643524,2021,29,242,259,79,44,20,1,14,41,16,15.8,6.2,".326",".591",".371","0.962","0.265","143","610","94","918",".268",".464",".403",".333",".127",".070","86.9","12.6",32.8,8,39.8,"100.1826606","94.153569497",71.9,12.9,42,58,87.1,23.2,52.1,"26.2"
"Tauchman, Mike",643565,2021,30,166,191,30,21,5,0,4,58,23,30.4,12,".181",".283",".284","0.567","0.102","47","522","120","870",".187",".302",".260",".271","-0.019","-0.011","87.5","10",36.7,5.6,35.8,"98.020633889","93.165488505",71.8,28.8,58.1,41.9,71.2,34.4,44.8,"27.2"
"Chang, Yu",644374,2021,25,237,251,54,28,14,3,9,69,11,27.5,4.4,".228",".426",".267","0.693","0.198","101","626","118","965",".229",".379",".294",".281",".047",".013","87.1","19.1",37.9,7.1,33.7,"98.78260881","93.420081726",72.1,15.5,54.3,45.7,84.5,26.8,49.8,"28.3"
"Albies, Ozzie",645277,2021,24,629,686,163,86,40,7,30,128,47,18.7,6.9,".259",".488",".310","0.798","0.229","307","1710","319","2608",".250",".461",".336",".327",".027",".009","89.6","21.1",37,9.3,37.2,"98.68556664","93.56121501",82.5,20,35.3,64.7,80,24.9,56.8,"28.4"
"Robles, Victor",645302,2021,24,314,368,64,40,21,1,2,84,33,22.8,9,".204",".296",".310","0.606","0.092","93","889","153","1403",".214",".321",".275",".290","-0.025","-0.015","84.1","19.9",31.9,2.6,27.2,"96.924650463","92.463055",69.3,17.7,46.2,53.8,82.3,25.6,47.7,"28.3"
"Devers, Rafael",646240,2021,24,591,664,165,89,37,1,38,143,62,21.5,9.3,".279",".538",".352","0.890","0.259","318","1612","328","2502",".285",".565",".373",".391","-0.027","-0.018","92.9","13.1",35.2,15.1,51.8,"104.101831156","96.761008486",77.7,22.8,38,62,77.2,27.7,53.6,"27.1"
"Naylor, Josh",647304,2021,24,233,250,59,39,13,0,7,45,14,18,5.6,".253",".399",".301","0.700","0.146","93","590","77","874",".244",".414",".302",".304","-0.015","-0.002","89.8","9",31.4,7.4,42.6,"101.336485851","94.959186489",70.7,13.5,36.3,63.7,86.5,21.3,52.7,"26.4"
"Toro, Abraham",647351,2021,24,335,375,80,57,12,0,11,54,31,14.4,8.3,".239",".373",".315","0.688","0.134","125","984","104","1502",".244",".420",".303",".324","-0.047","-0.021","86.8","13.7",29.7,7.5,33.9,"97.863176028","93.019502989",66.5,13.1,27.4,72.6,86.9,17.6,47.9,"28.1"
"Díaz, Aledmys",649557,2021,30,294,319,76,49,19,0,8,62,16,19.4,5,".259",".405",".317","0.722","0.146","119","790","127","1140",".262",".415",".311",".318","-0.010","-0.007","88.7","13.6",34.1,6.5,44.8,"100.732657328","94.707685647",72.1,13,42.6,57.4,87,22.5,53.4,"27.1"
"Urías, Luis",649966,2021,24,490,570,122,73,25,1,23,116,63,20.4,11.1,".249",".445",".345","0.790","0.196","218","1441","200","2278",".233",".423",".340",".330",".022",".010","87.9","14.2",34.9,9.3,40.5,"99.110538783","93.797357825",68,17.8,35.8,64.2,82.2,22.8,46.3,"26.5"
"Arraez, Luis",650333,2021,24,428,479,126,101,17,6,2,48,43,10,9,".294",".376",".357","0.733","0.082","161","1240","80","1975",".293",".419",".321",".340","-0.043","-0.019","88.4","9.9",41.5,2.3,30.6,"96.178421451","92.305646935",64,7,21.5,78.5,93,10.8,43.5,"26.8"
"Jiménez, Eloy",650391,2021,24,213,231,53,33,10,0,10,57,16,24.7,6.9,".249",".437",".303","0.740","0.188","93","510","124","793",".243",".442",".317",".323","-0.005","-0.006","90.5","8.4",29.9,11.1,45.8,"101.804865195","95.260156405",74.7,22.4,52.9,47.1,77.6,33.8,52.6,"27.5"
"Torres, Gleyber",650402,2021,24,459,516,119,88,22,0,9,104,50,20.2,9.7,".259",".366",".331","0.697","0.107","168","1288","225","2078",".259",".425",".307",".330","-0.059","-0.023","87.1","14.2",37.1,7.8,35.7,"98.748265196","93.463817961",71,20.8,43.2,56.8,79.2,26.3,46.7,"27.0"
"Castro, Willi",650489,2021,24,413,450,91,61,15,6,9,109,23,24.2,5.1,".220",".351",".273","0.624","0.131","145","1124","227","1632",".236",".358",".271",".285","-0.007","-0.014","85.6","11.4",35.2,5.2,29.4,"98.135850329","93.089373663",74.7,18.1,48.2,51.8,81.9,29.3,56.6,"28.7"
"Díaz, Yandy",650490,2021,29,465,541,119,85,20,1,13,85,69,15.7,12.8,".256",".387",".353","0.740","0.131","180","1212","148","2031",".251",".401",".325",".333","-0.014","-0.008","89.9","6.6",28.9,7,40.6,"101.639064531","95.019968229",67.1,13.8,38.1,61.9,86.2,19.3,42.6,"26.6"
"De La Cruz, Bryan",650559,2021,24,199,219,59,45,7,2,5,53,18,24.2,8.2,".296",".427",".356","0.783","0.131","85","565","91","871",".250",".372",".339",".303",".055",".036","88.4","11.1",35.4,5.4,42.2,"99.438884865","93.895452993",71.8,12.3,49.7,50.3,87.7,25.2,50.1,"28.1"
"Rengifo, Luis",650859,2021,24,174,190,35,28,1,0,6,38,9,20,4.7,".201",".310",".246","0.556","0.109","54","483","88","741",".237",".401",".244",".296","-0.091","-0.052","85.8","11.7",29.8,6.4,27,"96.950482794","92.5116825",70.5,21.4,37.9,62.1,78.6,26.9,50.2,"28.1"
"Bradley, Bobby",656252,2021,25,245,279,51,25,10,0,16,99,25,35.5,9,".208",".445",".294","0.739","0.237","109","690","183","1089",".221",".471",".314",".332","-0.026","-0.018","89","12",37.6,16.8,40.9,"101.4954344","94.956755839",69,30.8,60.5,39.5,69.2,40.3,47.8,"27.0"
"Chapman, Matt",656305,2021,28,529,622,111,66,15,3,27,202,80,32.5,12.9,".210",".403",".314","0.717","0.193","213","1648","347","2675",".204",".421",".311",".318","-0.018","-0.007","89.7","18.6",32.1,13.7,41.7,"101.114826012","94.75382",66.5,27.6,47.6,52.4,72.4,32.7,44.6,"28.1"
"Díaz, Isan",656371,2021,25,238,278,46,33,9,0,4,73,34,26.3,12.2,".193",".282",".293","0.575","0.089","67","658","135","1070",".202",".311",".252",".273","-0.029","-0.021","88.7","9.6",27.6,4.1,36.5,"99.047439048","93.623123393",61.5,20.7,57.2,42.8,79.3,32.1,43.7,"25.9"
"Hill, Derek",656537,2021,25,139,150,36,27,3,3,3,42,10,28,6.7,".259",".388",".313","0.701","0.129","54","348","68","529",".242",".349",".305",".287",".039",".018","86.9","9.2",40.2,5.2,29.9,"97.759903111","92.985047303",70.8,18,51.9,48.1,82,27.7,51.2,"30.4"
"Hilliard, Sam",656541,2021,27,214,238,46,23,7,2,14,87,23,36.6,9.7,".215",".463",".294","0.757","0.248","99","625","184","995",".210",".437",".318",".311",".026",".007","89.8","12",32.3,15,38.6,"101.761216508","95.169902778",68.4,34.7,57.6,42.4,65.3,41.5,47.2,"28.9"
"Hoskins, Rhys",656555,2021,28,389,443,96,40,29,0,27,108,47,24.4,10.6,".247",".530",".334","0.864","0.283","206","1167","192","1886",".242",".569",".364",".377","-0.039","-0.013","91.2","21.7",36.7,17,46.3,"101.79413669","95.329740106",64,19.1,44.3,55.7,80.9,26.4,44.4,"26.4"
"Jackson, Alex",656577,2021,25,131,151,18,11,4,0,3,73,13,48.3,8.6,".137",".237",".252","0.489","0.100","31","409","150","613",".129",".235",".227",".224",".002",".003","89.6","20.7",32.8,6.9,41.4,"102.119440345","95.318310345",71.3,42.7,67.3,32.7,57.3,51.1,52.4,"26.9"
"Joe, Connor",656582,2021,28,179,211,51,34,9,0,8,41,26,19.4,12.3,".285",".469",".379","0.848","0.184","84","486","70","818",".276",".465",".366",".369",".004","-0.003","88.2","14.6",39.7,9.9,39,"99.739888451","93.940764681",68.7,16.2,48.7,51.3,83.8,23.5,41.7,"26.9"
"Luplow, Jordan",656669,2021,27,163,193,33,14,8,0,11,57,28,29.5,14.5,".202",".454",".326","0.780","0.252","74","515","103","869",".182",".393",".337",".311",".061",".026","86.8","23.1",28.3,10.4,32.1,"98.332540943","93.22431581",71.1,26.7,43.8,56.3,73.3,31,43.4,"27.5"
"McKinstry, Zach",656716,2021,26,158,172,34,18,9,0,7,50,10,29.1,5.8,".215",".405",".263","0.668","0.190","64","478","72","709",".208",".378",".282",".274",".027",".008","88.4","13.7",36,8.1,35.1,"97.945296","93.116816972",61.5,15.2,47.3,52.7,84.8,26,46.1,"28.0"
"Mullins, Cedric",656775,2021,26,602,675,175,103,37,5,30,125,59,18.5,8.7,".291",".518",".360","0.878","0.227","312","1645","194","2588",".263",".439",".372",".338",".079",".034","89.4","14.8",35.7,8.1,39.4,"99.369452076","93.977727373",64.8,15.2,33.8,66.2,84.8,20.8,46.3,"28.5"
"O'Hearn, Ryan",656811,2021,27,236,254,53,38,5,1,9,71,13,28,5.1,".225",".369",".268","0.637","0.144","87","630","117","978",".230",".398",".274",".293","-0.029","-0.019","90.8","14.3",33.3,8.4,45.2,"101.514606548","95.165597186",74.2,19.6,50,50,80.4,29.2,51.1,"27.8"
"Peters, DJ",656847,2021,25,223,240,44,21,9,1,13,82,12,34.2,5,".197",".422",".242","0.664","0.225","94","615","164","902",".196",".387",".272",".275",".035","-0.003","87.5","16.4",30.6,11.3,38.9,"101.229175352","94.728454085",79.4,32,47.5,52.5,68,36.9,56.8,"28.9"
"Schwarber, Kyle",656941,2021,28,399,471,106,55,19,0,32,127,64,27,13.6,".266",".554",".374","0.928","0.288","221","1166","208","1986",".258",".565",".392",".397","-0.011","-0.005","92.3","15.4",36.9,17.6,52.2,"103.877508029","96.636824762",64.5,22.8,44.3,55.7,77.2,28.6,41.4,"26.8"
"Smith, Pavin",656976,2021,25,498,545,133,91,27,4,11,106,42,19.4,7.7,".267",".404",".328","0.732","0.137","201","1319","133","2076",".251",".404",".318",".315",".000",".003","87.2","9",33.6,5.1,42.7,"100.06822449","94.188626913",59.6,9.3,38.3,61.7,90.7,17.3,42.1,"26.5"
"Thomas, Lane",657041,2021,25,226,264,53,29,15,2,7,63,37,23.9,14,".235",".412",".341","0.753","0.177","93","691","82","1115",".230",".385",".328",".322",".027",".006","91","12.3",31.7,7.4,45.7,"100.617516173","94.834024691",59.2,14.8,39.1,60.9,85.2,21.1,40,"29.0"
"Verdugo, Alex",657077,2021,25,544,604,157,110,32,2,13,96,51,15.9,8.4,".289",".426",".351","0.777","0.137","232","1499","162","2346",".280",".449",".334",".342","-0.023","-0.008","90","7.7",34.9,7.3,43.3,"100.363833673","94.50134427",62.4,11.3,33.4,66.6,88.7,17.7,44.7,"27.0"
"DeJong, Paul",657557,2021,27,356,402,70,40,10,1,19,103,35,25.6,8.7,".197",".390",".284","0.674","0.193","139","1001","200","1578",".206",".415",".293",".311","-0.025","-0.018","86.3","16.4",33.3,10.6,35.3,"98.561855703","93.314646549",74.9,18.7,50.7,49.3,81.3,27.9,50,"27.5"
"Laureano, Ramón",657656,2021,26,341,378,84,47,21,2,14,98,27,25.9,7.1,".246",".443",".317","0.760","0.197","151","990","172","1501",".240",".458",".327",".333","-0.015","-0.006","87.9","11.9",37.7,10.7,40.2,"100.500252231","94.372962107",67.1,16.8,48.9,51.1,83.2,27,48.4,"27.6"
"Sheets, Gavin",657757,2021,25,160,179,40,21,8,0,11,40,16,22.3,8.9,".250",".506",".324","0.830","0.256","81","520","65","809",".241",".444",".352",".334",".062",".018","90.4","11.7",30.6,9.9,44.6,"100.896204426","94.733065289",64.3,11.6,38.4,61.6,88.4,20.6,46.2,"26.7"
"Fuentes, Joshua",658069,2021,28,271,284,61,42,11,1,7,65,12,22.9,4.2,".225",".351",".257","0.608","0.126","95","718","138","1018",".203",".288",".261",".233",".063",".028","85.2","18.3",28,2.4,27.5,"95.76821125","91.906407923",79,19.3,41.2,58.8,80.7,27.2,59.3,"27.6"
"Moncada, Yoán",660162,2021,26,520,616,137,89,33,1,14,157,84,25.5,13.6,".263",".412",".375","0.787","0.149","214","1566","273","2596",".256",".429",".347",".352","-0.017","-0.005","90.1","11.3",40,8.3,41.2,"100.949227444","94.870101083",63.5,18.9,50.2,49.8,81.1,28.1,42.6,"27.8"
"Ohtani, Shohei",660271,2021,26,537,639,138,58,26,8,46,189,96,29.6,15,".257",".592",".372","0.964","0.335","318","1562","370","2594",".262",".622",".393",".410","-0.030","-0.017","93.6","16.6",35.4,22.4,53.6,"105.900177151","97.802022297",69.8,26.9,51.5,48.5,73.1,35.1,45.8,"28.8"
"Tsutsugo, Yoshi",660294,2021,29,230,262,50,29,12,1,8,72,29,27.5,11.1,".217",".383",".307","0.690","0.166","88","672","119","1072",".189",".346",".302",".280",".037",".022","89.6","17.1",28.7,6.9,38.1,"98.980018375","93.599029623",66.9,21.4,41.8,58.2,78.6,27.3,45.4,"26.2"
"Hernández, Yonny",660634,2021,23,143,166,31,26,5,0,0,32,17,19.3,10.2,".217",".252",".315","0.567","0.035","36","426","31","681",".251",".296",".265",".298","-0.044","-0.033","83.1","4.1",39.8,0.9,15.9,"93.088499259","90.615734722",56.4,9.5,30.4,69.6,90.5,15.1,38,"26.9"
"Acuña Jr., Ronald",660670,2021,23,297,360,84,40,19,1,24,85,49,23.6,13.6,".283",".596",".394","0.990","0.313","177","835","150","1449",".290",".610",".412",".430","-0.014","-0.018","93.8","18.2",39.6,20.4,54.8,"105.900401111","97.833230741",67,22.5,42.4,57.6,77.5,27.6,42.8,"29.4"
"Sánchez, Jesús",660821,2021,23,227,251,57,33,8,2,14,78,20,31.1,8,".251",".489",".319","0.808","0.238","111","638","127","989",".237",".473",".339",".331",".016",".008","90.2","8.7",38,12.7,42.7,"102.065094933","95.253609267",71.2,19.3,48.5,51.5,80.7,29.2,50.2,"27.9"
"Park, Hoy",660829,2021,25,128,150,25,15,5,2,3,38,18,25.3,12,".195",".336",".297","0.633","0.141","43","391","57","651",".214",".341",".279",".292","-0.005","-0.013","85.9","15.8",29.3,6.5,25,"96.297295435","92.211861648",60.5,19.8,49,51,80.2,25.4,39.3,"28.1"
"Contreras, William",661388,2021,23,163,185,35,22,4,1,8,54,19,29.2,10.3,".215",".399",".303","0.702","0.184","65","455","111","708",".223",".417",".303",".317","-0.018","-0.014","92.5","8.2",28.2,11,44.5,"102.744455741","95.887823981",73.4,27.2,55,45,72.8,36.4,51.3,"26.9"
"Varsho, Daulton",662139,2021,24,284,315,70,40,17,2,11,67,30,21.3,9.5,".246",".437",".318","0.755","0.191","124","799","131","1220",".245",".436",".322",".324",".001","-0.002","87.7","18",31.7,7.3,39.9,"99.81795981","94.023502143",72.2,18.1,40.1,59.9,81.9,24.7,51.5,"28.4"
"Hoerner, Nico",663538,2021,24,149,170,45,35,10,0,0,25,17,14.7,10,".302",".369",".382","0.751","0.067","55","418","50","650",".278",".364",".330",".322",".005",".008","87","7.7",31.2,1.6,34.4,"98.079051129","93.101217984",69.5,11.7,32.4,67.6,88.3,18.8,48.2,"28.8"
"Riley, Austin",663586,2021,24,590,662,179,112,33,1,33,168,52,25.4,7.9,".303",".531",".367","0.898","0.228","313","1660","329","2595",".275",".514",".379",".365",".017",".014","90.1","14.2",36.5,13.3,45.6,"102.871134252","95.650249087",72.2,21,42.8,57.2,79,28.3,50.2,"27.8"
"Madrigal, Nick",663611,2021,24,200,215,61,45,10,4,2,17,11,7.9,5.1,".305",".425",".349","0.774","0.120","85","539","24","809",".262",".326",".335",".289",".099",".046","85.5","1.7",27.7,1.1,23.4,"95.013567143","91.522681099",63.5,1.6,23.1,76.9,98.4,8.4,45.5,"28.0"
"Larnach, Trevor",663616,2021,24,260,301,58,39,12,0,7,104,31,34.6,10.3,".223",".350",".322","0.672","0.127","91","750","184","1211",".207",".384",".300",".308","-0.034","-0.008","90","13.1",34.8,9.5,41.1,"102.03220038","95.168202975",64.3,27,67.5,32.5,73,39,43.8,"26.5"
"Mountcastle, Ryan",663624,2021,24,534,586,136,79,23,1,33,161,41,27.5,7,".255",".487",".309","0.796","0.232","260","1541","351","2295",".241",".457",".335",".325",".030",".010","89.1","16.3",38.9,11.8,39.7,"100.499725842","94.394270947",76.1,22.7,46.1,53.9,77.3,31.6,55.1,"28.0"
"McKenna, Ryan",663630,2021,24,169,197,31,22,6,1,2,74,24,37.6,12.2,".183",".266",".292","0.558","0.083","45","514","113","836",".198",".311",".259",".281","-0.045","-0.022","86.5","11.6",40.2,7.2,34,"98.504334583","93.494540947",67.8,29.4,52.5,47.5,70.6,34.4,44.1,"29.1"
"Hayes, Ke'Bryan",663647,2021,24,362,396,93,65,20,2,6,87,31,22,7.8,".257",".373",".316","0.689","0.116","135","971","117","1532",".238",".360",".301",".292",".013",".009","90.2","2.6",27.4,5.1,45.8,"101.38046971","95.083472",62.8,11.5,40.8,59.2,88.5,20.6,43.5,"27.8"
"Tucker, Kyle",663656,2021,24,506,567,149,79,37,3,30,90,53,15.9,9.3,".294",".557",".359","0.916","0.263","282","1370","199","2180",".296",".577",".383",".394","-0.020","-0.011","91.4","17.6",42,11.6,47.5,"100.838759238","95.0535942",81.1,14.4,37.2,62.8,85.6,20.3,52.5,"27.4"
"India, Jonathan",663697,2021,24,532,631,143,86,34,2,21,141,71,22.3,11.3,".269",".459",".376","0.835","0.190","244","1595","220","2643",".250",".441",".363",".352",".018",".011","87.6","13.1",33.6,9.6,38.6,"99.492120758","93.903783494",56.9,17.3,44.6,55.4,82.7,25.1,39,"28.5"
"Grisham, Trent",663757,2021,24,462,527,112,66,28,3,15,119,54,22.6,10.2,".242",".413",".327","0.740","0.171","191","1295","166","2168",".232",".365",".320",".305",".048",".015","88.8","12.3",31,5.2,36.8,"99.288052118","93.873059115",63.7,16.5,41.8,58.2,83.5,21.7,40.5,"28.8"
"Stephenson, Tyler",663886,2021,24,350,402,100,69,21,0,10,75,41,18.7,10.2,".286",".431",".366","0.797","0.145","151","946","102","1577",".255",".397",".346",".325",".034",".021","88.4","7.4",36.1,5.4,38.2,"98.493700286","93.431145484",61.2,11.4,40.4,59.6,88.6,19.2,40.4,"26.8"
"Rodgers, Brendan",663898,2021,24,387,415,110,71,21,3,15,84,19,20.2,4.6,".284",".470",".328","0.798","0.186","182","1008","154","1513",".249",".414",".341",".310",".056",".031","88.8","6.3",30.5,6.3,40.3,"100.401677303","94.342929835",74.6,16.8,38.6,61.4,83.2,23,52.5,"26.8"
"Lowe, Nathaniel",663993,2021,25,557,642,147,102,24,3,18,162,80,25.2,12.5,".264",".415",".357","0.772","0.151","231","1653","242","2691",".231",".403",".337",".323",".012",".014","90.8","5",31.4,9.5,45.5,"101.920030352","95.281020854",66.4,18.2,39,61,81.8,23.5,44.7,"27.3"
"Happ, Ian",664023,2021,26,465,535,105,59,20,1,25,156,62,29.2,11.6,".226",".434",".323","0.757","0.208","202","1369","277","2250",".217",".404",".328",".319",".030",".009","89.5","9.9",30.8,11,41.3,"100.682785163","94.566082557",65.7,24.4,53.6,46.4,75.6,32.3,43.9,"27.7"
"France, Ty",664034,2021,26,571,650,166,115,32,1,18,106,46,16.3,7.1,".291",".445",".368","0.813","0.154","254","1540","190","2394",".265",".436",".353",".346",".009",".007","88.5","11",35.9,6.8,38.9,"99.630842766","93.91855583",72.1,10.5,38.3,61.7,89.5,19.1,50.3,"25.3"
"Lowe, Brandon",664040,2021,26,535,615,132,62,31,0,39,167,68,27.2,11.1,".247",".523",".340","0.863","0.276","280","1481","352","2339",".241",".498",".363",".355",".025",".008","89.3","16.9",37.2,14,43.1,"100.943196413","94.724953913",78.3,25.2,50.1,49.9,74.8,32.8,52.5,"27.6"
"Bader, Harrison",664056,2021,27,367,401,98,60,21,1,16,85,27,21.2,6.7,".267",".460",".324","0.784","0.193","169","1048","158","1586",".224",".394",".331",".291",".066",".040","86.2","13.3",27.1,7,31.7,"98.203918169","93.140672887",64.9,14.8,44.3,55.7,85.2,24.7,47.5,"29.4"
"Stevenson, Andrew",664057,2021,27,194,215,44,33,6,0,5,63,13,29.3,6,".227",".335",".291","0.626","0.108","65","507","80","777",".234",".368",".274",".295","-0.033","-0.021","89.6","8.4",28.4,6,44.8,"101.036386875","94.811575234",69,14.7,62.2,37.8,85.3,28.5,49.3,"29.3"
"Fletcher, David",664058,2021,27,626,665,164,132,27,3,2,60,31,9,4.7,".262",".324",".297","0.621","0.062","203","1510","83","2218",".273",".323",".273",".283",".001","-0.010","82.3","8.4",30.4,0,15.7,"92.699582975","90.523997527",61.1,5.6,19.2,80.8,94.4,9.5,46.5,"27.6"
"Moore, Dylan",664238,2021,28,332,377,60,35,11,2,12,111,40,29.4,10.6,".181",".334",".276","0.610","0.153","111","1003","153","1608",".200",".351",".271",".288","-0.017","-0.017","86.5","20.4",33.3,8.6,33.3,"98.057805046","93.030969495",61,20.2,43.6,56.4,79.8,26.1,41.3,"28.4"
"Straw, Myles",664702,2021,26,564,638,153,119,29,1,4,121,67,19,10.5,".271",".348",".349","0.697","0.077","196","1642","117","2653",".256",".336",".311",".305",".012",".006","87.1","11.9",42.4,1.4,26.2,"95.745180045","91.903120433",59.6,9.9,27.1,72.9,90.1,13.6,40.4,"29.3"
"Bohm, Alec",664761,2021,24,380,417,94,72,15,0,7,111,31,26.6,7.4,".247",".342",".305","0.647","0.095","130","1066","188","1673",".256",".395",".285",".312","-0.053","-0.027","92","5.6",33.3,6.6,49.5,"101.960323162","95.478773173",73.2,23.4,35.1,64.9,76.6,26.7,48.9,"27.7"
"Wade Jr., LaMonte",664774,2021,27,336,381,85,47,17,3,18,89,33,23.4,8.7,".253",".482",".326","0.808","0.229","162","980","122","1565",".249",".475",".343",".344",".007","-0.001","90.1","19.8",37.8,10.6,41.7,"99.91660256","94.305052008",69.8,11.6,45.3,54.7,88.4,20,46.1,"26.5"
"Mendick, Danny",664901,2021,27,164,186,36,29,5,0,2,42,18,22.6,9.7,".220",".287",".303","0.590","0.067","47","477","62","762",".203",".281",".268",".263",".006",".005","84.1","13.7",29,1.6,28.5,"96.315122373","92.239453305",60.3,19.1,36.6,63.4,80.9,24.5,42.9,"26.6"
"Brown, Seth",664913,2021,28,281,307,60,26,13,1,20,89,23,29,7.5,".214",".480",".274","0.754","0.266","135","747","154","1218",".219",".459",".315",".315",".021",".000","88.9","20.9",33.5,13.9,40.2,"100.576939794","94.384315773",66.3,20.7,57.9,42.1,79.3,32.4,44.9,"28.1"
"Walsh, Jared",665120,2021,27,530,585,147,83,34,1,29,152,48,26,8.2,".277",".509",".340","0.849","0.232","270","1460","247","2256",".250",".438",".357",".326",".071",".031","89.6","7.8",33.6,11.4,41.3,"101.717289841","94.980015517",68.7,19.7,38.9,61.1,80.3,26.1,49.3,"27.0"
"Tatis Jr., Fernando",665487,2021,22,478,546,135,62,31,0,42,153,62,28,11.4,".282",".611",".364","0.975","0.329","292","1320","352","2141",".274",".620",".403",".407","-0.009","-0.004","93.9","13.8",33.1,21.3,55.6,"105.698422927","97.793088537",80.1,24.1,57.7,42.3,75.9,34.8,51.5,"29.2"
"Guerrero Jr., Vladimir",665489,2021,22,604,698,188,110,29,1,48,110,86,15.8,12.3,".311",".601",".401","1.002","0.290","363","1504","296","2509",".306",".607",".419",".422","-0.006","-0.003","95.1","9.4",33.7,15.2,55.2,"106.811861538","98.446351968",73.8,18.2,52.6,47.4,81.8,27.8,47.3,"27.0"
"Soto, Juan",665742,2021,22,502,654,157,106,20,2,29,93,145,14.2,22.2,".313",".534",".465","0.999","0.221","268","1430","160","2601",".299",".547",".420",".429","-0.013","-0.009","93","5.8",29.7,13.3,52.7,"104.58028599","97.062348402",60.1,14.8,43.4,56.6,85.2,20,35,"27.0"
"Taveras, Leody",665750,2021,22,174,185,28,17,6,2,3,60,9,32.4,4.9,".161",".270",".207","0.477","0.109","47","463","80","709",".201",".305",".209",".245","-0.035","-0.036","87.2","7",28.7,6.1,35.7,"99.013746","93.699124455",70.1,21.9,40,60,78.1,26.6,48.8,"29.7"
"Chisholm Jr., Jazz",665862,2021,23,464,507,115,73,20,4,18,145,34,28.6,6.7,".248",".425",".303","0.728","0.177","197","1343","242","2040",".234",".414",".312",".307",".011",".005","90.2","9",29,9,42,"100.832046938","94.723985799",65.1,22.6,43.9,56.1,77.4,29.9,47.2,"29.1"
"Giménez, Andrés",665926,2021,22,188,210,41,26,10,0,5,54,11,25.7,5.2,".218",".351",".282","0.633","0.133","66","570","128","819",".210",".329",".277",".273",".022",".004","86.3","9",23.2,3.6,30.4,"97.754171791","92.896008284",77.3,22.5,42.9,57.1,77.5,29.9,58,"29.1"
"Kirilloff, Alex",666135,2021,23,215,231,54,34,11,1,8,52,14,22.5,6.1,".251",".423",".299","0.722","0.172","91","569","101","835",".284",".537",".307",".364","-0.114","-0.057","91","7",39,12.8,43.9,"100.368274756","94.800398049",74.3,20.1,41.7,58.3,79.9,26.9,54.7,"27.4"
"Lux, Gavin",666158,2021,23,335,381,81,58,12,4,7,83,41,21.8,10.8,".242",".364",".328","0.692","0.122","122","907","132","1441",".252",".384",".303",".319","-0.020","-0.016","89.8","11.3",34.6,3.9,40.2,"99.896720315","94.19011626",71.2,14.5,51.6,48.4,85.5,22.9,46.6,"29.1"
"Bichette, Bo",666182,2021,23,640,690,191,131,30,1,29,137,40,19.9,5.8,".298",".484",".343","0.827","0.186","310","1778","277","2609",".281",".485",".354",".349","-0.001",".005","91.4","7.3",33.5,9.9,47.5,"102.637648103","95.817675415",79.5,14.4,37.3,62.7,85.6,22.3,57.8,"28.0"
"Carlson, Dylan",666185,2021,22,542,619,144,91,31,4,18,152,57,24.6,9.2,".266",".437",".343","0.780","0.171","237","1576","282","2530",".242",".404",".336",".320",".033",".016","88.2","15.1",40.6,7.1,31.1,"97.425225408","92.83641898",67.2,20.8,47.1,52.9,79.2,27.9,45,"27.9"
"Kieboom, Carter",666198,2021,23,217,249,45,33,6,0,6,62,25,24.9,10,".207",".318",".301","0.619","0.111","69","581","114","884",".230",".343",".275",".300","-0.025","-0.025","85.3","7.4",28.7,3.8,36.3,"97.870414684","92.966641783",69.3,18.5,55,45,81.5,29.5,49.1,"27.3"
"Trammell, Taylor",666211,2021,23,156,178,25,10,7,0,8,75,17,42.1,9.6,".160",".359",".256","0.615","0.199","56","474","143","751",".140",".273",".270",".236",".086",".034","85.9","14.9",30.1,7.2,37.3,"98.775818537","93.478729259",69.3,31.7,72.7,27.3,68.3,42.9,48.1,"27.9"
"Dalbec, Bobby",666915,2021,26,417,453,100,49,21,5,25,156,28,34.4,6.2,".240",".494",".298","0.792","0.254","206","1206","312","1836",".231",".528",".334",".344","-0.034","-0.010","92.4","17.3",36.3,20.2,48.1,"103.531018321","96.182176603",71.3,31.2,56.5,43.5,68.8,38.2,50.4,"28.2"
"García, Adolis",666969,2021,28,581,622,141,82,26,2,31,194,32,31.2,5.1,".243",".454",".286","0.740","0.211","264","1685","409","2508",".216",".420",".314",".296",".034",".018","91","14.7",29.4,11.5,45.5,"101.116772974","95.023074923",74.7,26.1,49.3,50.7,73.9,34.2,54.1,"28.4"
"Gurriel Jr., Lourdes",666971,2021,27,500,541,138,87,28,2,21,102,32,18.9,5.9,".276",".466",".319","0.785","0.190","233","1390","230","2072",".267",".469",".333",".339","-0.003","-0.006","89.7","10.5",35.8,9.7,43,"100.4470094","94.556565915",68.2,16.5,38.5,61.5,83.5,24.2,50.9,"26.7"
"Rooker, Brent",667670,2021,26,189,213,38,19,10,0,9,70,15,32.9,7,".201",".397",".291","0.688","0.196","75","519","118","814",".233",".463",".301",".339","-0.066","-0.038","91","13.1",37.8,12.6,48.7,"102.936339333","95.956213445",68.3,26.8,48.3,51.7,73.2,33.4,47.8,"27.2"
"Arozarena, Randy",668227,2021,26,529,604,145,90,32,3,20,170,56,28.1,9.3,".274",".459",".356","0.815","0.185","243","1520","321","2479",".213",".364",".350",".298",".095",".052","89.9","7.6",29.7,8.3,42.3,"101.268214833","94.942033565",66.5,25.4,49.2,50.8,74.6,32.6,44.2,"28.7"
"Baddoo, Akil",668731,2021,22,413,461,107,67,20,7,13,122,45,26.5,9.8,".259",".436",".330","0.766","0.177","180","1152","230","1880",".224",".408",".329",".310",".028",".019","86","13.8",37.4,8.8,32.3,"97.336299252","92.67365534",70.1,25.2,44.2,55.8,74.8,30.3,46.4,"28.8"
"Knizner, Andrew",668800,2021,26,161,185,28,20,7,0,1,39,20,21.1,10.8,".174",".236",".281","0.517","0.062","38","424","70","677",".199",".299",".238",".275","-0.063","-0.037","87.5","7.8",28.7,4.1,36.9,"98.657927541","93.433955492",66.6,17.4,36.4,63.6,82.6,24,46.8,"25.7"
"Reynolds, Bryan",668804,2021,26,559,646,169,102,35,8,24,119,75,18.4,11.6,".302",".522",".390","0.912","0.220","292","1523","259","2493",".288",".525",".385",".385","-0.003",".000","89.4","13.4",39.9,10.4,40.8,"100.899979412","94.776504943",75.5,15.1,48,52,84.9,23.9,48.9,"28.6"
"Rojas, Josh",668942,2021,27,484,550,128,82,32,3,11,137,58,24.9,10.5,".264",".411",".341","0.752","0.147","199","1440","197","2316",".228",".352",".327",".295",".059",".032","88.2","8.4",40.7,4.9,31.1,"97.144273046","92.673279109",62.8,18,40.6,59.4,82,23.6,42.2,"27.6"
"Marsh, Brandon",669016,2021,23,236,260,60,43,12,3,2,91,20,35,7.7,".254",".356",".317","0.673","0.102","84","684","145","1073",".261",".422",".296",".325","-0.066","-0.029","92.1","7.9",44.2,11,51.7,"101.945319861","95.955381818",65.1,22.3,59.3,40.7,77.7,33,45.5,"29.1"
"Murphy, Sean",669221,2021,26,393,448,85,45,23,0,17,114,40,25.4,8.9,".216",".405",".306","0.711","0.189","159","1096","197","1694",".236",".448",".309",".338","-0.043","-0.029","89.2","15.4",31.9,11.4,42.6,"100.661814539","94.600015196",66.5,18.4,48.4,51.6,81.6,27.8,47.6,"25.8"
"Edman, Tommy",669242,2021,26,641,691,168,113,41,3,11,95,38,13.7,5.5,".262",".387",".308","0.695","0.125","248","1717","151","2612",".272",".406",".301",".318","-0.019","-0.017","87.5","9.5",31.5,4.2,35.1,"98.07999625","93.108010092",65.7,9,29.6,70.4,91,14.9,47.4,"28.9"
"Solak, Nick",669256,2021,26,458,511,111,80,18,2,11,107,34,20.9,6.7,".242",".362",".314","0.676","0.120","166","1333","198","2054",".234",".364",".299",".300","-0.002","-0.001","86.9","7",29.3,6.5,33.5,"98.209109143","93.137323639",64.4,17.9,37.7,62.3,82.1,24.8,46,"29.0"
"Smith, Will",669257,2021,26,414,501,107,61,19,2,25,101,58,20.2,11.6,".258",".495",".365","0.860","0.237","205","1279","164","2080",".242",".474",".364",".363",".021",".001","90.1","19.4",38,10.8,43.8,"99.821996975","94.229229784",62.5,16.7,35,65,83.3,21.2,41.9,"27.7"
"Espinal, Santiago",669289,2021,26,222,246,69,53,13,1,2,30,22,12.2,8.9,".311",".405",".376","0.781","0.094","90","580","59","912",".266",".347",".344",".307",".058",".037","84.8","13.1",35.8,1.6,22.8,"95.154150313","91.602046649",67.8,9.7,31,69,90.3,15.3,47.3,"27.3"
"Hiura, Keston",669374,2021,24,173,197,29,15,9,1,4,77,14,39.1,7.1,".168",".301",".256","0.557","0.133","52","523","176","797",".173",".362",".250",".279","-0.061","-0.029","90.7","16.3",34.3,15.2,41.4,"100.735791224","94.805790619",74.2,43.4,55.1,44.9,56.6,47,52.1,"27.2"
"Hays, Austin",669720,2021,25,488,529,125,73,26,4,22,107,28,20.2,5.3,".256",".461",".308","0.769","0.205","225","1273","203","1957",".241",".435",".328",".316",".026",".012","88.8","12.5",32.2,9.1,39.2,"99.72384466","93.967000942",64.5,12.4,49.5,50.5,87.6,24.6,46.4,"27.3"
"Lopez, Nicky",670032,2021,26,497,565,149,120,21,6,2,74,49,13.1,8.7,".300",".378",".365","0.743","0.078","188","1364","118","2126",".238",".311",".329",".286",".067",".043","86.8","2.8",27.6,0.7,26.9,"95.857798365","91.988841157",65.1,9.7,32,68,90.3,15.7,45.1,"28.2"
"Short, Zack",670097,2021,26,156,184,22,12,4,0,6,59,22,32.1,12,".141",".282",".239","0.521","0.141","44","494","77","801",".150",".276",".230",".246",".006","-0.016","87.5","24.3",33,4.9,33,"97.880569423","93.049003301",65.1,22.4,45.3,54.7,77.6,27.5,41.7,"28.3"
"Rojas, Jose",670351,2021,28,168,184,35,15,14,0,6,50,15,27.2,8.2,".208",".399",".277","0.676","0.191","67","462","72","732",".213",".402",".292",".297","-0.003","-0.005","90.7","19",32.2,8.5,44.1,"100.319268448","94.687317414",65.6,16.3,50,50,83.7,26.7,46,"27.2"
"Alvarez, Yordan",670541,2021,24,536,597,149,80,35,1,33,144,50,24.1,8.4,".278",".532",".347","0.879","0.254","285","1497","191","2396",".270",".574",".370",".386","-0.042","-0.016","93.2","14.1",37.2,15.9,54.2,"104.437748426","97.123948655",62,12.4,44,56,87.6,22.7,43.1,"26.4"
"Brosseau, Mike",670712,2021,27,150,169,28,14,9,0,5,53,15,31.4,8.9,".187",".347",".266","0.613","0.160","52","465","89","734",".203",".334",".268",".278",".013","-0.010","90.1","18.2",30.3,7.1,40.4,"98.6624166","93.697790606",68.8,23.5,43.3,56.7,76.5,29.1,46.9,"27.9"
"Walls, Taylor",670764,2021,24,152,176,32,21,10,0,1,49,23,27.8,13.1,".211",".296",".314","0.610","0.085","45","453","69","745",".207",".316",".279",".285","-0.020","-0.006","88.5","12.2",38.5,2.9,33.7,"97.582195686","93.117346139",60.1,23.8,34.8,65.2,76.2,26.2,40.9,"28.6"
"García Jr., Luis",671277,2021,21,236,247,57,31,18,2,6,43,11,17.4,4.5,".242",".411",".275","0.686","0.169","97","567","95","846",".237",".369",".291",".279",".042",".012","86.8","4.1",32.1,5.2,30.6,"97.408231667","92.70434151",71.7,15.4,41.8,58.2,84.6,24.5,52.6,"27.0"
"Kelenic, Jarred",672284,2021,21,337,377,61,33,13,1,14,106,36,28.1,9.5,".181",".350",".265","0.615","0.169","118","943","164","1477",".219",".413",".270",".313","-0.063","-0.043","87.5","14.4",33.2,10,39.2,"99.215218783","93.764851609",67.8,16.2,49.1,50.9,83.8,26.9,47.6,"27.2"
"Kirk, Alejandro",672386,2021,22,165,189,40,24,8,0,8,22,19,11.6,10.1,".242",".436",".328","0.764","0.194","72","483","59","748",".274",".504",".330",".368","-0.068","-0.038","92.3","14.7",31,11,46.9,"101.67216274","95.430795655",65.5,16.2,28.1,71.9,83.8,19.3,44.9,"24.7"
"Robert Jr., Luis",673357,2021,23,275,296,93,57,22,1,13,61,14,20.6,4.7,".338",".567",".378","0.945","0.229","156","677","142","963",".302",".558",".399",".386",".009",".013","91.2","13.8",39.4,12.8,45.1,"102.65444566","95.681735166",85.1,16.8,50.8,49.2,83.2,28.2,61.5,"28.0"
"Akiyama, Shogo",673451,2021,33,162,183,33,25,8,0,0,40,14,21.9,7.7,".204",".253",".282","0.535","0.049","41","484","61","757",".233",".313",".243",".282","-0.060","-0.039","86.5","1.9",29.8,0.8,31.5,"97.177929016","92.69590959",63.9,17.1,34.6,65.4,82.9,22.7,44.3,"28.0"
"Kim, Ha-Seong",673490,2021,25,267,298,54,32,12,2,8,71,22,23.8,7.4,".202",".352",".270","0.622","0.150","94","783","94","1183",".205",".312",".270",".265",".040",".005","86.7","13.6",31.3,4.5,31.8,"97.736604444","92.873757778",61.2,17.1,35.7,64.3,82.9,21.6,44.5,"28.4"
"Meyers, Jake",676694,2021,25,146,163,38,24,8,0,6,50,10,30.7,6.1,".260",".438",".323","0.761","0.178","64","420","76","655",".241",".431",".328",".322",".007",".006","89.5","9.9",40.4,10.1,36.4,"99.153188571","93.757886495",67.5,21.6,46.2,53.8,78.4,29.2,46,"29.2"
"McCormick, Chas",676801,2021,26,285,321,73,47,12,0,14,105,25,32.7,7.8,".256",".446",".318","0.764","0.190","127","826","194","1284",".223",".436",".326",".315",".010",".011","90.3","18.6",35.8,10.2,49.2,"99.992361064","94.645085401",68,28,55.2,44.8,72,35.5,46.6,"28.7"
"Franco, Wander",677551,2021,20,281,308,81,51,18,5,7,37,24,12,7.8,".288",".463",".347","0.810","0.175","130","701","78","1101",".274",".415",".348",".331",".048",".017","88.2","9.7",33.9,4.9,37.6,"98.98682","93.588455673",71.7,12,26.5,73.5,88,16.4,49.4,"28.5"
"Jeffers, Ryan",680777,2021,24,267,293,53,28,10,1,14,108,22,36.9,7.5,".199",".401",".270","0.671","0.202","107","761","164","1198",".202",".410",".289",".296","-0.009","-0.007","89.2","14",35.8,14.5,44,"101.12803275","94.822462956",66.9,23.9,55.9,44.1,76.1,34.2,46.3,"25.8"
"Miller, Owen",680911,2021,24,191,202,39,27,8,0,4,54,9,26.7,4.5,".204",".309",".243","0.552","0.105","59","502","80","750",".220",".346",".241",".267","-0.037","-0.026","86.4","6",35.5,5.9,32.6,"97.743301471","92.934511985",64.3,17.5,41.1,58.9,82.5,26.2,48.9,"29.1"
"Vaughn, Andrew",683734,2021,23,417,469,98,61,22,0,15,101,41,21.5,8.7,".235",".396",".309","0.705","0.161","165","1155","168","1809",".239",".441",".306",".333","-0.045","-0.027","91.1","9.7",33.6,11,47.3,"101.715651","95.245244169",64.1,14.4,44.2,55.8,85.6,24.6,45.4,"26.4"
"Pujols, Albert",405395,2022,42,307,351,83,45,14,0,24,55,28,15.7,8,".270",".550",".345","0.895","0.280","169","897","114","1385",".260",".517",".380",".367",".033",".013","91.2","16.4",34.5,12,47.3,"102.064436899","95.425491822",63.4,12,35.9,64.1,88,21.3,48.2,"22.7"
"Cabrera, Miguel",408234,2022,39,397,433,101,86,10,0,5,101,28,23.3,6.5,".254",".317",".305","0.622","0.063","126","1070","200","1643",".233",".340",".275",".277","-0.023","-0.002","89.9","5",35.2,4.7,38.2,"99.360961867","93.99969786",71.2,19.5,42.2,57.8,80.5,27,50.2,"23.1"
"Molina, Yadier",425877,2022,39,262,270,56,43,8,0,5,40,5,14.8,1.9,".214",".302",".233","0.535","0.088","79","703","104","986",".232",".345",".235",".260","-0.043","-0.025","84.7","16.9",34.1,3.1,26,"95.0195225","91.560423363",75.2,18.5,28.6,71.4,81.5,22,58.6,"21.8"
"Suzuki, Kurt",435559,2022,38,139,159,25,17,4,0,4,29,15,18.2,9.4,".180",".295",".266","0.561","0.115","41","378","51","593",".194",".310",".254",".268","-0.015","-0.014","85.2","24.1",31,3.5,26.5,"95.157941429","91.58600375",68.1,12.7,42.5,57.5,87.3,21.1,48.1,"24.3"
"Cruz, Nelson",443558,2022,41,448,507,105,79,16,0,10,119,49,23.5,9.7,".234",".337",".313","0.650","0.103","151","1265","290","1992",".239",".410",".292",".322","-0.073","-0.030","90.9","7.2",28,9.4,46.1,"102.29838061","95.468978262",72.4,23.1,50.9,49.1,76.9,32,50.8,"25.5"
"Peralta, David",444482,2022,34,439,490,110,65,30,3,12,114,41,23.3,8.4,".251",".415",".316","0.731","0.164","182","1195","213","1830",".248",".418",".315",".317","-0.003","-0.002","90.3","15.1",35,8.5,44.4,"101.233296566","94.9223429",69.1,14.2,49.8,50.2,85.8,26.4,50.4,"27.5"
"Longoria, Evan",446334,2022,36,266,298,65,38,13,0,14,83,27,27.9,9.1,".244",".451",".315","0.766","0.207","120","737","139","1187",".233",".461",".330",".330","-0.010",".000","91.1","18.2",33.3,12.4,46.8,"101.592486559","95.291511667",62.6,22.2,46.5,53.5,77.8,29.4,44.4,"25.4"
"Blackmon, Charlie",453568,2022,35,530,577,140,96,22,6,16,109,32,18.9,5.5,".264",".419",".314","0.733","0.155","222","1385","189","2085",".257",".387",".317",".304",".032",".013","86.2","12.4",36.7,4.4,30.6,"97.426435333","92.732128429",70,16.6,32.4,67.6,83.4,21.4,51.5,"27.8"
"Maldonado, Martín",455117,2022,35,344,379,64,37,12,0,15,116,22,30.6,5.8,".186",".352",".248","0.600","0.166","121","990","221","1504",".180",".340",".264",".257",".012",".007","88.4","14.7",31.6,8.2,40.2,"98.987733509","93.59831443",69.1,20.3,58.8,41.2,79.7,32.2,49.9,"22.6"
"Chirinos, Robinson",455139,2022,38,195,220,35,22,9,0,4,67,19,30.5,8.6,".179",".287",".265","0.552","0.108","56","549","132","853",".165",".291",".251",".246","-0.004",".005","84.8","17.6",30.8,6.9,33.1,"97.472003281","92.774084488",72,21.9,56.7,43.3,78.1,33.3,50.3,"23.7"
"Cain, Lorenzo",456715,2022,36,145,156,26,20,5,0,1,36,8,23.1,5.1,".179",".234",".231","0.465","0.055","34","418","74","623",".201",".260",".212",".234","-0.026","-0.022","87.9","3.8",21.8,0,36.4,"99.010785455","93.632816636",73.7,17.4,45,55,82.6,25.8,53,"28.3"
"Solano, Donovan",456781,2022,34,278,304,79,59,16,0,4,61,19,20.1,6.3,".284",".385",".339","0.724","0.101","107","816","102","1189",".264",".408",".319",".318","-0.023",".001","88.3","10.7",36.1,6,41.2,"98.956029815","93.601690602",66.5,12,40.5,59.5,88,20.9,49.5,"25.9"
"McCutchen, Andrew",457705,2022,35,515,580,122,80,25,0,17,124,57,21.4,9.8,".237",".384",".316","0.700","0.147","198","1449","235","2364",".246",".418",".309",".325","-0.034","-0.016","89.1","13.2",36.2,8.6,40,"99.92693269","94.143160838",68.5,16.9,48.8,51.2,83.1,24.2,44.9,"28.9"
"Turner, Justin",457759,2022,37,468,532,130,81,36,0,13,89,50,16.7,9.4,".278",".438",".350","0.788","0.160","205","1349","182","2144",".266",".447",".343",".345","-0.009","-0.002","89.5","18.4",40.6,8,40.6,"99.002545648","93.736858523",70.4,15.9,31.4,68.6,84.1,20.3,48.2,"25.0"
"Votto, Joey",458015,2022,38,322,376,66,36,18,1,11,97,44,25.8,11.7,".205",".370",".319","0.689","0.165","119","912","181","1505",".217",".411",".310",".327","-0.041","-0.017","89.7","14.2",32.9,11.2,41.3,"100.424827857","94.43276435",70.8,23.1,49.1,50.9,76.9,29.6,46.5,"25.3"
"Andrus, Elvis",462101,2022,33,535,577,133,84,32,0,17,92,39,15.9,6.8,".249",".404",".303","0.707","0.155","216","1443","194","2252",".245",".370",".310",".296",".034",".014","87.9","11.9",29.1,4.5,34.8,"98.336003699","93.236647643",62.4,14.3,36,64,85.7,21.4,45.6,"26.1"
"Santana, Carlos",467793,2022,36,431,506,87,50,18,0,19,88,71,17.4,14,".202",".376",".316","0.692","0.174","162","1247","168","2066",".252",".456",".308",".356","-0.080","-0.048","90.7","15.4",31.6,9.3,44.9,"100.993708488","94.851060233",63.9,16.9,34.1,65.9,83.1,21.3,42.6,"25.7"
"Belt, Brandon",474832,2022,34,254,298,54,36,9,1,8,81,37,27.2,12.4,".213",".350",".326","0.676","0.137","89","718","158","1194",".212",".427",".303",".328","-0.077","-0.025","88.4","23.4",38.5,12.6,38.5,"99.264489048","93.872087679",75.5,24.3,58.2,41.8,75.7,32.4,47.1,"24.4"
"Lowrie, Jed",476704,2022,38,167,184,30,22,5,0,3,39,15,21.2,8.2,".180",".263",".245","0.508","0.083","44","436","69","727",".195",".291",".230",".250","-0.028","-0.020","86.2","16.3",26.9,3.1,30.8,"96.195900923","92.129717519",72.9,19.2,43.8,56.2,80.8,25.6,47.3,"25.1"
"Brantley, Michael",488726,2022,35,243,277,70,50,14,1,5,30,31,10.8,11.2,".288",".416",".370","0.786","0.128","101","616","44","1006",".304",".477",".345",".374","-0.061","-0.029","89.8","10.7",39.5,6.1,45.1,"99.739801321","94.323002844",62.3,8.9,22.6,77.4,91.1,12.7,41.5,"25.4"
"Gurriel, Yuli",493329,2022,38,545,584,132,84,40,0,8,73,30,12.5,5.1,".242",".360",".288","0.648","0.118","196","1425","121","2116",".239",".329",".285",".275",".031",".010","88.2","14.6",30.3,1.9,35.6,"98.291200127","93.270425297",63.1,8.2,24.5,75.5,91.8,14.3,48.5,"26.9"
"Rojas, Miguel",500743,2022,33,471,507,111,84,19,2,6,61,26,12,5.1,".236",".323",".283","0.606","0.087","152","1195","123","1816",".259",".354",".268",".292","-0.031","-0.024","86.1","10.1",33.1,1.9,27.1,"96.249960631","92.126001845",66.1,6.7,34.4,65.6,93.3,15.8,47.9,"26.4"
"Escobar, Eduardo",500871,2022,33,495,542,119,69,26,4,20,129,40,23.8,7.4,".240",".430",".295","0.725","0.190","213","1398","249","2089",".243",".449",".311",".321","-0.019","-0.010","88.3","20.6",38.7,9.4,37.6,"99.290072903","93.799689784",73.5,20.7,40.8,59.2,79.3,27.7,52.4,"27.9"
"Pham, Tommy",502054,2022,34,554,622,131,90,23,1,17,167,56,26.8,9,".236",".374",".312","0.686","0.138","207","1572","234","2505",".236",".394",".304",".314","-0.020","-0.010","92.2","7.7",33.2,7.9,48.5,"102.514437436","95.778101436",60.8,17,52.9,47.1,83,26,42,"27.9"
"Martinez, J.D.",502110,2022,34,533,596,146,86,43,1,16,145,52,24.3,8.7,".274",".448",".341","0.789","0.174","239","1529","330","2389",".256",".486",".343",".352","-0.038","-0.009","89.1","14.1",42,12.5,41.7,"100.92394699","94.707836352",74.8,21,48.5,51.5,79,30.1,51.9,"26.1"
"Goldschmidt, Paul",502671,2022,34,561,651,178,102,41,0,35,141,79,21.7,12.1,".317",".578",".404","0.982","0.261","324","1656","259","2701",".262",".503",".419",".372",".075",".047","90.8","15.7",31.8,11.6,47.4,"102.244608246","95.440152299",59.8,21.5,38.3,61.4,78.5,26.8,41.7,"26.3"
"Gonzalez, Marwin",503556,2022,33,184,207,34,21,7,0,6,54,14,26.1,6.8,".185",".321",".255","0.576","0.136","59","551","85","822",".216",".353",".257",".285","-0.032","-0.028","88","19.4",34.1,5.9,37.3,"98.901115758","93.629768931",63.1,13.9,37.5,62.5,86.1,23.1,50,"26.4"
"Altuve, Jose",514888,2022,32,527,604,158,91,39,0,28,87,66,14.4,10.9,".300",".533",".387","0.920","0.233","281","1421","150","2308",".268",".452",".397",".356",".081",".041","85.9","16.1",35.4,7.8,29.7,"97.300246419","92.671072541",64.1,10.9,25.9,74.1,89.1,16.3,44.3,"28.1"
"Hernández, César",514917,2022,32,560,617,139,106,28,4,1,114,45,18.5,7.3,".248",".318",".311","0.629","0.070","178","1496","201","2368",".249",".342",".283",".295","-0.024","-0.012","84.8","9.3",33.3,2.5,29.7,"96.449267051","92.257329931",68.8,13.5,41,59,86.5,21,47.5,"28.3"
"Segura, Jean",516416,2022,32,354,387,98,79,9,0,10,58,25,15,6.5,".277",".387",".336","0.723","0.110","137","943","109","1406",".252",".368",".320",".303",".019",".017","87.6","4.3",28.3,4.4,38.4,"99.507672313","93.804578639",64.4,11.4,30.2,69.8,88.6,18.5,48.8,"27.7"
"Marte, Starling",516782,2022,33,466,505,136,91,24,5,16,97,26,19.2,5.1,".292",".468",".347","0.815","0.176","218","1277","200","1920",".270",".431",".355",".333",".037",".022","86.8","7.5",38.5,6.8,33.9,"99.153544837","93.595179373",67.6,16.5,39.8,60.2,83.5,24.3,49.8,"28.0"
"d'Arnaud, Travis",518595,2022,33,396,426,106,62,25,1,18,90,19,21.1,4.5,".268",".472",".319","0.791","0.204","187","1108","211","1633",".241",".425",".343",".313",".047",".030","88.5","11.8",35,8.6,38.9,"99.567378882","93.920566898",70.1,20.5,39.5,60.5,79.5,26.9,52.8,"26.1"
"Donaldson, Josh",518626,2022,36,478,546,106,63,28,0,15,148,54,27.1,9.9,".222",".374",".308","0.682","0.152","179","1378","313","2176",".212",".382",".302",".302","-0.008",".000","90.7","12",34.8,9.9,43.3,"100.977600417","94.867949761",66.8,27.5,45.8,54.2,72.5,33.3,47.3,"25.7"
"Freeman, Freddie",518692,2022,32,612,708,199,129,47,2,21,102,84,14.4,11.9,".325",".511",".407","0.918","0.186","313","1694","226","2755",".308",".559",".393",".406","-0.048","-0.013","91.3","13.6",42.9,9.9,47.8,"100.761588016","95.094269494",74,14.2,32.1,67.9,85.8,19.5,49.3,"26.9"
"Grandal, Yasmani",518735,2022,33,327,376,66,54,7,0,5,79,45,21,12,".202",".269",".301","0.570","0.067","88","951","111","1573",".213",".323",".263",".288","-0.054","-0.025","90","12.1",30,4.8,40,"99.46926856","94.06261824",58.7,14.5,41.5,58.5,85.5,21.6,39.7,"22.1"
"Heyward, Jason",518792,2022,32,137,151,28,21,5,1,1,32,11,21.2,7.3,".204",".277",".278","0.555","0.073","38","360","56","558",".217",".332",".253",".280","-0.055","-0.027","87.6","13.1",26.7,4.8,38.1,"99.795272642","93.960513048",66.5,21.8,38.9,61.1,78.2,27.8,48.4,"27.0"
"LeMahieu, DJ",518934,2022,33,467,541,122,92,18,0,12,71,67,13.1,12.4,".261",".377",".357","0.734","0.116","176","1365","105","2152",".272",".417",".329",".348","-0.040","-0.019","89.2","3",32.8,5.3,41.1,"99.499628485","94.048075494",53.9,10.7,26.8,73.2,89.3,15.7,39.5,"26.4"
"Moustakas, Mike",519058,2022,33,252,285,54,35,12,0,7,75,24,26.3,8.4,".214",".345",".295","0.640","0.131","87","747","159","1150",".195",".323",".286",".275",".022",".011","87.6","19.4",36.1,6.1,33.9,"98.852222556","93.461727111",74.1,19.2,45.7,54.3,80.8,29.2,54.3,"25.1"
"Rizzo, Anthony",519203,2022,32,465,548,104,50,21,1,32,101,58,18.4,10.6,".224",".480",".338","0.818","0.256","223","1329","193","2112",".236",".470",".352",".352",".010",".000","89.4","19.3",33.9,11,40.8,"99.612268626","94.102554011",64.3,15,38.3,61.7,85,22.8,46.1,"25.5"
"Stanton, Giancarlo",519317,2022,32,398,452,84,46,7,0,31,137,50,30.3,11.1,".211",".462",".297","0.759","0.251","184","1130","257","1841",".236",".487",".327",".350","-0.025","-0.023","95","10.8",26.9,19.4,52.3,"107.816149318","98.594697985",62.3,29,51.7,48.3,71,36.5,43.1,"24.5"
"Vogt, Stephen",519390,2022,37,168,191,27,15,4,1,7,46,17,24.1,8.9,".161",".321",".241","0.562","0.160","54","458","76","714",".210",".364",".249",".286","-0.043","-0.037","87","21",38.9,7.9,27.8,"96.256857778","92.21418128",65.2,17,45,55,83,27.1,46.5,"25.7"
"Perez, Salvador",521692,2022,32,445,473,113,66,23,1,23,109,18,23,3.8,".254",".465",".292","0.757","0.211","207","1141","271","1700",".239",".481",".324",".324","-0.016",".000","91.4","17.8",34.8,11.2,49,"101.468749294","95.293979056",77.1,22.3,43.9,56.1,77.7,31.8,57.4,"25.3"
"Flores, Wilmer",527038,2022,30,525,602,120,72,28,1,19,103,59,17.1,9.8,".229",".394",".316","0.710","0.165","207","1549","181","2426",".231",".381",".312",".312",".013",".000","87.8","20.7",35.7,6.3,35.4,"97.672013814","92.963528089",66.6,12.4,33.6,66.4,87.6,18.9,45.6,"25.3"
"García, Avisaíl",541645,2022,31,357,380,80,63,9,0,8,109,17,28.7,4.5,".224",".317",".266","0.583","0.093","113","925","266","1367",".231",".379",".258",".286","-0.062","-0.028","88.7","2.8",27.6,6.5,44.8,"101.460367339","95.003346734",82.2,21.6,60.8,39.2,78.4,36.7,59,"28.3"
"Bethancourt, Christian",542194,2022,30,318,333,80,52,17,0,11,80,12,24,3.6,".252",".409",".283","0.692","0.157","130","795","202","1106",".251",".460",".301",".319","-0.051","-0.018","90.1","9.4",31.4,11.8,44.8,"101.959454237","95.365619619",81,26.8,49,51,73.2,34.7,62.5,"28.1"
"Ozuna, Marcell",542303,2022,31,470,507,106,64,19,0,23,122,31,24.1,6.1,".226",".413",".274","0.687","0.187","194","1315","253","2023",".250",".490",".298",".337","-0.077","-0.039","89.4","16.5",31.8,13.1,43.8,"101.775141886","95.035047714",68.2,19.4,44.9,55.1,80.6,28.7,49.4,"26.6"
"Villar, Jonathan",542340,2022,31,202,220,42,31,6,2,3,59,15,26.8,6.8,".208",".302",".260","0.562","0.094","61","547","130","877",".209",".291",".250",".251",".011","-0.001","89.6","-0.7",24.7,2.8,40.4,"100.671592429","94.551199137",75.1,28.4,50.7,49.3,71.6,35.1,51,"26.8"
"Ortega, Rafael",542364,2022,31,316,371,76,54,14,1,7,74,44,19.9,11.9,".241",".358",".331","0.689","0.117","113","935","118","1517",".246",".367",".305",".319","-0.009","-0.014","87.2","17.1",37.6,4.8,33.7,"97.447746423","92.750083049",67.4,10.7,38.8,61.2,89.3,19.6,45.4,"27.1"
"Aguilar, Jesús",542583,2022,32,464,507,109,74,19,0,16,119,28,23.5,5.5,".235",".379",".281","0.660","0.144","176","1388","239","2078",".239",".409",".288",".302","-0.030","-0.014","87.7","19.1",39.7,6.9,36,"98.459753543","93.301003066",64.7,17.6,41.4,58.1,82.3,27,49.5,"24.0"
"Berti, Jon",542932,2022,32,358,404,86,62,17,3,4,89,42,22,10.4,".240",".338",".324","0.662","0.098","121","982","149","1570",".238",".370",".298",".311","-0.032","-0.013","88","4.7",30.7,5.9,37,"98.782159778","93.452015688",65.6,16.9,48.2,51.8,83.1,24.5,44.5,"29.5"
"Crawford, Brandon",543063,2022,35,407,458,94,68,15,2,9,98,39,21.4,8.5,".231",".344",".308","0.652","0.113","140","1073","247","1720",".218",".358",".289",".292","-0.014","-0.003","88.1","12.3",31,6.7,35.1,"97.909462452","93.081156699",76.3,24.6,52.2,47.8,75.4,31.9,50.7,"25.5"
"Cron, C.J.",543068,2022,32,575,632,148,88,28,3,29,164,43,25.9,6.8,".257",".468",".315","0.783","0.211","269","1632","250","2500",".239",".441",".335",".319",".027",".016","88.7","14.2",36.8,10.8,42.3,"101.410198894","94.867484771",62.9,16,39.2,60.6,84,24.3,47.7,"25.2"
"Gomes, Yan",543228,2022,34,277,293,65,45,12,0,8,47,8,16,2.7,".235",".365",".260","0.625","0.130","101","704","83","1006",".250",".384",".271",".288","-0.019","-0.017","85.3","9.4",37.9,3.4,28.9,"96.735466466","92.387642035",70.5,11.2,33.2,66.8,88.8,19.4,54.2,"26.3"
"Grossman, Robbie",543257,2022,32,411,477,86,59,19,1,7,129,56,27,11.7,".209",".311",".310","0.621","0.102","128","1197","164","1942",".205",".322",".283",".287","-0.011","-0.004","86.7","21.1",38.5,3.5,30.4,"96.176090559","92.129787754",63,16.1,48.9,51.1,83.9,23.9,40.9,"27.9"
"Harrison, Josh",543281,2022,34,386,425,99,71,19,2,7,71,21,16.7,4.9,".256",".370",".317","0.687","0.114","143","1048","149","1533",".233",".348",".305",".289",".022",".016","87.4","14.7",32,3.8,32.3,"96.783559748","92.431292303",72.8,17.6,30.2,69.8,82.4,21.5,54.7,"27.1"
"Hicks, Aaron",543305,2022,32,384,453,83,64,9,2,8,109,62,24.1,13.7,".216",".313",".330","0.643","0.097","120","1215","194","2017",".217",".338",".292",".302","-0.025","-0.010","87.9","14.8",25.2,5.8,33.1,"98.078223577","93.127214322",62.3,19.7,43.2,56.8,80.3,25.8,41.1,"27.9"
"Higashioka, Kyle",543309,2022,32,229,248,52,35,7,0,10,52,12,21,4.8,".227",".389",".264","0.653","0.162","89","586","112","907",".254",".464",".282",".322","-0.075","-0.040","90.9","17.2",36.6,9.9,48.1,"101.231678333","95.189627056",72.4,17.9,49.2,50.8,82.1,26.8,50.6,"25.8"
"Hosmer, Eric",543333,2022,32,380,419,102,75,19,0,8,64,37,15.3,8.8,".268",".382",".334","0.716","0.114","145","1044","122","1617",".253",".377",".313",".308",".005",".005","88.4","3.1",29.3,5.8,39.7,"101.224912803","94.690963706",67.1,9.9,34.1,65.9,90.1,18.9,49,"25.8"
"McCann, James",543510,2022,32,174,191,34,25,6,0,3,46,11,24.1,5.8,".195",".282",".257","0.539","0.087","49","483","91","713",".237",".429",".243",".313","-0.147","-0.070","90.2","16.3",33.8,6.9,40.8,"100.237659692","94.399973876",69.1,17.8,48,52,82.2,28.3,51.6,"26.1"
"Miller, Brad",543543,2022,32,222,241,47,37,3,0,7,70,18,29,7.5,".212",".320",".270","0.590","0.108","71","597","146","914",".203",".348",".263",".269","-0.028","-0.006","91.1","14.1",27.5,7.9,39.9,"100.033437368","94.372039868",71.7,26.9,58.3,41.7,73.1,36.3,50.7,"27.1"
"Nola, Austin",543592,2022,32,347,397,87,68,15,0,4,60,34,15.1,8.6,".251",".329",".321","0.650","0.078","114","949","84","1522",".257",".369",".290",".312","-0.040","-0.022","89.4","12",35.4,2.4,39.7,"98.960360608","93.682414983",63.1,8.6,34,66,91.4,14.4,42.8,"26.4"
"Rendon, Anthony",543685,2022,32,166,193,38,23,10,0,5,35,23,18.1,11.9,".229",".380",".326","0.706","0.151","63","449","51","759",".238",".405",".314",".332","-0.025","-0.018","89.6","18.7",42.1,8.4,37.6,"99.082562576","93.890380153",68.4,15,35.1,64.9,85,19.6,42.3,"26.3"
"Semien, Marcus",543760,2022,31,657,724,163,101,31,5,26,120,53,16.6,7.3,".248",".429",".304","0.733","0.181","282","1744","242","2776",".243",".411",".317",".311",".018",".006","87.3","19.9",32.4,6.8,34.9,"97.838624343","93.00847117",71.2,12.4,42.8,57.2,87.6,20.6,47.2,"28.8"
"Springer, George",543807,2022,32,513,583,137,86,22,4,25,100,54,17.2,9.3,".267",".472",".342","0.814","0.205","242","1358","282","2175",".262",".452",".352",".345",".020",".007","88.7","13.9",31.8,8.4,42.3,"101.320507081","94.768491799",77.4,21,49,51,79,28.2,50.9,"28.3"
"Vázquez, Christian",543877,2022,31,398,426,109,77,23,0,9,69,22,16.2,5.2,".274",".399",".315","0.714","0.125","159","1088","112","1632",".257",".380",".312",".300",".019",".012","87.9","10.7",36.1,5.1,36.4,"97.833724337","92.999999849",66.5,11.8,28.5,71.5,88.2,17.2,49.2,"25.5"
"Wong, Kolten",543939,2022,31,430,497,108,65,24,4,15,88,46,17.7,9.3,".251",".430",".339","0.769","0.179","185","1250","153","2049",".234",".366",".336",".309",".064",".027","87","14",33.5,5.5,35.5,"97.674374503","92.864768387",64.3,13.2,41.3,58.7,86.8,20.4,43.1,"26.2"
"Gregorius, Didi",544369,2022,32,214,232,45,31,9,4,1,36,13,15.5,5.6,".210",".304",".263","0.567","0.094","65","573","102","827",".239",".344",".251",".282","-0.040","-0.031","84.5","15.8",33.3,2.8,22.8,"94.452718539","91.340268249",81.5,12.7,44.4,55.6,87.3,24,60.5,"27.3"
"García, Leury",544725,2022,31,300,315,63,52,8,0,3,65,7,20.6,2.2,".210",".267",".233","0.500","0.057","80","796","143","1155",".235",".340",".221",".264","-0.073","-0.043","87","6.2",30,4.2,35.6,"97.781782479","92.939701197",75.9,17.5,39.9,60.1,82.5,24.4,56.4,"28.4"
"Vargas, Ildemaro",545121,2022,30,209,222,55,37,13,1,4,23,8,10.4,3.6,".263",".392",".299","0.691","0.129","82","532","38","794",".228",".318",".302",".259",".074",".043","87","7.4",28.2,2.1,29.3,"96.943626739","92.531312459",64.6,8.2,20.3,79.7,91.8,12.1,47.7,"27.1"
"Grichuk, Randal",545341,2022,30,506,538,131,88,21,3,19,127,24,23.6,4.5,".259",".425",".299","0.724","0.166","215","1310","209","1977",".230",".388",".315",".288",".037",".027","90","8.7",27.3,6.9,43.6,"101.601495926","95.066145714",69.5,14.1,45.9,54.1,85.9,24.7,50.6,"28.0"
"Stassi, Max",545358,2022,31,333,375,60,38,12,1,9,112,38,29.9,10.1,".180",".303",".267","0.570","0.123","101","868","189","1436",".177",".333",".258",".267","-0.030","-0.009","88.6","9.5",26,9.5,39.5,"98.972653514","93.67534181",66.2,26.5,58,42,73.5,34,44.1,"25.6"
"Trout, Mike",545361,2022,30,438,499,124,54,28,2,40,139,54,27.9,10.8,".283",".630",".369","0.999","0.347","276","1279","234","2105",".263",".604",".418",".398",".026",".020","91.6","24.6",37.7,19.7,51,"104.135929733","96.5588815",64.8,24.2,46.9,53.1,75.8,30.2,43.4,"29.3"
"Herrera, Odúbel",546318,2022,30,185,197,44,29,9,1,5,42,11,21.3,5.6,".238",".378",".279","0.657","0.140","70","500","71","737",".224",".353",".287",".272",".025",".015","86.9","4",24.3,5,37.5,"99.933778143","94.012093741",68.4,10.2,45.4,54.6,89.8,24,52.6,"27.0"
"Almora Jr., Albert",546991,2022,28,215,235,48,32,10,1,5,46,17,19.6,7.2,".223",".349",".282","0.631","0.126","75","569","85","846",".236",".315",".279",".272",".034",".007","84","6.7",29.8,1.8,25.4,"95.828660964","91.938692242",67.7,16.8,34.4,65.6,83.2,23.6,51.5,"27.6"
"Harper, Bryce",547180,2022,29,370,426,106,59,28,1,18,87,46,20.4,10.8,".286",".514",".364","0.878","0.228","190","1040","223","1594",".284",".542",".369",".381","-0.028","-0.012","92.1","11.8",37.2,12.8,47.9,"102.954593636","96.099964685",82.1,19.2,45,55,80.8,28.3,56.2,"27.6"
"Abreu, José",547989,2022,35,601,679,183,128,40,0,15,110,62,16.2,9.1,".304",".446",".378","0.824","0.142","268","1746","249","2730",".292",".496",".361",".374","-0.050","-0.013","92.2","8",34.5,9.5,51.8,"102.953606518","96.20270568",66.2,14.7,40.9,59.1,85.3,23.2,47.3,"26.1"
"Díaz, Elias",553869,2022,31,351,381,80,51,18,2,9,82,25,21.5,6.6,".228",".368",".281","0.649","0.140","129","942","145","1445",".217",".344",".284",".273",".024",".011","88.4","11.1",28.3,5.9,39.3,"100.058292985","94.204058315",72.4,12.9,41.9,58.1,87.1,22.7,51.8,"26.1"
"Narváez, Omar",553882,2022,30,262,296,54,37,12,1,4,57,29,19.3,9.8,".206",".305",".292","0.597","0.099","80","742","114","1182",".205",".301",".269",".269",".004",".000","84.7","17.7",36.7,2.4,18.4,"94.078356176","91.054216305",73.6,18.5,35.5,64.5,81.5,23.4,50,"24.3"
"Suárez, Eugenio",553993,2022,30,543,629,128,71,24,2,31,196,73,31.2,11.6,".236",".459",".332","0.791","0.223","249","1579","317","2617",".220",".473",".344",".344","-0.014",".000","89.8","19.9",36.4,14.8,43.5,"100.691818466","94.681885812",63.5,23.9,58,42,76.1,33.1,41.8,"25.9"
"Urshela, Gio",570482,2022,30,501,551,143,100,27,3,13,96,41,17.4,7.4,".285",".429",".338","0.767","0.144","215","1365","188","2017",".267",".431",".332",".327","-0.002",".005","88.9","11.8",38.6,7.1,37.6,"99.120552402","93.736875907",71.2,15.3,32.7,67.3,84.7,21.4,53.1,"25.8"
"Schoop, Jonathan",570731,2022,30,481,510,97,62,23,1,11,107,19,21,3.7,".202",".322",".239","0.561","0.120","155","1233","241","1789",".228",".356",".245",".275","-0.034","-0.030","87","9.7",29.1,4.8,38.6,"99.967628556","93.993791257",75.2,18.7,46.6,53.4,81.3,28.2,55.5,"27.0"
"Arenado, Nolan",571448,2022,31,557,620,163,90,42,1,30,72,52,11.6,8.4,".293",".533",".358","0.891","0.240","297","1489","184","2330",".263",".464",".381",".343",".069",".038","88.8","21.7",35.4,8.2,38.9,"99.558566721","93.952810862",66.9,11.6,32,68,88.4,19.1,48.4,"25.5"
"Barnhart, Tucker",571466,2022,31,281,308,62,51,10,0,1,74,25,24,8.1,".221",".267",".287","0.554","0.046","75","745","98","1174",".200",".268",".253",".244","-0.001",".009","84.5","10.1",30.3,1.9,26,"95.275826176","91.655968177",65.7,14.6,44.1,55.9,85.4,22.5,46.2,"23.9"
"Farmer, Kyle",571657,2022,31,526,583,134,94,25,1,14,99,33,17,5.7,".255",".386",".315","0.701","0.131","203","1447","176","2145",".258",".397",".309",".317","-0.011","-0.008","85.5","12.7",37.7,4.4,33.8,"97.050252093","92.534027326",64.7,10.3,34.8,65.2,89.7,19.4,50.3,"26.7"
"Haniger, Mitch",571745,2022,31,224,247,55,36,8,0,11,65,20,26.3,8.1,".246",".429",".308","0.737","0.183","96","630","118","996",".241",".467",".319",".331","-0.038","-0.012","91.9","18.2",31.1,11.8,47.2,"101.996690741","95.72188441",65.7,19.8,52.6,47.4,80.2,29.6,45.5,"26.9"
"Hernández, Enrique",571771,2022,30,361,402,80,50,24,0,6,71,34,17.7,8.5,".222",".338",".291","0.629","0.116","122","923","157","1490",".235",".366",".280",".298","-0.028","-0.018","87.8","17.3",33.3,5.8,35,"98.797690959","93.474506164",70.8,14.5,47.9,52.1,85.5,24.6,47.7,"26.9"
"Maile, Luke",571912,2022,31,181,206,40,27,10,0,3,54,19,26.2,9.2,".221",".326",".301","0.627","0.105","59","523","88","821",".192",".313",".281",".266",".013",".015","84.5","17",33.8,5.4,25.4,"95.943675231","91.987641385",65,19.6,50,50,80.4,27.6,44.9,"25.5"
"Muncy, Max",571970,2022,31,464,565,91,47,22,1,21,141,90,25,15.9,".196",".384",".329","0.713","0.188","178","1436","227","2436",".207",".443",".318",".346","-0.059","-0.028","90.3","20.9",34.3,13.4,45.6,"100.488456196","94.680756043",60.4,21.1,44.3,55.7,78.9,26.1,38.6,"27.2"
"Myers, Wil",571976,2022,31,261,286,68,46,15,0,7,86,21,30.1,7.3,".261",".398",".315","0.713","0.137","104","740","150","1160",".222",".379",".311",".289",".019",".022","88.5","13",37.6,7.4,37.6,"98.804888523","93.5431",61.6,23.4,46.9,53.1,76.6,31.2,45.3,"28.2"
"Naquin, Tyler",571980,2022,31,310,334,71,37,19,4,11,93,19,27.8,5.7,".229",".423",".282","0.705","0.194","131","862","180","1261",".248",".456",".303",".325","-0.033","-0.022","90.3","14.4",39.9,9.7,40.8,"100.892608302","94.925001896",79.5,24.8,41.7,58.3,75.2,30.5,58,"27.8"
"Pollock, AJ",572041,2022,34,489,527,120,79,26,1,14,98,32,18.6,6.1,".245",".389",".292","0.681","0.144","190","1219","201","1837",".259",".440",".297",".324","-0.051","-0.027","88.8","11.6",32.9,9.4,42,"100.414319188","94.34853632",74.3,15.2,44.4,55.6,84.8,24.7,53.6,"27.8"
"Taylor, Michael A.",572191,2022,31,414,456,105,83,10,3,9,109,35,23.9,7.7,".254",".357",".313","0.670","0.103","148","1127","226","1717",".225",".372",".297",".294","-0.015",".003","86.3","12.1",33.5,6.8,32.9,"98.005175695","93.019305249",73.2,18.7,52.1,47.9,81.3,29.3,51.5,"28.7"
"Thompson, Trayce",572204,2022,31,219,255,56,28,14,1,13,93,32,36.5,12.5,".256",".507",".353","0.860","0.251","111","695","164","1138",".250",".511",".370",".370","-0.004",".000","92.2","16.4",45.3,16.4,46.9,"103.303449063","96.133570313",66.1,28.2,63,37,71.8,37.8,43.9,"27.7"
"Voit, Luke",572228,2022,31,500,568,113,69,22,0,22,179,55,31.5,9.7,".226",".402",".308","0.710","0.176","201","1400","418","2248",".221",".455",".311",".328","-0.053","-0.017","89.8","18.4",34.6,14.7,44.3,"101.411871585","94.98573844",78.2,27.4,58.7,41.3,72.6,37.6,52,"24.7"
"Walker, Christian",572233,2022,31,583,667,141,78,25,2,36,131,69,19.6,10.3,".242",".477",".327","0.804","0.235","278","1540","251","2543",".256",".497",".346",".362","-0.020","-0.016","90","17",33.3,11.6,44,"101.466371179","95.00141326",68,15.6,49.2,50.8,84.4,24.6,44.7,"26.6"
"Carpenter, Matt",572761,2022,36,128,154,39,15,9,0,15,35,19,22.7,12.3,".305",".727",".412","1.139","0.422","93","435","58","723",".233",".512",".472",".369",".215",".103","89.8","22.4",41.1,13.8,42.1,"99.672980435","94.162418352",63.2,17.4,50,50,82.6,23.7,41.4,"26.0"
"Dickerson, Corey",572816,2022,33,281,297,75,51,17,1,6,48,12,16.2,4,".267",".399",".300","0.699","0.132","112","755","120","1083",".262",".379",".303",".294",".020",".009","87.8","10.6",32.8,3.8,32.8,"97.888667863","93.019717253",76.3,17.1,33.2,66.8,82.9,22.8,58.4,"27.0"
"Ruf, Darin",573131,2022,35,334,388,68,45,12,0,11,105,45,27.1,11.6,".204",".338",".307","0.645","0.134","113","1015","151","1620",".218",".386",".291",".315","-0.048","-0.024","89.2","14.8",34.5,8.6,40.5,"100.481181724","94.46914931",56.8,19.5,46.2,53.8,80.5,27.5,40.4,"25.7"
"Yastrzemski, Mike",573262,2022,31,485,558,104,54,31,2,17,141,61,25.3,10.9,".214",".392",".305","0.697","0.178","190","1447","188","2349",".218",".402",".307",".314","-0.010","-0.007","89.9","19.9",36.2,11.1,42.5,"99.830966069","94.251098237",63.5,15.8,42.9,57.1,84.2,22.7,42.9,"27.0"
"Contreras, Willson",575929,2022,30,416,487,101,54,23,2,22,103,45,21.1,9.2,".243",".466",".349","0.815","0.223","194","1156","251","1825",".255",".480",".357",".368","-0.014","-0.011","90.4","8.5",30.2,10.6,48.6,"103.238284065","96.034015696",73.1,21,51,49,79,31,50.6,"27.5"
"Iglesias, Jose",578428,2022,32,439,467,128,95,30,0,3,56,17,12,3.6,".292",".380",".328","0.708","0.088","167","1238","95","1738",".266",".325",".312",".282",".055",".030","83.8","6",30.6,0.5,27.7,"95.592199372","91.820181257",63.4,7.6,21.2,78.8,92.4,13.2,51.9,"28.4"
"Bryant, Kris",592178,2022,30,160,181,49,32,12,0,5,27,17,14.9,9.4,".306",".475",".376","0.851","0.169","76","428","66","696",".277",".436",".370",".345",".039",".025","85","13.5",31.9,6.7,29.6,"96.85815","92.461882963",72.5,13.2,44.3,55.7,86.8,21.5,47.4,"27.3"
"Canha, Mark",592192,2022,33,462,542,123,86,24,0,13,97,48,17.9,8.9,".266",".403",".367","0.770","0.137","186","1415","186","2218",".246",".379",".343",".328",".024",".015","87.7","10.9",32.2,4.9,36.6,"98.317698315","93.261380654",61,18.4,31.8,68.2,81.6,22.2,42.9,"27.5"
"Casali, Curt",592200,2022,33,148,176,30,21,4,0,5,50,24,28.4,13.6,".203",".331",".318","0.649","0.128","49","474","93","783",".187",".330",".295",".288",".001",".007","87.1","25.4",35,6.1,39,"98.0141006","93.131572828",71,21.8,44.9,55.1,78.2,27.3,47.6,"24.6"
"Castellanos, Nick",592206,2022,30,524,558,138,98,27,0,13,130,29,23.3,5.2,".263",".389",".305","0.694","0.126","204","1404","335","2066",".250",".408",".304",".306","-0.019","-0.002","87.5","14.6",36.9,6.6,35.1,"98.393032843","93.293370431",76.8,20.3,52.4,47.6,79.7,32.2,57,"27.7"
"Drury, Brandon",592273,2022,29,518,568,136,75,31,2,28,126,38,22.2,6.7,".263",".492",".320","0.812","0.229","255","1443","181","2242",".240",".439",".350",".321",".053",".029","89.1","13.8",34.8,10.4,42.2,"100.586892132","94.438998321",62.7,14.2,35.8,64.2,85.8,21.5,45.9,"27.0"
"Gamel, Ben",592325,2022,30,371,423,86,55,20,2,9,98,48,23.2,11.3,".232",".369",".324","0.693","0.137","137","1032","152","1713",".244",".388",".308",".321","-0.019","-0.013","88.8","11.3",38,6.2,37.6,"99.298905","93.815298881",64.9,12.8,51.9,48.1,87.2,24.1,43.1,"27.9"
"Judge, Aaron",592450,2022,30,570,696,177,87,28,0,62,175,111,25.1,15.9,".311",".686",".425","1.111","0.375","391","1730","341","2906",".301",".728",".458",".466","-0.042","-0.008","95.9","15",39,26.6,61.9,"107.110072714","99.053359221",66.2,20.3,53.2,46.5,79.7,29.8,42.7,"27.3"
"Machado, Manny",592518,2022,29,578,644,172,102,37,1,32,133,63,20.7,9.8,".298",".531",".366","0.897","0.233","307","1502","267","2371",".263",".469",".382",".345",".062",".037","91.5","16",36.7,9.8,49,"102.622706786","95.790495526",74.4,17.7,39.6,60.4,82.3,24.9,50.8,"26.4"
"Pederson, Joc",592626,2022,30,380,433,104,59,19,3,23,100,42,23.1,9.7,".274",".521",".353","0.874","0.247","198","1046","162","1685",".260",".514",".373",".367",".007",".006","93.2","14.8",34.2,15.2,52.1,"103.347393857","96.58467276",65,14.4,43.7,56.3,85.8,24.5,46.1,"26.0"
"Realmuto, J.T.",592663,2022,31,504,562,139,86,26,5,22,119,41,21.2,7.3,".276",".478",".342","0.820","0.202","241","1414","245","2193",".273",".476",".354",".354",".002",".000","90.3","13.1",35.6,11.3,47.2,"101.252893641","95.157569177",67.7,19.5,38.5,61.5,80.5,25.7,49,"28.7"
"Renfroe, Hunter",592669,2022,30,474,522,121,68,23,1,29,121,39,23.2,7.5,".255",".492",".315","0.807","0.237","233","1298","221","2027",".237",".448",".347",".324",".044",".023","90.5","17.7",32.7,10.9,43.6,"101.645981292","95.173188394",66.2,18.8,41.7,58.3,81.2,27,47.8,"27.1"
"Rosario, Eddie",592696,2022,30,250,270,53,35,12,1,5,68,17,25.2,6.3,".212",".328",".259","0.587","0.116","82","694","140","1010",".200",".331",".258",".254","-0.003",".004","87.7","15.2",32.4,5.4,33,"97.161292527","92.836894341",70.1,22,45.9,54.1,78,32.2,53.5,"27.6"
"Yelich, Christian",592885,2022,30,575,671,145,102,25,4,14,162,88,24.1,13.1,".252",".383",".355","0.738","0.131","220","1655","253","2747",".253",".415",".328",".340","-0.032","-0.012","91.5","3.6",30.3,8.2,48.6,"102.984892126","96.020852446",65.6,14.8,51.5,48.5,85.2,25.1,43.2,"28.1"
"Merrifield, Whit",593160,2022,33,504,550,126,86,28,1,11,85,38,15.5,6.9,".250",".375",".298","0.673","0.125","189","1335","176","2017",".242",".381",".294",".297","-0.006","-0.003","87.1","15.1",37.9,4.2,31.1,"96.383459857","92.27510481",71.4,13.8,33.1,66.9,86.2,19.4,50.9,"28.6"
"Bogaerts, Xander",593428,2022,29,557,631,171,118,38,0,15,118,57,18.7,9,".307",".456",".377","0.833","0.149","254","1607","254","2500",".258",".393",".363",".325",".063",".038","88.1","10.2",30.3,6.5,39.5,"99.97943964","94.08380455",63.4,18.4,37.6,62.4,81.6,24.8,45.7,"27.9"
"Alberto, Hanser",593643,2022,29,156,159,38,25,9,2,2,25,3,15.7,1.9,".244",".365",".258","0.623","0.121","57","380","73","521",".216",".316",".270",".239",".049",".031","82.9","10.8",30.5,1.5,18.3,"93.791635156","91.008477165",76.3,19.2,36.7,63.3,80.8,26.2,61.6,"25.9"
"Polanco, Jorge",593871,2022,28,375,445,88,56,16,0,16,95,64,21.3,14.4,".235",".405",".346","0.751","0.170","152","1149","171","1900",".249",".470",".333",".363","-0.065","-0.030","89","21.7",37.7,10.2,38.7,"99.924839571","94.156301183",61.2,18,43,57,82,25.7,42.4,"28.1"
"Calhoun, Kole",594777,2022,34,388,424,76,49,14,1,12,136,27,32.1,6.4,".196",".330",".257","0.587","0.134","128","1099","298","1700",".221",".401",".260",".298","-0.071","-0.038","90.8","15.4",40.4,9.8,48.2,"100.862031797","94.921499922",78.4,27.4,53.8,46.2,72.6,36.3,53.1,"25.4"
"Duvall, Adam",594807,2022,33,287,315,61,32,16,1,12,101,21,32.1,6.7,".213",".401",".276","0.677","0.188","115","810","153","1220",".207",".408",".295",".296","-0.007","-0.001","88.3","23.4",36.2,12.8,41,"100.566076596","94.3357175",67.4,21.4,43.9,56.1,78.6,29.2,50.5,"28.0"
"Kiermaier, Kevin",595281,2022,32,206,221,47,32,8,0,7,61,14,27.6,6.3,".228",".369",".281","0.650","0.141","76","537","118","831",".252",".402",".286",".310","-0.033","-0.024","87.9","5.3",33.8,6.9,38.6,"98.886186164","93.570432966",75.2,20.3,63.5,36.5,79.7,31.9,51.7,"29.2"
"Alfaro, Jorge",595751,2022,29,256,274,63,42,14,0,7,98,11,35.8,4,".246",".383",".285","0.668","0.137","98","728","202","1008",".236",".411",".291",".298","-0.028","-0.007","89.4","8",38.5,11.3,38.5,"102.020939625","95.196380755",80.9,28,54.1,45.9,72,38,62.6,"28.7"
"Profar, Jurickson",595777,2022,29,575,658,140,87,36,2,15,103,73,15.7,11.1,".243",".391",".331","0.722","0.148","225","1725","195","2790",".250",".371",".320",".318",".020",".002","87.5","12.9",34.7,4,34.3,"97.859468559","92.98708518",64.2,14,31.4,68.6,86,18.8,43.6,"26.6"
"Báez, Javier",595879,2022,29,555,590,132,84,27,4,17,147,26,24.9,4.4,".238",".393",".278","0.671","0.155","218","1451","362","2092",".225",".387",".291",".285",".006",".006","87.9","9.6",29.7,8.1,38,"99.689131182","93.890376232",68,22.3,49,51,77.7,35.8,55.8,"27.9"
"Cave, Jake",595909,2022,29,164,177,35,20,7,3,5,49,11,27.7,6.2,".213",".384",".260","0.644","0.171","63","453","114","710",".215",".427",".278",".296","-0.043","-0.018","90.7","14.4",38.5,10.3,42.7,"99.526718814","94.448232906",73,26,54.4,45.6,74,35,50.7,"28.0"
"Hedges, Austin",595978,2022,29,294,338,48,37,4,0,7,78,25,23.1,7.4,".163",".248",".241","0.489","0.085","73","813","141","1274",".181",".272",".225",".242","-0.024","-0.017","84.2","16.7",31.9,3.1,22.3,"94.912102385","91.52196977",68.5,18.6,47.6,52.4,81.4,27.7,47.6,"24.5"
"Lindor, Francisco",596019,2022,28,630,706,170,114,25,5,26,133,59,18.8,8.4,".270",".449",".339","0.788","0.179","283","1787","261","2829",".253",".439",".342",".333",".010",".009","89.3","13.8",29.2,8.3,41.3,"99.740565418","94.14308743",68.2,14.4,40,60,85.6,22.9,47.8,"27.6"
"Odor, Rougned",596059,2022,28,426,472,88,53,19,3,13,109,32,23.1,6.8,".207",".357",".275","0.632","0.150","152","1137","197","1761",".207",".350",".278",".280",".007","-0.002","87.8","21.5",30.5,6.6,33.3,"98.233676795","93.245734647",72.9,19.8,43.4,56.6,80.2,27.6,50.6,"27.1"
"Slater, Austin",596103,2022,29,277,325,73,49,15,2,7,89,40,27.4,12.3,".264",".408",".366","0.774","0.144","113","839","161","1326",".254",".438",".344",".351","-0.030","-0.007","89","6.6",43.2,10.5,39.5,"99.908713548","94.170847514",67.4,24.1,47.4,52.6,75.9,31.5,45.2,"28.2"
"Story, Trevor",596115,2022,29,357,396,85,47,22,0,16,122,32,30.8,8.1,".238",".434",".303","0.737","0.196","155","1024","200","1575",".220",".416",".316",".306",".018",".010","88.9","17.8",36,11.3,40.6,"100.613635333","94.400984812",69,21.5,47.7,52.3,78.5,30.8,49.8,"28.4"
"Vogelbach, Daniel",596129,2022,29,386,461,92,54,19,1,18,114,73,24.7,15.8,".238",".433",".360","0.793","0.195","167","1223","118","2102",".235",".447",".349",".354","-0.014","-0.005","89.4","15.8",38.1,10.7,39.9,"99.817658603","94.085066691",45.5,13.9,33.2,66.8,86.1,20.4,32.2,"24.0"
"Sánchez, Gary",596142,2022,29,419,471,86,46,24,0,16,136,40,28.9,8.5,".205",".377",".282","0.659","0.172","158","1203","218","1881",".216",".448",".290",".321","-0.071","-0.031","90.5","14",29.2,13.6,49.3,"103.200555347","96.181078537",60.6,20.4,50.7,49.3,79.6,30.8,44,"25.2"
"Kepler, Max",596146,2022,29,388,446,88,60,18,1,9,66,49,14.8,11,".227",".348",".318","0.666","0.121","135","1010","124","1656",".264",".428",".298",".342","-0.080","-0.044","89.1","11.2",31.9,7.1,39.9,"100.09058546","94.217393221",70.7,12.5,40.5,59.5,87.5,20,46.1,"27.8"
"Franco, Maikel",596748,2022,29,371,388,85,61,15,0,9,75,12,19.3,3.1,".229",".342",".255","0.597","0.113","127","988","183","1418",".243",".363",".261",".275","-0.021","-0.014","87","11.5",33.1,4.7,34.4,"98.818458378","93.432468176",68.4,21.8,39.3,60.7,78.2,28,53.6,"25.5"
"Choi, Ji Man",596847,2022,31,356,419,83,50,22,0,11,123,58,29.4,13.8,".233",".388",".341","0.729","0.155","138","1070","217","1840",".233",".422",".322",".338","-0.034","-0.016","92.2","10.6",37.3,11.9,47.5,"101.295507712","95.335577574",67.5,24.6,54.3,45.7,75.4,32.3,41.7,"25.1"
"Bradley Jr., Jackie",598265,2022,32,344,370,70,42,23,1,4,77,24,20.8,6.5,".203",".311",".255","0.566","0.108","107","914","180","1387",".222",".344",".252",".272","-0.033","-0.020","87.6","7.4",29.4,4.8,37.2,"98.071881353","93.116593208",69.7,24,43.3,56.7,76,29.4,49.7,"27.1"
"La Stella, Tommy",600303,2022,33,180,195,43,27,14,0,2,30,11,15.4,5.6,".239",".350",".282","0.632","0.111","63","500","43","794",".232",".348",".277",".273",".002",".004","87.9","14.6",37.3,2,32,"97.045650909","92.615035294",53.3,10.2,29.9,70.1,89.8,16.7,40.7,"24.9"
"Candelario, Jeimer",600869,2022,28,429,467,93,59,19,2,13,109,28,23.3,6,".217",".361",".272","0.633","0.144","155","1136","189","1739",".226",".392",".277",".295","-0.031","-0.018","87.2","13.5",37,8.4,34.6,"98.352499379","93.27808162",74.7,17.8,39.9,60.1,82.2,25.4,52.6,"27.3"
"Daza, Yonathan",602074,2022,28,372,408,112,87,21,2,2,58,26,14.2,6.4,".301",".384",".349","0.733","0.083","143","1040","131","1536",".286",".368",".323",".316",".016",".007","84.8","4.6",34.1,1.9,25,"95.180250189","91.627182587",66,12.2,30.1,69.9,87.8,18.7,50.5,"28.1"
"Urías, Ramón",602104,2022,28,403,445,100,66,17,1,16,98,30,22,6.7,".248",".414",".305","0.719","0.166","167","1081","198","1645",".247",".432",".313",".322","-0.018","-0.009","89.4","11",32.1,9.7,46.5,"100.690244675","94.67897342",71,21,43.1,56.9,79,27.4,49.8,"26.7"
"Anderson, Brian",605119,2022,29,338,383,75,50,16,1,8,101,37,26.4,9.7,".222",".346",".311","0.657","0.124","117","988","213","1543",".228",".393",".293",".312","-0.047","-0.019","88.7","7.7",31.1,9.7,42,"100.372461008","94.372032152",73.9,23,48.1,51.9,77,30.4,50.7,"27.5"
"Barnes, Austin",605131,2022,32,179,212,38,24,6,0,8,37,27,17.5,12.7,".212",".380",".324","0.704","0.168","68","519","54","850",".209",".333",".315",".298",".047",".017","87.4","13.6",31,4.8,35.2,"98.048094085","93.029970704",65.9,13.2,40.3,59.7,86.8,17.9,42.1,"26.7"
"Bell, Josh",605137,2022,29,552,647,147,98,29,3,17,102,81,15.8,12.5,".266",".422",".362","0.784","0.156","233","1510","212","2505",".267",".428",".344",".347","-0.006","-0.003","88.9","8.4",30.7,7.3,40.8,"100.551357456","94.511584791",68.9,16.3,34.6,65.4,83.6,21.7,45.3,"26.2"
"Betts, Mookie",605141,2022,29,572,639,154,76,40,3,35,104,55,16.3,8.6,".269",".533",".340","0.873","0.264","305","1491","154","2428",".252",".484",".373",".348",".049",".025","90.5","18.6",36.2,9.8,44.9,"99.954466043","94.497072751",66.9,8.2,40.7,59.3,91.8,16.5,44.2,"27.4"
"Caratini, Victor",605170,2022,28,272,314,54,33,12,0,9,67,31,21.3,9.9,".199",".342",".300","0.642","0.143","93","770","92","1246",".232",".358",".289",".311","-0.016","-0.022","89.4","6.6",30,6.3,43.5,"100.649286408","94.496842039",61,11.4,45,55,88.6,20.9,42.3,"24.9"
"Davis, J.D.",605204,2022,29,318,365,79,50,16,1,12,122,39,33.4,10.7,".248",".418",".340","0.758","0.170","133","939","257","1486",".239",".481",".333",".352","-0.063","-0.019","92.4","12.3",34.8,16.2,56.1,"103.966730202","96.76614",76.8,32.5,52.9,47.1,67.5,37.5,51.3,"26.5"
"Machín, Vimael",605353,2022,28,223,253,49,36,12,0,1,47,25,18.6,9.9,".220",".287",".300","0.587","0.067","64","627","68","1002",".243",".363",".268",".307","-0.076","-0.039","89.3","10.2",36.3,3.9,39.1,"98.588009667","93.53259419",65.5,10.2,34,66,89.8,17.9,44.7,"25.7"
"Castro, Harold",605612,2022,28,420,443,114,84,21,2,7,79,17,17.8,3.8,".271",".381",".300","0.681","0.110","160","1136","144","1660",".272",".433",".297",".317","-0.052","-0.020","87","11.4",41.6,6.1,33.3,"97.109259586","92.622759201",69.3,13.5,30.1,69.9,86.5,20,53.7,"26.3"
"Arcia, Orlando",606115,2022,27,209,234,51,33,9,0,9,51,21,21.8,9,".244",".416",".316","0.732","0.172","87","576","100","920",".248",".433",".321",".330","-0.017","-0.009","90.7","11.7",30,7.5,42.5,"100.210780633","94.636873734",63.5,16.1,51.1,48.9,83.9,27.3,44.7,"26.4"
"Tapia, Raimel",606132,2022,28,411,433,109,79,20,3,7,81,16,18.7,3.7,".265",".380",".292","0.672","0.115","156","1107","157","1578",".256",".376",".293",".288",".004",".005","87.6","4",27.5,5.1,38,"99.701438303","93.926071212",70.2,14,32.4,67.6,86,21.5,55.4,"28.2"
"Aquino, Aristides",606157,2022,28,259,276,51,28,13,0,10,101,17,36.6,6.2,".197",".363",".246","0.609","0.166","94","734","204","1093",".183",".329",".267",".248",".034",".019","85.6","17.4",27.2,8.4,34.6,"99.168037143","93.584018571",76.8,27.2,55.9,44.1,72.8,37.9,56.6,"28.7"
"Hernández, Teoscar",606192,2022,29,499,535,133,72,35,1,25,152,34,28.4,6.4,".267",".491",".316","0.807","0.224","245","1348","313","2082",".263",".523",".348",".356","-0.032","-0.008","92.6","11.6",36.3,15,53.3,"103.420419483","96.496717867",69,25,56.1,43.9,75,35.1,48.8,"28.6"
"Marte, Ketel",606466,2022,28,492,558,118,62,42,2,12,101,55,18.1,9.9,".240",".407",".321","0.728","0.167","200","1341","171","2159",".247",".388",".317",".317",".019",".000","90.1","13.5",31.6,6.1,41.9,"101.202754619","94.845027056",65.9,16.3,30.1,69.9,83.7,20.7,46.1,"27.0"
"Haase, Eric",606992,2022,29,323,351,82,50,17,1,14,97,24,27.6,6.8,".254",".443",".305","0.748","0.189","143","912","211","1376",".238",".412",".322",".304",".031",".018","87.7","17",32.3,8.8,42.4,"100.507001491","94.311526476",70.5,23.3,48.9,51.1,76.7,32.8,51.4,"27.9"
"Nimmo, Brandon",607043,2022,29,580,673,159,106,30,7,16,116,71,17.2,10.5,".274",".433",".367","0.800","0.159","251","1722","206","2781",".254",".405",".353",".337",".028",".016","89.4","6.1",28.1,7.1,39.8,"100.251301732","94.354698482",64.9,13.8,38.3,61.7,86.2,19.6,43.8,"28.6"
"Peterson, Jace",607054,2022,32,288,328,68,44,14,2,8,85,33,25.9,10.1,".236",".382",".316","0.698","0.146","110","901","125","1420",".233",".383",".306",".307","-0.001","-0.001","88.6","9.7",33.7,7.2,36.1,"98.360158137","93.264631576",57.8,17,51.5,48.5,83,26.7,40.9,"28.5"
"Turner, Trea",607208,2022,29,652,708,194,130,39,4,21,131,45,18.5,6.4,".298",".466",".343","0.809","0.168","304","1779","330","2720",".275",".446",".350",".338",".020",".012","88.9","10.2",35.3,7.6,41.6,"100.188198893","94.238854962",72.4,15.5,46.3,53.7,84.5,26.3,51.2,"30.3"
"Stallings, Jacob",607732,2022,32,346,384,77,61,12,0,4,83,29,21.6,7.6,".223",".292",".292","0.584","0.069","101","942","126","1474",".221",".324",".265",".277","-0.032","-0.012","86.7","12.9",33.5,3.4,32.3,"96.725527727","92.385356023",61.9,12.5,46.2,53.8,87.5,22.7,43.7,"23.7"
"Ramírez, José",608070,2022,29,601,685,168,90,44,5,29,82,69,12,10.1,".280",".514",".355","0.869","0.234","309","1700","159","2742",".254",".427",".363",".325",".087",".038","87.7","20.7",33.7,6.6,36.9,"98.871944811","93.503434175",66.5,9.7,26.7,73.3,90.3,15.3,46.3,"28.5"
"Bregman, Alex",608324,2022,28,548,656,142,81,38,0,23,77,87,11.7,13.3,".259",".454",".366","0.820","0.195","249","1437","133","2521",".256",".442",".358",".357",".012",".001","88.9","19.5",36.2,7.3,37.8,"98.378645333","93.364139021",65.8,9.3,32.5,67.5,90.7,14.9,40.3,"26.6"
"Gallo, Joey",608336,2022,28,350,410,56,27,8,2,19,163,56,39.8,13.7,".160",".357",".280","0.637","0.197","125","1059","307","1725",".168",".398",".286",".302","-0.041","-0.016","89.6","23.8",29.3,17.6,50.5,"103.219150538","95.983145645",70.1,31.2,61.7,38.3,68.8,40.6,47.4,"27.2"
"Kelly, Carson",608348,2022,27,317,354,67,42,18,0,7,71,29,20.1,8.2,".211",".334",".282","0.616","0.123","106","906","109","1423",".225",".362",".275",".293","-0.028","-0.018","87.7","14.7",33.2,5.2,36.8,"98.3885","93.265690161",62.8,13.8,40.1,59.9,86.2,21.1,43.6,"25.7"
"Seager, Corey",608369,2022,28,593,663,145,87,24,1,33,103,58,15.5,8.7,".245",".455",".317","0.772","0.210","270","1441","296","2268",".278",".524",".331",".373","-0.069","-0.042","91.1","13.6",38.4,10.5,45.5,"101.598305628","95.219542252",80.8,14.9,54.7,45.3,85.1,26.5,54.5,"26.2"
"Winker, Jesse",608385,2022,28,456,547,100,71,15,0,14,103,84,18.8,15.4,".219",".344",".344","0.688","0.125","157","1299","174","2229",".247",".411",".313",".346","-0.067","-0.033","87.7","16.8",32,7.6,34.3,"98.674499266","93.339254492",68.1,14.2,40.3,59.7,85.8,19.9,43.3,"25.6"
"Mazara, Nomar",608577,2022,27,159,171,42,32,8,0,2,40,10,23.4,5.8,".264",".352",".316","0.668","0.088","56","455","76","714",".249",".369",".297",".297","-0.017",".000","86.1","17.6",35.3,4.2,32.8,"97.016111333","92.550589748",65.1,19.1,42,58,80.9,26.8,46.5,"26.3"
"Plawecki, Kevin",608700,2022,31,168,186,37,28,8,0,1,32,14,17.2,7.5,".220",".286",".286","0.572","0.066","48","454","61","698",".228",".316",".259",".275","-0.030","-0.016","89.3","11.4",28.3,0,37.7,"99.158922794","93.839090221",65,12.3,37.4,62.6,87.7,19.9,46.7,"24.8"
"Refsnyder, Rob",608701,2022,31,153,177,47,30,11,0,6,46,15,26,8.5,".307",".497",".384","0.881","0.190","76","461","66","732",".283",".493",".381",".378",".004",".003","89.9","13.1",49.1,10.9,44.5,"100.556991091","94.660920727",58.9,20.4,35.6,64.4,79.6,24.8,42.5,"27.1"
"Reynolds, Matt",608703,2022,31,244,272,60,46,10,1,3,78,26,28.7,9.6,".246",".332",".320","0.652","0.086","81","684","107","1080",".219",".330",".293",".283",".002",".010","90.2","5.6",36.5,3,42.4,"99.450327831","94.04816097",59.1,15.3,59.2,40.8,84.7,29.2,41.5,"27.4"
"Meneses, Joey",608841,2022,30,222,240,72,45,14,0,13,52,15,21.7,6.3,".324",".563",".367","0.930","0.239","125","621","90","938",".266",".478",".395",".337",".085",".058","91.4","9.5",39,9.9,47.1,"101.552249535","95.227615673",66.6,16.4,38.5,61.5,83.6,23.3,48.4,"25.8"
"Cordero, Franchy",614173,2022,27,242,275,53,27,17,1,8,92,28,33.5,10.2,".219",".397",".300","0.697","0.178","96","693","177","1091",".226",".419",".304",".317","-0.022","-0.013","89.7","12.7",39,12.3,45.5,"103.480728533","95.902442667",69.8,27.4,56.7,43.3,72.6,37.3,48.9,"28.6"
"Reyes, Franmil",614177,2022,26,438,473,97,64,17,2,14,157,30,33.2,6.3,".221",".365",".273","0.638","0.144","160","1188","294","1853",".202",".378",".280",".280","-0.013",".000","92","9.9",27.8,11.3,45.8,"102.075082606","95.415814488",68.4,25,63.9,36.1,75,37.1,47.8,"26.0"
"Torrens, Luis",620443,2022,26,151,166,34,29,2,0,3,50,12,30.1,7.2,".225",".298",".283","0.581","0.073","45","443","75","677",".239",".354",".261",".293","-0.056","-0.032","90.3","8.9",34,4.9,46.6,"99.276666863","94.392982059",66.5,15.8,57.1,42.9,84.2,26.7,47,"26.2"
"Swanson, Dansby",621020,2022,28,640,696,177,119,32,1,25,182,49,26.1,7,".277",".447",".329","0.776","0.170","286","1769","376","2751",".256",".479",".337",".342","-0.032","-0.005","90.2","15.7",37,10.8,46.3,"100.839209567","94.810341952",72.4,23.8,49.7,50.3,76.2,30.7,49.4,"28.4"
"Newman, Kevin",621028,2022,28,288,309,79,57,18,2,2,48,16,15.5,5.2,".274",".372",".316","0.688","0.098","107","727","66","1080",".260",".340",".303",".287",".032",".016","85.8","13.1",31.7,1.7,27.2,"96.298301429","92.167220464",64.8,9.1,29.8,70.2,90.9,15.8,48.1,"27.9"
"Taylor, Chris",621035,2022,31,402,454,89,51,25,3,10,160,44,35.2,9.7,".221",".373",".304","0.677","0.152","150","1237","362","1980",".195",".352",".298",".280",".021",".018","87.4","20.4",40.8,10.2,38,"98.711167025","93.447132946",75.1,32.4,66.1,33.9,67.6,39.9,49.9,"28.5"
"Correa, Carlos",621043,2022,27,522,590,152,105,24,1,22,121,61,20.5,10.3,".291",".467",".366","0.833","0.176","244","1518","208","2419",".268",".490",".362",".361","-0.023",".001","89.9","11.6",35.3,11.4,44.7,"101.992873251","95.284200765",63.5,15.3,36.6,63.4,84.7,22,44.4,"27.1"
"Phillips, Brett",621433,2022,28,201,225,29,18,6,0,5,94,16,41.8,7.1,".144",".249",".217","0.466","0.105","50","615","146","982",".159",".260",".213",".226","-0.011","-0.013","88.5","22.8",32.1,4.5,29.5,"97.432571887","92.851488396",63.9,33.6,57.7,42.3,66.4,39.4,44.5,"29.0"
"Taylor, Tyrone",621438,2022,28,373,405,87,46,21,3,17,102,22,25.2,5.4,".233",".442",".286","0.728","0.209","165","1018","183","1522",".236",".430",".314",".312",".012",".002","88","16.9",34.7,9.9,37.6,"99.154219632","93.742033346",68.9,15.7,50.2,49.8,84.3,26.5,50.9,"28.4"
"Buxton, Byron",621439,2022,28,340,382,76,32,13,3,28,116,34,30.4,8.9,".224",".526",".306","0.832","0.302","179","958","212","1529",".240",".521",".356",".359",".005","-0.003","92.9","21.4",34.2,16.4,50.2,"103.777473894","96.593327289",66.1,24.8,57.6,42.4,75.2,34.1,46.8,"29.1"
"Ward, Taylor",621493,2022,28,495,564,139,92,22,2,23,120,60,21.3,10.6,".281",".473",".360","0.833","0.192","234","1403","177","2297",".265",".488",".362",".363","-0.015","-0.001","90","15.8",41.8,12.4,42.9,"100.184571947","94.439550026",62.3,16.1,41.1,58.9,83.9,22.3,41.4,"28.4"
"Nido, Tomás",621512,2022,28,284,313,68,50,15,0,3,76,14,24.3,4.5,".239",".324",".276","0.600","0.085","92","746","201","1067",".235",".383",".265",".285","-0.059","-0.020","86.3","8.3",40.1,6.3,33.3,"97.78503301","92.921847902",81.5,28.8,43.8,56.3,71.2,34.4,60.5,"25.6"
"Wisdom, Patrick",621550,2022,30,469,534,97,44,28,0,25,183,53,34.3,9.9,".207",".426",".298","0.724","0.219","200","1401","340","2233",".188",".397",".316",".296",".029",".020","90.7","21",29.8,14.4,46.3,"102.164032394","95.695873993",70.6,26.3,62.3,37.7,73.7,36.5,48.1,"27.8"
"Wendle, Joey",621563,2022,32,347,371,90,62,24,1,3,50,15,13.5,4,".259",".360",".297","0.657","0.101","125","909","94","1281",".250",".344",".289",".280",".016",".009","87.5","3",27.9,1.7,36.2,"98.002213624","93.083673569",66.7,10.1,27.7,72.3,89.9,16.7,53.2,"27.3"
"Olson, Matt",621566,2022,28,616,699,148,70,44,0,34,170,75,24.3,10.7,".240",".477",".325","0.802","0.237","294","1806","360","2893",".243",".481",".344",".347","-0.004","-0.003","92.9","16.1",33.8,13.6,50.9,"103.665099911","96.545680491",73.9,23.3,41.3,58.7,76.7,28.9,49.5,"26.3"
"Duffy, Matt",622110,2022,31,228,247,57,47,8,0,2,50,17,20.2,6.9,".250",".311",".308","0.619","0.061","71","594","70","934",".236",".349",".279",".286","-0.038","-0.007","87.1","9.9",38.8,2.8,25.8,"96.07908618","92.086828814",64.1,11.8,49.1,50.9,88.2,21.8,45.7,"26.8"
"Margot, Manuel",622534,2022,27,336,363,92,68,18,2,4,68,24,18.7,6.6,".274",".375",".325","0.700","0.101","126","923","150","1397",".264",".363",".308",".301",".012",".007","89.5","10.2",30.9,3.7,37.9,"99.958428538","94.191039654",74.5,15.4,44.7,55.3,84.6,24.9,52.7,"27.9"
"Camargo, Johan",622666,2022,28,152,166,36,30,3,0,3,37,13,22.3,7.8,".237",".316",".297","0.613","0.079","48","461","68","718",".224",".314",".276",".269",".002",".007","86.4","11.6",37.1,2.6,27.6,"96.285072982","92.157890439",68.1,19.2,33.6,66.4,80.8,24.9,48.7,"24.8"
"Reyes, Victor",622682,2022,27,315,336,80,55,19,3,3,77,13,22.9,3.9,".254",".362",".289","0.651","0.108","114","896","165","1283",".261",".382",".284",".297","-0.020","-0.013","87.9","10.9",35.5,5,36.8,"98.899174333","93.571189707",71.7,24.9,30.7,69.3,75.1,27.3,56,"27.6"
"Mateo, Jorge",622761,2022,27,494,533,109,64,25,7,13,147,27,27.6,5.1,".221",".379",".267","0.646","0.158","187","1356","287","1982",".222",".356",".281",".276",".023",".005","86.8","14.8",35.5,6,32.7,"98.63578407","93.337279593",72.6,20.4,50.5,49.5,79.6,31.1,53.9,"30.1"
"Heineman, Tyler",623168,2022,31,157,174,34,26,8,0,0,17,8,9.8,4.6,".217",".268",".276","0.544","0.051","42","423","45","602",".247",".296",".248",".272","-0.028","-0.024","82.7","19.9",34,0,13.2,"92.651305672","90.496265038",73.8,9.8,26.9,73.1,90.2,15.3,55.3,"26.7"
"Velazquez, Andrew",623205,2022,27,322,349,63,46,8,0,9,119,15,34.1,4.3,".196",".304",".236","0.540","0.108","98","887","213","1320",".203",".331",".239",".253","-0.027","-0.014","88","8.2",33,6.6,34,"98.780373093","93.494339433",76.8,26.7,55.6,44.9,73.3,34.3,53.9,"29.1"
"Ramírez, Harold",623912,2022,27,403,435,121,91,24,0,6,72,19,16.6,4.4,".300",".404",".343","0.747","0.104","163","1103","202","1578",".276",".397",".327",".315",".007",".012","88.5","4.8",32.2,4.8,41.2,"101.050881737","94.664812126",72.6,16.5,39.3,60.7,83.5,25.5,56.4,"28.1"
"Santander, Anthony",623993,2022,27,574,647,138,81,24,0,33,122,55,18.9,8.5,".240",".455",".318","0.773","0.215","261","1686","228","2618",".255",".492",".336",".356","-0.037","-0.020","90.1","21.4",33.5,11.6,43.3,"101.330998114","94.979132939",65.6,13.7,34.8,65.2,86.3,21.5,47.7,"26.6"
"Alonso, Pete",624413,2022,27,597,685,162,95,27,0,40,128,67,18.7,9.8,".271",".518",".352","0.870","0.247","309","1586","251","2507",".258",".506",".366",".357",".012",".009","89.8","18.2",34.5,12.3,44.8,"102.849215397","95.616516548",70.9,15.7,38.1,61.9,84.3,24.2,49.9,"25.7"
"Arroyo, Christian",624414,2022,27,280,300,80,57,16,1,6,49,13,16.3,4.3,".286",".414",".322","0.736","0.128","116","715","101","1041",".291",".438",".319",".332","-0.024","-0.013","88.9","9.1",34.9,6.4,42.1,"100.637264188","94.490642232",77,9.7,39.4,60.6,90.3,20.5,57.5,"27.8"
"Biggio, Cavan",624415,2022,27,257,303,52,27,18,1,6,85,38,28.1,12.5,".202",".350",".318","0.668","0.148","90","777","121","1282",".192",".332",".302",".291",".018",".011","88.3","19.5",36.2,6.9,32.8,"97.288596395","92.82033538",62.5,18.8,54.9,45.1,81.2,25.9,40.3,"28.5"
"Frazier, Adam",624428,2022,30,541,602,129,100,22,4,3,73,46,12.1,7.6,".238",".311",".301","0.612","0.073","168","1437","132","2191",".262",".347",".274",".300","-0.036","-0.026","85.1","13.6",37.7,1.5,24.5,"95.048135872","91.524067936",68.5,9.1,27.2,72.8,90.9,14.4,48.7,"26.8"
"Trevino, Jose",624431,2022,29,335,353,83,59,12,1,11,62,15,17.6,4.2,".248",".388",".283","0.671","0.140","130","887","119","1259",".235",".368",".293",".280",".020",".013","87.9","13",31,5.2,35,"98.396823259","93.244987844",60.7,14.7,30.2,69.8,85.3,21.1,50,"25.1"
"Gordon, Nick",624503,2022,26,405,443,110,69,28,4,9,105,19,23.7,4.3,".272",".427",".316","0.743","0.155","173","1081","224","1550",".259",".479",".321",".336","-0.052","-0.015","90.6","12.5",36.6,9.4,44.7,"99.949105229","94.408223268",78.8,20.3,44.1,55.9,79.7,28,59.4,"27.8"
"McGuire, Reese",624512,2022,27,249,274,67,49,14,1,3,56,12,20.4,4.4,".269",".369",".307","0.676","0.100","92","673","80","967",".234",".335",".297",".270",".034",".027","87","14.1",33.2,2.5,29.7,"96.374747396","92.217287539",66.1,11,37,63,89,21,51.7,"26.0"
"Soler, Jorge",624585,2022,30,270,306,56,30,13,0,13,90,31,29.4,10.1,".207",".400",".295","0.695","0.193","108","776","167","1276",".225",".449",".305",".329","-0.049","-0.024","91.2","13.7",33.1,12.2,43.6,"103.631341","96.127923222",69.4,22.9,51.4,48.6,77.1,31.5,46,"27.0"
"Sosa, Edmundo",624641,2022,26,176,190,40,23,11,4,2,50,5,26.3,2.6,".227",".369",".275","0.644","0.142","65","478","98","653",".240",".363",".282",".287",".006","-0.005","86.8","11.4",34.4,5.5,29.7,"97.432853438","92.759540157",69.8,17.1,51.3,48.7,82.9,31.4,57.1,"29.4"
"Hernandez, Yadiel",628450,2022,34,305,327,82,57,16,0,9,74,19,22.6,5.8,".269",".410",".312","0.722","0.141","125","854","172","1303",".245",".423",".315",".315","-0.013",".000","88.8","3.5",35.6,8.7,42.1,"98.936412348","93.716495522",72.9,23.5,42.5,57.5,76.5,29.5,51.5,"25.6"
"Cronenworth, Jake",630105,2022,28,587,684,140,89,30,4,17,131,70,19.2,10.2,".239",".390",".332","0.722","0.151","229","1684","169","2665",".218",".366",".318",".304",".024",".014","87.6","18.2",32.3,5.6,34.1,"97.917362826","93.091918039",60,11.4,37.9,61.7,88.6,18,41.8,"28.2"
"Pinder, Chad",640461,2022,30,361,379,85,55,18,0,12,118,14,31.1,3.7,".235",".385",".263","0.648","0.150","139","955","230","1437",".234",".385",".281",".280",".000",".001","87.5","9.7",33.3,6.6,40.7,"100.06829876","94.061727355",75.3,27.1,52.8,47.2,72.9,34.5,52.9,"25.9"
"Azócar, José",640492,2022,26,202,216,52,40,9,3,0,44,12,20.4,5.6,".257",".332",".298","0.630","0.075","67","521","86","768",".243",".330",".278",".278",".002",".000","88.3","9.4",31.3,2.5,30.6,"97.407050789","92.782399276",76,17.1,35.8,64.2,82.9,24.1,55.7,"29.4"
"Anderson, Tim",641313,2022,29,332,351,100,81,13,0,6,55,14,15.7,4,".301",".395",".339","0.734","0.094","131","802","126","1145",".298",".450",".323",".342","-0.055","-0.019","88.2","3.3",37.5,5.8,41.2,"98.957560507","93.5528044",75.8,15.5,36.1,63.9,84.5,23.2,57.9,"28.4"
"Bellinger, Cody",641355,2022,26,504,550,106,57,27,3,19,150,38,27.3,6.9,".210",".389",".265","0.654","0.179","196","1481","253","2301",".211",".367",".284",".281",".022",".003","89.4","20.3",34.4,8.4,38.1,"98.149983833","93.243694234",68.2,22.4,37.4,62.6,77.6,27.2,49.9,"28.1"
"Crawford, J.P.",641487,2022,27,518,603,126,93,24,3,6,80,68,13.3,11.3,".243",".336",".339","0.675","0.093","174","1486","123","2477",".256",".346",".306",".318","-0.010","-0.012","85.1","8.9",32.4,2,29.7,"96.663647706","92.35483867",61.9,9.2,29.6,70.4,90.8,14.3,41.3,"26.9"
"Delay, Jason",641511,2022,27,155,167,33,26,6,0,1,50,9,29.9,5.4,".213",".271",".265","0.536","0.058","42","453","96","653",".199",".253",".243",".230",".018",".013","84.9","15.7",31.1,1.9,28.3,"95.000275094","91.571062286",74.6,23.3,52,48,76.7,31.2,54.5,"26.1"
"Dozier, Hunter",641531,2022,30,462,500,109,67,26,4,12,125,34,25,6.8,".236",".387",".292","0.679","0.151","179","1248","261","1938",".242",".401",".298",".306","-0.014","-0.008","88.5","13.1",33.1,7.7,38.5,"99.977574226","94.108179224",71.4,14.7,55.3,44.7,85.3,29.2,50.6,"27.9"
"Engel, Adam",641553,2022,30,245,260,55,39,13,1,2,76,11,29.2,4.2,".224",".310",".269","0.579","0.086","76","640","139","992",".220",".293",".256",".249",".017",".007","87.9","15",30.8,1.8,33.1,"98.589188571","93.376579521",67.8,23.5,57.3,42.7,76.5,33.8,47.4,"29.1"
"Fraley, Jake",641584,2022,27,216,247,56,35,9,0,12,54,26,21.9,10.5,".259",".468",".344","0.812","0.209","101","601","99","985",".249",".423",".352",".333",".045",".019","85.1","13.8",33.5,7.4,27.6,"96.829050864","92.417868519",68.7,15.8,45.7,54.3,84.2,24.1,45.9,"27.9"
"Garver, Mitch",641598,2022,31,188,215,39,22,7,0,10,53,23,24.7,10.7,".207",".404",".298","0.702","0.197","76","586","90","943",".222",".423",".308",".324","-0.019","-0.016","88.9","18.4",37.2,8.8,38.7,"99.517286232","93.963293942",61.5,19.7,42,58,80.3,25.3,42.3,"26.4"
"Guillorme, Luis",641645,2022,27,297,335,81,66,12,1,2,46,34,13.7,10.1,".273",".340",".351","0.691","0.067","101","866","59","1373",".254",".344",".311",".304","-0.004",".007","86.2","4.3",35.6,2.4,24.9,"95.53920878","91.784068496",57.7,9,27.2,72.8,91,13.5,40.6,"25.9"
"Hampson, Garrett",641658,2022,27,199,226,42,30,7,3,2,63,21,27.9,9.3,".211",".307",".287","0.594","0.096","61","569","87","886",".203",".301",".267",".265",".006",".002","86.5","10.2",29.8,4.3,27.7,"96.783443077","92.495778992",60.2,15.8,47.1,52.9,84.2,25.4,44.4,"29.4"
"Heim, Jonah",641680,2022,27,406,450,92,55,20,1,16,87,41,19.3,9.1,".227",".399",".298","0.697","0.172","162","1137","165","1759",".220",".370",".306",".292",".029",".014","89.3","17",29.6,6.9,39.9,"99.379567107","93.916796887",73.1,15.7,34.8,65.2,84.3,21.4,50.8,"26.0"
"Leblanc, Charles",641779,2022,26,156,169,41,27,10,0,4,53,12,31.4,7.1,".263",".404",".320","0.724","0.141","63","440","69","699",".216",".377",".318",".287",".027",".031","87.3","16.9",36.9,8.7,32,"98.569849412","93.395520588",62.5,13.3,53,47,86.7,26.1,44.3,"28.0"
"Mancini, Trey",641820,2022,30,519,587,124,82,23,1,18,135,53,23,9,".239",".391",".319","0.710","0.152","203","1517","279","2368",".244",".438",".312",".335","-0.047","-0.023","89.5","12.7",39.6,9.8,40.4,"100.078586134","94.256654381",67.3,18.5,45.7,54.3,81.5,27.4,48.1,"25.6"
"McMahon, Ryan",641857,2022,27,529,597,130,84,23,3,20,158,60,26.5,10.1,".246",".414",".327","0.741","0.168","219","1595","277","2559",".244",".435",".326",".333","-0.021","-0.007","91.7","10.8",36.4,10.5,46.5,"102.094383676","95.689199432",63.4,20.8,47.9,52.1,79.2,28.2,45.2,"25.8"
"Neuse, Sheldon",641914,2022,27,271,293,58,48,4,2,4,80,20,27.3,6.8,".214",".288",".273","0.561","0.074","78","767","144","1160",".214",".300",".253",".258","-0.012","-0.005","89.1","1.5",23,3.2,38.2,"98.983222447","93.674738289",70.1,15.8,52.2,47.8,84.2,27.2,50.7,"26.4"
"O'Neill, Tyler",641933,2022,27,334,383,76,50,11,1,14,103,38,26.9,9.9,".228",".392",".308","0.700","0.164","131","993","190","1594",".233",".430",".307",".329","-0.038","-0.022","89.8","13.6",36.6,11.4,43.3,"101.028153782","94.805530169",68.2,23.4,49.3,50.7,76.6,30.9,46.3,"29.7"
"Smith, Dominic",642086,2022,27,134,152,26,15,10,1,0,37,12,24.3,7.9,".194",".284",".276","0.560","0.090","38","361","58","577",".220",".375",".254",".298","-0.091","-0.044","89.6","10.9",28.3,7.1,46.5,"99.660695","94.216232222",67,15.3,50.6,49.4,84.7,26,45.4,"26.3"
"Tellez, Rowdy",642133,2022,27,529,599,116,58,23,0,35,121,62,20.2,10.4,".219",".461",".306","0.767","0.242","244","1504","206","2392",".249",".492",".327",".351","-0.031","-0.024","91.1","15.3",31.4,12.9,46,"102.553838927","95.690567213",61.1,16.3,39.7,60.3,83.7,23.8,43.5,"24.0"
"VanMeter, Josh",642165,2022,27,171,192,32,22,5,2,3,45,19,23.4,9.9,".187",".292",".266","0.558","0.105","50","498","54","804",".224",".351",".251",".292","-0.059","-0.041","88.1","14.3",37.5,4.7,33.6,"97.489094531","92.863354961",54.6,14,50,50,86,20.1,36.4,"26.1"
"Wade, Tyler",642180,2022,27,147,163,32,26,5,0,1,33,10,20.2,6.1,".218",".272",".272","0.544","0.054","40","397","39","628",".218",".286",".247",".254","-0.014","-0.007","83.9","11.5",37,1.7,16,"93.738133673","91.012158454",67.6,13.8,40.5,59.5,86.2,20.9,47.1,"29.1"
"Mejía, Francisco",642336,2022,26,289,299,70,42,22,0,6,65,7,21.7,2.3,".242",".381",".264","0.645","0.139","110","819","135","1094",".240",".339",".279",".263",".042",".016","86.8","15.7",39.1,2.7,28,"96.324122655","92.181366356",72.9,15,33.9,66.1,85,23.6,61.2,"26.9"
"Siri, Jose",642350,2022,26,301,325,64,42,13,2,7,108,20,33.2,6.2,".213",".339",".268","0.607","0.126","102","858","205","1265",".207",".337",".268",".266",".002",".002","87.2","15.4",35.1,6.2,33,"99.295575789","93.653804368",69.3,26.8,50.8,49.2,73.2,35.9,51.7,"30.3"
"Rosario, Amed",642708,2022,26,637,670,180,134,26,9,11,111,25,16.6,3.7,".283",".403",".312","0.715","0.120","257","1677","228","2395",".274",".402",".311",".311",".001",".000","88.4","5",31.1,4.5,38.3,"99.690201132","93.991990529",67,15.4,29.8,70.2,84.6,21,53.1,"29.4"
"Adames, Willy",642715,2022,26,563,617,134,72,31,0,31,166,49,26.9,7.9,".238",".458",".298","0.756","0.220","258","1578","308","2466",".237",".469",".325",".329","-0.011","-0.004","88.9","18.9",36.4,13,43.6,"100.099002736","94.300793591",71.3,20.1,45.9,54.1,79.9,28.2,49.6,"27.8"
"Alcántara, Sergio",642727,2022,25,205,224,45,30,8,1,6,57,12,25.4,5.4,".220",".356",".261","0.617","0.136","73","608","79","942",".212",".301",".269",".250",".055",".019","86.6","13.5",32.5,1.9,32.5,"95.873264737","91.967081987",58.8,15.7,42.3,57.7,84.3,23.8,42.8,"27.7"
"Estrada, Thairo",642731,2022,26,488,541,127,89,22,2,14,89,33,16.5,6.1,".260",".400",".322","0.722","0.140","195","1279","164","1945",".246",".362",".317",".302",".038",".015","86.2","8.1",31.6,4.5,31.1,"97.092146345","92.54814231",67.3,12,36.4,63.6,88,20.3,49.2,"28.2"
"Wynns, Austin",642851,2022,31,162,177,42,32,7,0,3,38,10,21.5,5.6,".259",".358",".313","0.671","0.099","58","478","59","703",".217",".317",".298",".263",".041",".035","84.1","10.4",31.7,4,27,"96.162621587","92.1438544",54.5,13.5,40.6,59.4,86.5,22.9,43.5,"24.9"
"Benintendi, Andrew",643217,2022,27,461,521,140,109,23,3,5,77,52,14.8,10,".304",".399",".373","0.772","0.095","184","1181","165","1926",".269",".419",".342",".337","-0.020",".005","89.2","12.6",39.2,5.1,38.7,"98.21078057","93.391636347",73.3,18,29.5,70.5,82,20.7,48.2,"27.6"
"Cooper, Garrett",643265,2022,31,414,469,108,64,33,2,9,119,40,25.4,8.5,".261",".415",".337","0.752","0.154","172","1206","170","1861",".258",".454",".330",".345","-0.039","-0.015","89.6","8.8",39,10.7,43.7,"101.295185","94.99247689",61.1,16.7,41,59,83.3,25.1,45.2,"26.3"
"Dubón, Mauricio",643289,2022,27,244,266,52,38,9,0,5,31,13,11.7,4.9,".213",".311",".251","0.562","0.098","76","650","64","934",".243",".349",".247",".278","-0.038","-0.031","84.7","16.7",28.1,2.3,29.9,"96.436572294","92.243366359",72.8,12.2,21.5,79.1,87.8,15.4,55.7,"28.2"
"Jansen, Danny",643376,2022,27,215,248,56,31,10,0,15,44,25,17.7,10.1,".260",".516",".339","0.855","0.256","111","602","88","961",".260",".525",".364",".368","-0.009","-0.004","90.4","22.2",34.7,13.1,46.6,"101.172294886","95.039463314",67.6,16.6,40.2,59.8,83.4,21.8,45.3,"27.5"
"Kemp, Tony",643393,2022,30,497,558,117,84,24,2,7,69,45,12.4,8.1,".235",".334",".307","0.641","0.099","166","1347","110","2047",".222",".306",".287",".273",".028",".014","84.4","15",33.9,1.6,14.9,"93.050155144","90.545713639",68.2,9.1,23.2,76.8,90.9,13.4,48.9,"26.3"
"Kiner-Falefa, Isiah",643396,2022,27,483,531,126,102,20,0,4,72,35,13.6,6.6,".261",".327",".314","0.641","0.066","158","1282","82","1940",".261",".339",".285",".292","-0.012","-0.007","86.2","4.3",29.6,1.2,30.1,"96.614692718","92.355143236",57.9,6.1,21.6,78.4,93.9,11.3,44.7,"28.4"
"McNeil, Jeff",643446,2022,30,533,589,174,125,39,1,9,61,40,10.4,6.8,".326",".454",".382","0.836","0.128","242","1348","143","2065",".279",".399",".365",".326",".055",".039","86.9","12.8",39,2.7,30.2,"96.275278692","92.172015654",77.7,12.3,26,74,87.7,15.9,53.8,"27.4"
"Schwindel, Frank",643524,2022,30,271,292,62,43,11,0,8,58,19,19.9,6.5,".229",".358",".277","0.635","0.129","97","773","134","1138",".228",".364",".278",".281","-0.006","-0.003","88.1","10.2",31.6,4.7,35.5,"98.512789626","93.354396573",73.9,20.6,37.4,62.6,79.4,26.5,54.7,"25.6"
"Chang, Yu",644374,2022,26,168,190,35,25,6,0,4,59,16,31.1,8.4,".208",".315",".289","0.604","0.107","53","492","89","762",".207",".364",".273",".288","-0.049","-0.015","88.8","14.3",35.1,9,36.9,"99.67517875","93.930700901",67.6,19,52.7,47.3,81,29.3,47.5,"28.4"
"Albies, Ozzie",645277,2022,25,247,269,61,37,16,0,8,47,16,17.5,5.9,".247",".409",".294","0.703","0.162","101","693","116","1027",".238",".396",".305",".299",".013",".006","87.1","16.9",34.8,5.4,26.5,"96.497792157","92.315202794",81.2,14.9,33.2,66.8,85.1,22.9,58.2,"27.5"
"Robles, Victor",645302,2022,25,366,407,82,64,10,2,6,104,17,25.6,4.2,".224",".311",".273","0.584","0.087","114","955","186","1415",".206",".295",".260",".251",".016",".009","84.6","15.8",29.2,3.2,23.8,"96.221152581","92.171514939",73,18.4,49.8,50.2,81.6,27.7,53.8,"28.8"
"Devers, Rafael",646240,2022,25,555,614,164,94,42,1,27,114,50,18.6,8.1,".295",".521",".358","0.879","0.226","289","1463","310","2232",".280",".514",".373",".365",".007",".008","93.1","11.3",33.1,11.5,50.9,"103.784239231","96.704402472",76.4,22.2,39,61,77.8,28.2,54.6,"25.6"
"Naylor, Josh",647304,2022,25,449,498,115,67,28,0,20,80,38,16.1,7.6,".256",".452",".319","0.771","0.196","203","1129","160","1768",".250",".436",".331",".325",".016",".006","89.4","10.3",28.9,8.6,42.8,"101.054916237","94.744173602",72.8,12.7,32,68,87.3,19.5,51,"25.3"
"Toro, Abraham",647351,2022,25,324,352,60,36,13,1,10,65,22,18.5,6.3,".185",".324",".239","0.563","0.139","105","877","113","1340",".225",".376",".246",".284","-0.052","-0.038","87","16.7",31.2,6.8,29.7,"97.172547348","92.624451255",64.2,14.8,35.4,64.6,85.2,21.6,47.3,"28.0"
"Díaz, Aledmys",649557,2022,31,305,327,74,49,13,0,12,53,18,16.2,5.5,".243",".403",".287","0.690","0.160","123","766","126","1178",".260",".405",".301",".310","-0.002","-0.009","86.6","12.4",30.3,6.3,36.8,"99.127629206","93.589932143",74.4,16.3,35.8,64.2,83.7,22.7,52.4,"27.7"
"Urías, Luis",649966,2022,25,406,472,97,63,17,1,16,99,50,21,10.6,".239",".404",".335","0.739","0.165","164","1239","168","1974",".235",".410",".327",".328","-0.006","-0.001","87.3","18",34.3,8.4,35.3,"97.964867677","93.080449903",63.2,19.6,29.1,70.9,80.4,22.2,43.2,"26.4"
"Díaz, Lewin",650331,2022,25,160,174,27,18,4,0,5,54,11,31,6.3,".169",".287",".224","0.511","0.118","46","483","75","732",".166",".270",".228",".223",".017",".005","88.3","15.6",29.6,5.6,28.7,"97.258491481","92.70251037",60,19.5,39.8,60.2,80.5,27.2,46.2,"24.7"
"Arraez, Luis",650333,2022,25,547,603,173,133,31,1,8,43,50,7.1,8.3,".316",".420",".375","0.795","0.104","230","1485","56","2413",".289",".429",".350",".341","-0.009",".009","88.9","12.9",38.7,3.6,30.2,"96.195004348","92.276757036",63,5.6,10.5,89.5,94.4,7.1,42.9,"26.9"
"Jiménez, Eloy",650391,2022,25,292,327,86,58,12,0,16,72,28,22,8.6,".295",".500",".358","0.858","0.205","146","746","164","1178",".264",".534",".370",".370","-0.034",".000","92.8","7.4",31.7,14.7,54.9,"103.54562625","96.686543438",71.7,22.5,44.5,55.5,77.5,30.3,49.8,"25.7"
"Torres, Gleyber",650402,2022,25,526,572,135,82,28,1,24,129,39,22.6,6.8,".257",".451",".310","0.761","0.194","237","1422","267","2226",".242",".461",".328",".325","-0.010",".003","90.4","17.5",36.2,10.7,45.3,"100.5348042","94.660057845",71.9,22.2,39.8,60.2,77.8,27.2,49.6,"26.9"
"Castro, Willi",650489,2022,25,365,392,88,60,18,2,8,82,15,20.9,3.8,".241",".367",".284","0.651","0.126","134","1005","205","1440",".255",".344",".285",".288",".023","-0.003","84.8","13.9",35.5,3.5,31.4,"97.165751549","92.663004452",77.2,18.6,47.1,52.9,81.4,28.5,58.2,"28.3"
"Díaz, Yandy",650490,2022,30,473,558,140,98,33,0,9,60,78,10.8,14,".296",".423",".401","0.824","0.127","200","1280","115","2157",".284",".432",".366",".365","-0.009",".001","92.2","7.7",30.7,4.9,49,"103.107838195","96.208559878",63.6,9.6,28.8,71.2,90.4,14.3,41.3,"27.1"
"De La Cruz, Bryan",650559,2022,25,329,355,83,50,20,0,13,90,19,25.4,5.4,".252",".432",".294","0.726","0.180","142","901","173","1387",".285",".516",".313",".360","-0.084","-0.047","90.8","9.8",43.6,11.9,47.3,"101.407773607","95.226009918",70.7,21.3,42.8,57.2,78.7,28.7,49.2,"27.8"
"Rengifo, Luis",650859,2022,25,489,511,129,86,22,4,17,79,17,15.5,3.3,".264",".429",".294","0.723","0.165","210","1232","194","1818",".254",".403",".314",".299",".026",".015","86.9","9.9",31.1,5.4,33.6,"98.09743639","93.096324743",77.4,14.1,37.5,62.5,85.9,21.5,55.7,"27.9"
"Adams, Riley",656180,2022,26,142,155,25,16,4,0,5,46,12,29.7,7.7,".176",".310",".245","0.555","0.134","44","402","75","612",".198",".369",".249",".280","-0.059","-0.031","90.2","13.5",25,9.4,45.8,"101.327463958","94.837029368",58.6,18.6,47.3,52.7,81.4,30.1,45.6,"26.7"
"Chapman, Matt",656305,2022,29,538,621,123,68,27,1,27,170,68,27.4,11,".229",".433",".324","0.757","0.204","233","1587","276","2637",".233",".456",".331",".345","-0.023","-0.014","92.2","19",34,12.9,51.2,"102.906606237","96.223630699",64.4,24,44.7,55.3,76,28.7,41.7,"28.4"
"Chavis, Michael",656308,2022,26,401,426,92,59,16,3,14,126,19,29.6,4.5,".229",".389",".265","0.654","0.160","156","1064","222","1524",".215",".345",".282",".263",".044",".019","85.4","11.1",33,7.5,38.7,"99.520768345","93.803336787",76.8,20.8,50,50,79.2,30.8,57.7,"28.8"
"Hilliard, Sam",656541,2022,28,174,200,32,23,6,1,2,57,23,28.5,11.5,".184",".264",".280","0.544","0.080","46","522","125","870",".212",".370",".251",".304","-0.106","-0.053","92","13.4",27.7,9.2,48.7,"102.616565833","95.872595546",67.5,28.5,57.5,42.5,71.5,35.1,43.9,"28.7"
"Hoskins, Rhys",656555,2022,29,589,672,145,80,33,2,30,169,72,25.1,10.7,".246",".462",".332","0.794","0.216","272","1759","278","2897",".238",".465",".345",".342","-0.003",".003","90.1","18.1",37.3,11.1,44.3,"100.842284953","94.804616643",60.8,17.2,47.8,52.2,82.8,25.7,41.9,"25.9"
"Joe, Connor",656582,2022,29,404,467,96,65,20,4,7,97,55,20.8,11.8,".238",".359",".338","0.697","0.121","145","1180","135","1900",".240",".348",".314",".313",".011",".001","85.3","10.6",35.1,4.6,33.8,"97.624297516","92.833330754",58.5,14.5,39.9,60.1,85.5,21.2,40.4,"26.8"
"Luplow, Jordan",656669,2022,28,205,234,36,20,5,0,11,60,25,25.6,10.7,".176",".361",".274","0.635","0.185","74","627","128","1006",".198",".368",".281",".292","-0.007","-0.011","87.2","17.7",24,7.6,32.9,"97.877095068","92.98903131",72.3,22.1,52.4,47.6,77.9,29.9,47.9,"27.7"
"McKinstry, Zach",656716,2022,27,166,185,33,19,6,3,5,52,16,28.1,8.6,".199",".361",".273","0.634","0.162","60","516","62","791",".227",".345",".280",".288",".016","-0.008","86.4","12.9",41.4,4.3,30.2,"96.760488421","92.451668761",66.2,13,38.8,61.2,87,21.1,46.6,"28.3"
"Mullins, Cedric",656775,2022,27,608,672,157,105,32,4,16,126,47,18.8,7,".258",".403",".318","0.721","0.145","245","1626","227","2460",".229",".358",".315",".289",".045",".026","88.8","17.4",29.3,4.9,37.3,"98.895231356","93.569582691",71.4,16.7,36.4,63.6,83.3,22.2,51.3,"28.5"
"Rivera, Emmanuel",656896,2022,26,330,359,77,46,16,3,12,83,23,23.1,6.4,".233",".409",".292","0.701","0.176","135","867","145","1324",".234",".418",".306",".309","-0.009","-0.003","90.4","9.8",32.3,9.3,38.3,"99.960196371","94.242469274",72.7,16,50.3,49.7,84,25.8,50.1,"26.9"
"Schwarber, Kyle",656941,2022,29,577,669,126,56,21,3,46,200,86,29.9,12.9,".218",".504",".323","0.827","0.286","291","1726","300","2878",".234",".559",".355",".379","-0.055","-0.024","93.3","19.2",35.4,20.1,54.4,"104.793857287","97.247555372",60.8,22.7,47,53,77.3,29.4,40.6,"26.4"
"Smith, Pavin",656976,2022,26,245,277,54,36,9,0,9,67,28,24.2,10.1,".220",".367",".300","0.667","0.147","90","686","79","1109",".212",".380",".294",".301","-0.013","-0.007","87.9","15.2",28.7,9.9,35.9,"98.397917802","93.251592099",56,13.7,39.1,60.9,86.3,21.7,39.5,"26.6"
"Thomas, Lane",657041,2022,26,498,548,120,75,26,2,17,132,41,24.1,7.5,".241",".404",".301","0.705","0.163","201","1422","173","2204",".222",".371",".308",".291",".033",".017","86.4","12.5",32.6,6.5,34.5,"98.449522283","93.255458474",61.5,14.6,37,63,85.4,21.1,44.1,"29.4"
"Verdugo, Alex",657077,2022,26,593,644,166,115,39,1,11,86,42,13.4,6.5,".280",".405",".328","0.733","0.125","240","1595","140","2490",".275",".443",".319",".332","-0.038","-0.013","89.1","8.4",37.8,6,38.2,"99.112574241","93.706486823",64.1,9.6,32,68,90.4,15.5,45.3,"26.8"
"DeJong, Paul",657557,2022,28,210,237,33,18,9,0,6,79,21,33.3,8.9,".157",".286",".245","0.531","0.129","60","621","141","977",".183",".344",".241",".272","-0.058","-0.031","87.6","21.7",25.6,9.8,37.6,"99.542111493","93.858530902",70.6,26.4,56.4,43.6,73.6,35.2,48.8,"27.7"
"Laureano, Ramón",657656,2022,27,346,383,73,42,18,0,13,104,25,27.2,6.5,".211",".376",".287","0.663","0.165","130","983","186","1514",".217",".411",".294",".308","-0.035","-0.014","88.7","14.9",28.9,11.6,38.4,"100.041538347","94.16358876",64.2,20.1,52.7,47.3,79.9,30.3,46.4,"27.6"
"Sheets, Gavin",657757,2022,26,377,410,91,57,19,0,15,86,27,21,6.6,".241",".411",".295","0.706","0.170","155","1110","153","1699",".221",".365",".308",".284",".046",".024","88.6","14.8",32.3,6.5,36.1,"98.93534363","93.559241787",63.8,15.5,33.1,66.9,84.5,21.9,47.7,"26.6"
"Olivares, Edward",658668,2022,26,161,174,46,34,8,0,4,36,10,20.7,5.7,".286",".410",".333","0.743","0.124","66","458","80","689",".290",".448",".326",".345","-0.038","-0.019","89.2","6.6",34.9,6.3,38.9,"99.966220794","94.23725184",70.4,17.9,39,61,82.1,24.9,51.2,"28.6"
"Moncada, Yoán",660162,2022,27,397,433,84,53,18,1,12,114,32,26.3,7.4,".212",".353",".273","0.626","0.141","140","1105","199","1725",".217",".389",".275",".291","-0.036","-0.016","88.7","15.7",35.1,9.9,37.5,"99.519949858","93.912687082",66.1,18.5,50,50,81.5,27.8,47.1,"27.4"
"Ohtani, Shohei",660271,2022,27,586,666,160,90,30,6,34,161,72,24.2,10.8,".273",".519",".356","0.875","0.246","304","1600","303","2546",".274",".569",".370",".387","-0.050","-0.017","92.9","12.1",35,16.9,49.8,"103.823624272","96.520363788",72.1,23.1,39.8,60.2,76.9,28.1,49.3,"28.2"
"Tsutsugo, Yoshi",660294,2022,30,170,193,29,23,4,0,2,50,19,25.9,9.8,".171",".229",".249","0.478","0.058","39","536","71","861",".194",".297",".221",".257","-0.068","-0.036","88.8","10.1",32.3,5.6,36.3,"98.366657419","93.35715629",64.9,13.7,40.5,59.5,86.3,21.9,44,"26.1"
"Castillo, Diego",660636,2022,24,262,283,54,30,13,0,11,75,14,26.5,4.9,".206",".382",".251","0.633","0.176","100","765","121","1149",".224",".405",".272",".296","-0.023","-0.024","89.1","14.6",37.7,9.9,38.7,"98.736440729","93.490571675",57.1,18.7,42.3,57.7,81.3,26.9,43.7,"27.3"
"Bruján, Vidal",660644,2022,24,147,162,24,16,5,0,3,37,12,22.8,7.4,".163",".259",".228","0.487","0.096","38","396","52","612",".190",".272",".220",".241","-0.013","-0.021","86.1","14.2",30.4,2.7,27.7,"96.400896071","92.213595893",71.3,14.1,34,66,85.9,20.7,50.5,"28.5"
"Acuña Jr., Ronald",660670,2022,24,467,533,124,85,24,0,15,126,53,23.6,9.9,".266",".413",".351","0.764","0.147","193","1335","226","2162",".270",".496",".335",".368","-0.083","-0.033","91.2","10.8",32.8,12.9,49.7,"103.759318129","96.440064282",73.4,19.5,40,60,80.5,24.9,47.9,"28.5"
"Ruiz, Keibert",660688,2022,23,394,433,99,70,22,0,7,50,30,11.5,6.9,".251",".360",".313","0.673","0.109","142","1002","98","1538",".275",".414",".299",".329","-0.054","-0.030","88","14.9",36.3,3.8,32.3,"97.283247895","92.718755058",72,8.9,27.7,72.3,91.1,14.9,50.9,"25.3"
"Montero, Elehuris",660707,2022,23,176,185,41,19,15,1,6,60,8,32.4,4.3,".233",".432",".270","0.702","0.199","76","464","102","674",".209",".342",".303",".258",".090",".045","89.8","13.2",34.5,8.6,39.7,"100.524698276","94.381819741",70,21.7,60.3,39.7,78.3,35.5,52.2,"26.9"
"Gonzalez, Oscar",660757,2022,24,362,382,107,69,27,0,11,75,15,19.6,3.9,".296",".461",".327","0.788","0.165","167","1009","187","1409",".279",".438",".339",".325",".023",".014","88.6","5.4",32.5,7.3,40.1,"101.045260903","94.682138153",74.2,18,38.4,61.6,82,26.7,59.3,"28.8"
"Yepez, Juan",660766,2022,24,253,274,64,39,13,0,12,61,16,22.3,5.8,".253",".447",".296","0.743","0.194","113","697","126","1035",".216",".414",".319",".292",".033",".027","86.5","17.1",33.2,9.2,33.7,"98.66909102","93.337373827",73.8,16.3,43.8,56.2,83.7,26.1,54.5,"26.8"
"Sánchez, Jesús",660821,2022,24,313,343,67,37,14,3,13,92,26,26.8,7.6,".214",".403",".280","0.683","0.189","126","880","156","1391",".220",".390",".298",".296",".013",".002","89.5","11",25.7,9.9,40.5,"101.710457117","95.181364706",66.7,18.8,47.4,52.6,81.2,29.6,47.8,"27.3"
"Contreras, William",661388,2022,24,334,376,93,58,14,1,20,104,39,27.7,10.4,".278",".506",".354","0.860","0.228","169","962","205","1546",".236",".482",".370",".343",".024",".027","90.4","6.1",31.9,13.4,46.6,"102.334962328","95.58762026",62.9,25.8,50.2,49.8,74.2,34.3,44.6,"27.0"
"Serven, Brian",661531,2022,27,187,205,38,27,4,1,6,44,13,21.5,6.3,".203",".332",".261","0.593","0.129","62","542","101","796",".214",".311",".263",".262",".021",".001","84.5","12.5",32.9,2.8,29.5,"96.245205139","92.177853427",72.8,21.1,38.7,61.3,78.9,27.2,54.5,"26.4"
"Varsho, Daulton",662139,2022,25,531,592,125,72,23,3,27,145,46,24.5,7.8,".235",".443",".302","0.745","0.208","235","1543","257","2321",".213",".401",".323",".301",".042",".022","87.7","14.9",33.6,10.3,35.6,"99.211725904","93.6867316",69.2,20.6,36.8,63.2,79.4,25.3,50.6,"28.0"
"Nootbaar, Lars",663457,2022,24,290,347,66,33,16,3,14,71,51,20.5,14.7,".228",".448",".340","0.788","0.220","130","825","118","1389",".246",".432",".342",".352",".016","-0.010","91.7","10.7",30.4,12.1,46,"101.790400273","95.340542192",58.7,19.3,35.8,64.2,80.7,23.9,39.2,"28.2"
"Nevin, Tyler",663527,2022,25,157,184,31,25,4,0,2,46,20,25,10.9,".197",".261",".299","0.560","0.064","41","491","82","793",".214",".329",".261",".293","-0.068","-0.032","87.3","17.7",34.2,3.5,37.7,"98.356865263","93.376842655",68.9,18.6,49,51,81.4,26.8,45.6,"25.7"
"Hoerner, Nico",663538,2022,25,481,517,135,98,22,5,10,57,28,11,5.4,".281",".410",".327","0.737","0.129","197","1232","105","1831",".275",".386",".320",".309",".024",".011","87.2","10.6",32.4,2.6,33.5,"97.678971875","92.920531108",65.2,7.2,27,73,92.8,14.2,49.2,"29.1"
"Riley, Austin",663586,2022,25,615,693,168,89,39,2,38,168,57,24.2,8.2,".273",".528",".349","0.877","0.255","325","1685","332","2641",".271",".558",".377",".385","-0.030","-0.008","92.5","12.9",37.7,15.7,50.8,"104.398300222","96.785171533",75.2,18.7,47.7,52.3,81.3,27.6,51.5,"27.8"
"Madrigal, Nick",663611,2022,25,209,228,52,45,7,0,0,27,14,11.8,6.1,".249",".282",".305","0.587","0.033","59","584","29","871",".259",".317",".267",".287","-0.035","-0.020","85.9","-0.2",26.6,0,24.6,"94.969870795","91.48588483",59.7,6.2,19.2,80.8,93.8,10.3,44.5,"27.4"
"Larnach, Trevor",663616,2022,25,160,180,37,19,13,0,5,57,18,31.7,10,".231",".406",".306","0.712","0.175","65","442","108","724",".225",".450",".309",".324","-0.044","-0.015","90.1","13.1",36.2,11.4,43.8,"101.431611321","95.113861143",59.5,26.7,69.5,30.5,73.3,40.2,41.6,"27.0"
"Mountcastle, Ryan",663624,2022,25,555,609,139,88,28,1,22,154,43,25.3,7.1,".250",".423",".305","0.728","0.173","235","1555","352","2340",".274",".522",".316",".363","-0.099","-0.047","91.3","15.9",39.5,15.1,46.3,"101.941494208","95.335163391",79,21.9,42.9,57.1,78.1,29.8,56.2,"27.5"
"McKenna, Ryan",663630,2022,25,156,172,37,25,10,0,2,55,11,32,6.4,".237",".340",".294","0.634","0.103","53","408","93","597",".208",".338",".279",".267",".002",".012","86.7","15.4",37.5,9.7,30.1,"97.3643112","92.729450101",72.3,26.8,60.3,39.7,73.2,35,52.6,"29.2"
"Hayes, Ke'Bryan",663647,2022,25,505,560,123,89,24,3,7,122,48,21.8,8.6,".244",".345",".314","0.659","0.101","174","1396","163","2227",".246",".363",".294",".304","-0.018","-0.010","91","5.2",30.6,3.9,46.8,"102.263213822","95.477046745",61.3,10.7,41.3,58.7,89.3,20.7,43.3,"27.9"
"Tucker, Kyle",663656,2022,25,544,609,140,81,28,1,30,95,59,15.6,9.7,".257",".478",".330","0.808","0.221","260","1408","214","2262",".263",".510",".348",".362","-0.032","-0.014","90","19",34.4,10.2,42.4,"100.332560357","94.468288036",80.3,13.5,39.5,60.5,86.5,20,52.7,"26.7"
"India, Jonathan",663697,2022,25,386,431,96,68,16,2,10,94,31,21.8,7.2,".249",".378",".327","0.705","0.129","146","1111","141","1732",".241",".367",".314",".306",".011",".008","85.1","14.5",36,4.8,28.8,"97.40599669","92.71951917",57,14.9,44.6,55.4,85.1,23.6,41.3,"27.7"
"Bart, Joey",663698,2022,25,261,291,56,39,6,0,11,112,26,38.5,8.9,".215",".364",".296","0.660","0.149","95","758","188","1161",".211",".379",".294",".298","-0.015","-0.004","87.3","16.3",32.2,10.1,43,"101.289725342","94.721199726",63.3,29,56,44,71,38,47.2,"27.2"
"Raleigh, Cal",663728,2022,25,370,415,78,30,20,1,27,122,38,29.4,9.2,".211",".489",".284","0.773","0.278","181","1046","237","1642",".214",".485",".330",".329",".004",".001","90.9","22.5",36,15.4,43.5,"101.200073622","95.046335375",77.8,24.1,49.1,50.9,75.9,32.1,52.6,"26.8"
"Fortes, Nick",663743,2022,25,217,240,50,34,6,1,9,45,18,18.8,7.5,".230",".392",".304","0.696","0.162","85","527","76","850",".249",".418",".308",".325","-0.026","-0.017","89.3","15.4",30.2,7.1,37.8,"99.460571882","93.908283529",64.7,14.4,43.6,56.4,85.6,22.9,44.7,"27.8"
"Grisham, Trent",663757,2022,25,451,524,83,48,16,2,17,150,57,28.6,10.9,".184",".341",".284","0.625","0.157","154","1339","199","2219",".203",".370",".280",".298","-0.029","-0.018","88.3","15.1",25.5,8.1,35.5,"99.46593125","93.84436934",56.1,19.6,44.7,55.3,80.4,26.2,38.7,"28.8"
"Vierling, Matt",663837,2022,25,325,357,80,60,12,2,6,70,23,19.6,6.4,".246",".351",".297","0.648","0.105","114","935","103","1404",".273",".409",".285",".325","-0.058","-0.040","91.2","12",35.2,5,47.1,"101.211212846","94.995167231",59.9,12,36.5,63.5,88,19.5,44.6,"29.5"
"Rivas III, Alfonso",663845,2022,25,251,287,59,49,5,2,3,87,29,30.3,10.1,".235",".307",".322","0.629","0.072","77","757","111","1208",".222",".319",".285",".285","-0.012",".000","86.9","4.9",34.7,4.2,35.3,"98.449898395","93.317647826",62,15.7,54.3,45.7,84.3,26.2,42,"26.3"
"Stephenson, Tyler",663886,2022,25,166,183,53,38,9,0,6,47,12,25.7,6.6,".319",".482",".372","0.854","0.163","80","454","72","732",".254",".397",".370",".316",".085",".054","87.1","11.1",46.3,6.6,34.7,"97.521469508","92.827161901",62.1,17.7,49.5,50.5,82.3,27,43.6,"26.6"
"Rodgers, Brendan",663898,2022,25,527,581,140,94,30,3,13,101,46,17.4,7.9,".266",".408",".325","0.733","0.142","215","1361","202","2112",".262",".413",".321",".326","-0.005","-0.005","90","4.6",31.3,7.2,45.9,"101.127645047","94.882864603",72.1,15.3,41.8,58.2,84.7,22.7,49.4,"26.7"
"Lowe, Nathaniel",663993,2022,26,593,645,179,123,26,3,27,147,48,22.8,7.4,".302",".492",".358","0.850","0.190","292","1649","262","2525",".273",".470",".368",".346",".022",".022","90.2","8.2",34.1,9.9,44.8,"101.963916216","95.317229707",74.1,17.9,43.3,56.7,82.1,24.9,52.2,"27.1"
"Happ, Ian",664023,2022,27,573,641,155,94,42,2,17,149,58,23.2,9,".271",".440",".342","0.782","0.169","252","1620","284","2572",".240",".398",".339",".313",".042",".026","89.7","10.9",29.2,6.6,40.4,"100.312408396","94.405566288",71.8,20.5,44.5,55.5,79.5,27.2,49,"27.9"
"France, Ty",664034,2022,27,551,613,151,103,27,1,20,94,35,15.3,5.7,".274",".436",".338","0.774","0.162","240","1443","189","2211",".260",".409",".337",".323",".027",".014","87.6","10",34.8,5.5,36.8,"99.035163319","93.565264683",75.9,9.8,39.2,60.8,90.2,19.3,52.5,"24.8"
"Lowe, Brandon",664040,2022,27,235,266,52,32,10,2,8,61,27,22.9,10.2,".221",".383",".308","0.691","0.162","90","638","159","1004",".229",".412",".306",".319","-0.029","-0.013","89.4","16.6",35.4,10.3,38.9,"99.918656897","94.284977069",77.9,23.6,57.8,42.2,76.4,33.5,53.3,"27.5"
"Bader, Harrison",664056,2022,28,292,313,73,55,10,3,5,62,15,19.8,4.8,".250",".356",".294","0.650","0.106","104","779","106","1187",".232",".333",".286",".272",".023",".014","83.4","16.7",28.4,3.4,26.3,"96.180596034","92.143730991",64.5,11,39.6,60.4,89,22.3,48,"29.1"
"Fletcher, David",664058,2022,28,216,228,55,43,9,1,2,16,7,7,3.1,".255",".333",".288","0.621","0.078","72","516","38","730",".286",".345",".275",".295","-0.012","-0.020","82.1","15",41.1,0,7.4,"91.09124866","89.628919691",60.5,6.8,25.5,74.5,93.2,12.2,48.4,"26.1"
"Haggerty, Sam",664059,2022,28,176,201,45,30,9,1,5,53,18,26.4,9,".256",".403",".335","0.738","0.147","71","483","91","735",".229",".336",".320",".285",".067",".035","86","13.6",32.5,4,24.6,"96.38917","92.207266333",71.7,21.6,44.7,55.3,78.4,28.2,49.3,"28.9"
"Moore, Dylan",664238,2022,29,205,255,46,27,11,2,6,75,34,29.4,13.3,".224",".385",".368","0.753","0.161","79","675","104","1133",".199",".377",".338",".327",".008",".011","87.2","20.7",39.4,12.9,36.4,"98.982847692","93.508799615",59.4,23,42.6,57.4,77,27.9,38.7,"28.3"
"Garlick, Kyle",664247,2022,30,150,162,35,23,3,0,9,48,8,29.6,4.9,".233",".433",".284","0.717","0.200","65","395","91","602",".229",".443",".311",".311","-0.010",".000","90.2","15.1",36.9,9.7,47.6,"101.399865577","95.232580777",64.4,24.7,54.4,45.6,75.3,35.2,48.7,"26.8"
"Lopez, Alejo",664670,2022,26,145,156,38,31,5,1,1,21,9,13.5,5.8,".262",".331",".314","0.645","0.069","48","376","40","571",".251",".337",".286",".284","-0.006",".002","83.8","9.3",37.9,0.8,20.2,"94.42221","91.277312397",72.7,11.2,28.6,71.4,88.8,16.3,50.6,"26.6"
"Straw, Myles",664702,2022,27,535,596,118,93,22,3,0,87,54,14.6,9.1,".221",".273",".291","0.564","0.052","146","1491","94","2360",".239",".316",".257",".281","-0.043","-0.024","87","9.8",34.1,0.7,26.5,"95.486124533","91.784236481",57.9,8.1,28.4,71.6,91.9,12.6,40.5,"29.3"
"Isbel, Kyle",664728,2022,25,256,278,54,35,10,4,5,75,16,27,5.8,".211",".340",".264","0.604","0.129","87","701","93","1074",".220",".334",".265",".269",".006","-0.004","89.7","10.6",30.4,4.9,44.6,"100.466422667","94.564799889",65,14.6,38.1,61.9,85.4,21.9,46.3,"28.0"
"Higgins, P.J.",664731,2022,29,201,229,46,28,11,1,6,58,22,25.3,9.6,".229",".383",".310","0.693","0.154","77","571","94","916",".208",".301",".306",".270",".082",".036","86","8.7",34.7,3.4,25.5,"95.709141571","91.886405683",61.6,15.2,53.2,46.8,84.8,27.6,43.1,"26.4"
"Bohm, Alec",664761,2022,25,586,631,164,124,24,3,13,110,31,17.4,4.9,".280",".398",".315","0.713","0.118","233","1512","213","2301",".287",".445",".310",".334","-0.047","-0.024","90.2","10.4",37.7,6.8,43,"100.649873374","94.552579815",72.1,16.1,31.8,68.2,83.9,21.1,51.2,"27.0"
"Wade Jr., LaMonte",664774,2022,28,217,251,45,29,7,1,8,51,26,20.3,10.4,".207",".359",".305","0.664","0.152","78","621","64","992",".216",".417",".298",".320","-0.058","-0.022","87.7","21.1",33.7,9.5,34.3,"98.05927131","93.112804491",67.1,11.8,34.4,65.6,88.2,18,44.8,"25.9"
"Zavala, Seby",664874,2022,28,178,205,48,32,14,0,2,64,19,31.2,9.3,".270",".382",".347","0.729","0.112","68","567","153","875",".209",".346",".323",".290",".036",".033","88.8","22.7",41.2,9.3,37,"98.11221069","93.374340172",77.3,26.6,62.1,37.9,73.4,37.6,53.5,"26.0"
"Brown, Seth",664913,2022,29,500,555,115,61,26,3,25,146,51,26.3,9.2,".230",".444",".305","0.749","0.214","222","1394","273","2198",".249",".472",".323",".342","-0.028","-0.019","89.2","15.8",34.9,13,41.4,"101.723429266","95.001222068",69.8,18,54.5,45.5,82,29.6,48.3,"27.8"
"McCarthy, Jake",664983,2022,24,321,354,91,64,16,3,8,76,23,21.5,6.5,".283",".427",".342","0.769","0.144","137","833","165","1263",".253",".374",".337",".305",".053",".032","87.4","8",32.5,4.8,33.3,"98.235931513","93.298753151",74.6,19.7,50.3,49.7,80.3,28,53.1,"30.1"
"Walsh, Jared",665120,2022,28,423,454,91,56,18,2,15,138,27,30.4,5.9,".215",".374",".269","0.643","0.159","158","1153","206","1746",".219",".383",".278",".282","-0.009","-0.004","90.1","10.7",34,9.5,42.5,"100.931193759","94.894355638",66.2,20.5,44.6,55.4,79.5,27.7,49.1,"25.9"
"Peña, Jeremy",665161,2022,24,521,558,132,88,20,2,22,135,22,24.2,3.9,".253",".426",".289","0.715","0.173","222","1367","290","2004",".251",".418",".309",".307",".008",".002","88.1","8.7",32.9,9.7,36.7,"99.803563646","93.99255276",75.3,15.3,54.7,45.3,84.7,29.7,55.2,"29.4"
"Celestino, Gilberto",665482,2022,23,311,347,74,59,12,1,2,77,32,22.2,9.2,".238",".302",".313","0.615","0.064","94","863","125","1384",".222",".303",".280",".275","-0.001",".005","87.3","-1.9",27.1,2.6,34.3,"98.33701431","93.262711767",65.7,17.2,43.2,56.8,82.8,23.4,44.5,"27.9"
"Guerrero Jr., Vladimir",665489,2022,23,638,706,175,108,35,0,32,116,58,16.4,8.2,".274",".480",".339","0.819","0.206","306","1665","275","2596",".276",".482",".351",".354","-0.002","-0.003","92.8","4.3",27.9,11.3,50.4,"105.507038582","97.328619789",71.5,16.2,41.3,58.7,83.8,24.4,49.7,"26.7"
"Pache, Cristian",665506,2022,23,241,260,40,30,5,2,3,70,15,26.9,5.8,".166",".241",".218","0.459","0.075","58","603","126","918",".228",".312",".207",".264","-0.071","-0.057","89.4","3.8",25.3,3.5,40.8,"100.207713059","94.45821355",73.5,21.2,57.6,42.4,78.8,31,50.5,"28.6"
"Soto, Juan",665742,2022,23,524,664,127,73,25,2,27,96,135,14.5,20.3,".242",".452",".401","0.853","0.210","237","1532","164","2765",".263",".516",".376",".403","-0.064","-0.027","91","9.1",28.5,12.4,47.4,"102.236934112","95.653888852",56.3,13.8,35.2,64.8,86.2,19.4,35.5,"26.6"
"Taveras, Leody",665750,2022,23,314,341,82,61,14,2,5,88,21,25.8,6.2,".261",".366",".309","0.675","0.105","115","834","148","1274",".226",".325",".297",".269",".041",".028","89.3","12",28.7,4.3,36.1,"99.307027387","93.803918054",68.1,18.3,48.8,51.2,82,28.5,49.2,"29.3"
"Cabrera, Oswaldo",665828,2022,23,154,171,38,23,8,1,6,44,15,25.7,8.8,".247",".429",".312","0.741","0.182","66","470","89","716",".219",".373",".322",".290",".056",".032","86.8","21.5",41.1,6.3,34.8,"97.586874909","92.793437455",73,17.5,45,55,82.5,26.9,52.4,"27.6"
"Cruz, Oneil",665833,2022,23,331,361,77,43,13,4,17,126,28,34.9,7.8,".233",".450",".294","0.744","0.217","149","910","184","1459",".217",".417",".320",".303",".033",".017","91.9","8.3",30.6,15.6,46.1,"104.662067282","96.683239073",52.9,20.1,56.7,43.3,79.9,35.4,40.5,"29.9"
"Chisholm Jr., Jazz",665862,2022,24,213,241,54,26,10,4,14,66,21,27.4,8.7,".254",".535",".325","0.860","0.281","114","604","124","950",".243",".491",".365",".350",".044",".015","90.4","15.5",37.3,16.8,46.7,"100.669336216","94.818931905",67.6,25.1,51.9,47.3,74.9,32.8,47.2,"29.3"
"Giménez, Andrés",665926,2022,23,491,557,146,100,26,3,17,112,34,20.1,6.1,".297",".466",".371","0.837","0.169","229","1398","251","2044",".259",".415",".364",".332",".051",".032","87.8","11.7",31.3,6.2,37.8,"99.022592","93.615976351",71,18.8,39,61,81.2,26.4,53.7,"29.3"
"Kirilloff, Alex",666135,2022,24,144,156,36,26,7,0,3,36,5,23.1,3.2,".250",".361",".290","0.651","0.111","52","406","52","614",".230",".383",".286",".285","-0.022",".001","89.3","6.1",28.2,6.4,45.5,"99.634929455","94.165907909",71.3,15,31.6,68.4,85,20.1,50.3,"27.6"
"Lowe, Josh",666139,2022,24,181,198,40,24,12,2,2,66,15,33.3,7.6,".221",".343",".284","0.627","0.122","62","539","112","851",".206",".339",".276",".268",".004",".008","88.3","11.4",47.4,5.2,37.1,"98.497331034","93.392541391",66.4,28.4,43.5,56.5,71.6,32.6,46.2,"28.9"
"Lux, Gavin",666158,2022,24,421,471,116,83,20,7,6,95,47,20.2,10,".276",".399",".346","0.745","0.123","168","1133","162","1844",".243",".382",".328",".315",".017",".013","88","6.8",34,6.1,39.8,"98.887037439","93.675126098",62.6,15,43.8,56.2,85,23.3,42.6,"28.8"
"Adell, Jo",666176,2022,23,269,286,60,38,12,2,8,108,11,37.8,3.8,".223",".372",".263","0.635","0.149","100","791","199","1176",".194",".319",".277",".248",".053",".029","87.4","16.7",33.3,9.9,37.7,"99.589186914","93.836446584",70.2,30.3,48.1,51.9,69.7,36.3,52,"29.7"
"Bichette, Bo",666182,2022,24,652,697,189,121,43,1,24,155,41,22.2,5.9,".290",".469",".333","0.802","0.179","306","1704","260","2522",".271",".456",".347",".334",".013",".013","91.9","8.5",33.3,9.7,50.3,"102.743171296","96.003278846",77.6,14.8,40.3,59.7,85.2,23,55.9,"27.5"
"Carlson, Dylan",666185,2022,23,432,488,102,60,30,4,8,94,45,19.3,9.2,".236",".380",".316","0.696","0.144","164","1227","203","1964",".234",".367",".306",".304",".013",".002","86.1","12.9",35.7,4.4,27.2,"96.293953036","92.150882262",68,20.2,40.4,59.6,79.8,25.7,46.2,"28.1"
"Morel, Christopher",666624,2022,23,379,425,89,50,19,4,16,137,38,32.2,8.9,".235",".433",".308","0.741","0.198","164","1059","291","1648",".230",".447",".322",".326","-0.014","-0.004","89.6","9.1",30,13.6,40.3,"101.819951356","95.086096314",71.8,33.8,50.2,49.8,66.2,38.5,50.1,"28.8"
"Castro, Rodolfo",666801,2022,23,253,277,59,36,8,4,11,74,22,26.7,7.9,".233",".427",".296","0.723","0.194","108","664","147","1047",".214",".375",".314",".288",".052",".026","87.3","11.7",25.6,6.7,35,"99.31755","93.717343409",67.7,24.1,53.8,46.2,75.9,32.8,47.5,"27.4"
"Dalbec, Bobby",666915,2022,27,317,353,68,45,9,2,12,118,29,33.4,8.2,".215",".369",".283","0.652","0.154","117","941","219","1475",".216",".398",".287",".302","-0.029","-0.015","90.3","15.2",32,11.9,45.8,"101.246531881","94.95935203",66.3,24.5,55.9,44.1,75.5,35,46.5,"28.2"
"García, Adolis",666969,2022,29,605,657,151,85,34,5,27,183,40,27.9,6.1,".250",".456",".300","0.756","0.206","276","1683","405","2537",".242",".467",".324",".326","-0.011","-0.002","92.1","13.2",36.9,12.9,47.4,"102.368780141","95.786867388",73.4,26.5,44.6,55.4,73.5,33.5,53.5,"27.9"
"Gurriel Jr., Lourdes",666971,2022,28,453,493,132,94,32,1,5,83,31,16.8,6.3,".291",".400",".343","0.743","0.109","181","1214","171","1852",".271",".412",".327",".325","-0.012",".002","90.6","10.9",34.7,3.8,45.7,"100.376795914","94.662022446",68.7,14.1,37.1,62.9,85.9,21.3,48.7,"27.3"
"Arozarena, Randy",668227,2022,27,586,645,154,90,41,3,20,156,46,24.2,7.1,".263",".445",".327","0.772","0.182","261","1621","285","2527",".228",".386",".336",".299",".059",".037","89.9","8.8",28.2,7.9,41,"101.17822","94.772195116",64.1,21.5,41,59,78.5,28.7,46.1,"28.8"
"Pratto, Nick",668472,2022,23,158,182,29,12,9,1,7,66,19,36.3,10.4,".184",".386",".271","0.657","0.202","61","500","114","787",".169",".329",".287",".269",".057",".018","86","19.7",34.4,12.5,36.5,"98.384692128","93.208049043",65,23.7,60,40,76.3,34.4,45.5,"27.2"
"Bleday, JJ",668709,2022,24,204,238,34,17,10,2,5,67,30,28.2,12.6,".167",".309",".277","0.586","0.142","63","627","111","1029",".185",".328",".266",".280","-0.019","-0.014","86.3","25",37.4,8.6,33.8,"97.363228429","92.749834317",71.1,21.4,45.4,54.6,78.6,27.9,46.7,"27.7"
"Baddoo, Akil",668731,2022,23,201,225,41,34,3,2,2,64,24,28.4,10.7,".204",".269",".289","0.558","0.065","54","568","104","916",".192",".279",".256",".256","-0.010",".000","85","14.2",29.9,3.7,27,"96.42330597","92.211959254",70.6,19.5,49.6,50.4,80.5,28.8,47.1,"28.9"
"Mitchell, Cal",668751,2022,23,212,232,48,32,11,0,5,52,18,22.4,7.8,".226",".349",".286","0.635","0.123","74","557","96","850",".236",".376",".281",".296","-0.027","-0.015","89.9","7.5",34,4.9,40.7,"99.042591235","93.818245342",69,15.8,50,50,84.2,26.8,50.5,"26.1"
"Knizner, Andrew",668800,2022,27,260,293,56,42,10,0,4,62,26,21.2,8.9,".215",".300",".301","0.601","0.085","78","732","105","1103",".216",".310",".275",".279","-0.010","-0.004","86","15.6",28.6,3.5,33.2,"97.694226667","92.856279899",65.5,14.5,38.2,61.8,85.5,22.7,48.8,"25.8"
"Reynolds, Bryan",668804,2022,27,542,614,142,92,19,4,27,141,56,23,9.1,".262",".461",".345","0.806","0.199","250","1463","287","2303",".249",".430",".349",".332",".031",".017","90.2","12",35.5,7.9,42.9,"100.882578564","94.722792556",73,15.9,51,49,84.1,27.8,50.4,"28.2"
"Rutschman, Adley",668939,2022,24,398,470,101,52,35,1,13,86,65,18.3,13.8,".254",".445",".362","0.807","0.191","177","1207","115","2009",".243",".417",".354",".341",".028",".013","87.9","15.6",35.6,7.9,36.8,"99.028130823","93.60531527",61.1,11.6,32.1,67.9,88.4,17.9,40.5,"27.1"
"Rojas, Josh",668942,2022,28,443,510,119,84,25,1,9,98,55,19.2,10.8,".269",".391",".349","0.740","0.122","173","1223","163","2033",".239",".373",".326",".308",".018",".018","88.8","11.9",33.5,4.5,36.1,"98.050444128","93.265048338",62.7,16.3,40.7,59.3,83.7,22.3,41,"27.3"
"Melendez, MJ",669004,2022,23,460,534,100,58,21,3,18,131,66,24.5,12.4,".217",".393",".313","0.706","0.176","181","1344","239","2196",".237",".427",".310",".336","-0.034","-0.026","90.7","15.1",31,10.4,43.5,"100.595888323","94.716383713",66.1,20.7,46.3,53.7,79.3,27.8,44.6,"27.8"
"Marsh, Brandon",669016,2022,24,424,461,104,71,18,4,11,158,28,34.3,6.1,".245",".384",".295","0.679","0.139","163","1198","222","1807",".227",".387",".296",".292","-0.003",".004","89.2","10.9",40.8,7.4,38.2,"99.629003534","94.108601774",64.7,21.9,43.5,56.5,78.1,29.2,47.9,"28.8"
"Langeliers, Shea",669127,2022,24,142,153,31,14,10,1,6,53,9,34.6,5.9,".218",".430",".261","0.691","0.212","61","391","121","583",".194",".349",".296",".260",".081",".036","87.3","16.9",42.9,9.9,38.5,"99.086486739","93.605224725",73.3,32.2,63.8,36.2,67.8,42.7,54.2,"28.7"
"Murphy, Sean",669221,2022,27,537,612,134,77,37,2,18,124,56,20.3,9.2,".250",".426",".332","0.758","0.176","229","1520","248","2372",".252",".453",".331",".346","-0.027","-0.015","88.7","11.5",34.7,10.5,41.4,"101.085158756","94.706891435",71.1,17.3,38.8,61.2,82.7,24,49.3,"26.1"
"Senzel, Nick",669222,2022,27,373,420,86,68,13,0,5,76,30,18.1,7.1,".231",".306",".296","0.602","0.075","114","959","131","1473",".251",".368",".272",".304","-0.062","-0.032","87.2","11.7",35,3.4,33.9,"97.72590723","92.94147061",68.6,14.7,38.3,61.7,85.3,21.8,47.7,"28.7"
"Edman, Tommy",669242,2022,27,577,630,153,105,31,4,13,111,46,17.6,7.3,".265",".400",".324","0.724","0.135","231","1508","191","2328",".257",".398",".318",".314",".002",".004","88.6","8.7",31.6,6.2,37.8,"98.931648319","93.598664536",64,11.8,38.3,61.7,88.2,20.6,47,"28.7"
"Smith, Will",669257,2022,27,508,578,132,79,26,3,24,96,56,16.6,9.7,".260",".465",".343","0.808","0.205","236","1454","163","2373",".256",".498",".349",".358","-0.033","-0.009","89.9","18.4",36.8,10.3,43,"99.764565096","94.188464255",63.6,16,29.4,70.6,84,19.3,42.6,"27.5"
"Suwinski, Jack",669261,2022,23,326,372,66,36,11,0,19,114,41,30.6,11,".202",".411",".298","0.709","0.209","134","986","175","1572",".206",".416",".311",".313","-0.005","-0.002","88.3","14.3",26.3,12.3,40.4,"100.221227453","94.334188302",61.1,20.4,57.1,42.9,79.6,30.6,43.2,"28.6"
"Espinal, Santiago",669289,2022,27,449,491,120,88,25,0,7,68,36,13.8,7.3,".267",".370",".322","0.692","0.103","166","1224","117","1912",".260",".354",".305",".298",".016",".007","86.1","14.1",33.8,3.4,31.7,"96.814213298","92.407779843",67.1,11,27.4,72.6,89,15.6,46.1,"27.0"
"Miranda, Jose F",669304,2022,24,444,483,119,79,25,0,15,91,28,18.8,5.8,".268",".426",".325","0.751","0.158","189","1194","203","1812",".252",".426",".329",".321",".000",".008","89.3","13.8",34.2,6.2,42.4,"99.818973051","94.236161898",72.6,14.8,43.3,56.7,85.2,24.3,51.5,"26.2"
"Thompson, Bubba",669352,2022,24,170,181,45,39,5,0,1,56,7,30.9,3.9,".265",".312",".302","0.614","0.047","53","451","107","647",".179",".248",".274",".212",".064",".062","84.8","5.3",21.6,1.7,21.6,"95.6266222","91.8214983",79.3,26.6,45.2,54.8,73.4,32.6,58.7,"30.3"
"Gorman, Nolan",669357,2022,22,283,313,64,37,13,0,14,103,28,32.9,8.9,".226",".420",".300","0.720","0.194","119","841","200","1317",".237",".493",".316",".345","-0.073","-0.029","89.2","20",46.7,14.4,43.3,"100.703871333","94.563796111",74.9,25.6,52.5,47.5,74.4,34.5,51.1,"27.0"
"Hiura, Keston",669374,2022,25,234,266,53,30,8,1,14,111,23,41.7,8.6,".226",".449",".316","0.765","0.223","105","743","198","1146",".203",".439",".334",".320",".010",".014","91.7","16.1",41.1,15.4,45.2,"103.00306629","95.913755285",70.3,32.5,57.2,42.8,67.5,40.1,49,"27.5"
"Burger, Jake",669394,2022,26,168,183,42,24,9,1,8,56,10,30.6,5.5,".250",".458",".302","0.760","0.208","77","464","116","682",".225",".480",".327",".324","-0.022",".003","90.7","12.3",33.3,15,43,"102.65301125","95.597171532",73.2,22.4,57.8,42.2,77.6,35.4,53.8,"27.7"
"Allen, Nick",669397,2022,23,299,326,62,45,13,0,4,64,19,19.6,5.8,".207",".291",".256","0.547","0.084","87","775","129","1154",".213",".278",".245",".244",".013",".001","83.9","7.6",26,1.2,22.3,"94.329041897","91.214480087",73.7,14.4,43.9,56.1,85.6,23.4,53,"27.7"
"Hummel, Cooper",669450,2022,27,176,201,31,17,8,3,3,64,23,31.8,11.4,".176",".307",".274","0.581","0.131","54","496","75","819",".211",".347",".262",".296","-0.040","-0.034","87.6","7.7",30.1,7.1,35.4,"99.536416429","93.823074324",61.7,18.4,59.5,40.5,81.6,27.5,40.9,"28.8"
"Smith, Josh",669701,2022,24,213,253,42,35,5,0,2,50,28,19.8,11.1,".197",".249",".307","0.556","0.052","53","632","84","1048",".224",".326",".262",".300","-0.077","-0.038","87","19.2",34.5,2.4,28.6,"96.124871098","92.093542209",61.5,17.5,40.5,59.5,82.5,23.4,41.1,"28.2"
"Hays, Austin",669720,2022,26,535,582,134,81,35,2,16,114,34,19.6,5.8,".250",".413",".306","0.719","0.163","221","1376","216","2051",".239",".383",".314",".301",".030",".013","87.7","11.3",32.3,5.2,37.7,"98.997922429","93.543165976",67.8,12.3,41.8,58.2,87.7,23.5,51,"27.8"
"Lopez, Nicky",670032,2022,27,436,480,99,83,12,4,0,63,29,13.1,6,".227",".273",".281","0.554","0.046","119","1163","130","1762",".246",".325",".251",".279","-0.052","-0.028","84.9","4.9",31.3,1.6,22.9,"94.94043827","91.479636504",67.8,12.8,27.7,72.3,87.2,17.3,49.1,"27.7"
"Alvarez, Yordan",670541,2022,25,470,561,144,76,29,2,37,106,78,18.9,13.9,".306",".613",".406","1.019","0.307","288","1300","180","2195",".319",".686",".427",".459","-0.073","-0.032","95.2","12.3",40.7,21,59.8,"105.676985081","98.195923324",63.8,12.6,47.1,52.9,87.4,23.5,42.7,"26.6"
"Paredes, Isaac",670623,2022,23,331,381,68,32,16,0,20,67,44,17.6,11.5,".205",".435",".304","0.739","0.230","144","971","91","1617",".210",".362",".323",".301",".073",".022","87.4","15.8",27.4,6.4,38.7,"98.355538496","93.255665472",60.8,11,31.4,68.6,89,16.5,39.8,"26.2"
"Brosseau, Mike",670712,2022,28,141,160,36,25,5,0,6,48,14,30,8.8,".255",".418",".344","0.762","0.163","59","441","85","686",".214",".375",".338",".304",".043",".034","89.1","14.6",34.4,8.6,41.9,"98.509374894","93.686113441",66.6,27.6,39.2,60.8,72.4,31.1,46.9,"27.7"
"Walls, Taylor",670764,2022,25,407,466,70,42,18,2,8,120,52,25.8,11.2,".172",".285",".268","0.553","0.113","116","1166","187","1888",".194",".317",".252",".274","-0.032","-0.022","86.3","16.6",32.6,6.2,28.5,"96.121545455","92.072558077",64.8,20,44.3,55.7,80,25.5,43,"28.8"
"González, Luis",670768,2022,26,311,350,78,55,17,2,4,75,30,21.4,8.6,".251",".357",".320","0.677","0.106","111","933","138","1472",".217",".314",".299",".272",".043",".027","86.8","10.8",27,2.5,31.7,"97.568349561","92.834925154",68.2,16.2,42.6,57.4,83.8,23.3,47.2,"28.2"
"Friedl, TJ",670770,2022,26,225,258,54,31,10,5,8,40,20,15.5,7.8,".240",".436",".314","0.750","0.196","98","623","74","996",".212",".339",".323",".283",".097",".040","87.2","19.8",30.9,4.7,29.8,"97.321634111","92.6816085",63.4,13.1,39.2,60.8,86.9,20.3,43.5,"28.1"
"García Jr., Luis",671277,2022,22,360,377,99,67,23,2,7,84,11,22.3,2.9,".275",".408",".295","0.703","0.133","147","942","172","1323",".256",".416",".303",".305","-0.008","-0.002","87.3","5.5",37.4,7.5,36.7,"98.963627429","93.569820789",67.6,19.1,39.2,60.8,80.9,27.1,53.5,"27.0"
"Harris II, Michael",671739,2022,21,414,441,123,74,27,3,19,107,21,24.3,4.8,".297",".514",".339","0.853","0.217","213","1121","201","1655",".266",".475",".368",".339",".039",".029","89.5","4.5",32.8,10.1,45.1,"102.581692941","95.614748459",67.2,15.7,47.5,52.5,84.3,28.1,52.4,"29.4"
"Kelenic, Jarred",672284,2022,22,163,181,23,10,5,1,7,61,16,33.7,8.8,".141",".313",".221","0.534","0.172","51","451","100","699",".172",".370",".238",".274","-0.057","-0.036","86","18",27.2,13.6,35,"99.0507575","93.58765835",67.4,27,49.5,50.5,73,33.3,48.5,"27.3"
"Kirk, Alejandro",672386,2022,23,470,541,134,101,19,0,14,58,63,10.7,11.6,".285",".415",".372","0.787","0.130","195","1338","122","2200",".275",".447",".347",".354","-0.032","-0.007","90.5","8.1",32,6.7,45.4,"101.053304663","94.989537614",59.6,10.4,27.5,72.5,89.6,15.4,41,"24.2"
"Perdomo, Geraldo",672695,2022,22,431,500,84,67,10,2,5,103,50,20.6,10,".195",".262",".285","0.547","0.067","113","1282","139","2061",".215",".294",".253",".274","-0.032","-0.021","85","12.1",28.1,2.1,25.1,"95.305189236","91.661910605",59.6,14.4,33.5,66.5,85.6,19.2,41.3,"27.3"
"Marcano, Tucupita",672779,2022,22,160,177,33,23,6,2,2,44,10,24.9,5.6,".206",".306",".256","0.562","0.100","49","439","56","672",".175",".252",".249",".217",".054",".032","84.7","11.1",30.3,1.6,17.2,"94.100557069","91.080698696",64.5,11.4,49.4,50.6,88.6,21.3,46.1,"28.8"
"Robert Jr., Luis",673357,2022,24,380,401,108,78,18,0,12,77,17,19.2,4.2,".284",".426",".319","0.745","0.142","162","952","197","1349",".277",".470",".324",".336","-0.044","-0.012","89.3","10",32.6,8.9,42.8,"101.454212895","94.809771678",83.6,16.9,43.3,56.7,83.1,27.1,61.5,"27.9"
"Kim, Ha-Seong",673490,2022,26,517,582,130,87,29,3,11,100,51,17.2,8.8,".251",".383",".325","0.708","0.132","198","1503","155","2359",".250",".382",".313",".314",".001","-0.001","86.7","16.1",34,4.3,32.4,"97.647567656","92.869312734",60.4,14.1,32.3,67.7,85.9,19.1,43.3,"28.4"
"Suzuki, Seiya",673548,2022,27,397,446,104,66,22,2,14,110,42,24.7,9.4,".262",".433",".336","0.769","0.171","172","1166","142","1876",".244",".430",".334",".327",".003",".007","89.6","11.2",36.9,11.1,41.3,"100.244268881","94.350662098",56.9,15.9,41.6,58.4,84.1,22.8,39,"28.3"
"Smith, Kevin",675656,2022,25,139,151,25,13,9,1,2,42,7,27.8,4.6,".180",".302",".216","0.518","0.122","42","387","77","564",".184",".334",".226",".240","-0.032","-0.014","87","16.4",32.4,7.8,33.3,"98.087369388","93.05239898",70.6,20.1,50,50,79.9,30.1,53,"27.6"
"Velázquez, Nelson",676369,2022,23,185,206,38,22,7,3,6,65,19,31.6,9.2,".205",".373",".286","0.659","0.168","69","493","131","810",".208",".417",".291",".309","-0.044","-0.018","89.2","12.3",35,13.7,43.6,"100.265489661","94.367476923",74.2,29,59.6,40.4,71,36.5,47.4,"28.2"
"Clement, Ernie",676391,2022,26,163,179,30,26,4,0,0,26,11,14.5,6.1,".184",".209",".243","0.452","0.025","34","433","39","629",".240",".347",".209",".286","-0.138","-0.077","85","11.8",27.1,3.6,25.7,"94.798252206","91.426475368",63.4,13.1,21.7,78.3,86.9,16,49.6,"28.2"
"Barrero, José",676480,2022,24,165,174,25,20,3,0,2,76,9,43.7,5.2,".152",".206",".195","0.401","0.054","34","477","125","679",".142",".222",".183",".185","-0.016","-0.002","87.5","17.7",33.7,2.3,35.2,"98.193362727","93.242532414",76,21.8,64.6,35.4,78.2,38.7,57.4,"27.8"
"Meyers, Jake",676694,2022,26,150,160,34,25,6,2,1,54,7,33.8,4.4,".227",".313",".269","0.582","0.086","47","417","86","635",".203",".299",".258",".250",".014",".008","87.3","7.2",30.9,5.2,37.1,"98.54444","93.291333191",65.7,22.9,48,52,77.1,31.2,47.4,"28.9"
"McCormick, Chas",676801,2022,27,359,407,88,60,12,2,14,106,46,26,11.3,".245",".407",".332","0.739","0.162","146","1010","208","1584",".230",".423",".326",".326","-0.016",".000","88.1","12.8",33.5,10.2,39,"98.903106371","93.652024395",69.8,25.7,47,53,74.3,32.6,48.4,"28.6"
"Franco, Wander",677551,2022,21,314,344,87,58,20,3,6,33,26,9.6,7.6,".277",".417",".328","0.745","0.140","131","788","71","1216",".288",".429",".323",".339","-0.012","-0.016","87.3","8.2",35.1,4.6,35.8,"98.428767413","93.287600772",73.1,7.6,26.7,73.3,92.4,13.3,51.3,"27.8"
"Rodríguez, Julio",677594,2022,21,511,560,145,89,25,3,28,145,40,25.9,7.1,".284",".509",".345","0.854","0.225","260","1351","289","2084",".247",".473",".366",".338",".036",".028","92","10.1",32.7,13.2,50.7,"103.718795769","96.379006446",70.5,19.9,48.6,51.4,80.1,30.4,50.2,"29.7"
"Duran, Ezequiel",677649,2022,23,208,220,49,33,10,1,5,54,12,24.5,5.5,".236",".365",".277","0.642","0.129","76","545","106","790",".215",".322",".282",".257",".043",".025","85.9","9.5",24.7,4.5,31.8,"97.9242875","93.124773224",72.4,21.8,42.3,57.7,78.2,29.1,55.7,"29.1"
"Thomas, Alek",677950,2022,22,381,411,88,62,17,1,8,74,22,18,5.4,".231",".344",".275","0.619","0.113","131","998","161","1483",".237",".345",".272",".280","-0.001","-0.008","87.4","2.6",27.9,3.8,34.6,"98.660118182","93.330771656",63.7,18.2,38.6,61.4,81.8,25,49.2,"29.3"
"Witt Jr., Bobby",677951,2022,22,591,632,150,93,31,6,20,135,30,21.4,4.7,".254",".428",".294","0.722","0.174","253","1576","256","2331",".252",".444",".311",".318","-0.016","-0.007","89.7","16.8",32.5,8.7,38.6,"100.836506783","94.527115512",70.4,17.9,39,61,82.1,25.2,51.8,"30.3"
"Torkelson, Spencer",679529,2022,22,360,404,73,48,16,1,8,99,37,24.5,9.2,".203",".319",".285","0.604","0.116","115","1012","158","1609",".221",".391",".272",".306","-0.072","-0.034","90.5","15",35.4,8.4,41.8,"100.743731756","94.657766412",67.2,17.9,46.5,53.5,82.1,25.6,45.9,"27.8"
"Kwan, Steven",680757,2022,24,563,638,168,130,25,7,6,60,62,9.4,9.7,".298",".400",".373","0.773","0.102","225","1654","78","2643",".269",".350",".341",".315",".050",".026","85.1","11.8",34.6,1.4,20.8,"94.219058287","91.134248486",55.1,5.5,19.2,80.8,94.5,9,38.1,"28.4"
"Duran, Jarren",680776,2022,25,204,223,45,25,14,3,3,63,14,28.3,6.3,".221",".363",".283","0.646","0.142","74","577","103","881",".220",".367",".284",".286","-0.004","-0.002","89.3","7.6",27.5,7.7,38,"99.170221176","93.807350882",68.9,17.1,51.8,48.2,82.9,28.2,49.9,"29.2"
"Jeffers, Ryan",680777,2022,25,212,236,44,26,10,1,7,62,23,26.3,9.7,".208",".363",".285","0.648","0.155","77","608","83","948",".217",".457",".287",".324","-0.094","-0.037","88.2","18.2",35.8,13.3,42.4,"101.152073919","94.809587415",66.8,16.9,37.1,62.9,83.1,22.6,46.2,"26.1"
"Miller, Owen",680911,2022,25,424,472,103,70,26,1,6,93,32,19.7,6.8,".243",".351",".301","0.652","0.108","149","1226","135","1836",".248",".353",".287",".296","-0.002","-0.009","85.8","10.1",35,3.5,31.2,"97.306117941","92.667096401",62.4,11.9,29.4,70.6,88.1,18.5,48,"29.0"
"Donovan, Brendan",680977,2022,25,391,468,110,83,21,1,5,70,60,15,12.8,".281",".379",".394","0.773","0.098","148","1189","100","1966",".266",".378",".349",".342",".001",".007","87.7","6",32.7,3.4,37.7,"98.14258882","93.299366978",55.7,9,31.9,68.1,91,15.6,38.1,"27.2"
"Stott, Bryson",681082,2022,24,427,466,100,69,19,2,10,89,36,19.1,7.7,".234",".358",".295","0.653","0.124","153","1226","121","1877",".237",".352",".289",".288",".006",".001","88.1","13.1",29.4,4.4,36.8,"97.97018994","93.096499761",60.8,13.3,26.1,73.9,86.7,17.2,45,"29.0"
"Bride, Jonah",681146,2022,26,162,187,33,28,4,0,1,32,19,17.1,10.2,".204",".247",".301","0.548","0.043","40","491","42","797",".215",".311",".257",".285","-0.064","-0.028","86.9","11.5",31.8,1.5,31.1,"96.774698182","92.509176031",47.3,10.9,28.4,71.6,89.1,17.1,35.9,"26.9"
"Villar, David",681584,2022,25,156,181,36,20,6,1,9,58,18,32,9.9,".231",".455",".331","0.786","0.224","71","448","112","730",".191",".353",".344",".294",".102",".050","86.8","17.8",33.3,9.1,36.4,"97.5144976","92.850052323",67,26.2,73.3,26.7,73.8,37.2,44.2,"26.7"
"Abrams, CJ",682928,2022,21,284,302,70,54,12,2,2,50,5,16.6,1.7,".246",".324",".280","0.604","0.078","92","716","113","1008",".244",".327",".267",".272","-0.003","-0.005","86.5","6.8",28.6,2.1,30.7,"97.184953739","92.612726201",72.9,15.5,35.3,64.7,84.5,22.6,57,"29.0"
"Greene, Riley",682985,2022,21,376,418,95,68,18,4,5,120,36,28.7,8.6,".253",".362",".321","0.683","0.109","136","1091","163","1716",".241",".397",".303",".316","-0.035","-0.013","89.5","2.8",32,9.3,45.2,"102.14516814","95.266459961",64.4,17.5,42.9,57.1,82.5,25.6,45.3,"27.7"
"Vaughn, Andrew",683734,2022,24,510,555,138,92,28,1,17,96,31,17.3,5.6,".271",".429",".321","0.750","0.158","219","1401","173","2087",".251",".431",".327",".322","-0.002",".005","90.8","7.5",34.1,8,48.6,"101.162950291","95.12858284",61.4,12.1,37.5,62.5,87.9,21,47,"26.2"
"Pasquantino, Vinnie",686469,2022,24,258,298,76,56,10,0,10,34,35,11.4,11.7,".295",".450",".383","0.833","0.155","116","646","63","1039",".289",".495",".365",".379","-0.045","-0.014","91.2","12.1",34.1,8.9,46.9,"101.197336607","95.08140192",68,9,29.5,70.5,91,15.3,46,"25.6"
"Massey, Michael",686681,2022,24,173,194,42,28,9,1,4,46,9,23.7,4.6,".243",".376",".307","0.683","0.133","65","486","94","719",".241",".461",".302",".334","-0.085","-0.032","89.3","16.4",35.1,13.1,38.2,"99.036690645","93.797110403",73.5,22.3,39.1,60.9,77.7,27.8,54.5,"27.1"
"Grissom, Vaughn",687093,2022,21,141,156,41,30,6,0,5,34,11,21.8,7.1,".291",".440",".353","0.793","0.149","62","397","65","588",".257",".428",".345",".330",".012",".015","84.6","9",35.2,7.4,34.3,"97.006606667","92.504939352",70.5,15.3,44,56,84.7,25.6,51.9,"27.7"
"Cabrera, Miguel",408234,2023,40,334,370,86,62,20,0,4,74,31,20,8.4,".257",".353",".322","0.675","0.096","118","888","147","1381",".244",".366",".299",".302","-0.013","-0.003","89.1","7.4",34.2,4.2,37.6,"98.972070682","93.630273802",68.3,18.3,43.4,56.6,81.7,25.6,48.3,"23.1"
"Cruz, Nelson",443558,2023,42,143,152,35,24,5,1,5,46,6,30.3,3.9,".245",".399",".283","0.682","0.154","57","391","92","566",".238",".422",".291",".297","-0.023","-0.006","92.4","10.2",33.7,9.3,48,"103.031683673","96.058311429",66.1,21.5,59.1,40.9,78.5,36.1,52.3,"24.7"
"Peralta, David",444482,2023,35,394,422,102,69,25,1,7,72,20,17.1,4.7,".259",".381",".294","0.675","0.122","150","1036","161","1530",".272",".407",".290",".312","-0.026","-0.022","89.3","8.2",31.1,4.9,44.2,"100.838135399","94.678134417",74.6,15.1,39,61,84.9,22.5,54.5,"27.0"
"Longoria, Evan",446334,2023,37,211,237,47,27,9,0,11,73,23,30.8,9.7,".223",".422",".295","0.717","0.199","89","582","100","927",".229",".453",".308",".326","-0.031","-0.018","92.2","15.6",37.6,10.6,51.8,"102.131802113","95.858329716",58,20.9,43.4,56.6,79.1,29,42.8,"26.2"
"Blackmon, Charlie",453568,2023,36,359,413,100,63,24,5,8,55,39,13.3,9.4,".279",".440",".363","0.803","0.161","158","973","118","1518",".267",".410",".350",".339",".030",".011","86.4","18.1",39,4.9,31.5,"97.605451688","92.81067263",65.8,13.4,34.1,65.9,86.6,19.6,47.3,"27.6"
"Maldonado, Martín",455117,2023,36,362,407,69,42,12,0,15,139,30,34.2,7.4,".191",".348",".258","0.606","0.157","126","1046","241","1584",".185",".362",".266",".269","-0.014","-0.003","88.4","18.1",32.8,8.5,40,"99.511383636","93.988423653",65.5,23.9,56.1,43.9,76.1,34.3,49.6,"23.2"
"Solano, Donovan",456781,2023,35,394,450,111,79,26,1,5,100,40,22.2,8.9,".282",".391",".369","0.760","0.109","154","1178","184","1806",".279",".430",".338",".351","-0.039","-0.013","90.2","13.1",43.1,6.1,43.7,"100.102935676","94.475306983",65,16.2,45,55,83.8,25.4,47.4,"25.4"
"McCutchen, Andrew",457705,2023,36,390,473,100,69,19,0,12,100,75,21.1,15.9,".256",".397",".378","0.775","0.141","155","1193","205","2008",".250",".406",".345",".349","-0.009","-0.004","89.6","12.3",33.7,6.8,44.6,"100.329192449","94.60717314",64.5,19.9,53.5,46.5,80.1,27.4,41.6,"28.4"
"Turner, Justin",457759,2023,38,558,626,154,100,31,0,23,110,51,17.6,8.1,".276",".455",".345","0.800","0.179","254","1687","174","2670",".258",".453",".346",".338",".002",".008","89.5","16.5",36.8,5.7,39,"98.567368238","93.587032225",63.5,12.1,31.2,68.8,87.9,17.5,45,"25.2"
"Votto, Joey",458015,2023,39,208,242,42,22,6,0,14,62,27,25.6,11.2,".202",".433",".314","0.747","0.231","90","573","125","938",".188",".376",".326",".302",".057",".024","89.3","13.9",23.3,11,39.7,"99.750614932","94.225792534",69.8,24.5,48.7,51.3,75.5,30.8,47.8,"25.6"
"Andrus, Elvis",462101,2023,34,374,406,94,67,20,1,6,71,25,17.5,6.2,".251",".358",".304","0.662","0.107","134","1026","125","1592",".229",".316",".290",".270",".042",".020","87.5","5.5",28.1,2.6,31,"97.859729735","92.978938439",61.5,11.9,38.6,61.4,88.1,20.1,45,"26.5"
"Santana, Carlos",467793,2023,37,550,619,132,75,33,1,23,104,65,16.8,10.5,".240",".429",".318","0.747","0.189","236","1488","217","2463",".237",".383",".323",".309",".046",".014","88.8","12.8",31.3,6.7,36.4,"99.367236","93.791213073",68.2,17.2,34.7,65.3,82.8,22.1,45.3,"25.9"
"Belt, Brandon",474832,2023,35,339,404,86,44,23,0,19,141,61,34.9,15.1,".254",".490",".369","0.859","0.236","166","1052","207","1801",".207",".435",".369",".333",".055",".036","88.7","19.8",44.5,15,40,"100.691962551","94.453475333",67,24.9,57.6,42.4,75.1,32.5,41,"26.2"
"Gurriel, Yuli",493329,2023,39,298,329,73,50,16,3,4,44,26,13.4,7.9,".245",".359",".304","0.663","0.114","107","787","78","1189",".235",".325",".287",".275",".034",".012","88.6","16.5",32.2,1.9,34.9,"97.568536744","92.903397315",62.9,10.5,27.3,72.7,89.5,16,46.8,"27.2"
"Rojas, Miguel",500743,2023,34,385,423,91,69,16,1,5,48,26,11.3,6.1,".236",".322",".290","0.612","0.086","124","967","100","1455",".247",".338",".271",".286","-0.016","-0.015","87.3","11",33.4,2.9,32,"97.505333176","92.848794735",67.8,8.5,31.7,68.3,91.5,16.5,49.6,"26.4"
"Escobar, Eduardo",500871,2023,34,288,309,65,48,6,5,6,78,18,25.2,5.8,".226",".344",".269","0.613","0.118","99","821","147","1237",".202",".304",".267",".246",".040",".021","86.3","14.4",30.5,3.8,30.6,"96.536556538","92.269302067",68.3,22.5,37.8,62.2,77.5,28.3,50.6,"27.1"
"Pham, Tommy",502054,2023,35,426,481,109,63,27,3,16,106,47,22,9.8,".256",".446",".328","0.774","0.190","190","1163","163","1917",".278",".475",".332",".359","-0.029","-0.027","92.3","5.7",34.4,10.7,49.1,"103.076305767","96.158685951",60.6,14,51.5,48.5,86,23.6,40.5,"27.8"
"Martinez, J.D.",502110,2023,35,432,479,117,55,27,2,33,149,34,31.1,7.1,".271",".572",".321","0.893","0.301","247","1233","309","1865",".266",".556",".369",".368",".016",".001","93.4","16.9",41.1,17.1,55.1,"103.470071027","96.728137226",75.5,23.5,58.3,41.4,76.5,34.4,53,"26.1"
"Goldschmidt, Paul",502671,2023,35,593,687,159,103,31,0,25,161,87,23.4,12.7,".268",".447",".363","0.810","0.179","265","1783","299","2847",".264",".491",".350",".365","-0.044","-0.015","91.3","12.8",35.6,12,50.8,"102.40959555","95.767792759",61.9,23.2,37.1,62.9,76.8,27.5,44,"26.4"
"Altuve, Jose",514888,2023,33,360,410,112,72,21,2,17,71,44,17.3,10.7,".311",".522",".393","0.915","0.211","188","984","111","1557",".242",".425",".393",".333",".097",".060","86","11.4",29.7,8.3,31.4,"97.888341268","92.956086549",61.3,12.5,28,72,87.5,18.7,45.1,"26.9"
"Segura, Jean",516416,2023,33,301,326,66,56,5,2,3,47,22,14.4,6.7,".219",".279",".277","0.556","0.060","84","849","107","1246",".238",".343",".250",".282","-0.064","-0.032","88","2.9",22.4,3.5,38.8,"99.845816452","94.042211093",65.1,11.8,31.4,68.6,88.2,19.2,50.5,"27.4"
"Marte, Starling",516782,2023,34,315,341,78,65,7,1,5,69,16,20.2,4.7,".248",".324",".301","0.625","0.076","102","868","159","1269",".255",".404",".278",".311","-0.080","-0.033","88.2","6.3",30.6,5.7,39.5,"100.135976281","94.129016405",71.5,17.2,46.6,53.4,82.8,27.8,53.8,"27.1"
"d'Arnaud, Travis",518595,2023,34,267,292,60,36,13,0,11,67,21,22.9,7.2,".225",".397",".288","0.685","0.172","106","719","150","1115",".246",".438",".297",".324","-0.041","-0.027","90.7","10.3",37.8,9,42.8,"101.038586","94.8353646",75.4,23.8,42.9,57.1,76.2,28.6,52,"26.1"
"Donaldson, Josh",518626,2023,37,165,189,25,7,5,0,13,50,22,26.5,11.6,".152",".418",".249","0.667","0.266","69","449","81","718",".199",".474",".284",".325","-0.056","-0.041","92.1","11.7",23.1,16.2,51.3,"102.387973559","95.920847692",64.3,21.8,38.1,61.9,78.2,26.7,44.8,"24.9"
"Freeman, Freddie",518692,2023,33,637,730,211,121,59,2,29,121,72,16.6,9.9,".331",".567",".410","0.977","0.236","361","1718","251","2753",".315",".567",".411",".405",".000",".006","90","15.2",46.6,11.2,42.2,"100.590638269","94.617661541",76.2,14.3,36.9,63.1,85.7,20.4,51,"26.7"
"Grandal, Yasmani",518735,2023,34,363,405,85,63,14,0,8,86,36,21.2,8.9,".234",".339",".309","0.648","0.105","123","1044","153","1641",".220",".334",".288",".282",".005",".006","87.9","10.8",32.3,4.7,34.4,"98.280329643","93.23662509",62.1,17.6,41.4,58.6,82.4,24.9,44.7,"22.8"
"Heyward, Jason",518792,2023,33,334,377,90,52,23,0,15,64,34,17,9,".269",".473",".340","0.813","0.204","158","921","112","1439",".245",".409",".348",".318",".064",".030","87.7","15.4",33,8.1,37.4,"99.253685693","93.70715033",65.8,13.8,36.4,63.1,86,20.7,47,"27.1"
"LeMahieu, DJ",518934,2023,34,497,562,121,81,22,3,15,125,60,22.2,10.7,".243",".390",".327","0.717","0.147","194","1429","152","2254",".252",".394",".315",".322","-0.004","-0.007","89.6","3.8",31.6,5.9,43,"100.265359786","94.32212244",54.4,12.9,36.6,63.4,87.1,19.7,39.2,"25.7"
"Moustakas, Mike",519058,2023,34,352,386,87,60,15,0,12,95,23,24.6,6,".247",".392",".293","0.685","0.145","138","1012","190","1502",".215",".355",".294",".271",".037",".023","89","18",28.3,5.7,37.9,"99.28083626","93.790160498",71.6,19.6,45.3,54.7,80.4,27.3,53.2,"25.2"
"Rizzo, Anthony",519203,2023,33,373,421,91,65,14,0,12,97,35,23,8.3,".244",".378",".328","0.706","0.134","141","1106","170","1670",".244",".400",".312",".320","-0.022","-0.008","90","17.8",41.2,6.9,37.5,"99.161259855","93.823202582",64.2,15.4,41.4,58.6,84.6,25,48.4,"24.7"
"Stanton, Giancarlo",519317,2023,33,371,415,71,34,13,0,24,124,41,29.9,9.9,".191",".420",".275","0.695","0.229","156","1055","223","1719",".212",".470",".297",".325","-0.050","-0.028","93.3","12.5",27.4,15.8,48.4,"106.135021532","97.484200526",60.3,24,53.4,46.6,76,34.1,42.5,"24.4"
"Perez, Salvador",521692,2023,33,538,580,137,93,21,0,23,135,19,23.3,3.3,".255",".422",".292","0.714","0.167","227","1441","328","2061",".262",".465",".302",".326","-0.043","-0.024","90.1","15.6",38,8.8,44,"101.357412537","94.955683293",77.5,19.6,43.6,56.4,80.4,30.2,60.2,"24.3"
"Flores, Wilmer",527038,2023,31,405,454,115,70,22,0,23,63,41,13.9,9,".284",".509",".355","0.864","0.225","206","1219","125","1875",".254",".443",".368",".335",".066",".033","86.4","22",36.2,7.9,32.5,"97.399441744","92.72835564",62.6,11.5,24.6,75.4,88.5,15.8,44.9,"24.4"
"Bethancourt, Christian",542194,2023,31,315,332,71,44,16,0,11,91,13,27.4,3.9,".225",".381",".254","0.635","0.156","120","821","228","1180",".212",".376",".271",".265",".005",".006","88.6","11.3",28.5,7.9,40.8,"99.662215893","94.065729509",77.7,24,53.7,46.3,76,36.6,59.6,"27.4"
"Pérez, Carlos",542208,2023,32,168,189,38,28,4,0,6,40,13,21.2,6.9,".226",".357",".293","0.650","0.131","60","475","59","738",".255",".389",".285",".313","-0.032","-0.028","89.2","16",33.3,5.3,39.4,"99.571600455","94.025299771",64.9,12.4,39.5,60.5,87.6,21.5,46.1,"24.6"
"Ozuna, Marcell",542303,2023,32,530,592,145,75,29,1,40,134,57,22.6,9.6,".274",".558",".346","0.904","0.284","296","1488","272","2366",".277",".585",".381",".395","-0.027","-0.014","91.8","15.6",34.9,16.7,49,"103.257673232","96.232240934",69.8,17.2,46.2,53.8,82.8,26.7,48.4,"26.4"
"Berti, Jon",542932,2023,33,388,424,114,88,16,3,7,77,29,18.2,6.8,".294",".405",".344","0.749","0.111","157","1012","120","1588",".278",".411",".325",".324","-0.006",".001","85.4","2.4",29.7,4.8,31.3,"97.776931847","92.905131597",65.6,12.5,47.1,52.9,87.5,19.9,45.5,"29.3"
"Crawford, Brandon",543063,2023,36,283,320,55,36,11,1,7,81,28,25.3,8.8,".194",".314",".273","0.587","0.120","89","794","177","1227",".214",".379",".260",".293","-0.065","-0.033","89.8","14",32.4,10.1,43,"99.565776078","94.12075299",74.3,19,53.5,46.5,81,29.6,52.2,"25.8"
"Cron, C.J.",543068,2023,33,258,278,64,40,12,0,12,65,17,23.4,6.1,".248",".434",".295","0.729","0.186","112","706","130","1068",".252",".475",".312",".333","-0.041","-0.021","87.7","12.8",31.8,13.8,40,"101.506528673","94.849164308",63.6,20.5,43.6,56.4,79.5,28.3,47.6,"25.0"
"Gomes, Yan",543228,2023,35,382,419,102,70,20,2,10,81,21,19.3,5,".267",".408",".315","0.723","0.141","156","1078","172","1586",".259",".414",".312",".322","-0.006","-0.010","87.4","15.1",37,7.8,36.4,"98.498293636","93.349708864",69.3,16.2,37.9,62.1,83.8,24.2,52.5,"26.2"
"Grossman, Robbie",543257,2023,33,353,420,84,50,23,1,10,98,57,23.3,13.6,".238",".394",".340","0.734","0.156","139","1016","118","1716",".222",".358",".323",".309",".036",".014","88.2","20.2",32.3,6.8,37.3,"98.380623258","93.356276654",60.2,13.9,43.7,56.3,86.1,20.1,38.1,"27.8"
"Hicks, Aaron",543305,2023,33,269,312,68,50,9,1,8,69,42,22.1,13.5,".253",".383",".353","0.736","0.130","103","811","115","1354",".205",".305",".326",".283",".078",".043","85.3","12.6",26.4,4,29.4,"96.660790808","92.357553401",61.3,19.3,43.2,56.8,80.8,25.6,40.3,"27.3"
"Higashioka, Kyle",543309,2023,33,242,260,57,34,13,0,10,74,14,28.5,5.4,".236",".413",".274","0.687","0.177","100","671","123","1010",".235",".449",".293",".310","-0.036","-0.017","90.1","15.5",36.6,11,48.3,"101.070818721","94.981513333",67.1,18.4,51.6,48.4,81.6,28.6,49.5,"25.6"
"McCann, James",543510,2023,33,207,226,46,26,14,0,6,57,9,25.2,4,".222",".377",".269","0.646","0.155","78","579","132","847",".259",".433",".279",".318","-0.056","-0.039","89.8","16.6",37.4,7.1,43.9,"100.5154664","94.458814667",70,18,55.2,44.8,82,31.4,54.2,"26.1"
"Nola, Austin",543592,2023,33,130,154,19,15,3,0,1,31,18,20.1,11.7,".146",".192",".260","0.452","0.046","25","380","34","633",".199",".264",".220",".264","-0.072","-0.044","85.8","15",24.3,1,25.2,"95.942156531","92.024479794",56.6,8.2,38.5,61.5,91.8,16.1,39.3,"26.2"
"Rendon, Anthony",543685,2023,33,148,183,35,27,6,0,2,27,25,14.8,13.7,".236",".318",".361","0.679","0.082","47","445","49","761",".262",".395",".312",".359","-0.077","-0.047","90.1","16.2",34.4,4.8,41.6,"98.661103333","93.7752192",64.4,12.3,38.8,61.2,87.7,18.2,39.6,"26.5"
"Semien, Marcus",543760,2023,32,670,753,185,112,40,4,29,110,72,14.6,9.6,".276",".478",".348","0.826","0.202","320","1729","215","2799",".258",".434",".354",".335",".044",".019","88.4","19.1",37.5,6.6,37,"98.08417844","93.189258191",72.9,11.2,40.8,59.2,88.8,18,47.1,"28.7"
"Springer, George",543807,2023,33,613,683,158,111,25,1,21,125,60,18.3,8.8,".258",".405",".327","0.732","0.147","248","1599","248","2528",".258",".421",".320",".330","-0.016","-0.010","88.3","12",32.2,7.8,39.9,"100.34851102","94.297792755",73.4,15.8,44.8,55.2,84.2,22.3,49.3,"27.8"
"Vázquez, Christian",543877,2023,32,327,355,73,54,13,0,6,82,25,23.1,7,".223",".318",".280","0.598","0.095","104","868","152","1324",".220",".325",".264",".267","-0.007","-0.003","86.7","10",36,3.3,32.8,"96.86717918","92.517706337",65.3,21.2,35.4,64.6,78.8,26.2,48.7,"25.0"
"Wong, Kolten",543939,2023,32,224,250,41,31,6,0,4,53,18,21.2,7.2,".183",".263",".256","0.519","0.080","59","625","87","984",".213",".296",".236",".266","-0.033","-0.030","85.6","14",28.7,1.7,27,"96.00426619","92.008496429",67.5,11.8,46.6,53.4,88.2,21.7,47.9,"26.7"
"Vargas, Ildemaro",545121,2023,31,262,286,66,47,13,2,4,20,19,7,6.6,".252",".363",".304","0.667","0.111","95","677","48","1024",".265",".373",".292",".306","-0.010","-0.014","87.1","4.1",26,2.4,31.3,"97.156948151","92.578474076",60.6,7.3,25,75,92.7,12.6,45.9,"27.0"
"Grichuk, Randal",545341,2023,31,434,471,116,67,31,2,16,96,29,20.4,6.2,".267",".459",".321","0.780","0.192","199","1126","207","1721",".259",".436",".333",".325",".023",".008","89.6","14",35,7.1,45.3,"101.490095235","95.074647765",67.1,14.2,47.8,52.2,85.8,26.7,50.1,"27.4"
"Trout, Mike",545361,2023,31,307,361,81,48,14,1,18,103,45,28.5,12.5,".264",".492",".368","0.860","0.228","151","907","163","1546",".272",".530",".369",".390","-0.038","-0.021","91.9","19.3",38.3,16,51.9,"104.231780971","96.666975874",69.8,24.1,46.8,53.2,75.9,29.2,44.4,"29.5"
"Harper, Bryce",547180,2023,30,457,546,134,83,29,1,21,119,80,21.8,14.7,".293",".499",".401","0.900","0.206","228","1224","309","2021",".282",".530",".384",".396","-0.031","-0.012","91.8","9.1",36.8,15.2,46.8,"103.839812899","96.235486154",77.9,21.2,53,47,78.8,33.5,51.4,"27.6"
"Abreu, José",547989,2023,36,540,594,128,86,23,1,18,130,42,21.9,7.1,".237",".383",".296","0.679","0.146","207","1611","279","2400",".245",".416",".295",".316","-0.033","-0.021","89","10.8",32.5,8.7,41.6,"100.821833606","94.59770588",65.2,17.9,40.4,59.6,82.1,26.4,50.1,"25.5"
"Díaz, Elias",553869,2023,32,486,526,130,90,25,1,14,118,34,22.4,6.5,".267",".409",".316","0.725","0.142","199","1302","265","1984",".242",".379",".314",".295",".030",".019","88.1","12.7",31.2,6.2,38.4,"100.035107459","94.071648482",76.5,19,45.5,54.5,81,28.4,54.8,"25.0"
"Suárez, Eugenio",553993,2023,31,598,694,139,88,29,0,22,214,70,30.8,10.1,".232",".391",".323","0.714","0.159","234","1775","364","2903",".218",".421",".313",".323","-0.030","-0.010","90.3","18.9",37.7,13.2,43,"100.661115455","94.726665316",65.9,24.6,55.5,44.5,75.4,32.8,44.5,"26.4"
"Urshela, Gio",570482,2023,31,214,228,64,53,8,1,2,36,10,15.8,4.4,".299",".374",".329","0.703","0.075","80","601","74","881",".258",".369",".307",".292",".005",".015","87.5","8.6",34.8,3.9,33.7,"97.28858011","92.735387017",74.1,11.4,32.7,67.3,88.6,18.8,54.8,"26.2"
"Schoop, Jonathan",570731,2023,31,136,151,29,21,8,0,0,37,13,24.5,8.6,".213",".272",".278","0.550","0.059","37","386","87","599",".228",".336",".249",".279","-0.064","-0.030","89.4","11.2",32.7,4,38.6,"100.684305882","94.547389109",74.7,20.7,47.1,52.9,79.3,29.2,52.6,"26.9"
"Arenado, Nolan",571448,2023,32,560,612,149,95,26,2,26,101,41,16.5,6.7,".266",".459",".315","0.774","0.193","257","1491","189","2285",".262",".439",".327",".320",".020",".007","88.8","16.9",33,7.3,38.1,"99.311427863","93.760489679",65.5,10.4,36.2,63.8,89.6,20.2,48.5,"24.9"
"Farmer, Kyle",571657,2023,32,336,369,86,59,14,2,11,86,23,23.3,6.2,".256",".408",".317","0.725","0.152","137","934","124","1398",".249",".409",".316",".314","-0.001",".002","86.4","13.2",36.1,6.8,32.9,"97.416251746","92.785266614",62.7,13,43.7,56.3,87,23.2,47.7,"26.5"
"Haniger, Mitch",571745,2023,32,211,229,44,24,13,1,6,65,15,28.4,6.6,".209",".365",".266","0.631","0.156","77","597","110","925",".237",".437",".274",".313","-0.072","-0.039","91","15.9",36.7,10.9,46.9,"100.797604054","94.934929728",64.1,19.2,51.8,48.2,80.8,27.8,45.8,"26.7"
"Hernández, Enrique",571771,2023,31,465,508,110,76,23,0,11,97,34,19.1,6.7,".237",".357",".289","0.646","0.120","166","1266","195","1964",".222",".338",".282",".272",".019",".010","87.8","17",31,4.5,33.7,"97.831208503","92.980265241",66,15.9,41.4,58.6,84.1,23.6,46.7,"26.9"
"Maile, Luke",571912,2023,32,179,199,42,26,10,0,6,49,14,24.6,7,".235",".391",".308","0.699","0.156","70","491","75","766",".231",".417",".307",".315","-0.026","-0.008","87.7","14.7",37.4,10.7,33.6,"98.523024","93.382391163",63.4,20.1,39.8,60.2,79.9,26,44.6,"26.0"
"Muncy, Max",571970,2023,32,482,579,102,48,17,1,36,153,85,26.4,14.7,".212",".475",".333","0.808","0.263","229","1468","263","2485",".230",".506",".344",".362","-0.031","-0.018","91.2","21.7",33.7,14.6,46.6,"101.315308623","95.11269018",57.3,20.8,48.2,51.8,79.2,29.6,39.3,"26.9"
"Taylor, Michael A.",572191,2023,32,355,388,78,42,14,1,21,130,26,33.5,6.7,".220",".442",".278","0.720","0.222","157","978","223","1526",".220",".441",".308",".309",".001","-0.001","88.1","13.4",30.6,13.5,38,"101.375261009","94.840009083",68.7,23.9,54.2,45.8,76.1,34.1,49,"28.7"
"Thompson, Trayce",572204,2023,32,153,179,25,17,2,0,6,77,24,43,13.4,".163",".294",".285","0.579","0.131","45","467","125","799",".165",".330",".266",".278","-0.036","-0.012","89.3","21.8",34.2,11.8,46.1,"101.671417632","95.111791184",62.6,32.9,70.5,29.5,67.1,43.3,39.9,"27.3"
"Walker, Christian",572233,2023,32,582,661,150,79,36,2,33,127,62,19.2,9.4,".258",".497",".333","0.830","0.239","289","1668","304","2671",".247",".465",".351",".340",".032",".011","88","15.8",32.6,11.4,40.4,"100.601281422","94.397470475",71.4,18.9,46.6,53.4,81.1,26.4,48.6,"26.4"
"Carpenter, Matt",572761,2023,37,188,237,33,16,12,0,5,67,41,28.3,17.3,".176",".319",".322","0.641","0.143","60","605","102","1014",".169",".336",".293",".308","-0.017","-0.015","87","24.4",35.7,11.2,31,"97.461539355","92.730769677",60.7,17.7,57.3,42.7,82.3,28.3,40.4,"25.3"
"Dickerson, Corey",572816,2023,34,144,152,36,26,7,1,2,28,7,18.4,4.6,".250",".354",".283","0.637","0.104","51","395","59","546",".256",".377",".277",".291","-0.023","-0.014","88.1","9.4",32.5,3.4,27.4,"97.378993103","92.855205862",72.1,14.8,33.6,66.4,85.2,22.4,60.4,"26.6"
"Yastrzemski, Mike",573262,2023,32,330,381,77,38,23,1,15,99,45,26,11.8,".233",".445",".330","0.775","0.212","147","958","129","1573",".228",".428",".333",".326",".017",".007","90","19.6",35,9.8,44,"100.690515526","94.656883114",62.7,17.1,43.2,56.8,82.9,23.6,41.2,"27.0"
"Contreras, Willson",575929,2023,31,428,495,113,66,27,0,20,111,51,22.4,10.3,".264",".467",".358","0.825","0.203","200","1229","241","1950",".275",".498",".358",".374","-0.031","-0.016","91.3","10.1",34.1,12.2,46.9,"103.922488176","96.441608585",68.9,18.7,48.3,51.7,81.3,29,48.5,"26.7"
"Bryant, Kris",592178,2023,31,300,335,70,50,10,0,10,68,29,20.3,8.7,".233",".367",".313","0.680","0.134","110","784","133","1281",".243",".417",".302",".324","-0.050","-0.022","85.7","14.4",34.1,6,31.5,"97.280290431","92.645822586",70.3,15.8,46.3,53.7,84.2,25,45.9,"26.4"
"Canha, Mark",592192,2023,34,435,507,114,77,25,1,11,79,49,15.6,9.7,".262",".400",".355","0.755","0.138","174","1326","144","2085",".246",".385",".333",".323",".015",".010","87.9","13.1",30.9,4.7,36.7,"98.959607624","93.632062936",59,11.3,36.3,63.7,88.7,18.3,41.6,"27.8"
"Castellanos, Nick",592206,2023,31,626,671,170,102,37,2,29,185,36,27.6,5.4,".272",".476",".311","0.787","0.204","298","1641","433","2427",".255",".449",".335",".322",".027",".013","88.9","14.4",36.5,10.3,43.2,"100.3894813","94.419143027",74.7,22.1,55.4,44.6,77.9,35.4,56.2,"27.2"
"Drury, Brandon",592273,2023,30,485,523,127,68,30,3,26,136,25,26,4.8,".262",".497",".306","0.803","0.235","241","1315","272","1963",".247",".444",".339",".318",".053",".021","89.9","11.8",35,11,46.3,"101.80875267","95.132794574",69.1,20.1,49.1,50.9,79.9,30.2,51.6,"26.9"
"Judge, Aaron",592450,2023,31,367,458,98,45,16,0,37,130,88,28.4,19.2,".267",".613",".406","1.019","0.346","225","1089","258","1901",".284",".727",".420",".465","-0.114","-0.045","97.6","20.4",37.1,27.6,64.2,"107.408656167","99.7487841",67,27.6,62.8,37.2,72.4,36.6,41.3,"26.7"
"Machado, Manny",592518,2023,30,543,601,140,89,21,0,30,109,50,18.1,8.3,".258",".462",".319","0.781","0.204","251","1461","237","2284",".250",".466",".334",".335","-0.004","-0.001","91","15",30.2,10.5,45.9,"102.375377","95.525381708",69.7,16.4,41.4,58.6,83.6,23.9,49.3,"26.3"
"Pederson, Joc",592626,2023,31,358,425,84,52,14,3,15,89,57,20.9,13.4,".235",".416",".348","0.764","0.181","149","1047","165","1723",".258",".489",".331",".367","-0.073","-0.036","92.1","15.2",33.5,12.2,52.2,"103.009948074","96.305444852",66,17.4,37.9,62.1,82.6,24.6,45.2,"26.4"
"Realmuto, J.T.",592663,2023,32,489,540,123,70,28,5,20,138,35,25.6,6.5,".252",".452",".310","0.762","0.200","221","1366","249","2096",".249",".467",".324",".334","-0.015","-0.010","89.8","16.7",36.2,11.2,43.3,"101.30139764","94.961935393",70.8,18.5,43.5,56.5,81.3,26.2,50.5,"28.6"
"Renfroe, Hunter",592669,2023,31,498,548,116,65,31,0,20,125,44,22.8,8,".233",".416",".297","0.713","0.183","207","1380","236","2107",".221",".370",".308",".289",".046",".019","88.3","15",29.5,6.2,39.1,"100.508778984","94.37524563",70.7,18.1,42.3,57.7,81.9,26.4,50.8,"26.8"
"Rosario, Eddie",592696,2023,31,478,516,122,74,24,3,21,122,34,23.6,6.6,".255",".450",".305","0.755","0.195","215","1333","274","1908",".250",".440",".322",".317",".010",".005","88.6","14.5",35.9,9.5,35.4,"98.60055257","93.424315434",73.7,22.8,39.9,60.1,77.2,29.8,57.4,"28.0"
"Yelich, Christian",592885,2023,31,550,632,153,99,34,1,19,140,78,22.2,12.3,".278",".447",".370","0.817","0.169","246","1550","271","2559",".272",".455",".353",".356","-0.008","-0.003","91.7","3.5",30.4,9.3,50.1,"103.18368722","96.096251589",68.2,17.5,48.7,51.3,82.5,26.8,45,"28.1"
"Merrifield, Whit",593160,2023,34,547,592,149,111,27,0,11,101,36,17.1,6.1,".272",".382",".318","0.700","0.110","209","1474","195","2200",".241",".340",".304",".278",".042",".026","85.1","14.4",37.2,2.4,24.3,"94.880835796","91.453019024",69.9,14.5,30.1,69.9,85.5,19.5,51.1,"28.8"
"Bogaerts, Xander",593428,2023,30,596,665,170,118,31,2,19,110,56,16.5,8.4,".285",".440",".350","0.790","0.155","262","1700","212","2644",".252",".400",".343",".317",".040",".026","87.6","7.9",28.3,6.1,34.6,"98.476149796","93.284202061",59.2,13.9,36.5,63.5,86.1,20.4,42.6,"27.6"
"Polanco, Jorge",593871,2023,29,302,343,77,45,18,0,14,88,36,25.7,10.5,".255",".454",".335","0.789","0.199","137","877","137","1400",".248",".492",".340",".351","-0.038","-0.011","88.4","21.6",39.6,13.8,40.6,"100.221097963","94.291735787",66.9,15.5,44.5,55.5,84.5,24.9,46.4,"27.6"
"Calhoun, Kole",594777,2023,35,157,174,34,21,7,0,6,37,13,21.3,7.5,".217",".376",".282","0.658","0.159","59","424","65","681",".232",".397",".286",".302","-0.021","-0.016","86.6","19.9",33.6,6.6,35.2,"97.942733279","92.974706803",73,15.9,38.6,61.4,84.1,22.9,48.2,"25.0"
"Duvall, Adam",594807,2023,34,320,353,79,32,24,2,21,110,22,31.2,6.2,".247",".531",".303","0.834","0.284","170","890","172","1336",".207",".441",".347",".305",".090",".042","88.8","28.9",33,13.1,39.1,"100.072491121","94.161800748",63.9,21.2,47.7,52.3,78.8,31,48.3,"27.6"
"Kiermaier, Kevin",595281,2023,33,370,408,98,63,21,6,8,86,29,21.1,7.1,".265",".419",".322","0.741","0.154","155","969","203","1508",".256",".352",".320",".299",".067",".021","86.7","5.6",29.4,3.5,33.2,"97.999902837","93.084577651",71.6,22,53.4,46.6,78,30.6,49.6,"28.8"
"Wallach, Chad",595453,2023,31,157,172,31,18,5,1,7,57,13,33.1,7.6,".197",".376",".259","0.635","0.179","59","438","107","690",".211",".413",".275",".293","-0.037","-0.018","87.7","16.7",35.3,11,33,"97.89839551","92.949197755",70.4,23.8,59.8,40.2,76.2,34.8,50,"24.3"
"Profar, Jurickson",595777,2023,30,459,521,111,73,27,2,9,90,50,17.3,9.6,".242",".368",".321","0.689","0.126","169","1311","170","2104",".245",".353",".304",".307",".015","-0.003","86.5","14.8",37.7,4,31.8,"97.18982877","92.606877674",68.8,12.2,41.8,58.2,87.8,20,47.2,"25.6"
"Báez, Javier",595879,2023,30,510,547,113,82,18,4,9,125,24,22.9,4.4,".222",".325",".267","0.592","0.103","166","1345","315","1970",".232",".360",".261",".281","-0.035","-0.020","88","9.4",28.9,5.2,39.7,"100.19637776","94.157773958",68.1,21.5,46.4,53.6,78.3,32.7,54.8,"28.1"
"Cave, Jake",595909,2023,30,184,203,39,25,8,1,5,55,15,27.1,7.4,".212",".348",".272","0.620","0.136","64","526","87","813",".200",".359",".271",".277","-0.011","-0.006","89.3","15.3",29.5,7.6,34.8,"98.602982576","93.425616336",68.3,18.4,45.6,54.4,81.6,27,48.8,"27.6"
"Hedges, Austin",595978,2023,30,185,212,34,28,5,0,1,47,11,22.2,5.2,".184",".227",".234","0.461","0.043","42","493","94","741",".216",".295",".209",".256","-0.068","-0.047","87.2","15.4",29.1,0.7,31.1,"97.087257286","92.598786763",72.2,20,44.4,55.6,80,28,52.1,"24.5"
"Lindor, Francisco",596019,2023,29,602,687,153,87,33,2,31,137,66,19.9,9.6,".254",".470",".336","0.806","0.216","283","1724","249","2741",".250",".462",".346",".345",".008",".001","91.2","19.2",35.8,10.4,43.9,"100.821281314","94.916417775",70.6,16.1,38.9,61.1,83.9,22.8,48,"28.1"
"Odor, Rougned",596059,2023,29,138,157,28,15,9,0,4,37,17,23.6,10.8,".203",".355",".299","0.654","0.152","49","352","67","585",".238",".390",".291",".319","-0.035","-0.028","90.1","19.9",38.6,6.9,37.6,"99.290219","94.0237374",71.7,16.6,49.5,50.5,83.4,27.1,48.5,"26.8"
"Slater, Austin",596103,2023,30,185,207,50,36,9,0,5,58,20,28,9.7,".270",".400",".348","0.748","0.130","74","498","90","808",".247",".442",".330",".334","-0.042","-0.004","91.1","7.5",34.6,11.8,46.5,"101.910679365","95.591557937",63.8,21.3,52.7,47.3,78.7,29.8,42.3,"27.7"
"Story, Trevor",596115,2023,30,158,168,32,20,9,0,3,55,9,32.7,5.4,".203",".316",".250","0.566","0.113","50","427","88","640",".204",".359",".249",".265","-0.043","-0.016","88.5","15.5",42.7,9.7,39.8,"99.807338431","94.011833627",69.7,24.8,48.4,51.6,75.2,31.7,50.8,"28.8"
"Vogelbach, Daniel",596129,2023,30,275,319,64,43,8,0,13,81,42,25.4,13.2,".233",".404",".339","0.743","0.171","111","843","92","1400",".226",".407",".327",".325","-0.003",".002","91.7","14.5",31.4,9.3,50,"101.166799794","95.217899227",50.9,13.4,40.8,59.2,86.6,21.6,36,"23.6"
"Sánchez, Gary",596142,2023,30,240,267,52,24,9,0,19,67,21,25.1,7.9,".217",".492",".288","0.780","0.275","118","695","109","1091",".227",".504",".329",".342","-0.012","-0.013","90.1","16.5",27.4,15.4,44.6,"101.705364318","95.143946857",58,16.5,51,49,83.5,27.6,41.8,"24.9"
"Kepler, Max",596146,2023,30,438,491,114,66,22,2,24,106,45,21.6,9.2,".260",".484",".332","0.816","0.224","212","1204","162","1924",".266",".507",".348",".362","-0.023","-0.014","91.9","14.7",35.7,12.2,47.9,"102.056672262","95.65094244",70.4,11.9,42.1,57.9,88.1,19.8,47.5,"27.4"
"Candelario, Jeimer",600869,2023,29,505,576,127,63,39,3,22,127,53,22,9.2,".251",".471",".336","0.807","0.220","238","1472","227","2333",".231",".407",".346",".318",".064",".028","88.3","14.1",36.9,7.9,36.4,"99.185208","93.708029184",68.1,16.1,42.3,57.7,83.9,24.2,47.4,"27.5"
"Urías, Ramón",602104,2023,29,360,396,95,66,22,3,4,101,27,25.5,6.8,".264",".375",".328","0.703","0.111","135","956","176","1461",".223",".339",".310",".281",".036",".029","89.2","7.9",30.4,6.9,38.1,"99.139793769","93.685443346",69,20.2,50.2,49.8,79.8,28.7,49.1,"26.7"
"Ahmed, Nick",605113,2023,33,198,210,42,29,10,1,2,52,12,24.8,5.7,".212",".303",".257","0.560","0.091","60","532","90","776",".225",".328",".247",".264","-0.025","-0.017","85.2","12.8",32.9,2.8,31.5,"97.507589437","92.754850282",66.8,19.4,42.2,57.8,80.6,26.9,50.4,"28.1"
"Anderson, Brian",605119,2023,30,318,361,72,48,12,3,9,108,36,29.9,10,".226",".368",".310","0.678","0.142","117","927","203","1441",".225",".388",".299",".314","-0.020","-0.015","87.6","9.9",34.3,10.4,37.1,"99.655808491","93.945080472",69.4,24.6,55.5,44.5,75.4,33.3,48.9,"26.4"
"Barnes, Austin",605131,2023,33,178,200,32,25,5,0,2,43,17,21.5,8.5,".180",".242",".256","0.498","0.062","43","486","61","778",".211",".310",".229",".273","-0.068","-0.044","84.8","6.1",28.3,2.9,25.4,"96.019005147","92.044198148",64.7,18.1,38,62,81.9,22.2,44,"26.5"
"Bell, Josh",605137,2023,30,547,617,135,85,28,0,22,134,63,21.7,10.2,".247",".419",".325","0.744","0.172","229","1490","258","2428",".257",".459",".323",".343","-0.040","-0.020","90.1","9.3",31.3,10.2,43,"101.611186796","94.955559951",70.9,17.2,44.8,55.2,82.8,25.8,47.7,"25.9"
"Betts, Mookie",605141,2023,30,584,693,179,99,40,1,39,107,96,15.4,13.9,".307",".579",".408","0.987","0.272","338","1589","142","2712",".288",".572",".416",".408",".007",".008","92.4","20.6",42.5,12.4,48.5,"100.865674689","95.28290971",60.5,8.2,46.1,53.9,91.8,16.7,38.1,"27.2"
"Caratini, Victor",605170,2023,29,201,226,52,41,4,0,7,45,19,19.9,8.4,".259",".383",".327","0.710","0.124","77","506","69","805",".256",".377",".312",".309",".006",".003","91.3","10.8",23.3,5,44.7,"101.5286345","95.04057195",66.1,15.1,40.7,59.3,84.9,21.1,45.3,"25.0"
"Davis, J.D.",605204,2023,30,480,546,119,77,23,1,18,152,52,27.8,9.5,".248",".412",".325","0.737","0.164","198","1333","339","2092",".239",".415",".321",".323","-0.003","-0.002","91.1","7.8",33.5,9.6,45.2,"101.437064311","95.258851108",79.3,26.8,56.2,43.8,73.2,34,53.1,"25.8"
"Castro, Harold",605612,2023,29,258,270,65,51,13,0,1,66,9,24.4,3.3,".252",".314",".275","0.589","0.062","81","701","134","994",".240",".341",".258",".264","-0.027","-0.006","86.2","10",38.5,3.1,28.7,"96.109616082","92.139749948",71.1,18,44.2,55.8,82,28.6,56.3,"26.5"
"Arcia, Orlando",606115,2023,28,488,533,129,87,25,0,17,102,39,19.1,7.3,".264",".420",".321","0.741","0.156","205","1358","220","2132",".238",".392",".321",".302",".028",".019","88.2","5.4",30.6,6.9,41.1,"99.189217927","93.735384508",65.5,17.7,41.2,58.8,82.3,24.3,46.2,"25.9"
"Tapia, Raimel",606132,2023,29,148,169,35,27,4,1,3,40,17,23.7,10.1,".236",".338",".317","0.655","0.102","50","436","75","662",".222",".340",".293",".295","-0.002","-0.002","85.4","1.6",31.8,6.4,34.5,"98.091692222","93.117951776",62.5,23.2,36.6,63.4,76.2,29,49.5,"28.7"
"Hernández, Teoscar",606192,2023,30,625,678,161,104,29,2,26,211,38,31.1,5.6,".258",".435",".305","0.740","0.177","272","1810","453","2673",".251",".478",".317",".334","-0.043","-0.017","91.3","12.3",35.2,13.8,49.4,"103.014681476","96.109592578",73.2,24.8,57.3,42.7,75.2,35.8,53.6,"28.6"
"Marte, Ketel",606466,2023,29,569,650,157,97,26,9,25,109,71,16.8,10.9,".276",".485",".358","0.843","0.209","276","1521","207","2483",".262",".430",".361",".342",".055",".019","91.1","10.7",30.8,8,42.8,"101.585403319","95.10445528",67.3,14.1,37.7,62.3,85.9,20.5,45.5,"27.7"
"Haase, Eric",606992,2023,30,274,293,55,42,8,1,4,81,17,27.6,5.8,".201",".281",".247","0.528","0.080","77","759","172","1118",".215",".312",".233",".255","-0.031","-0.022","87.1","13.4",29.2,4.6,35.9,"98.489376289","93.341904124",72.2,22.6,52.2,47.8,77.4,32.6,54,"28.0"
"Nimmo, Brandon",607043,2023,30,592,682,162,102,30,6,24,146,74,21.4,10.9,".274",".466",".363","0.829","0.192","276","1780","222","2847",".257",".458",".359",".352",".008",".007","91.8","12.2",33.5,9.5,47.9,"101.50757","95.462726837",62.4,15.5,44.8,55.2,84.5,22,42.4,"28.0"
"Peterson, Jace",607054,2023,33,374,430,79,59,10,4,6,101,47,23.5,10.9,".211",".307",".304","0.611","0.096","115","1092","154","1740",".212",".334",".275",".287","-0.027","-0.012","85.7","14.4",33.5,4.7,28.1,"96.5144975","92.272958155",60.9,15.9,50.3,49.7,84.1,25,42.2,"28.0"
"Turner, Trea",607208,2023,30,639,691,170,104,35,5,26,150,45,21.7,6.5,".266",".459",".320","0.779","0.193","293","1756","380","2675",".263",".453",".333",".331",".006",".002","89.9","13",36.1,8.4,42.2,"100.292342286","94.550003245",74.4,17.8,50.4,49.6,82.2,29.6,53.1,"30.3"
"Pillar, Kevin",607680,2023,34,197,206,45,26,10,0,9,50,6,24.3,2.9,".228",".416",".248","0.664","0.188","82","530","99","756",".252",".422",".280",".296","-0.006","-0.016","87.9","17.8",39.3,8,38.7,"98.402506267","93.29131396",72.8,17.7,41.9,58.1,82.3,26.5,56.3,"28.2"
"Stallings, Jacob",607732,2023,33,241,276,46,29,14,0,3,67,27,24.3,9.8,".191",".286",".278","0.564","0.095","69","670","89","1084",".191",".309",".256",".265","-0.023","-0.009","89.7","9.1",28.5,5.6,40.2,"98.748890698","93.710206784",59.4,12.8,48.8,51.2,87.2,22.8,40.9,"23.6"
"Ramírez, José",608070,2023,30,611,691,172,107,36,5,24,73,73,10.6,10.6,".282",".475",".356","0.831","0.193","290","1608","164","2610",".296",".486",".346",".361","-0.011","-0.015","90","18",36.8,7,40.4,"100.07775","94.35370079",67.4,8.8,30.2,69.8,91.2,15.6,46.6,"27.8"
"Bregman, Alex",608324,2023,29,622,724,163,106,28,4,25,87,92,12,12.7,".262",".441",".363","0.804","0.179","274","1624","127","2789",".263",".440",".351",".353",".001","-0.002","88.6","17.6",35.8,5.4,38.2,"98.071537732","93.248960689",61.2,8.7,30,70,91.3,14.1,38.7,"26.3"
"Gallo, Joey",608336,2023,29,282,332,50,19,9,1,21,142,48,42.8,14.5,".177",".440",".301","0.741","0.263","124","854","272","1428",".149",".407",".320",".298",".033",".022","93","26.4",28.6,19.3,52.9,"104.361492143","97.127446835",71.6,34.3,67.7,32.3,65.7,44.3,47.1,"26.6"
"Kelly, Carson",608348,2023,28,136,151,28,21,5,0,2,40,14,26.5,9.3,".206",".287",".278","0.565","0.081","39","362","68","559",".185",".286",".255",".248",".001",".007","86.8","15.6",27.8,2.1,33,"97.454185918","92.779088763",64,25.4,42.9,57.1,74.6,30.2,45.6,"25.7"
"Seager, Corey",608369,2023,29,477,536,156,81,42,0,33,88,49,16.4,9.1,".327",".623",".390","1.013","0.296","297","1156","223","1846",".303",".620",".419",".411",".003",".008","93.3","13",38,15.2,53.2,"103.543493485","96.785948962",83.6,14.1,55.6,44.4,85.9,25,55.1,"26.2"
"Winker, Jesse",608385,2023,29,166,197,33,27,5,0,1,51,26,25.9,13.2,".199",".247",".320","0.567","0.048","41","498","71","831",".205",".302",".269",".290","-0.055","-0.021","86.8","13.6",33.6,4.3,31.9,"97.510447586","92.771752672",66.7,19.6,43.4,56.6,80.4,25.1,42.6,"23.5"
"Murphy, Tom",608596,2023,32,145,159,42,22,12,0,8,44,10,27.7,6.3,".290",".538",".335","0.873","0.248","78","394","87","593",".256",".501",".367",".349",".037",".018","89.5","13.7",40.8,14.6,44.7,"101.351947692","95.064785146",73,21.6,52.9,47.1,78.4,30.4,52.1,"26.0"
"Jankowski, Travis",608671,2023,32,247,287,65,51,12,1,1,42,35,14.6,12.2,".263",".332",".357","0.689","0.069","82","673","43","1118",".254",".311",".312",".303",".021",".009","85.4","8.1",28.8,0,25.5,"95.420288039","91.716382549",58.5,10.3,32.2,67.8,89.7,14.8,38.2,"29.0"
"Refsnyder, Rob",608701,2023,32,202,243,50,39,9,1,1,47,33,19.3,13.6,".248",".317",".365","0.682","0.069","64","606","81","1004",".259",".390",".314",".344","-0.073","-0.030","87.7","11.9",42,3.9,34.4,"98.411482208","93.313190455",61,19.4,35.5,64.5,80.6,23.1,40.1,"27.1"
"Meneses, Joey",608841,2023,31,611,657,168,118,36,1,13,130,38,19.8,5.8,".275",".401",".321","0.722","0.126","245","1672","242","2543",".244",".365",".314",".289",".036",".025","89.4","9.4",32.9,5.4,41.7,"99.929364091","94.237468244",64.8,14.2,41.9,58.1,85.8,23.6,47.6,"25.6"
"Swanson, Dansby",621020,2023,29,565,638,138,88,25,3,22,154,66,24.1,10.3,".244",".416",".328","0.744","0.172","235","1589","320","2558",".249",".461",".325",".344","-0.045","-0.019","89.3","13",35.1,10.9,39.7,"99.817409223","94.10753236",71.4,23.6,43.6,56.4,76.4,28.7,47.3,"28.4"
"Newman, Kevin",621028,2023,29,225,253,57,38,16,0,3,34,17,13.4,6.7,".253",".364",".311","0.675","0.111","82","604","46","912",".270",".381",".296",".313","-0.017","-0.017","86.5","12",35.4,2.5,29.3,"96.650571327","92.359183077",64.8,10.7,25.6,74.4,89.3,14.8,46.6,"28.0"
"Taylor, Chris",621035,2023,32,338,384,80,49,15,1,15,125,41,32.6,10.7,".237",".420",".326","0.746","0.183","142","1007","248","1622",".219",".401",".323",".309",".019",".014","86.2","21.5",38.8,9.8,37.4,"98.961485421","93.52875061",71.6,29.4,57.8,42.2,70.6,35.8,47.6,"28.3"
"Correa, Carlos",621043,2023,28,514,580,118,69,29,2,18,131,59,22.6,10.2,".230",".399",".312","0.711","0.169","205","1421","214","2257",".245",".421",".309",".327","-0.022","-0.018","90.4","10.6",31.1,9.6,45.9,"102.481230628","95.635527984",62,16.6,42.9,57.1,83.4,25.1,43.6,"26.6"
"Taylor, Tyrone",621438,2023,29,231,243,54,26,17,1,10,55,8,22.6,3.3,".234",".446",".267","0.713","0.212","103","608","99","889",".243",".435",".302",".307",".011","-0.005","87.7","18.2",33.9,6.8,39.5,"99.373020909","93.756534489",67.2,15.7,42.9,57.1,84.3,24.9,51.9,"28.8"
"Buxton, Byron",621439,2023,29,304,347,63,28,17,1,17,109,35,31.4,10.1,".207",".438",".294","0.732","0.231","133","868","186","1367",".207",".431",".311",".316",".007","-0.005","91.5","20.1",33.2,14.6,45.7,"102.5176971","95.782166382",72.8,20.6,56,44,79.4,30.6,50,"29.3"
"Stewart, DJ",621466,2023,29,160,185,39,19,9,0,11,56,15,30.3,8.1,".244",".506",".333","0.839","0.262","81","461","120","748",".230",".464",".358",".340",".042",".018","89.9","16.5",34,12.3,44.3,"100.7570575","94.657703462",77.8,28.2,57,43,71.8,35.8,50.8,"26.3"
"Ward, Taylor",621493,2023,29,356,409,90,58,18,0,14,80,39,19.6,9.5,".253",".421",".335","0.756","0.168","150","985","128","1635",".251",".439",".329",".341","-0.018","-0.012","90.7","14.3",34,8.2,43.9,"100.268469209","94.588852374",66.9,12.5,44.8,55.2,87.5,21.1,44.3,"28.0"
"Remillard, Zach",621545,2023,29,147,160,37,29,7,0,1,48,8,30,5,".252",".320",".295","0.615","0.068","47","383","75","576",".199",".244",".270",".219",".076",".051","85.7","11.9",23.3,1,20.4,"94.815706809","91.444496989",64.5,22.3,67.1,32.9,77.7,33.8,47.2,"28.4"
"Wisdom, Patrick",621550,2023,31,268,302,55,23,8,1,23,111,30,36.8,9.9,".205",".500",".289","0.789","0.295","134","808","180","1318",".211",".492",".333",".333",".008",".000","92.7","21.7",33.3,20.1,54.7,"103.448312785","96.664593567",70,26.8,53.4,46.6,73.2,33.8,46.7,"27.7"
"Wendle, Joey",621563,2023,33,297,318,63,42,16,3,2,67,13,21.1,4.1,".212",".306",".248","0.554","0.094","91","801","115","1180",".232",".331",".242",".267","-0.025","-0.025","89.2","3.8",31.8,3.4,39.4,"97.966208793","93.354777576",62.7,15,43.1,56.9,85,25,47.7,"27.8"
"Olson, Matt",621566,2023,29,608,720,172,88,27,3,54,167,104,23.2,14.4,".283",".604",".389","0.993","0.321","367","1852","352","3092",".262",".572",".413",".396",".032",".017","93.7","16.1",31,16.4,55.5,"104.825276757","97.314084392",71.6,24.5,37.4,62.6,75.5,28.4,46.8,"26.2"
"Duffy, Matt",622110,2023,32,191,209,48,38,8,0,2,39,12,18.7,5.7,".251",".325",".306","0.631","0.074","62","502","76","751",".267",".347",".281",".298","-0.022","-0.017","86.4","8.8",35.7,2.6,33.1,"96.70870961","92.368218506",64.8,15.8,41.6,58.4,84.2,23,48.1,"27.0"
"Margot, Manuel",622534,2023,28,311,336,82,56,21,1,4,55,18,16.4,5.4,".264",".376",".310","0.686","0.112","117","813","124","1225",".259",".371",".299",".301",".005","-0.002","87.9","10.5",28.6,3.9,37.8,"99.699502578","93.924441765",69.5,16.8,41.4,58.6,83.2,24.4,50.5,"28.3"
"Reyes, Pablo",622569,2023,29,167,185,48,37,9,0,2,21,14,11.4,7.6,".287",".377",".339","0.716","0.090","63","444","41","709",".261",".398",".315",".311","-0.021",".004","88.1","14.7",34,4,36,"98.745577123","93.451553172",62.2,11.9,24.6,75.4,88.1,14.9,41.7,"27.9"
"Mateo, Jorge",622761,2023,28,318,350,69,46,14,2,7,82,22,23.4,6.3,".217",".340",".267","0.607","0.123","108","884","165","1317",".237",".378",".265",".292","-0.038","-0.027","88.4","10.4",28.3,5.3,38.5,"100.431419748","94.295455274",68.1,15.9,50.6,49.4,84.1,28.1,50.3,"30.1"
"Ramírez, Harold",623912,2023,28,400,434,125,92,19,2,12,79,22,18.2,5.1,".313",".460",".353","0.813","0.147","184","1083","224","1564",".267",".413",".349",".318",".047",".031","89.1","6.1",29.4,4.6,40.7,"100.416096914","94.469777121",72,17.6,42.2,57.8,82.4,28.1,56.5,"27.8"
"Santander, Anthony",623993,2023,28,591,656,152,82,41,1,28,152,55,23.2,8.4,".257",".472",".325","0.797","0.215","279","1796","270","2764",".232",".431",".340",".319",".041",".021","90.6","20.2",33,10.2,46,"101.732013378","95.319994041",66.9,17.9,32.3,67.7,82.1,23.5,49,"26.7"
"Alonso, Pete",624413,2023,28,568,658,123,54,21,2,46,151,65,22.9,9.9,".217",".504",".318","0.822","0.287","286","1588","248","2567",".242",".534",".346",".369","-0.030","-0.023","89.5","18.2",32.3,14.7,40.1,"102.342134502","95.253955701",61.8,17.8,43,57,82.2,26.2,43.7,"26.0"
"Arroyo, Christian",624414,2023,28,195,206,47,28,16,0,3,45,7,21.8,3.4,".241",".369",".268","0.637","0.128","72","514","99","735",".232",".348",".274",".272",".021",".002","86.3","11.1",35.9,4.6,32.7,"97.619093067","92.82512",79.3,16.4,43.2,56.8,83.6,25.3,59.7,"27.7"
"Biggio, Cavan",624415,2023,28,289,338,68,47,12,0,9,88,40,26,11.8,".235",".370",".340","0.710","0.135","107","847","114","1387",".224",".376",".318",".315","-0.006",".003","88.4","15.7",41.4,7.4,33,"97.7434156","93.0212046",61.7,15.5,58.5,41.5,84.5,23.8,39.7,"28.3"
"Conforto, Michael",624424,2023,30,406,470,97,68,14,0,15,106,53,22.6,11.3,".239",".384",".334","0.718","0.145","156","1169","191","1900",".241",".420",".315",".330","-0.036","-0.015","88.9","11.9",31.9,7.9,39.8,"100.09818404","94.217973543",69.1,17.4,43.7,56.3,82.6,24.9,45.3,"26.1"
"Frazier, Adam",624428,2023,31,412,455,99,63,21,2,13,68,32,14.9,7,".240",".396",".300","0.696","0.156","163","1156","141","1750",".259",".363",".302",".301",".033",".001","85.7","15.2",40.9,3.2,23.4,"95.278497399","91.650357101",67.1,11.2,38.5,61.5,88.8,19.2,48.3,"26.5"
"Trevino, Jose",624431,2023,30,157,168,33,25,4,0,4,22,8,13.1,4.8,".210",".312",".257","0.569","0.102","49","416","43","614",".241",".346",".252",".279","-0.034","-0.027","85.8","9.6",30.9,2.9,31.6,"97.021833971","92.547410667",54.7,10.3,24.2,75.8,89.7,16.4,45.6,"24.4"
"McGuire, Reese",624512,2023,28,187,206,50,36,12,1,1,53,11,25.7,5.3,".267",".358",".310","0.668","0.091","67","542","78","765",".205",".282",".293",".243",".076",".050","84","2.8",33.6,2.9,27,"95.837614394","91.965886641",64.5,17.4,31.9,68.1,82.6,23.1,53.2,"25.9"
"Soler, Jorge",624585,2023,31,504,580,126,66,24,0,36,141,66,24.3,11.4,".250",".512",".341","0.853","0.262","258","1399","250","2315",".258",".539",".361",".374","-0.027","-0.013","91.3","17.8",36.5,15,48,"103.053956467","95.950783079",66.8,19.4,45.1,54.9,80.6,27.6,44.1,"26.6"
"Sosa, Edmundo",624641,2023,27,279,300,70,43,15,2,10,74,8,24.7,2.7,".251",".427",".293","0.720","0.176","119","813","157","1126",".234",".391",".309",".290",".036",".019","86.8","13.8",34.1,6.8,32.2,"98.656224369","93.335070971",75.7,21.5,41.2,58.8,78.5,28.7,59.5,"29.2"
"Ibáñez, Andy",628451,2023,30,356,383,94,58,23,2,11,69,24,18,6.3,".264",".433",".312","0.745","0.169","154","920","144","1376",".267",".447",".320",".331","-0.014","-0.011","89.1","12.9",33.2,9,42.9,"99.890798819","94.208427735",70.3,12.8,40.3,59.7,87.2,22.6,51.8,"27.2"
"Cronenworth, Jake",630105,2023,29,458,522,105,64,24,7,10,97,46,18.6,8.8,".229",".378",".312","0.690","0.149","173","1347","118","2060",".234",".374",".301",".306",".004","-0.005","87.4","15.2",35.7,4.4,33.2,"97.73147257","92.917093417",67.2,9.3,34.4,65.6,90.7,16,47.6,"28.3"
"Anderson, Tim",641313,2023,30,493,524,121,100,18,2,1,122,26,23.3,5,".245",".296",".286","0.582","0.051","146","1310","229","1942",".250",".337",".260",".280","-0.041","-0.020","87.8","2",32.4,3,39.4,"99.22965129","93.713640376",71.5,17.4,41.3,58.7,82.6,25.3,53.5,"27.2"
"Bauers, Jake",641343,2023,27,242,272,49,22,15,0,12,95,27,34.9,9.9,".202",".413",".279","0.692","0.211","100","731","154","1169",".221",".475",".297",".332","-0.062","-0.035","89.1","13.8",36,18.7,48.7,"102.0116428","95.506092133",66.2,24.2,58.5,41.5,75.8,33.3,45.8,"27.3"
"Bellinger, Cody",641355,2023,27,499,556,153,97,29,1,26,87,40,15.6,7.2,".307",".525",".356","0.881","0.218","262","1434","193","2158",".263",".432",".370",".325",".093",".045","87.9","17.2",38,6.1,31.4,"97.661544057","92.874372388",68,15,31.6,68.4,85,20.1,49.9,"28.3"
"Crawford, J.P.",641487,2023,28,534,638,142,88,35,0,19,125,94,19.6,14.7,".266",".438",".380","0.818","0.172","234","1534","157","2629",".257",".390",".359",".341",".048",".018","88.3","15.1",35.3,4.8,36.2,"99.143101569","93.649442623",58.4,12.7,37.4,62.6,87.3,18.6,38.6,"26.7"
"Delay, Jason",641511,2023,28,167,187,42,29,11,1,1,44,14,23.5,7.5,".251",".347",".319","0.666","0.096","58","455","74","682",".212",".305",".296",".266",".042",".030","83.8","12.3",34.9,3.2,23,"95.198788852","91.601636967",69.6,16.8,47.5,52.5,83.2,25.6,51.5,"26.4"
"Fraley, Jake",641584,2023,28,336,380,86,53,18,0,15,71,37,18.7,9.7,".256",".443",".339","0.782","0.187","149","909","158","1420",".256",".406",".338",".327",".037",".011","84.6","16.5",38,6.4,30.8,"97.120245263","92.614906038",75.5,16.6,41.4,58.6,83.4,24.1,52,"28.0"
"Garver, Mitch",641598,2023,32,296,344,80,50,11,0,19,82,44,23.8,12.8,".270",".500",".370","0.870","0.230","148","845","109","1430",".250",".496",".374",".364",".004",".010","90","20.5",35.5,12.6,42.1,"100.978311963","94.653887243",61.9,16.1,50.4,49.6,83.9,23.7,39.6,"25.7"
"Hampson, Garrett",641658,2023,28,221,252,61,45,12,1,3,67,23,26.6,9.1,".276",".380",".349","0.729","0.104","84","620","97","975",".236",".331",".323",".292",".049",".031","86.6","11.8",37.1,3.2,28.3,"96.842874595","92.486054257",59.4,16.8,50.4,49.6,83.2,26.3,43.3,"29.8"
"Heim, Jonah",641680,2023,28,456,500,118,72,28,0,18,95,40,19,8,".259",".439",".318","0.757","0.180","200","1304","205","1995",".253",".439",".325",".325",".000",".000","89.2","17.3",34.3,8,38.5,"99.154937912","93.809775675",74,16.8,36.1,63.9,83.2,22.5,52,"25.8"
"Mancini, Trey",641820,2023,31,235,263,55,39,12,0,4,78,21,29.7,8,".234",".336",".299","0.635","0.102","79","683","148","1050",".211",".334",".280",".274",".002",".006","88.9","12.3",32.5,3.8,40.6,"99.887541875","94.139181069",68.6,24.4,50,49.4,75.6,32.7,49.5,"25.4"
"McMahon, Ryan",641857,2023,28,555,627,133,76,31,3,23,198,68,31.6,10.8,".240",".431",".322","0.753","0.191","239","1724","374","2742",".241",".445",".325",".334","-0.014","-0.009","90.8","9.7",39.4,11.4,44.2,"102.017798324","95.343043101",67.6,26.3,49.6,50.4,73.7,32.3,47.4,"25.8"
"O'Neill, Tyler",641933,2023,28,238,266,55,32,14,0,9,67,28,25.2,10.5,".231",".403",".312","0.715","0.172","96","643","109","1042",".241",".452",".313",".335","-0.049","-0.022","89.2","15",29.2,12.4,43.3,"101.468190235","94.898490824",66.7,18.3,50,50,81.7,27.8,44.9,"28.5"
"Palacios, Joshua",641943,2023,27,247,264,59,38,9,2,10,56,12,21.2,4.5,".239",".413",".279","0.692","0.174","102","645","108","958",".255",".439",".297",".317","-0.026","-0.020","91.3","7.7",30.9,9.8,45.4,"101.193022979","95.127376383",72.7,20.4,42.6,57.4,79.6,26.7,52,"28.2"
"Smith, Dominic",642086,2023,28,527,586,134,100,21,1,12,91,47,15.5,8,".254",".366",".326","0.692","0.112","193","1433","191","2210",".254",".403",".306",".321","-0.037","-0.015","86.3","12.8",37,6.6,30.8,"97.225088721","92.631850959",68.7,13.8,33.1,66.9,86.2,19.9,49,"25.8"
"Tellez, Rowdy",642133,2023,28,311,351,67,44,9,1,13,86,35,24.5,10,".215",".376",".291","0.667","0.161","117","930","107","1503",".234",".377",".288",".307","-0.001","-0.019","89.9","15.2",35.7,8.7,40.4,"101.162097826","94.892917074",52.9,14.6,37.9,62.1,85.4,21.9,38.5,"23.5"
"Thaiss, Matt",642136,2023,28,262,307,56,41,6,0,9,83,36,27,11.7,".214",".340",".319","0.659","0.126","89","742","162","1241",".227",".412",".295",".332","-0.072","-0.037","88.5","9.2",34.6,10.4,40.7,"100.494365275","94.474114254",72.6,29.5,52.6,47.4,70.5,34.2,46,"24.7"
"Mejía, Francisco",642336,2023,27,150,160,34,18,11,0,5,38,6,23.8,3.8,".227",".400",".258","0.658","0.173","60","428","60","578",".201",".319",".280",".242",".081",".038","87.5","18.9",33,4.3,32.2,"96.966115088","92.522121228",71.2,16.7,29.5,70.5,83.3,22.1,59.5,"26.3"
"Siri, Jose",642350,2023,27,338,364,75,35,13,2,25,130,20,35.7,5.5,".222",".494",".267","0.761","0.272","167","913","265","1340",".209",".443",".319",".296",".051",".023","88.4","14.4",33,13.2,37.7,"100.583268942","94.368878077",69.8,29.6,58.1,41.9,70.4,40.3,53,"29.7"
"Rosario, Amed",642708,2023,27,510,545,134,95,25,8,6,99,29,18.2,5.3,".263",".378",".305","0.683","0.115","193","1352","212","1979",".267",".384",".297",".306","-0.006","-0.009","88.3","7.6",33.8,3.4,39.4,"99.501582705","93.941784576",69.1,14,37,63,86,23.1,53.4,"29.4"
"Adames, Willy",642715,2023,27,553,638,120,65,29,2,24,165,71,25.9,11.1,".217",".407",".310","0.717","0.190","225","1654","358","2596",".234",".435",".311",".333","-0.028","-0.022","87.4","18.2",35,12.4,36.5,"99.086365635","93.664258959",71.6,20.7,50.3,49.7,79.3,31,50,"27.6"
"Estrada, Thairo",642731,2023,27,495,530,134,92,26,2,14,120,22,22.6,4.2,".271",".416",".315","0.731","0.145","206","1330","177","1923",".246",".373",".316",".293",".043",".023","85.9","10.8",34.7,4.8,33.7,"97.898139565","92.983630679",67.3,10.8,38.1,61.9,89.2,21.5,51.7,"28.1"
"Benintendi, Andrew",643217,2023,28,562,621,147,106,34,2,5,89,52,14.3,8.4,".262",".356",".326","0.682","0.094","200","1496","184","2351",".267",".379",".299",".311","-0.023","-0.012","86.6","14.5",40.9,2.9,27,"95.498075212","91.757391695",70.4,16,28.2,71.8,84,19.3,49,"27.3"
"Cooper, Garrett",643265,2023,32,422,457,106,70,18,1,17,132,31,28.9,6.8,".251",".419",".304","0.723","0.168","177","1227","248","1818",".248",".433",".313",".317","-0.014","-0.004","89","13.3",40.4,10.3,41.1,"100.493592808","94.333162534",67.1,20.2,46.1,53.9,79.8,30.7,52.4,"26.3"
"Dubón, Mauricio",643289,2023,28,467,492,130,91,26,3,10,70,19,14.2,3.9,".278",".411",".309","0.720","0.133","192","1193","146","1671",".271",".392",".311",".303",".019",".008","87","9.5",37,4.5,29.5,"96.983512626","92.50482157",76.1,14.1,24.5,75.5,85.9,17.7,58.6,"28.1"
"Jansen, Danny",643376,2023,28,268,301,61,29,15,0,17,62,23,20.6,7.6,".228",".474",".312","0.786","0.246","127","728","111","1185",".215",".428",".336",".316",".046",".020","88.3","19.7",35.4,10.7,37.4,"98.938626373","93.548218775",69.5,16.1,41.3,58.7,83.9,22.9,46.8,"27.1"
"Kemp, Tony",643393,2023,31,359,419,75,54,13,3,5,40,44,9.5,10.5,".209",".304",".303","0.607","0.095","109","959","79","1481",".239",".326",".276",".299","-0.022","-0.023","86.7","10",31.3,1.2,20.4,"94.699737436","91.482675737",66.3,11.1,25.3,74.7,88.9,14.5,46,"26.2"
"Kiner-Falefa, Isiah",643396,2023,28,326,361,79,60,12,1,6,70,28,19.4,7.8,".242",".340",".306","0.646","0.098","111","945","108","1454",".253",".352",".286",".296","-0.012","-0.010","88.8","7.2",33.5,3.1,39.2,"99.088839688","93.71146918",61.3,11.5,40.7,59.3,88.5,19.6,44.9,"27.7"
"McNeil, Jeff",643446,2023,31,585,648,158,119,25,4,10,65,39,10,6,".270",".378",".333","0.711","0.108","221","1430","125","2193",".249",".346",".314",".296",".032",".018","86","14.4",32.1,1.3,27.4,"95.984354131","92.004150754",75.9,7.4,28.9,71.1,92.6,13.5,53,"27.4"
"Tauchman, Mike",643565,2023,32,337,401,85,59,18,0,8,86,56,21.4,14,".252",".377",".362","0.739","0.125","127","1016","151","1711",".261",".401",".330",".343","-0.024","-0.013","88.4","8.1",37.6,5.5,40,"99.326329764","93.849149016",64.5,18.9,43.8,56.3,81.1,24.5,41.8,"27.3"
"Albies, Ozzie",645277,2023,26,596,660,167,99,30,5,33,107,46,16.2,7,".280",".513",".336","0.849","0.233","306","1655","241","2563",".263",".474",".358",".341",".039",".017","88.7","16.6",37.4,8.3,39,"98.667615565","93.481568303",77.9,13.2,34.2,65.8,86.7,20.6,54.6,"27.6"
"Ford, Mike",645801,2023,30,219,251,50,28,6,0,16,81,24,32.3,9.6,".228",".475",".323","0.798","0.247","104","625","121","1032",".195",".414",".343",".311",".061",".032","88.8","21",33.1,17.3,44.6,"101.141524429","94.781977914",64.6,19.6,58.1,41.9,80.4,30.4,42.7,"24.5"
"Devers, Rafael",646240,2023,26,580,656,157,90,34,0,33,126,62,19.2,9.5,".271",".500",".351","0.851","0.229","290","1625","311","2579",".276",".544",".359",".380","-0.044","-0.021","93.1","12.4",30,12.7,55.1,"104.483705833","97.182864659",77.2,23.8,30.6,69.4,76.2,26.1,52.6,"26.0"
"Naylor, Josh",647304,2023,26,452,495,139,91,31,0,17,68,33,13.7,6.7,".308",".489",".354","0.843","0.181","221","1101","147","1649",".284",".476",".354",".342",".013",".012","89.1","12.3",35.5,8.2,41.2,"100.627346359","94.477601234",76.4,11.7,33.1,66.9,88.3,19.8,56.5,"25.8"
"Díaz, Aledmys",649557,2023,32,315,344,72,47,20,1,4,66,17,19.2,4.9,".229",".337",".280","0.617","0.108","106","805","120","1179",".234",".335",".268",".275",".002","-0.007","87.8","11.3",27.6,2.8,33.5,"97.951582698","93.010438968",70.2,14.6,39.1,60.9,85.4,22.3,52.8,"26.0"
"Urías, Luis",649966,2023,26,144,177,28,19,6,0,3,41,21,23.2,11.9,".194",".299",".337","0.636","0.105","43","463","72","741",".183",".317",".298",".299","-0.018","-0.001","84.9","14.7",23.3,5.8,30.1,"96.082011923","92.126535243",55.7,18.1,45.1,54.9,81.4,26.4,39.8,"26.0"
"Arraez, Luis",650333,2023,26,574,617,203,160,30,3,10,34,35,5.5,5.7,".354",".469",".393","0.862","0.115","269","1466","68","2161",".327",".461",".369",".355",".008",".014","88.3","11.5",44.7,3.5,25.7,"95.658900664","92.009454214",68.6,5.6,13.3,86.7,94.4,7.9,51,"26.1"
"Jiménez, Eloy",650391,2023,26,456,489,124,83,23,0,18,93,30,19,6.1,".272",".441",".317","0.758","0.169","201","1119","242","1717",".253",".428",".325",".314",".013",".011","90.9","5.7",26,9.3,46.8,"103.173051209","95.996060413",71.5,18,47.6,52.4,82,29.7,52,"26.5"
"Torres, Gleyber",650402,2023,26,596,672,163,108,28,2,25,98,67,14.6,10,".273",".453",".347","0.800","0.180","270","1652","235","2647",".280",".484",".346",".363","-0.031","-0.017","89.7","15.1",37.3,8,40.3,"99.649800996","94.055057585",69.1,16.4,35.3,64.7,83.7,21.8,46.8,"26.4"
"Castro, Willi",650489,2023,26,358,409,92,60,18,5,9,99,34,24.2,8.3,".257",".411",".339","0.750","0.154","147","1059","191","1586",".229",".366",".327",".303",".045",".024","86.5","15.1",34.5,6.8,31.8,"98.698827717","93.374549289",69.1,17.8,47.3,52.7,82.2,27.9,51.6,"28.6"
"Díaz, Yandy",650490,2023,31,525,600,173,116,35,0,22,94,65,15.7,10.8,".330",".522",".410","0.932","0.192","274","1431","161","2357",".301",".495",".402",".385",".027",".017","93.4","5.7",30.5,9.5,54,"104.285177685","97.074568747",65.5,11.9,39.9,60.1,88.1,18.4,42.6,"26.6"
"De La Cruz, Bryan",650559,2023,26,579,626,149,98,32,0,19,142,40,22.7,6.4,".257",".411",".304","0.715","0.154","238","1626","320","2467",".267",".446",".309",".330","-0.035","-0.021","89.9","11.8",41,8.9,42.5,"100.272527091","94.400399818",68.2,21.8,40.5,59.5,78.2,28.7,50.1,"27.7"
"Rengifo, Luis",650859,2023,26,394,445,104,69,15,4,16,82,41,18.4,9.2,".264",".444",".339","0.783","0.180","175","1056","180","1676",".243",".406",".339",".324",".038",".015","89.1","11",29.7,7.7,36.9,"98.941377179","93.617089135",74.5,16.8,42.5,57.5,83.2,24.5,50.1,"27.4"
"Monasterio, Andruw",655316,2023,26,282,315,73,55,14,1,3,66,28,21,8.9,".259",".348",".330","0.678","0.089","98","834","112","1345",".245",".375",".302",".308","-0.027","-0.006","88.8","17.7",41.3,5.5,33.5,"97.113217523","92.687779124",61.1,15.8,38.5,61.5,84.2,21.7,42.1,"28.0"
"Adams, Riley",656180,2023,27,142,157,39,20,13,2,4,44,11,28,7,".275",".479",".333","0.812","0.204","68","385","70","566",".225",".361",".347",".283",".118",".064","89.9","18.1",42,5,41,"101.2133664","94.80910202",71.1,17.3,50.5,49.5,82.7,28.1,52.8,"26.2"
"Chapman, Matt",656305,2023,30,509,581,122,64,39,2,17,165,62,28.4,10.7,".240",".424",".330","0.754","0.184","216","1497","279","2451",".222",".461",".328",".336","-0.037","-0.008","93.4","18.5",32.4,17.2,56.4,"103.539639884","96.813201603",66.6,27.1,45.8,54.2,72.9,31.1,43.3,"28.5"
"Fairchild, Stuart",656413,2023,27,219,255,50,27,16,2,5,69,25,27.1,9.8,".228",".388",".321","0.709","0.160","85","609","145","957",".227",".385",".312",".312",".003",".000","85.9","14.3",32.3,7.8,29.7,"97.468722267","92.766466376",75.9,24.9,64.3,35.7,75.1,33.9,51.1,"29.2"
"Garrett, Stone",656448,2023,27,234,271,63,37,17,0,9,82,26,30.3,9.6,".269",".457",".343","0.800","0.188","107","678","163","1039",".262",".446",".344",".346",".011","-0.002","91.1","17.3",37.6,9.6,48.4,"102.21494641","95.483708974",75,23.6,49.5,50.5,76.4,32.6,52.8,"28.5"
"Joe, Connor",656582,2023,30,413,472,102,56,31,4,11,110,50,23.3,10.6,".247",".421",".339","0.760","0.174","174","1202","165","1983",".244",".406",".332",".327",".015",".005","88.9","16.7",37.2,8.3,41.8,"100.015548477","94.249815814",59.2,17,43.6,56.4,83,23.6,39.5,"27.1"
"McKinstry, Zach",656716,2023,28,464,518,107,73,21,4,9,113,44,21.8,8.5,".231",".351",".302","0.653","0.120","163","1349","157","2114",".244",".403",".289",".314","-0.052","-0.025","87.2","17.8",37.1,7.6,33.5,"97.726678239","92.940971652",68.3,11.8,40.5,59.5,88.2,20.5,47.3,"28.5"
"Mullins, Cedric",656775,2023,28,404,455,94,53,23,3,15,101,43,22.2,9.5,".233",".416",".305","0.721","0.183","168","1162","182","1782",".221",".355",".311",".288",".061",".023","88.9","21.6",28.1,6.5,37.1,"98.843959934","93.556146126",70.9,19,41.7,58.3,81,24.9,49.6,"28.0"
"O'Hearn, Ryan",656811,2023,29,346,368,100,63,22,1,14,82,15,22.3,4.1,".289",".480",".322","0.802","0.191","166","945","141","1451",".254",".465",".339",".321",".015",".018","91.9","12",35.1,10.1,51.5,"101.483905448","95.348954007",72.1,13.9,43.3,56.7,86.1,23.3,50.7,"27.7"
"Rivera, Emmanuel",656896,2023,27,257,283,67,50,13,0,4,56,22,19.8,7.8,".261",".358",".314","0.672","0.097","92","712","118","1132",".261",".404",".295",".315","-0.046","-0.020","90.7","11.2",35.6,5.9,46.3,"100.267371553","94.647965854",68.9,16.3,50,50,83.7,26.7,46.7,"27.1"
"Schwarber, Kyle",656941,2023,30,585,720,115,48,19,1,47,215,126,29.9,17.5,".197",".474",".343","0.817","0.277","277","1779","337","3068",".213",".487",".350",".362","-0.013","-0.012","92.4","19",34.3,16.4,48.8,"103.398490108","96.18179379",55.9,22.5,52.1,47.9,77.5,31.5,37.7,"25.0"
"Smith, Pavin",656976,2023,27,191,228,36,24,5,0,7,45,35,19.7,15.4,".188",".325",".317","0.642","0.137","62","557","68","923",".221",".390",".293",".328","-0.065","-0.035","89.9","13.8",34.9,7.6,41.8,"99.896326164","94.182208207",58.3,10.2,44,56,89.8,20.1,40.4,"26.2"
"Thomas, Lane",657041,2023,27,628,682,168,101,36,3,28,176,36,25.8,5.3,".268",".468",".315","0.783","0.200","294","1670","225","2627",".250",".439",".334",".319",".029",".015","88.5","10.8",36.8,9.6,40.7,"100.191573957","94.319062004",61.1,12.7,44.6,55.4,87.3,23,43.6,"29.3"
"Verdugo, Alex",657077,2023,27,546,602,144,89,37,5,13,93,45,15.4,7.5,".264",".421",".324","0.745","0.157","230","1480","129","2364",".274",".420",".322",".331",".001","-0.009","89.2","8.8",35.4,5,37.6,"99.116993728","93.701176864",57.6,8.2,37.2,62.8,91.8,15.6,40.9,"27.3"
"Wong, Connor",657136,2023,27,371,403,87,51,25,2,9,134,22,33.3,5.5,".235",".385",".287","0.672","0.150","143","1044","234","1541",".208",".365",".292",".274",".020",".018","89.1","15.5",34,9.1,37.8,"100.083071271","94.144066723",70.7,22.6,52.3,47.7,77.4,32.3,52.8,"28.3"
"DeJong, Paul",657557,2023,29,372,400,77,50,13,0,14,121,21,30.3,5.3,".207",".355",".258","0.613","0.148","132","964","233","1424",".216",".361",".266",".277","-0.006","-0.011","85.5","16.8",34.8,6.7,33.2,"97.657692047","92.870460632",71.3,23.8,57.3,42.7,76.2,35.4,53.2,"26.8"
"Laureano, Ramón",657656,2023,28,361,404,81,50,18,4,9,114,33,28.2,8.2,".224",".371",".304","0.675","0.147","134","1048","193","1653",".227",".377",".298",".304","-0.006","-0.006","88.2","12.9",34.7,9.7,35.9,"98.923313496","93.530379634",66.1,16.3,60.9,39.1,83.7,29,46.8,"27.9"
"Sheets, Gavin",657757,2023,27,311,344,63,43,10,0,10,66,28,19.2,8.1,".203",".331",".267","0.598","0.128","103","889","124","1421",".208",".347",".261",".270","-0.016","-0.009","88.1","16.9",29.7,5.2,32.5,"98.4138068","93.281118675",67.9,14.2,35.9,64.1,85.8,21.7,47.4,"26.5"
"Olivares, Edward",658668,2023,27,354,385,93,54,23,4,12,64,22,16.6,5.7,".263",".452",".317","0.769","0.189","160","936","144","1420",".266",".452",".329",".335",".000","-0.006","87.3","12.2",34.2,7.9,37.7,"99.121503973","93.605326233",70.8,13.5,44.1,55.9,86.5,22.9,50.7,"28.6"
"Moncada, Yoán",660162,2023,28,334,357,87,55,20,1,11,107,20,30,5.6,".260",".425",".305","0.730","0.165","142","885","173","1390",".253",".431",".315",".315","-0.006",".000","89.4","12.3",42.5,10.1,39,"99.983863509","94.177039383",66.2,21.1,52.5,47.5,78.9,30.7,46.8,"26.4"
"Ohtani, Shohei",660271,2023,28,497,599,151,73,26,8,44,143,91,23.9,15.2,".304",".654",".412","1.066","0.350","325","1411","312","2321",".290",".647",".433",".428",".007",".005","94.4","13.2",35.6,19.7,54.2,"105.748559101","97.769057809",70.5,24,48.5,51.5,76,32.3,48.2,"27.8"
"Acuña Jr., Ronald",660670,2023,25,643,735,217,137,35,4,41,84,80,11.4,10.9,".337",".596",".416","1.012","0.259","383","1666","211","2782",".351",".668",".428",".461","-0.072","-0.033","94.7","7.4",33.6,15.3,55.2,"106.368689571","98.157029125",70.8,14.4,31.7,68.3,85.6,18.7,46.2,"28.0"
"Ruiz, Keibert",660688,2023,24,523,562,136,94,24,0,18,58,31,10.3,5.5,".260",".409",".308","0.717","0.149","214","1272","113","1887",".271",".427",".310",".322","-0.018","-0.012","87.4","15.3",39.4,5.8,31.9,"97.263733176","92.681495075",66.6,7.9,25.4,74.6,92.1,14.3,51.1,"25.1"
"Montero, Elehuris",660707,2023,24,284,307,69,41,15,2,11,111,15,36.2,4.9,".243",".426",".290","0.716","0.183","121","802","210","1165",".198",".321",".306",".255",".105",".051","88.3","9.9",31.8,6.8,44.3,"101.047431818","94.674275852",65.6,20.1,62,38,79.9,39.3,53,"26.6"
"Gonzalez, Oscar",660757,2023,25,173,180,37,26,7,2,2,46,5,25.6,2.8,".214",".312",".239","0.551","0.098","54","497","109","687",".231",".363",".239",".270","-0.051","-0.031","88.5","6.4",31.3,7.8,40.6,"100.566461094","94.38657622",71.2,21.6,41,59,78.4,30.4,59,"28.0"
"Sánchez, Jesús",660821,2023,25,361,403,91,51,23,3,14,108,38,26.8,9.4,".252",".449",".326","0.775","0.197","162","1054","208","1658",".261",".475",".333",".349","-0.026","-0.016","90.4","5.6",32.9,12.2,46.3,"103.172158492","95.857175913",68.9,21.1,47.7,52.3,78.9,30.2,49,"27.5"
"Contreras, William",661388,2023,25,540,611,156,100,38,1,17,126,63,20.6,10.3,".289",".457",".367","0.824","0.168","247","1497","256","2419",".247",".434",".357",".332",".023",".025","91.3","4.7",27.1,9.4,48.7,"103.241329369","96.097846496",62.6,21,44.6,55.4,79,28,43.2,"26.5"
"Varsho, Daulton",662139,2023,26,527,581,116,70,23,3,20,135,45,23.2,7.7,".220",".389",".285","0.674","0.169","205","1508","230","2313",".229",".398",".293",".302","-0.009","-0.009","87.8","20.5",34.3,7.4,36.1,"99.853027513","94.005486074",70.6,17.1,45.2,54.8,82.9,24.7,50.1,"28.1"
"Perkins, Blake",663368,2023,26,143,168,31,20,7,0,4,46,23,27.4,13.7,".217",".350",".325","0.675","0.133","50","439","52","725",".192",".304",".303",".279",".046",".024","85.8","14.8",31.3,5.1,29.3,"96.112014167","92.145352105",55.2,18.9,36.7,63.3,81.1,22.9,36.7,"30.0"
"Nootbaar, Lars",663457,2023,25,426,503,111,73,23,1,14,99,72,19.7,14.3,".261",".418",".367","0.785","0.157","178","1229","116","2074",".262",".442",".344",".357","-0.024","-0.013","89.1","7.2",30.8,8.8,37.8,"100.334219085","94.369985457",53.5,13.5,34.1,65.9,86.5,18.5,35.5,"27.8"
"Hoerner, Nico",663538,2023,26,619,688,175,135,27,4,9,83,49,12.1,7.1,".283",".383",".346","0.729","0.100","237","1670","118","2539",".272",".361",".322",".313",".022",".009","86.6","10.5",33.2,1.8,33.4,"97.320472852","92.695131651",60.5,6.8,24,76,93.2,12.5,45.6,"28.5"
"Riley, Austin",663586,2023,26,636,715,179,107,32,3,37,172,59,24.1,8.3,".281",".516",".345","0.861","0.235","328","1807","338","2861",".268",".524",".363",".366","-0.008","-0.003","92.3","13.5",35.2,13.9,49.2,"103.384251814","96.274145591",69.9,20.8,44.8,55.3,79.2,27.8,48.2,"28.1"
"Madrigal, Nick",663611,2023,26,270,294,71,52,16,1,2,24,10,8.2,3.4,".263",".352",".311","0.663","0.089","95","723","35","1065",".276",".342",".294",".296",".010","-0.002","86.2","3.7",29.9,0.8,27.5,"95.88199459","91.943884016",59.5,4,20.9,79.1,96,9.4,45,"28.0"
"Larnach, Trevor",663616,2023,26,183,212,39,21,7,3,8,72,27,34,12.7,".213",".415",".311","0.726","0.202","76","532","125","915",".212",".438",".313",".324","-0.023","-0.011","90.1","17.5",41.6,13.3,49.6,"101.88501386","95.488486549",63.5,24.5,62.7,37.3,75.5,36.5,41,"26.7"
"Mountcastle, Ryan",663624,2023,26,423,470,114,74,21,1,18,107,37,22.8,7.9,".270",".452",".328","0.780","0.182","191","1181","230","1743",".266",".506",".333",".356","-0.054","-0.023","91.4","12",35.9,12.1,44.9,"102.167820745","95.45427677",73.7,17.4,45.8,54.2,82.6,28.3,54.7,"28.2"
"Hayes, Ke'Bryan",663647,2023,26,494,525,134,81,31,7,15,104,28,19.8,5.3,".271",".453",".309","0.762","0.182","224","1269","162","1929",".265",".442",".324",".322",".011",".002","92.2","13.2",34.1,7.4,48.3,"101.67326359","95.450846324",61.1,10.6,41.4,58.6,89.4,21.2,45.6,"27.1"
"Tucker, Kyle",663656,2023,26,574,674,163,92,37,5,29,92,80,13.6,11.9,".284",".517",".369","0.886","0.233","297","1547","190","2570",".287",".533",".372",".386","-0.016","-0.014","90.2","14.8",35.4,10.6,45.9,"100.798373008","94.831132546",71.9,12.6,38.5,61.5,87.4,18.5,47,"26.6"
"India, Jonathan",663697,2023,26,454,529,111,71,23,0,17,109,52,20.6,9.8,".244",".407",".338","0.745","0.163","185","1331","166","2205",".248",".425",".327",".338","-0.018","-0.011","89.5","15.2",37.2,7.7,38.6,"99.676934286","94.0396352",57,15.2,42.3,57.7,84.8,22,38.6,"27.8"
"Raleigh, Cal",663728,2023,26,513,569,119,65,23,1,30,158,54,27.8,9.5,".232",".456",".306","0.762","0.224","234","1471","311","2338",".229",".468",".326",".329","-0.012","-0.003","89.5","20.3",36.5,12.7,41,"101.028271404","94.749354873",71,21.2,47,53,78.8,29.9,49.7,"27.0"
"Fortes, Nick",663743,2023,26,294,323,60,44,10,0,6,59,17,18.3,5.3,".204",".299",".263","0.562","0.095","88","723","73","1129",".208",".329",".251",".264","-0.030","-0.013","88.2","13.9",27.1,3.8,35,"98.518887881","93.393950383",65.3,11.9,30.6,69.4,88.1,17.1,45.5,"27.6"
"Grisham, Trent",663757,2023,26,469,555,93,48,31,1,13,154,75,27.7,13.5,".198",".352",".315","0.667","0.154","165","1418","223","2341",".211",".404",".299",".322","-0.052","-0.023","90.3","18.3",32.8,11.9,40,"100.701927386","94.880503967",60.2,22.2,46.2,53.8,77.8,28.3,41.6,"27.7"
"Vierling, Matt",663837,2023,26,479,530,125,89,21,5,10,112,44,21.1,8.3,".261",".388",".329","0.717","0.127","186","1402","144","2133",".264",".398",".315",".322","-0.010","-0.007","89.1","9.1",32.2,4.7,42.8,"100.577331105","94.490701519",59,13.1,33.4,66.6,86.9,19.4,44.3,"29.1"
"Stephenson, Tyler",663886,2023,26,465,517,113,78,20,2,13,135,47,26.1,9.1,".243",".378",".317","0.695","0.135","176","1264","222","2051",".240",".401",".305",".314","-0.023","-0.009","89.4","8.9",33.5,7.6,43.5,"100.030744788","94.357020636",61.8,19.7,50,50,80.3,28.4,42.5,"26.9"
"Rodgers, Brendan",663898,2023,26,178,192,46,32,9,1,4,41,11,21.4,5.7,".258",".388",".313","0.701","0.130","69","457","79","696",".250",".426",".307",".319","-0.038","-0.012","88.3","4.8",35.8,10.9,40.1,"99.673456471","93.922127574",65.4,14.2,51,49,85.8,25.4,48.1,"26.3"
"Lowe, Nathaniel",663993,2023,27,623,724,163,105,38,3,17,165,93,22.8,12.8,".262",".414",".360","0.774","0.152","258","1833","235","3044",".259",".408",".340",".339",".006",".001","89.8","7.2",36.7,6.5,41.6,"101.145951991","94.820277484",67.3,14.1,41.3,58.8,85.9,20.6,43.8,"27.3"
"Happ, Ian",664023,2023,28,580,691,144,84,35,4,21,153,99,22.1,14.3,".248",".431",".360","0.791","0.183","250","1713","279","2862",".249",".427",".345",".349",".004","-0.004","89.9","13",36.7,9,39,"99.676936326","94.121891884",67,18.4,44.6,55.4,81.6,25.3,44.4,"27.7"
"France, Ty",664034,2023,28,587,665,147,103,32,0,12,117,43,17.6,6.5,".250",".366",".337","0.703","0.116","215","1604","241","2425",".264",".421",".315",".340","-0.055","-0.025","87.5","13.7",36.9,6.8,38.6,"99.277871319","93.765945224",74,10.9,45.1,54.9,89.1,21.9,53.2,"25.0"
"Lowe, Brandon",664040,2023,28,377,436,87,50,15,1,21,119,50,27.3,11.5,".231",".443",".328","0.771","0.212","167","1088","243","1718",".229",".447",".334",".338","-0.004","-0.004","91.4","16",32.6,10.7,47.5,"101.419435954","95.219077088",75.4,19.6,60.4,39.6,80.4,32,51.6,"27.3"
"Bader, Harrison",664056,2023,29,319,344,74,53,12,2,7,59,17,17.2,4.9,".232",".348",".274","0.622","0.116","111","816","133","1238",".231",".379",".271",".288","-0.031","-0.017","85.9","17.8",32.8,5.3,31.7,"97.622516107","92.819025115",63.4,13.4,42.1,57.9,86.6,24.6,48.5,"28.8"
"Moore, Dylan",664238,2023,30,145,165,30,13,9,1,7,56,16,33.9,9.7,".207",".428",".303","0.731","0.221","62","447","99","682",".195",".433",".317",".315","-0.005",".002","89","21.4",40.4,16.9,44.9,"100.440584889","94.544615618",63.6,23.5,55.7,44.3,76.5,33.4,46,"27.7"
"Straw, Myles",664702,2023,28,462,518,110,88,18,3,1,97,42,18.7,8.1,".238",".297",".301","0.598","0.059","137","1304","100","1991",".239",".302",".268",".273","-0.005","-0.005","86.3","9.4",34,0.5,23.3,"95.141368287","91.593212265",60.1,11.5,22.4,77.6,88.5,14.1,44,"29.2"
"Isbel, Kyle",664728,2023,26,292,313,70,41,22,2,5,59,17,18.8,5.4,".240",".380",".282","0.662","0.140","111","745","87","1127",".243",".380",".286",".290",".000","-0.004","89.4","14.6",32.2,5.5,39.8,"99.280896261","93.847228522",63.5,11,44.2,55.8,89,20.8,46.9,"27.6"
"Bohm, Alec",664761,2023,26,558,611,153,102,31,0,20,94,42,15.4,6.9,".274",".437",".327","0.764","0.163","244","1466","173","2252",".286",".456",".329",".344","-0.019","-0.015","89.4","11.1",35.1,5.7,41.7,"100.435445021","94.400147213",69,11.8,32.8,67.2,88.2,18.1,49.8,"26.6"
"Wade Jr., LaMonte",664774,2023,29,429,519,110,77,14,2,17,95,76,18.3,14.6,".256",".417",".373","0.790","0.161","179","1228","159","2102",".258",".456",".347",".360","-0.039","-0.013","88.4","17.4",33.6,9.1,39.8,"99.530093174","93.945744444",62.1,12.2,49,51,87.8,20.8,39.5,"26.0"
"Zavala, Seby",664874,2023,29,175,193,30,19,4,0,7,70,12,36.3,6.2,".171",".314",".230","0.544","0.143","55","520","135","763",".188",".317",".239",".251","-0.003","-0.012","87.5","14.9",34.9,5.5,36.7,"97.657285556","92.931823645",71.4,26.5,63,37,73.5,38.4,54.3,"26.4"
"Brown, Seth",664913,2023,30,343,378,76,42,19,1,14,101,30,26.7,7.9,".222",".405",".286","0.691","0.183","139","924","200","1442",".233",".457",".298",".323","-0.052","-0.025","90.5","16.4",32.7,12.2,46.5,"101.550084098","95.093750082",71.2,17.1,60.6,39.4,82.9,31.3,50.3,"27.3"
"McCarthy, Jake",664983,2023,25,276,312,67,53,7,5,2,62,26,19.9,8.3,".243",".326",".318","0.644","0.083","90","739","106","1125",".241",".336",".289",".294","-0.010","-0.005","85.3","7.5",32,2.3,23.7,"95.717509423","91.881453188",71,12.2,45.6,54.4,87.8,22.6,51.1,"30.0"
"Maton, Nick",665155,2023,26,249,293,43,26,9,0,8,73,38,24.9,13,".173",".305",".288","0.593","0.132","76","752","156","1243",".190",".334",".268",".285","-0.029","-0.017","86.1","18.2",31.8,8.5,31.5,"97.063386705","92.575397771",67.5,23.3,48.9,51.1,76.7,31.2,45.1,"27.2"
"Peña, Jeremy",665161,2023,25,577,634,152,107,32,3,10,129,43,20.3,6.8,".263",".381",".324","0.705","0.118","220","1511","301","2299",".261",".377",".310",".309",".004",".001","88","5.5",32.4,4,35.8,"99.143524796","93.690137489",73.3,13.3,55,45,86.7,28.4,53.2,"29.4"
"Tatis Jr., Fernando",665487,2023,24,575,635,148,89,33,1,25,141,53,22.2,8.3,".257",".449",".322","0.771","0.192","258","1483","353","2335",".276",".513",".332",".363","-0.064","-0.031","91.9","11",31.5,11,49.3,"102.94128633","96.024566651",78.8,22.6,47.8,52.3,77.4,30.5,54.1,"29.3"
"Guerrero Jr., Vladimir",665489,2023,24,602,682,159,103,30,0,26,100,67,14.7,9.8,".264",".444",".345","0.789","0.180","267","1548","253","2441",".295",".510",".340",".380","-0.066","-0.040","92.1","10.5",32.4,11.1,49.2,"104.050992964","96.528144743",74.2,15.3,41.1,58.9,84.7,23,50.6,"26.4"
"Soto, Juan",665742,2023,24,568,708,156,88,32,1,35,129,132,18.2,18.6,".275",".519",".410","0.929","0.244","295","1615","184","2897",".279",".539",".395",".407","-0.020","-0.012","93.2","6.7",28.5,13.1,55.3,"104.484350409","97.215905977",57.8,14.1,39.9,60.1,85.9,20.5,35.8,"26.8"
"Taveras, Leody",665750,2023,24,511,554,136,88,31,3,14,117,35,21.1,6.3,".266",".421",".312","0.733","0.155","215","1363","217","2106",".266",".413",".316",".320",".008","-0.004","90.1","10.2",35.2,7.2,43.1,"100.592817638","94.514120854",70.9,16,44.5,55.5,84,24.2,49.4,"29.1"
"Amaya, Miguel",665804,2023,24,131,156,28,19,4,0,5,40,12,25.6,7.7,".214",".359",".329","0.688","0.145","47","399","67","624",".225",".391",".310",".329","-0.032","-0.019","87","18.6",34.4,9.7,33.3,"98.56994087","93.346325055",64.3,17.5,49.4,50.6,82.5,27.3,46.3,"26.0"
"Cabrera, Oswaldo",665828,2023,24,298,330,63,47,11,0,5,72,25,21.8,7.6,".211",".299",".275","0.574","0.088","89","795","122","1221",".208",".312",".256",".260","-0.013","-0.004","87.8","13.4",27.7,3.5,32.5,"97.733755636","92.964070727",71.9,16.6,42.4,57.6,83.4,23.5,50.5,"27.8"
"Chisholm Jr., Jazz",665862,2023,25,352,383,88,55,12,2,19,118,26,30.8,6.8,".250",".457",".304","0.761","0.207","161","960","222","1545",".220",".433",".325",".307",".024",".018","90.3","10.7",25.3,12.2,41.8,"101.207728421","95.01360943",64.4,27.3,55.8,44.2,72.7,36.2,44.9,"28.4"
"Ruiz, Esteury",665923,2023,24,449,497,114,84,24,1,5,99,20,19.9,4,".254",".345",".309","0.654","0.091","155","1183","191","1753",".234",".324",".290",".275",".021",".015","82.7","9.9",32.7,2.5,20,"93.969654118","91.300618171",70,17.1,41.4,58.6,82.8,25.3,51.9,"29.6"
"Giménez, Andrés",665926,2023,24,557,616,140,93,27,5,15,112,32,18.2,5.2,".251",".399",".314","0.713","0.148","222","1600","280","2346",".241",".371",".309",".297",".028",".012","84.8","13.1",29.9,5.6,27,"96.663934128","92.344201908",71.1,18.4,36.4,63.6,81.6,25.4,54.6,"29.2"
"Fermin, Freddy",666023,2023,28,217,235,61,41,10,1,9,50,13,21.3,5.5,".281",".461",".321","0.782","0.180","100","604","106","921",".270",".456",".333",".331",".005",".002","89.9","11.7",35.1,9.9,42.7,"99.612583571","94.265238631",80.8,16.3,44.4,55.6,83.7,24.3,54.6,"27.1"
"Jones, Nolan",666134,2023,25,367,424,109,63,22,4,20,126,53,29.7,12.5,".297",".542",".389","0.931","0.245","199","1112","207","1809",".246",".504",".395",".362",".038",".033","90.1","9.8",34.7,15.8,41.3,"102.433112521","95.472742017",57.6,28.3,39.6,60.4,71.7,31.9,41.6,"28.4"
"Kirilloff, Alex",666135,2023,25,281,319,76,50,14,1,11,80,28,25.1,8.8,".270",".445",".348","0.793","0.175","125","805","134","1242",".260",".432",".343",".337",".013",".006","88.6","12.4",40.2,7.4,37.7,"98.668669706","93.556002892",64.8,17.4,43.8,56.2,82.6,27.6,47.3,"27.2"
"Lowe, Josh",666139,2023,25,466,501,136,81,33,2,20,124,31,24.8,6.2,".292",".500",".335","0.835","0.208","233","1341","286","2036",".267",".474",".354",".335",".026",".019","89.1","14.3",36.2,11,39.7,"100.551784971","94.421078622",73.5,22,45,55,78,30.2,53.3,"28.7"
"Moniak, Mickey",666160,2023,25,312,324,87,50,21,2,14,114,9,35.2,2.8,".279",".494",".306","0.800","0.215","154","834","236","1162",".240",".445",".338",".303",".049",".035","89","19.7",38.9,12.9,39.2,"100.288235","94.38207288",78.4,28,55.7,44.3,72,38.9,61.7,"28.6"
"Sabol, Blake",666165,2023,25,310,344,73,50,10,0,13,117,24,34,7,".235",".394",".301","0.695","0.159","122","899","229","1360",".196",".373",".303",".281",".021",".022","89.1","16.1",31,11.2,38.6,"100.063637128","94.216608032",75.7,27.9,57.2,42.8,72.1,35.6,52.3,"27.4"
"Benson, Will",666181,2023,25,287,329,79,45,15,8,11,103,40,31.3,12.2,".275",".498",".365","0.863","0.223","143","810","173","1368",".226",".401",".369",".321",".097",".048","90.2","14.6",40.5,10.3,42.2,"100.059735699","94.448386703",66.1,23.6,58.3,41.7,76.4,31.5,42.8,"28.8"
"Bichette, Bo",666182,2023,25,571,601,175,122,30,3,20,115,27,19.1,4.5,".306",".475",".339","0.814","0.169","271","1513","218","2225",".302",".497",".349",".357","-0.022","-0.008","90.2","6.2",38.3,9.7,44.9,"101.736681894","95.184330552",77,12.9,38,62,87.1,21.1,56.6,"27.1"
"Carlson, Dylan",666185,2023,24,219,255,48,34,8,1,5,49,26,19.2,10.2,".219",".333",".318","0.651","0.114","73","655","91","1047",".232",".381",".293",".317","-0.048","-0.024","89.3","15",34.1,5.8,37.6,"98.393567326","93.357659942",68,17.5,36.1,63.9,82.5,22.6,46,"27.6"
"Naylor, Bo",666310,2023,23,198,230,47,23,13,0,11,53,30,23,13,".237",".470",".339","0.809","0.233","93","600","79","1011",".214",".387",".347",".311",".083",".036","87.7","21",37,8.2,30.8,"97.298027397","92.697509448",66.5,15.1,39.2,60.8,84.9,21.8,44.5,"27.4"
"Julien, Edouard",666397,2023,24,338,408,89,56,16,1,16,128,64,31.4,15.7,".263",".459",".381","0.840","0.196","155","1006","171","1727",".228",".426",".366",".343",".033",".023","89.5","8",38.8,13.1,44.9,"100.916636636","94.651510141",61.4,22.2,58.1,41.9,77.8,29.1,37.6,"27.0"
"Morel, Christopher",666624,2023,24,388,429,96,50,17,3,26,133,36,31,8.4,".247",".508",".313","0.821","0.261","197","1052","269","1655",".240",".493",".347",".342",".015",".005","92.1","12.4",29.5,16,50,"103.542229453","96.326775098",72,28,58.1,41.9,72,37,49.8,"28.6"
"Castro, Rodolfo",666801,2023,24,227,256,48,35,7,0,6,74,23,28.9,9,".211",".322",".297","0.619","0.111","73","624","137","1002",".188",".327",".277",".267","-0.005",".010","87.2","7.6",27.9,7.8,35.1,"99.104106883","93.615443987",68.7,21.7,59.6,40.4,78.3,32.9,47.6,"27.3"
"Alu, Jake",666906,2023,26,159,175,36,31,2,1,2,42,10,24,5.7,".226",".289",".282","0.571","0.063","46","460","69","678",".239",".338",".256",".283","-0.049","-0.027","88.6","5.1",35.8,2.5,33.3,"97.481260847","92.79926094",66,20.3,39.8,60.2,79.7,26.5,50,"28.1"
"García, Adolis",666969,2023,30,555,632,136,68,29,0,39,175,65,27.7,10.3,".245",".508",".328","0.836","0.263","282","1606","354","2562",".245",".529",".354",".365","-0.021","-0.011","92.1","15.7",36,16.1,49.7,"102.949539534","96.163808523",71.5,23.5,48.1,51.9,76.5,31.6,48.6,"27.3"
"Gurriel Jr., Lourdes",666971,2023,29,551,592,144,83,35,2,24,103,33,17.4,5.6,".261",".463",".309","0.772","0.202","255","1462","169","2216",".259",".444",".329",".325",".019",".004","89.7","10.6",35.3,8.4,46,"99.859212133","94.368560668",67.5,11.8,34.2,65.8,88.2,18.7,49.1,"27.1"
"Julks, Corey",667452,2023,27,298,323,73,53,14,0,6,75,22,23.2,6.8,".245",".352",".297","0.649","0.107","105","852","137","1326",".245",".373",".286",".294","-0.021","-0.008","87.9","17",36,4.9,36,"98.704102411","93.406924598",62.6,18,39.4,60.6,82,25.4,45.8,"28.4"
"Rooker, Brent",667670,2023,28,463,526,114,63,20,1,30,172,49,32.7,9.3,".246",".488",".329","0.817","0.242","226","1351","328","2152",".233",".479",".348",".342",".009",".006","91.6","17.6",37.3,15.6,49.5,"102.653891351","95.962225864",66.2,26.5,64.6,35.4,73.5,38.2,46.1,"27.1"
"Arozarena, Randy",668227,2023,28,551,654,140,95,19,3,23,156,80,23.9,12.2,".254",".425",".364","0.789","0.171","234","1653","299","2679",".234",".434",".347",".347","-0.009",".000","91.7","11.3",31.8,12.3,48.4,"102.055211709","95.651873174",61,23.5,40,60,76.5,29.1,43,"28.4"
"Pratto, Nick",668472,2023,24,306,345,71,48,16,0,7,138,29,40,8.4,".232",".353",".307","0.660","0.121","108","945","194","1452",".205",".335",".292",".277",".018",".015","87.5","13.4",40.7,8.1,41.9,"99.593088023","93.891924767",58.7,21.7,63.9,36.1,78.3,35.3,43.1,"26.3"
"Rogers, Jake",668670,2023,28,331,365,73,41,11,0,21,118,28,32.3,7.7,".221",".444",".286","0.730","0.223","147","921","189","1432",".225",".450",".312",".321","-0.006","-0.009","90.4","14.7",40.3,12.1,45.6,"100.372054766","94.614399346",66.3,25.4,51.7,48.3,74.6,31.7,45.8,"27.2"
"Bleday, JJ",668709,2023,25,256,303,50,29,11,0,10,72,42,23.8,13.9,".195",".355",".310","0.665","0.160","91","717","125","1213",".200",".354",".297",".300",".001","-0.003","88.6","15.5",29.9,6.5,35.3,"98.165226087","93.234953169",68.7,20.6,52.4,47.6,79.4,28.2,43.6,"27.2"
"Steer, Spencer",668715,2023,25,582,665,158,95,37,3,23,139,68,20.9,10.2,".271",".464",".356","0.820","0.193","270","1678","236","2684",".248",".417",".355",".332",".047",".023","88.7","15.3",35.3,6.8,37.1,"99.167567432","93.741896795",63.2,17.2,43,57,82.8,24.1,43.8,"28.4"
"Baddoo, Akil",668731,2023,24,312,357,68,43,13,1,11,89,42,24.9,11.8,".218",".372",".310","0.682","0.154","116","875","145","1415",".216",".372",".299",".301",".000","-0.002","88.1","10.8",26.5,6.3,36.8,"99.048422545","93.595535682",68.7,14.9,52.2,47.8,85.1,25.3,47,"29.0"
"Knizner, Andrew",668800,2023,28,224,241,54,33,11,0,10,62,12,25.7,5,".241",".424",".287","0.711","0.183","95","572","107","831",".220",".394",".306",".287",".030",".019","89.6","14.3",26.8,7.9,40.9,"100.838167407","94.587740186",72.1,21,39.5,60.5,79,27.3,54.8,"25.9"
"Reynolds, Bryan",668804,2023,28,574,640,151,91,31,5,24,138,53,21.6,8.3,".263",".460",".330","0.790","0.197","264","1542","304","2524",".275",".493",".338",".359","-0.033","-0.021","90.9","10.9",36.9,11.1,47.3,"101.022834344","94.957065034",73,17.7,53,47,82.3,28.2,47.4,"27.8"
"Vientos, Mark",668901,2023,23,218,233,46,31,5,1,9,71,10,30.5,4.3,".211",".367",".253","0.620","0.156","80","586","140","847",".236",".433",".267",".309","-0.066","-0.042","92.5","9.5",24.2,10.7,51,"103.444965733","96.432401342",70.2,28.4,52.2,47.8,71.6,36.7,53,"26.3"
"Lewis, Royce",668904,2023,24,217,239,67,45,7,0,15,55,20,23,8.4,".309",".548",".372","0.920","0.239","119","594","95","906",".258",".486",".393",".349",".062",".044","90.2","16.2",33.3,11.7,42,"101.84701358","95.239275185",65.7,18.5,48,52,81.5,27.3,47.4,"28.2"
"Turang, Brice",668930,2023,23,404,448,88,70,9,3,6,94,38,21,8.5,".218",".300",".285","0.585","0.082","121","1170","144","1795",".222",".322",".262",".275","-0.022","-0.013","85.5","12.6",34.3,2.9,27,"96.246595556","92.125077484",67.2,16.3,36,64,83.7,21.7,47.9,"29.4"
"Rutschman, Adley",668939,2023,25,588,687,163,111,31,1,20,101,92,14.7,13.4,".277",".435",".374","0.809","0.158","256","1776","154","2904",".289",".473",".352",".374","-0.038","-0.022","88.4","12.6",37,7.5,38.6,"99.614450772","93.937278476",60.7,10.7,27.1,72.9,89.3,15.6,41,"27.0"
"Rojas, Josh",668942,2023,29,314,350,77,56,17,0,4,81,27,23.1,7.7,".245",".338",".303","0.641","0.093","106","869","121","1350",".228",".331",".284",".278",".007",".006","87.1","13",35.6,3.8,28.9,"96.683976983","92.417791379",61.8,16.4,44.1,56.5,83.2,24.2,44.3,"26.7"
"Melendez, MJ",669004,2023,24,533,602,125,75,29,5,16,170,62,28.2,10.3,".235",".398",".316","0.714","0.163","212","1551","351","2440",".231",".439",".310",".326","-0.041","-0.016","93.2","16.9",34.6,11.4,49.6,"101.434950217","95.609327411",69.3,27.4,52,48,72.6,34.4,47.9,"27.6"
"Marsh, Brandon",669016,2023,25,404,472,112,69,25,6,12,144,59,30.5,12.5,".277",".458",".372","0.830","0.181","185","1221","190","1984",".229",".394",".358",".322",".064",".036","91.3","12.4",37.7,9.1,48.7,"100.732382538","94.960692423",61.5,17.5,48.7,51.3,82.5,27.4,42.4,"28.6"
"Langeliers, Shea",669127,2023,25,448,490,92,47,19,4,22,143,34,29.2,6.9,".205",".413",".268","0.681","0.208","185","1246","298","1921",".208",".429",".290",".299","-0.016","-0.009","90.6","19.6",30.8,13.3,44.5,"101.929508117","95.365956026",70,23.8,50.2,49.8,76.2,32.1,50.3,"28.4"
"Campusano, Luis",669134,2023,24,163,174,52,38,7,0,7,21,7,12.1,4,".319",".491",".356","0.847","0.172","80","417","49","601",".303",".470",".364",".355",".021",".009","88.5","13.2",38.5,7.7,40.6,"98.855264444","93.558759091",74,14,26.9,73.1,86,18.1,55.2,"25.8"
"Murphy, Sean",669221,2023,28,370,438,93,51,21,0,21,98,49,22.4,11.2,".251",".478",".365","0.843","0.227","177","1074","185","1748",".267",".540",".366",".393","-0.062","-0.027","91.5","13.1",38.1,16.1,45.8,"103.261524161","96.100888462",69.6,19.1,46.1,53.9,80.9,25.9,45.9,"26.0"
"Senzel, Nick",669222,2023,28,301,330,71,48,10,0,13,74,26,22.4,7.9,".236",".399",".297","0.696","0.163","120","779","108","1189",".244",".369",".302",".297",".030",".005","87.4","15.2",29.3,4.8,34.1,"98.198786726","93.126818628",70.7,15,40,60,85,21.6,49.4,"28.3"
"Edman, Tommy",669242,2023,28,479,528,119,77,25,4,13,84,35,15.9,6.6,".248",".399",".307","0.706","0.151","191","1178","108","1809",".259",".393",".306",".312",".006","-0.006","89.1","7.5",27.9,5,38.8,"99.456717727","93.865892803",62.1,7.7,35.2,64.8,92.3,16.1,45.7,"28.8"
"Smith, Will",669257,2023,28,464,554,121,79,21,2,19,89,63,16.1,11.4,".261",".438",".359","0.797","0.177","203","1427","172","2292",".255",".436",".345",".350",".002","-0.005","89.3","15.6",37.5,6.7,41.6,"99.645654456","94.001340492",67.9,16.3,27.5,72.5,83.7,19.5,45.7,"27.2"
"Suwinski, Jack",669261,2023,24,447,534,100,51,21,2,26,172,75,32.2,14,".224",".454",".339","0.793","0.230","203","1335","241","2281",".214",".465",".341",".346","-0.011","-0.005","90.5","22.4",34.2,15.8,43.4,"102.173377122","95.316292734",61.2,22.1,55.3,44.7,77.9,30.1,39,"28.6"
"Espinal, Santiago",669289,2023,28,230,254,57,41,14,0,2,36,18,14.2,7.1,".248",".335",".310","0.645","0.087","77","639","67","989",".255",".341",".285",".295","-0.006","-0.010","87","11.4",33,1,29.4,"96.258875464","92.131124845",63.8,11.5,32.5,67.5,88.5,17.6,44.3,"26.9"
"Miranda, Jose F",669304,2023,25,142,152,30,23,4,0,3,24,9,15.8,5.9,".211",".303",".263","0.566","0.092","43","353","63","545",".239",".344",".252",".281","-0.041","-0.029","87.9","10.1",29.7,4.2,37.3,"98.190953051","93.099214068",73,18.2,36.8,63.2,81.8,25.2,51.7,"26.6"
"Gorman, Nolan",669357,2023,23,406,464,96,52,17,0,27,148,53,31.9,11.4,".236",".478",".328","0.806","0.242","194","1171","282","1889",".231",".499",".345",".352","-0.021","-0.007","91","22.2",38.8,16.6,48.5,"102.010586077","95.537335212",72.8,28,53.3,46.7,72,35.6,49,"26.5"
"Burger, Jake",669394,2023,27,492,540,123,60,28,1,34,149,32,27.6,5.9,".250",".518",".309","0.827","0.268","255","1372","335","2048",".264",".517",".349",".359",".001","-0.010","91.9","12.3",33.4,16.7,49.6,"105.009725862","96.989580029",70.8,21.4,55.5,44.5,78.6,34.1,54,"28.0"
"Allen, Nick",669397,2023,24,303,329,67,57,4,2,4,52,17,15.8,5.2,".221",".287",".263","0.550","0.066","87","777","92","1168",".220",".292",".245",".252","-0.005","-0.007","84.8","6.8",29,1.2,26.6,"95.649982295","91.839086803",68,10.9,39.6,60.4,89.1,19.1,49.2,"27.9"
"Schmitt, Casey",669477,2023,24,253,277,52,32,15,0,5,65,13,23.5,4.7,".206",".324",".255","0.579","0.118","82","671","122","965",".231",".360",".254",".282","-0.036","-0.028","88.1","15.1",32,6.7,34,"99.016028632","93.561277316",71.4,16.8,46.2,53.8,83.2,27.1,55,"28.0"
"Smith, Josh",669701,2023,25,195,232,36,21,8,1,6,55,25,23.7,10.8,".185",".328",".304","0.632","0.143","64","606","73","977",".207",".398",".287",".323","-0.070","-0.036","88.5","12.5",30.8,10.6,36.4,"99.426100571","93.805422714",62.2,14.1,41.7,58.3,85.9,21.3,42.3,"28.5"
"Triolo, Jared",669707,2023,25,181,209,54,42,9,0,3,63,24,30.1,11.5,".298",".398",".388","0.786","0.100","72","517","104","839",".253",".382",".350",".326",".016",".024","86.6","10.6",39.5,5.9,33.6,"98.027101167","93.167449076",62.8,22.4,55.4,44.6,77.6,32.4,43.7,"28.4"
"Hays, Austin",669720,2023,27,520,566,143,89,36,2,16,141,38,24.9,6.7,".275",".444",".325","0.769","0.169","231","1374","252","2122",".238",".425",".330",".309",".019",".021","89.4","10.4",31,8.9,40.1,"100.462787656","94.411352037",63.9,17.4,49.1,50.9,82.6,28.4,46.6,"27.4"
"Call, Alex",669743,2023,28,375,439,75,52,14,1,8,78,53,17.8,12.1,".200",".307",".307","0.614","0.107","115","1110","113","1832",".208",".335",".280",".294","-0.028","-0.014","86.8","17",30.5,5.3,30.1,"97.369230205","92.725954777",61.2,12.5,36.6,63.4,87.5,18.6,40.3,"28.8"
"Toglia, Michael",669911,2023,24,141,152,23,14,5,0,4,50,10,32.9,6.6,".163",".284",".224","0.508","0.121","40","371","100","580",".202",".321",".225",".258","-0.037","-0.033","90.2","16.7",31.9,5.5,44,"101.117121957","94.904654725",72.3,20.9,76.3,23.7,79.1,38.8,49.8,"28.0"
"Lopez, Nicky",670032,2023,28,225,262,52,40,8,3,1,40,26,15.3,9.9,".231",".307",".326","0.633","0.076","69","659","95","1022",".233",".314",".288",".294","-0.007","-0.006","86.7","0.5",32.1,1.1,23.7,"95.31187172","91.719033135",67.9,15.4,40.2,59.8,84.6,22,47.9,"27.7"
"Raley, Luke",670042,2023,28,357,406,89,44,23,3,19,128,28,31.5,6.9,".249",".490",".333","0.823","0.241","175","985","281","1545",".222",".442",".353",".328",".048",".025","91.1","17.3",29.3,12.9,45.7,"102.675194071","95.677039912",74.7,26.8,64.5,35.5,73.2,38.9,51.8,"28.8"
"Short, Zack",670097,2023,28,221,253,45,29,9,0,7,66,28,26.1,11.1,".204",".339",".292","0.631","0.135","75","625","97","1027",".208",".367",".281",".298","-0.028","-0.017","87.6","21.2",33.3,8.9,33.5,"98.045696579","93.141459737",64.2,18.6,52.6,47.4,81.4,24.9,41.9,"28.1"
"Wallner, Matt",670242,2023,25,213,254,53,27,11,1,14,80,28,31.5,11,".249",".507",".370","0.877","0.258","108","622","157","1046",".228",".525",".377",".375","-0.018",".002","91.9","21",32.3,18.8,48.1,"104.489305224","96.79268782",69.8,31.4,47.7,52.3,68.6,36.3,47.1,"28.0"
"Alvarez, Yordan",670541,2023,26,410,496,120,64,24,1,31,92,69,18.5,13.9,".293",".583",".407","0.990","0.290","239","1145","150","1908",".292",".632",".415",".436","-0.049","-0.021","93.3","17.1",35.7,18.1,52.2,"104.629318875","96.977658344",64.6,13.1,41.7,58.3,86.9,22.4,43.7,"26.3"
"Paredes, Isaac",670623,2023,24,492,571,123,68,24,0,31,104,58,18.2,10.2,".250",".488",".352","0.840","0.238","240","1485","164","2366",".228",".374",".362",".316",".114",".046","86.9","22.2",32.4,5.9,28.5,"96.372683866","92.205361059",65.9,10.8,33,67,89.2,18.2,45.6,"26.1"
"Walls, Taylor",670764,2023,26,303,349,61,39,12,2,8,92,44,26.4,12.6,".201",".333",".305","0.638","0.132","101","862","142","1420",".199",".303",".287",".277",".030",".010","86.7","19.1",32.1,3.3,28.8,"95.825872762","91.918126429",65.5,21.5,50.4,49.6,78.5,27.2,43,"28.2"
"Friedl, TJ",670770,2023,27,488,556,136,88,22,8,18,90,47,16.2,8.5,".279",".467",".352","0.819","0.188","228","1371","140","2194",".234",".320",".353",".287",".147",".066","86.7","16.1",32,3.2,27.6,"96.368739947","92.196228515",59.1,11.4,35.7,64.3,88.6,18.4,42.2,"28.3"
"Casas, Triston",671213,2023,23,429,502,113,66,21,2,24,126,70,25.1,13.9,".263",".490",".367","0.857","0.227","210","1220","220","2062",".249",".502",".367",".369","-0.012","-0.002","91.1","15.7",36.1,13.1,46.6,"102.616692288","95.686960262",66.5,22.7,43.6,56.4,77.3,28.1,43.6,"24.9"
"Waters, Drew",671221,2023,24,302,337,69,45,11,5,8,107,27,31.8,8,".228",".377",".300","0.677","0.149","114","854","186","1317",".231",".416",".296",".314","-0.039","-0.018","87.4","17.2",38.4,10.1,35.9,"98.74293303","93.391262626",73,23.1,51.8,48.2,76.9,32.5,51.3,"28.7"
"García Jr., Luis",671277,2023,23,447,482,119,88,18,4,9,60,27,12.4,5.6,".266",".385",".304","0.689","0.119","172","1105","128","1700",".259",".409",".297",".309","-0.024","-0.012","88.3","4.6",31.9,5.8,36.5,"99.158102245","93.638514796",74.1,12.3,29,71,87.7,17.9,50.6,"27.2"
"Freeman, Tyler",671289,2023,24,153,168,37,26,7,0,4,30,10,17.9,6,".242",".366",".295","0.661","0.124","56","418","45","636",".272",".400",".290",".317","-0.034","-0.027","85.8","6.2",38.9,3.2,38.1,"99.035576452","93.596430081",65.9,12,30.9,69.1,88,17.8,47.6,"28.6"
"Harris II, Michael",671739,2023,22,505,539,148,94,33,3,18,101,25,18.7,4.6,".293",".477",".331","0.808","0.184","241","1343","209","1954",".298",".494",".345",".356","-0.017","-0.011","90.9","7.6",34.6,10,48.5,"103.586789505","96.131496609",68.1,17.7,36,64,82.3,24.4,52.9,"28.8"
"Bailey, Patrick",672275,2023,24,326,353,76,50,18,1,7,100,21,28.3,5.9,".233",".359",".285","0.644","0.126","117","921","144","1411",".244",".421",".282",".312","-0.062","-0.030","88.7","10.2",36.2,10,38.4,"99.385269825","93.890632907",65.1,18.1,47.3,52.7,81.9,26.2,46.5,"26.2"
"Kelenic, Jarred",672284,2023,23,372,416,94,56,25,2,11,132,41,31.7,9.9,".253",".419",".327","0.746","0.166","156","1034","232","1664",".261",".440",".321",".334","-0.021","-0.013","90.9","10.1",38.8,9.5,45.5,"101.460697521","95.139393983",66.4,22.6,57.9,42.1,77.4,33.8,46.8,"28.0"
"Arias, Gabriel",672356,2023,23,315,345,66,41,15,0,10,113,28,32.8,8.1,".210",".352",".275","0.627","0.142","111","902","253","1345",".227",".408",".276",".305","-0.056","-0.029","91.1","3.7",31,9.9,46.3,"101.9318672","95.322139548",76.8,29,58.4,41.6,71,37.7,55.5,"28.0"
"Kirk, Alejandro",672386,2023,24,372,422,93,69,16,0,8,45,42,10.7,10,".250",".358",".334","0.692","0.108","133","1093","79","1725",".252",".392",".308",".321","-0.034","-0.013","87.6","6.3",31.9,5.2,38.3,"98.523712317","93.313905535",57.4,7.3,23.9,76.1,92.7,12.8,41.6,"23.7"
"Diaz, Jordan",672478,2023,22,272,293,60,41,9,0,10,69,17,23.5,5.8,".221",".364",".273","0.637","0.143","99","738","163","1083",".222",".372",".278",".284","-0.008","-0.006","90","5.4",29.9,6.4,43.6,"101.524778137","95.000604729",76.3,16.3,56,44,83.7,29.9,56,"25.3"
"Moreno, Gabriel",672515,2023,23,341,380,97,70,19,1,7,75,29,19.7,7.6,".284",".408",".339","0.747","0.124","139","989","105","1544",".264",".391",".325",".316",".017",".009","89.8","4.2",32.6,4.8,41.8,"99.719820735","94.156039559",57.4,12,37.8,62.2,88,19.7,42.4,"27.2"
"Garcia, Maikel",672580,2023,23,464,515,126,98,20,4,4,115,38,22.3,7.4,".272",".358",".323","0.681","0.086","166","1263","147","1989",".270",".397",".299",".320","-0.039","-0.021","91.8","6.1",36.9,3.9,50.6,"101.538604663","95.500565408",63.7,15.6,32.8,67.2,84.4,19.5,43.1,"28.2"
"Perdomo, Geraldo",672695,2023,23,407,495,100,70,20,4,6,86,64,17.4,12.9,".246",".359",".353","0.712","0.113","146","1250","101","2064",".203",".277",".319",".277",".082",".042","85.7","16.4",35.4,0.9,19.5,"94.552794268","91.28665535",59.5,10.6,32.2,67.8,89.4,15.1,39.1,"27.2"
"Peraza, Oswald",672724,2023,23,173,191,33,23,8,0,2,50,13,26.2,6.8,".191",".272",".267","0.539","0.081","47","459","99","721",".220",".334",".246",".282","-0.062","-0.036","87.2","9.8",27.6,4.1,28.5,"98.567658226","93.419530488",72.9,22.5,58.7,41.3,77.5,33.1,49.5,"28.7"
"Marcano, Tucupita",672779,2023,23,202,220,47,30,12,2,3,35,10,15.9,4.5,".233",".356",".276","0.632","0.123","72","484","52","731",".245",".375",".275",".292","-0.019","-0.017","88.3","14.4",32,5.2,34.9,"97.898414815","93.051435926",72.4,10.1,30.1,69.9,89.9,15.6,51.8,"27.6"
"Sosa, Lenyn",672820,2023,23,164,173,33,21,6,0,6,40,5,23.1,2.9,".201",".348",".224","0.572","0.147","57","442","67","628",".245",".415",".241",".290","-0.067","-0.049","89.4","14.1",30.5,7.8,38.3,"98.778247581","93.561915041",65.3,15.9,37,63,84.1,24,53.2,"27.6"
"Diaz, Yainer",673237,2023,24,355,377,100,55,22,0,23,74,11,19.6,2.9,".282",".538",".308","0.846","0.256","191","903","180","1298",".280",".546",".354",".358","-0.008","-0.004","90.3","11.5",36.9,12.2,43.9,"101.571037778","95.208391603",76.6,17.3,42.2,57.8,82.7,27.6,58.6,"27.6"
"Robert Jr., Luis",673357,2023,25,546,595,144,69,36,1,38,172,30,28.9,5,".264",".542",".315","0.857","0.278","296","1520","386","2200",".256",".516",".358",".347",".026",".011","89.1","16.1",38,15.5,42.3,"101.844478191","95.05043424",78.2,21.3,54.4,45.6,78.7,33.5,58.3,"28.7"
"Kim, Ha-Seong",673490,2023,27,538,626,140,100,23,0,17,124,75,19.8,12,".260",".398",".351","0.749","0.138","214","1695","160","2727",".242",".362",".330",".312",".036",".018","86.2","13.6",36.1,4.3,26.7,"96.561670433","92.283861587",55.1,14.8,27.1,72.9,85.2,17.8,38.9,"28.5"
"Suzuki, Seiya",673548,2023,28,515,583,147,90,31,6,20,130,59,22.3,10.1,".285",".485",".357","0.842","0.200","250","1500","183","2445",".278",".475",".358",".357",".010",".001","91.4","10.8",36.5,10.5,48,"102.157061122","95.610201816",60.5,15.8,39.5,60.5,84.2,21.3,40.9,"28.5"
"Jung, Josh",673962,2023,25,478,515,127,78,25,1,23,151,30,29.3,5.8,".266",".467",".315","0.782","0.201","223","1320","254","1976",".254",".481",".334",".334","-0.014",".000","91.8","15",41.9,11.9,47.4,"101.620526098","95.373200793",72.7,20.6,47.8,52.2,79.4,29.7,51.8,"26.8"
"Westburg, Jordan",676059,2023,24,208,228,54,32,17,2,3,56,16,24.6,7,".260",".404",".311","0.715","0.144","84","567","95","869",".256",".407",".309",".317","-0.003","-0.008","90.2","13.4",38.1,6.5,44.5,"100.977982987","94.800749545",69.9,18.2,44.4,55.6,81.8,26,48.7,"28.9"
"Noda, Ryan",676116,2023,27,406,495,93,54,22,1,16,170,77,34.3,15.6,".229",".406",".364","0.770","0.177","165","1248","307","2091",".209",".396",".342",".334",".010",".008","91.2","16",38.2,13,45,"102.125166441","95.450814851",65.7,27.6,70.1,29.9,72.4,36.9,42.9,"27.3"
"Velázquez, Nelson",676369,2023,24,162,179,38,15,6,0,17,51,14,28.5,7.8,".235",".586",".302","0.888","0.351","95","448","109","704",".249",".570",".369",".370",".016","-0.001","91","14.4",31.3,21.4,49.1,"102.412957857","95.873260446",73.6,24.7,53.6,46.4,75.3,33.7,50.1,"27.2"
"Burleson, Alec",676475,2023,24,315,347,77,48,20,1,8,45,23,13,6.6,".244",".390",".300","0.690","0.146","123","823","91","1238",".272",".454",".300",".337","-0.064","-0.037","89.9","12.4",36.6,5.9,41,"99.931806194","94.381917566",71.8,11.7,29.4,70.6,88.3,17.7,52,"25.6"
"Caballero, José",676609,2023,26,231,280,51,37,9,1,4,66,28,23.6,10,".221",".320",".343","0.663","0.099","74","745","101","1140",".200",".300",".305",".296",".020",".009","83.3","21.5",33.1,3.6,23.7,"94.973345476","91.572536826",57.2,14.6,39.4,60.6,85.4,23.2,43.2,"29.0"
"Meyers, Jake",676694,2023,27,309,341,70,43,16,1,10,88,26,25.8,7.6,".227",".382",".296","0.678","0.155","118","845","157","1325",".211",".357",".297",".283",".025",".014","86","13.9",34.7,6.3,27.9,"96.65184","92.333391091",69.5,17.9,51.1,48.9,82.1,27,48.3,"29.2"
"Trejo, Alan",676701,2023,27,207,227,48,33,11,0,4,51,16,22.5,7,".232",".343",".288","0.631","0.111","71","572","83","875",".231",".341",".277",".278",".002","-0.001","85.5","14.6",36.5,4.4,22.6,"94.830734557","91.440444522",69.8,14.4,37.2,62.8,85.6,21.9,50.6,"26.4"
"McCormick, Chas",676801,2023,28,403,457,110,69,17,2,22,117,40,25.6,8.8,".273",".489",".353","0.842","0.216","197","1157","224","1805",".241",".458",".362",".340",".031",".022","88","14.6",38.4,11.1,38.8,"98.933604225","93.594692676",70.5,21.9,44.8,55.2,78.1,29.4,49.2,"28.2"
"Franco, Wander",677551,2023,22,442,491,124,78,23,6,17,69,42,14.1,8.6,".281",".475",".344","0.819","0.194","210","1194","104","1901",".297",".489",".349",".365","-0.014","-0.016","89.4","8.9",35,7.7,43,"99.940366243","94.232389735",63.4,9.4,28.2,71.8,90.6,14.8,45.2,"27.5"
"Rodríguez, Julio",677594,2023,22,654,714,180,109,37,2,32,175,47,24.5,6.6,".275",".485",".333","0.818","0.210","317","1675","342","2511",".263",".470",".347",".338",".015",".009","92.7","8.5",31.8,11.9,52,"104.082287708","96.812366417",72,16.6,48.7,51.3,83.4,28.3,53.9,"29.6"
"Duran, Ezequiel",677649,2023,24,406,439,112,74,22,2,14,120,23,27.3,5.2,".276",".443",".324","0.767","0.167","180","1119","219","1657",".253",".438",".330",".320",".005",".010","90.1","14",36.3,8.7,43.9,"101.553371259","95.026970874",72.4,19.9,43.2,56.8,80.1,28.5,54,"29.1"
"Thomas, Alek",677950,2023,23,374,402,86,55,17,5,9,86,19,21.4,4.7,".230",".374",".273","0.647","0.144","140","997","163","1489",".247",".374",".278",".291",".000","-0.013","88.9","2.2",28.3,5.1,41.6,"99.767087793","94.064693103",63.6,13.6,48.4,51.6,86.4,25.2,49.1,"28.8"
"Witt Jr., Bobby",677951,2023,23,641,694,177,108,28,11,30,121,40,17.4,5.8,".276",".495",".319","0.814","0.219","317","1768","277","2701",".289",".534",".343",".368","-0.039","-0.025","90.7","15.7",34.4,11.6,45.6,"102.080606768","95.411820457",71,16.5,36.7,63.3,83.5,22.8,50.5,"30.5"
"Bae, Jihwan",678225,2023,23,334,371,77,56,17,2,2,92,30,24.8,8.1,".231",".311",".296","0.607","0.080","104","967","146","1506",".220",".294",".272",".266",".017",".006","88.1","1.1",24.3,2,36.8,"98.940343707","93.542422069",67.5,18.3,41.2,58.8,81.7,25.4,47.6,"29.7"
"Vargas, Miguel",678246,2023,23,256,304,50,24,15,4,7,61,38,20.1,12.5,".195",".367",".305","0.672","0.172","94","734","102","1204",".208",".357",".295",".305",".010","-0.010","86.8","16.6",32,6,31.5,"97.543796","92.819102111",68.3,17.4,38.1,61.9,82.6,22.3,44.4,"27.9"
"Tovar, Ezequiel",678662,2023,21,581,615,147,91,37,4,15,166,25,27,4.1,".253",".408",".287","0.695","0.155","237","1619","370","2290",".243",".389",".298",".290",".019",".008","88","12.6",36.4,8.1,36.2,"99.019446394","93.628807036",79.9,19.1,51.6,48.4,80.9,31.3,59.7,"28.1"
"Peguero, Liover",678894,2023,22,198,213,47,35,4,1,7,67,11,31.5,5.2,".237",".374",".280","0.654","0.137","74","550","109","811",".225",".332",".284",".267",".042",".017","89.3","4.1",27.6,5.2,39.6,"100.157487846","94.198605039",72.9,20.4,54.5,45.5,79.6,29.4,51.7,"29.3"
"Rojas, Johan",679032,2023,22,149,164,45,32,9,2,2,42,5,25.6,3,".302",".430",".342","0.772","0.128","64","402","67","561",".246",".307",".335",".269",".123",".066","86.6","7.3",29.2,0.9,28.3,"97.8167774","92.9113331",67.5,14.9,45.5,54.5,85.1,25.9,54.4,"29.5"
"Torkelson, Spencer",679529,2023,23,606,684,141,75,34,1,31,171,67,25,9.8,".233",".446",".313","0.759","0.213","270","1769","275","2814",".245",".489",".326",".349","-0.043","-0.023","91.8","17.1",33.2,14.2,50.9,"102.691928356","96.002045502",67.7,17.5,46.1,53.9,82.5,24.7,46.2,"27.4"
"McLain, Matt",680574,2023,23,365,403,106,63,23,4,16,115,31,28.5,7.7,".290",".507",".357","0.864","0.217","185","1070","163","1672",".252",".441",".370",".332",".066",".038","89.3","13.8",39.6,10.8,42.4,"100.203855242","94.354982348",57.8,19.8,47.4,52.6,80.2,28,41.9,"29.0"
"Kwan, Steven",680757,2023,25,638,718,171,123,36,7,5,75,70,10.4,9.7,".268",".370",".340","0.710","0.102","236","1794","107","2843",".281",".362",".313",".319",".008","-0.006","86","10.7",37.7,1.1,18.8,"94.063409324","91.031738203",59.1,6,27.3,72.7,94,11.2,41.2,"28.1"
"Duran, Jarren",680776,2023,26,332,362,98,54,34,2,8,90,24,24.9,6.6,".295",".482",".346","0.828","0.187","160","926","150","1397",".266",".410",".354",".321",".072",".033","89.9","10.7",32,5.3,46.3,"102.136277603","95.439128926",73.3,13.9,50.2,49.8,86.1,24.6,51.5,"29.5"
"Jeffers, Ryan",680777,2023,26,286,335,79,48,15,2,14,93,33,27.8,9.9,".276",".490",".369","0.859","0.214","140","842","150","1327",".230",".441",".369",".336",".049",".033","90.5","17.2",34.2,11.6,42.7,"101.812058454","95.327122694",62,20.1,46,54,79.9,29.2,45.4,"26.5"
"Davis, Henry",680779,2023,23,225,255,48,31,10,0,7,69,25,27.1,9.8,".213",".351",".302","0.653","0.138","79","645","113","1031",".219",".345",".287",".290",".006","-0.003","88.6","12.5",35,7,41.4,"100.600949494","94.584235478",62.8,14.9,48.8,51.2,85.1,27,44.5,"28.2"
"Gelof, Zack",680869,2023,23,270,300,72,37,20,1,14,82,26,27.3,8.7,".267",".504",".337","0.841","0.237","136","746","181","1155",".247",".451",".357",".330",".053",".027","89.8","11.8",38.6,11.1,41.3,"99.898924043","94.270075904",71.7,27.6,48.8,51.2,72.4,33.7,50.4,"29.0"
"Miller, Owen",680911,2023,26,291,314,76,54,17,0,5,61,17,19.4,5.4,".261",".371",".303","0.674","0.110","108","799","94","1192",".251",".363",".292",".289",".008",".003","86.3","12.9",34.2,3.4,30.8,"97.106564615","92.584463305",63.9,13.4,29.4,70.6,86.6,18.4,48.3,"29.0"
"Donovan, Brendan",680977,2023,26,327,371,93,71,10,1,11,53,33,14.3,8.9,".284",".422",".365","0.787","0.138","138","891","76","1431",".285",".444",".345",".356","-0.022","-0.011","89.3","10.6",37.3,5.8,40.6,"99.360461838","93.987172915",63.4,9.2,30.1,69.9,90.8,14.8,42.8,"27.1"
"Stott, Bryson",681082,2023,25,585,640,164,115,32,2,15,100,39,15.6,6.1,".280",".419",".329","0.748","0.139","245","1789","147","2665",".265",".393",".323",".311",".026",".012","88.1","10.1",36.4,4.7,35.2,"97.379136163","92.802445092",59.1,11.3,23.9,76.1,88.7,15.3,45,"28.8"
"O'Hoppe, Logan",681351,2023,23,182,199,43,23,6,0,14,48,14,24.1,7,".236",".500",".296","0.796","0.264","91","500","115","761",".252",".507",".337",".347","-0.007","-0.010","90.5","19.6",31.9,15.6,46.7,"100.792061765","94.855250815",70.1,19,57.5,42.5,81,32.1,51.5,"27.9"
"Carpenter, Kerry",681481,2023,25,418,459,116,77,17,2,20,115,32,25.1,7,".278",".471",".340","0.811","0.193","197","1170","202","1761",".255",".469",".347",".338",".002",".009","90.1","13.1",37.2,10.3,44,"99.813840795","94.326096744",72.2,18.2,44.7,55.3,81.8,27,52.4,"28.1"
"Outman, James",681546,2023,26,483,567,120,78,16,3,23,181,68,31.9,12,".248",".437",".353","0.790","0.189","211","1453","345","2352",".225",".395",".344",".324",".042",".020","87.9","15.7",38.2,11.1,39.9,"99.962159145","94.027798454",68.5,26.5,61.5,38.5,73.5,36.6,46,"28.9"
"Alvarez, Francisco",682626,2023,21,382,423,80,43,12,0,25,110,34,26,8,".209",".437",".284","0.721","0.228","167","1002","201","1622",".204",".428",".310",".306",".009",".004","90.1","12.5",28.6,12.8,45.1,"101.730853431","95.157784982",65.8,23,51.8,48.2,77,31.8,44.9,"26.4"
"Matos, Luis",682641,2023,21,228,253,57,41,13,1,2,33,20,13,7.9,".250",".342",".319","0.661","0.092","78","564","61","901",".257",".366",".295",".307","-0.024","-0.012","87.1","6.3",38.6,2,31,"97.615473402","92.870265619",69.9,9.4,36.7,63.3,90.6,17.2,46.5,"27.7"
"De La Cruz, Elly",682829,2023,21,388,427,91,56,15,7,13,144,35,33.7,8.2,".235",".410",".300","0.710","0.175","159","1116","196","1755",".238",".396",".305",".305",".014",".000","91.2","3.6",30.5,8.6,45.9,"102.817937107","95.774707273",60.5,19.3,45.4,54.6,80.7,29.7,45.5,"30.5"
"Rodríguez, Endy",682848,2023,23,186,204,41,29,7,2,3,49,17,24,8.3,".220",".328",".284","0.612","0.108","61","485","64","776",".230",".381",".271",".296","-0.053","-0.025","89.1","16.5",35.5,5.1,36.2,"97.95644029","93.14479073",68.1,12.7,42.1,57.9,87.3,21.4,46.3,"27.8"
"Abrams, CJ",682928,2023,22,563,614,138,86,28,6,18,118,32,19.2,5.2,".245",".412",".300","0.712","0.167","232","1493","215","2212",".243",".402",".306",".304",".010",".002","87.4","13.5",32.6,6.9,35.9,"98.814933243","93.426357297",72,15.8,36.2,63.8,84.2,22.5,53.5,"28.6"
"Greene, Riley",682985,2023,22,378,416,109,75,19,4,11,114,35,27.4,8.4,".288",".447",".349","0.796","0.159","169","1101","196","1746",".284",".506",".344",".366","-0.059","-0.022","91.6","6.6",36.8,11.4,47.3,"103.007318636","95.926317652",68.4,20.4,47,53,79.6,28.2,46.8,"28.1"
"Carroll, Corbin",682998,2023,22,565,645,161,96,30,10,25,125,57,19.4,8.8,".285",".506",".362","0.868","0.221","286","1522","195","2431",".264",".445",".370",".345",".061",".025","90","11",32.7,7.6,40.9,"100.972563211","94.780604736",65.5,14.4,37.1,62.9,85.6,21.6,45.8,"30.1"
"Henderson, Gunnar",683002,2023,22,560,622,143,77,29,9,28,159,56,25.6,9,".255",".489",".325","0.814","0.234","274","1529","259","2405",".257",".479",".346",".346",".010",".000","92","11.4",32.9,11.4,52,"102.730226238","96.062562903",66.7,20.3,41.8,58.2,79.7,26.4,46.8,"28.8"
"Volpe, Anthony",683011,2023,22,541,601,113,65,23,4,21,167,52,27.8,8.7,".209",".383",".283","0.666","0.174","207","1519","279","2335",".228",".402",".290",".308","-0.019","-0.018","88.7","14.2",35.5,9,43,"99.54617672","93.954577957",67.2,19.3,49.3,50.7,80.7,28.2,47.9,"28.4"
"Baty, Brett",683146,2023,23,353,389,75,54,12,0,9,109,29,28,7.5,".212",".323",".275","0.598","0.111","114","964","187","1510",".235",".383",".266",".300","-0.060","-0.034","89.5","6.6",33.3,7.7,44.3,"101.615153008","95.076203184",64.4,21.7,55.1,44.4,78.3,31.6,46.1,"27.3"
"Vaughn, Andrew",683734,2023,25,566,615,146,93,30,2,21,129,36,21,5.9,".258",".429",".314","0.743","0.171","243","1509","220","2317",".247",".430",".321",".319","-0.001",".002","90.6","11.2",30.3,8.4,46.5,"101.661403","95.348849294",64.8,13.4,43.9,56.1,86.6,24.1,47.5,"25.5"
"Frelick, Sal",686217,2023,23,191,223,47,34,9,1,3,37,28,16.6,12.6,".246",".351",".341","0.692","0.105","67","558","49","878",".234",".309",".309",".298",".042",".011","83.3","8.1",29.3,2.5,23.6,"94.342516154","91.339554231",58.3,9.4,24.1,75.9,90.6,14.6,43.1,"28.6"
"Pasquantino, Vinnie",686469,2023,25,231,260,57,31,17,0,9,31,25,11.9,9.6,".247",".437",".324","0.761","0.190","101","652","74","1013",".277",".457",".327",".349","-0.020","-0.022","89.3","17.4",37.8,7.5,40.3,"99.9938884","94.167852814",62.8,9.2,31.3,68.8,90.8,17.4,46.5,"25.8"
"Canzone, Dominic",686527,2023,25,173,182,38,19,13,0,6,32,8,17.6,4.4,".220",".399",".258","0.657","0.179","69","434","69","605",".255",".489",".282",".332","-0.090","-0.050","89.7","16.3",31.9,12.1,42.6,"100.579175634","94.554437376",67.1,16.8,39.4,60.6,83.2,25.5,54.4,"26.7"
"Doyle, Brenton",686668,2023,25,399,431,81,50,16,5,10,151,22,35,5.1,".203",".343",".250","0.593","0.140","137","1051","263","1591",".197",".344",".257",".258","-0.001","-0.001","88.3","11.7",29.9,8.7,35,"99.107707983","93.693021345",74,24.3,61.1,38.9,75.7,35.8,52.6,"29.9"
"Massey, Michael",686681,2023,25,428,461,98,64,18,1,15,99,24,21.5,5.2,".229",".381",".274","0.655","0.152","163","1216","178","1841",".257",".434",".283",".318","-0.053","-0.035","88.6","19.7",38,7.8,39.5,"99.467958364","93.868433587",72.7,13.7,41.3,58.7,86.3,22.4,52.1,"27.3"
"Brennan, Will",686823,2023,25,432,455,115,86,24,0,5,57,16,12.5,3.5,".266",".356",".299","0.655","0.090","154","1130","129","1611",".285",".380",".285",".306","-0.024","-0.021","85.7","9.4",35.8,2.4,29.2,"96.456825397","92.245172918",73.3,13.1,28.9,71.1,86.9,18.2,56.6,"28.3"
"Wiemer, Joey",686894,2023,24,367,410,75,43,19,0,13,116,36,28.3,8.8,".204",".362",".283","0.645","0.158","133","1015","224","1585",".206",".374",".284",".290","-0.012","-0.006","89.3","10.5",28.9,9.1,39.1,"99.675385433","94.031570395",66.1,25.1,51.9,48.1,74.9,33.6,47.1,"28.9"
"Neto, Zach",687263,2023,22,289,329,65,39,17,0,9,77,20,23.4,6.1,".225",".377",".308","0.685","0.152","109","825","157","1288",".224",".410",".302",".315","-0.033","-0.013","89.1","14.5",33.8,8.8,40.3,"99.587439533","93.888217243",69.9,19.4,55.3,44.7,80.6,28.7,47.9,"27.7"
"Encarnacion-Strand, Christian",687952,2023,23,222,241,60,40,7,0,13,69,14,28.6,5.8,".270",".477",".328","0.805","0.207","106","621","123","936",".264",".478",".346",".344","-0.001",".002","90.3","18.6",38.6,10.5,48.4,"101.855748701","95.359737582",70.9,18.3,48.6,51.4,81.7,29.4,52.7,"27.6"
"Walker, Jordan",691023,2023,21,420,465,116,79,19,2,16,104,37,22.4,8,".276",".445",".342","0.787","0.169","187","1094","230","1667",".263",".430",".341",".332",".015",".009","89.4","10.2",33.6,7.5,42.5,"101.884002327","95.105508896",72.5,18.7,51.5,48.5,81.3,30,51.6,"28.5"
"Colás, Oscar",693049,2023,24,245,263,53,39,9,0,5,71,12,27,4.6,".216",".314",".257","0.571","0.098","77","638","135","934",".223",".347",".249",".266","-0.033","-0.017","88.9","7.1",28.1,7.9,40.4,"101.394884419","94.790742442",70.1,19.8,50,50,80.2,31.8,53.9,"27.0"
"Yoshida, Masataka",807799,2023,29,537,580,155,104,33,3,15,81,34,14,5.9,".289",".445",".338","0.783","0.156","239","1417","150","2197",".268",".428",".339",".325",".017",".014","89","3.9",29.5,6.6,40.6,"100.123813246","94.28056556",58.6,13.5,28.9,71.1,86.5,18.3,43.3,"26.2"
"Peralta, David",444482,2024,36,236,260,63,44,11,0,8,54,22,20.8,8.5,".267",".415",".335","0.750","0.148","98","662","123","1014",".258",".385",".329",".318",".030",".011","88.1","8.9",36.8,5.5,42.3,"99.478011319","93.91992022",70.8,16.9,50.6,49.4,83.1,28.1,50.9,"26.9"
"Blackmon, Charlie",453568,2024,37,449,499,115,74,24,5,12,86,43,17.2,8.6,".256",".412",".329","0.741","0.156","185","1240","142","1920",".246",".374",".323",".309",".038",".014","84.8","16.3",34.1,5.3,27.2,"96.083583591","92.106050111",66.3,13.3,32.7,67.3,86.7,19.2,48,"27.4"
"Solano, Donovan",456781,2024,36,283,309,81,60,13,0,8,65,22,21,7.1,".286",".417",".343","0.760","0.131","118","854","119","1273",".256",".391",".333",".313",".026",".020","87.3","13.7",37,3.7,37.4,"98.057695046","93.167454908",63.8,13.7,45.4,54.6,86.3,23.5,47.2,"25.5"
"McCutchen, Andrew",457705,2024,37,448,515,104,65,18,1,20,133,58,25.8,11.3,".232",".411",".328","0.739","0.179","184","1326","232","2163",".219",".421",".325",".324","-0.010",".001","88.5","14.3",31.9,12,36.9,"99.424962893","93.831123091",65.6,22.3,55.2,44.8,77.7,28.9,42,"26.8"
"Turner, Justin",457759,2024,39,460,539,119,84,24,0,11,95,59,17.6,10.9,".259",".383",".354","0.737","0.124","176","1458","147","2320",".251",".394",".327",".333","-0.011","-0.006","87.1","17.8",40.1,4.6,32.5,"96.702342312","92.434680753",65.6,11.5,31.3,68.7,88.5,17,45.4,"25.4"
"Santana, Carlos",467793,2024,38,521,594,124,75,26,0,23,99,65,16.7,10.9,".238",".420",".328","0.748","0.182","219","1461","211","2423",".244",".424",".326",".333","-0.004","-0.007","89.2","16.1",30.9,7.3,39.9,"99.506124387","94.004167778",64.9,16.6,40.2,59.8,83.4,23.3,43.3,"25.9"
"Rojas, Miguel",500743,2024,35,307,337,87,60,21,0,6,34,23,10.1,6.8,".283",".410",".337","0.747","0.127","126","777","69","1211",".276",".360",".327",".312",".050",".015","85","9.7",33.2,2.5,27.8,"96.317826471","92.174445609",65.4,8.5,27,73,91.5,13.9,46.5,"25.8"
"Pham, Tommy",502054,2024,36,440,478,109,77,20,3,9,106,35,22.2,7.3,".248",".368",".305","0.673","0.120","162","1194","162","1923",".260",".413",".297",".321","-0.045","-0.024","90.4","11",32.2,7.2,42.7,"101.105935449","94.883209671",59.9,15.9,46.2,53.8,84.1,22.5,40.5,"27.2"
"Martinez, J.D.",502110,2024,36,434,495,102,61,24,1,16,141,49,28.5,9.9,".235",".406",".320","0.726","0.171","176","1301","285","2052",".252",".480",".318",".353","-0.074","-0.035","91","14.4",39.3,15,46.1,"101.443240544","95.173257041",68.9,17.9,60.1,39.9,82.1,31.5,48.5,"25.8"
"Goldschmidt, Paul",502671,2024,36,599,654,147,91,33,1,22,173,47,26.5,7.2,".245",".414",".302","0.716","0.169","248","1783","317","2719",".252",".462",".310",".332","-0.048","-0.022","91.2","13.1",34.3,10.8,49.6,"101.892583709","95.666428146",65.2,22.1,39.8,60.2,77.9,27.4,47.7,"26.3"
"Altuve, Jose",514888,2024,34,628,682,185,134,31,0,20,119,47,17.4,6.9,".295",".439",".350","0.789","0.144","276","1624","237","2454",".261",".406",".344",".319",".033",".025","86.5","14.1",35.4,6.5,31.2,"97.323672581","92.693762581",68.7,12.7,36.3,63.7,87.3,22.1,51.5,"27.1"
"Marte, Starling",516782,2024,35,335,370,90,67,13,3,7,81,27,21.9,7.3,".269",".388",".327","0.715","0.119","130","943","173","1417",".280",".432",".313",".338","-0.044","-0.025","89.8","4.3",37.1,6.9,42.9,"101.20205624","94.944189",69,18.5,52.4,47.6,81.5,28.4,50.2,"27.1"
"d'Arnaud, Travis",518595,2024,35,307,341,73,42,16,0,15,89,24,26.1,7,".238",".436",".302","0.738","0.198","134","871","201","1354",".230",".443",".319",".323","-0.007","-0.004","89.9","11.6",32.9,10.4,41,"100.537202273","94.672343091",74.5,26.4,50,50,73.6,32.8,50.7,"25.7"
"Freeman, Freddie",518692,2024,34,542,638,153,94,35,2,22,100,78,15.7,12.2,".282",".476",".378","0.854","0.194","258","1554","216","2522",".272",".475",".365",".368",".001","-0.003","89.4","14.3",43.1,9.1,41.8,"100.349133067","94.527301044",73.9,16.6,29,71,83.4,20.2,49.4,"25.8"
"Grandal, Yasmani",518735,2024,35,215,243,49,30,10,0,9,46,24,18.9,9.9,".228",".400",".304","0.704","0.172","86","609","66","952",".241",".430",".308",".327","-0.030","-0.019","91.1","11.1",31.8,9.8,42.8,"100.246108353","94.442007765",54.2,14.9,32.7,67.3,85.1,20.1,40.9,"23.2"
"Heyward, Jason",518792,2024,34,228,258,48,24,12,2,10,53,22,20.5,8.5,".211",".412",".288","0.700","0.201","94","666","107","1024",".232",".354",".300",".293",".058",".007","88","10.4",29.8,5.7,41.6,"99.992543146","94.178780339",68,13.7,44.2,55.8,86.3,24,49.6,"26.8"
"LeMahieu, DJ",518934,2024,35,201,228,41,34,5,0,2,35,19,15.4,8.3,".204",".259",".269","0.528","0.055","52","557","53","845",".241",".377",".239",".305","-0.118","-0.066","88.5","1.9",31.8,5.8,37.6,"98.271498488","93.240584302",59.6,8.2,37.5,62.5,91.8,17.5,44.6,"26.1"
"Rizzo, Anthony",519203,2024,34,337,375,77,57,12,0,8,65,27,17.3,7.2,".228",".335",".301","0.636","0.107","113","939","109","1432",".239",".351",".285",".302","-0.016","-0.017","86.7","14.3",31,4,33.2,"97.798203577","92.909990255",65.9,10.6,35.1,64.9,89.4,19.3,49.1,"24.5"
"Stanton, Giancarlo",519317,2024,34,417,459,97,50,20,0,27,143,38,31.2,8.3,".233",".475",".298","0.773","0.242","198","1168","257","1831",".243",".520",".330",".354","-0.045","-0.024","94.6","14.7",34.8,20.9,55.3,"108.185328759","99.180033333",63.7,25.1,52,48,74.9,34.4,46.8,"24.6"
"Perez, Salvador",521692,2024,34,590,652,160,105,28,0,27,129,44,19.8,6.7,".271",".456",".330","0.786","0.185","269","1561","325","2301",".271",".530",".335",".361","-0.074","-0.026","91.1","19",39.4,12.3,44.8,"101.856275647","95.341857371",77.2,18.3,40.9,59.1,81.7,27.8,57.8,"24.5"
"Flores, Wilmer",527038,2024,32,214,242,44,28,12,0,4,33,20,13.6,8.3,".206",".318",".277","0.595","0.112","68","628","47","964",".220",".356",".262",".292","-0.038","-0.030","83.5","21.4",36.6,6,27.6,"95.484386989","91.787573297",60.7,7.2,26.9,73.1,92.8,13.9,43.9,"24.0"
"Ozuna, Marcell",542303,2024,33,606,688,183,113,31,0,39,170,74,24.7,10.8,".302",".546",".378","0.924","0.244","331","1741","378","2875",".283",".583",".395",".404","-0.037","-0.009","92.1","14.4",40.5,15.5,53.4,"103.338991136","96.489686128",72.6,22.6,50.4,49.6,77.4,31.4,46.8,"25.7"
"Grossman, Robbie",543257,2024,34,208,245,44,33,8,0,3,58,34,23.7,13.9,".212",".293",".322","0.615","0.081","61","606","71","1031",".217",".315",".283",".301","-0.022","-0.018","86.3","13.3",30.3,3.3,27.6,"96.108367632","92.054845855",57,17.7,40.7,59.3,82.3,22.7,36.3,"27.7"
"Higashioka, Kyle",543309,2024,34,246,263,54,26,10,1,17,74,15,28.1,5.7,".220",".476",".263","0.739","0.256","117","699","109","1062",".216",".434",".314",".299",".042",".015","88.4","20.7",40.2,10.9,37.4,"99.356005116","93.902030409",64.8,16.9,45.3,54.7,83.1,25.6,46.4,"25.4"
"McCann, James",543510,2024,34,214,233,50,33,9,0,8,56,13,24,5.6,".234",".388",".279","0.667","0.154","83","584","112","875",".241",".424",".288",".315","-0.036","-0.027","87.4","14.4",38.9,8.8,37.7,"99.207987625","93.644913774",69.6,17.9,49,51,82.4,27.6,52.1,"25.1"
"Rendon, Anthony",543685,2024,34,206,238,45,35,10,0,0,35,23,14.7,9.7,".218",".267",".307","0.574","0.049","55","614","42","977",".226",".337",".264",".299","-0.070","-0.035","87.9","14.1",31.4,2.3,37.1,"97.612997471","92.991806897",59.5,8.6,28.2,71.8,91.4,12.5,40.1,"26.8"
"Semien, Marcus",543760,2024,33,650,718,154,102,27,2,23,105,64,14.6,8.9,".237",".391",".308","0.699","0.154","254","1667","245","2626",".251",".406",".306",".320","-0.015","-0.014","87.4","17",33,6.6,35.2,"97.806210919","93.005121934",75.9,11.7,44.2,55.8,88.3,20.2,50,"28.5"
"Springer, George",543807,2024,34,545,614,120,79,19,3,19,115,60,18.7,9.8,".220",".371",".303","0.674","0.151","202","1465","256","2304",".240",".412",".298",".325","-0.041","-0.027","87.5","9.4",29.2,9.3,37.4,"99.896868","94.046929394",73.1,18.5,47.5,52.5,81.5,25.3,49.1,"28.1"
"Vázquez, Christian",543877,2024,33,294,315,65,48,10,0,7,65,11,20.6,3.5,".221",".327",".248","0.575","0.106","96","785","100","1141",".231",".361",".250",".272","-0.034","-0.022","88.5","16.1",36.1,3.8,36.6,"98.036944138","93.213200991",68.4,14,35.1,64.9,86,20.8,51.7,"24.8"
"Vargas, Ildemaro",545121,2024,32,272,303,67,50,16,0,1,31,19,10.2,6.3,".246",".316",".295","0.611","0.070","86","696","52","1058",".255",".326",".271",".286","-0.010","-0.015","87","4",29.5,1.2,31.9,"97.073438667","92.579283167",62.8,6.6,25,75,93.4,12.6,46.4,"26.7"
"Grichuk, Randal",545341,2024,32,254,279,74,40,20,2,12,46,20,16.5,7.2,".291",".528",".348","0.876","0.237","134","690","77","1088",".276",".502",".373",".367",".026",".006","90.6","17.3",34.3,11,47.6,"102.436633714","95.601048095",67.6,11.3,40.1,59.9,88.7,20.4,47.3,"27.5"
"Harper, Bryce",547180,2024,31,550,631,157,85,42,0,30,138,76,21.9,12,".285",".525",".373","0.898","0.240","289","1542","302","2469",".264",".486",".380",".361",".039",".019","91.1","13.5",36.1,10.6,48.2,"102.531835097","95.63882949",78.3,14.8,47.8,52.2,85.2,26.7,52.9,"27.4"
"Díaz, Elias",553869,2024,33,325,351,86,60,20,0,6,69,20,19.7,5.7,".265",".382",".313","0.695","0.117","124","879","170","1323",".237",".342",".303",".281",".040",".022","87.1","7.6",31,4.7,34.5,"99.032119063","93.543152344",76.1,18.4,47.8,52.2,81.6,27.8,53.8,"24.4"
"Suárez, Eugenio",553993,2024,32,571,640,146,86,28,2,30,176,49,27.5,7.7,".256",".469",".319","0.788","0.213","268","1623","311","2542",".246",".463",".337",".335",".006",".002","89.1","19.5",40.4,11.4,42.4,"100.570552315","94.463438988",66.8,18.8,55,45,81.2,29.1,47.2,"26.5"
"Urshela, Gio",570482,2024,32,432,461,108,79,19,1,9,72,23,15.6,5,".250",".361",".286","0.647","0.111","156","1171","154","1693",".262",".400",".281",".307","-0.039","-0.026","86.4","10.5",38.6,5,28.4,"96.696776409","92.394270526",72.7,15.8,29.6,70.4,84.2,20.3,54.6,"25.1"
"Arenado, Nolan",571448,2024,33,578,635,157,118,23,0,16,92,44,14.5,6.9,".272",".394",".325","0.719","0.122","228","1602","166","2452",".253",".361",".314",".298",".033",".016","86.3","16.9",35.9,3.3,31.6,"96.924147927","92.483246402",63.9,9.7,32.9,67.1,90.3,17.2,46.8,"25.3"
"Farmer, Kyle",571657,2024,33,215,242,46,27,13,1,5,49,19,20.2,7.9,".214",".353",".293","0.646","0.139","76","590","77","882",".223",".371",".285",".296","-0.018","-0.011","87.7","17.9",36.3,5.4,29.8,"97.025598571","92.547452202",63.2,13.2,39.7,60.3,86.8,22,48.5,"25.9"
"Haniger, Mitch",571745,2024,33,380,423,79,55,12,0,12,126,40,29.8,9.5,".208",".334",".286","0.620","0.126","127","1078","226","1758",".214",".380",".277",".298","-0.046","-0.021","90.6","13.7",31,9.1,45.9,"101.021551732","95.105264331",63.6,23.6,56,44,76.4,32.3,44,"26.2"
"Hernández, Enrique",571771,2024,32,362,393,83,55,16,0,12,77,27,19.6,6.9,".229",".373",".281","0.654","0.144","135","1014","157","1518",".230",".375",".285",".289","-0.002","-0.004","89.6","17.1",36,4.8,41.5,"99.326670699","93.89398972",69,17.2,39.5,60.5,82.8,22.9,48.9,"27.0"
"Maile, Luke",571912,2024,33,135,154,24,18,4,0,2,52,13,33.8,8.4,".178",".252",".268","0.520","0.074","34","393","74","637",".176",".257",".241",".244","-0.005","-0.003","84.7","11.3",37.6,3.5,24.7,"95.22202881","91.660711687",66.2,17,55.7,44.3,83,28.8,45.2,"25.5"
"Muncy, Max",571970,2024,33,237,293,55,23,17,0,15,77,45,26.3,15.4,".232",".494",".358","0.852","0.262","117","702","136","1208",".228",".461",".362",".353",".033",".009","90.2","26.6",32.5,10.9,43.4,"100.775015181","94.752278735",63.8,23.8,50.8,49.2,76.2,31,40.6,"26.9"
"Singleton, Jon",572138,2024,32,355,405,83,56,13,1,13,111,47,27.4,11.6,".234",".386",".321","0.707","0.152","137","979","174","1626",".227",".392",".312",".314","-0.006","-0.002","88.7","12.8",34.8,8.9,37.2,"99.784248293","93.99841",59.8,21.1,52.4,47.6,78.9,30.1,40.7,"25.9"
"Taylor, Michael A.",572191,2024,33,269,300,52,37,9,1,5,105,23,35,7.7,".193",".290",".253","0.543","0.097","78","776","211","1202",".201",".338",".242",".269","-0.048","-0.027","89.3","13.7",31.4,11.7,40.1,"100.583164074","94.548357778",68,27.1,66.5,33.5,72.9,39.2,49.3,"28.5"
"Walker, Christian",572233,2024,33,479,552,120,68,26,0,26,133,55,24.1,10,".251",".468",".335","0.803","0.217","224","1424","250","2315",".243",".470",".343",".354","-0.002","-0.011","91.2","16.6",35,13.3,48,"103.127969548","96.011102521",73.1,17.5,48.6,51.4,82.5,25.6,48,"26.2"
"Carpenter, Matt",572761,2024,38,137,157,32,21,7,0,4,51,15,32.5,9.6,".234",".372",".314","0.686","0.138","51","415","69","669",".212",".357",".303",".290",".015",".013","85.8","24.2",46.6,7,28.7,"96.566800238","92.292438452",62.2,19.2,62.5,37.5,80.8,28.9,42.5,"24.6"
"Yastrzemski, Mike",573262,2024,33,428,474,99,56,16,9,18,124,38,26.2,8,".231",".437",".302","0.739","0.206","187","1217","191","1955",".217",".406",".319",".304",".031",".015","90.4","19.1",33,10.5,41,"99.5562712","94.186783411",63.8,20,43,57,80,26.1,44.1,"27.2"
"Contreras, Willson",575929,2024,32,301,358,79,47,17,0,15,96,45,26.8,12.6,".262",".468",".380","0.848","0.206","141","877","220","1382",".256",".461",".370",".367",".007",".003","91.6","14.2",32.7,11.2,46.8,"103.712134757","96.17214078",71.3,22.2,63.6,36.4,77.8,35,49.8,"27.1"
"Iglesias, Jose",578428,2024,34,270,291,91,70,16,1,4,39,12,13.4,4.1,".337",".448",".381","0.829","0.111","121","761","70","1075",".284",".370",".362",".316",".078",".046","85.8","9",36.2,2.2,30.6,"96.964592759","92.513387672",65,12.1,20.7,79.3,87.9,15.2,52.5,"28.6"
"Bryant, Kris",592178,2024,32,133,155,29,22,5,0,2,48,13,31,8.4,".218",".301",".323","0.624","0.083","40","391","95","608",".210",".319",".287",".292","-0.018","-0.005","85.1","18.5",39.5,4.7,30.2,"96.785346744","92.39417314",66.8,23.8,61.4,38.6,76.2,36.9,47.7,"25.7"
"Canha, Mark",592192,2024,35,393,462,95,68,20,0,7,96,51,20.8,11,".242",".346",".344","0.690","0.104","136","1232","153","1946",".211",".314",".310",".293",".032",".017","88.4","9.6",31.5,3.3,37.4,"98.159166424","93.219326921",59.4,17.1,33.6,66.4,82.9,21.8,41.6,"27.8"
"Castellanos, Nick",592206,2024,32,606,659,154,97,30,4,23,139,41,21.1,6.2,".254",".431",".311","0.742","0.177","261","1598","362","2344",".268",".454",".321",".337","-0.023","-0.016","88.4","15.2",39,8.1,38.2,"99.266703034","93.738511581",79.3,19.4,51.8,48.2,80.6,30.1,58,"27.4"
"Drury, Brandon",592273,2024,31,325,360,55,44,7,0,4,81,27,22.5,7.5,".169",".228",".242","0.470","0.059","74","897","143","1397",".201",".295",".217",".264","-0.067","-0.047","87.6","6",25.9,3.7,35.6,"99.062132195","93.550623821",66.1,18.3,39.9,60.1,81.7,24.4,46.7,"26.0"
"Judge, Aaron",592450,2024,32,559,704,180,85,36,1,58,171,133,24.3,18.9,".322",".701",".458","1.159","0.379","392","1635","344","2885",".303",".738",".476",".479","-0.037","-0.003","96.2","19",40.8,27.1,61,"107.20043567","99.103701521",67.4,22.5,57.4,42.6,77.4,30.7,42,"26.8"
"Machado, Manny",592518,2024,31,593,643,163,104,30,0,29,124,45,19.3,7,".275",".472",".325","0.797","0.197","280","1571","256","2387",".266",".467",".340",".340",".005",".000","92.5","12.7",33.8,11,48.8,"103.370494128","96.17209183",72.3,16.2,45.2,54.8,83.8,24.4,51.6,"25.8"
"Pederson, Joc",592626,2024,32,367,449,101,60,17,1,23,105,55,23.4,12.2,".275",".515",".393","0.908","0.240","189","1140","168","1810",".259",".486",".391",".378",".029",".013","92.3","16.9",34.2,13,46.2,"102.648599462","95.864061892",60.7,17.8,37.6,62.4,82,25,44,"25.5"
"Realmuto, J.T.",592663,2024,33,380,413,101,68,18,1,14,102,27,24.7,6.5,".266",".429",".322","0.751","0.163","163","1042","173","1583",".264",".466",".326",".340","-0.037","-0.014","89.2","9.4",36.9,10.4,46.6,"101.248653813","94.909982842",69.4,17.3,47.6,52.4,82.7,26.2,50.5,"28.4"
"Renfroe, Hunter",592669,2024,32,385,424,88,55,18,0,15,84,36,19.8,8.5,".229",".392",".297","0.689","0.163","151","1055","153","1652",".219",".369",".302",".294",".023",".008","88.5","16.7",27.8,6.6,39.4,"100.265103311","94.256549636",62.7,15.4,42.3,57.7,84.6,23.4,44.4,"26.7"
"Rosario, Eddie",592696,2024,32,297,319,52,30,12,0,10,77,16,24.1,5,".175",".316",".215","0.531","0.141","94","802","145","1187",".211",".353",".230",".264","-0.037","-0.034","91","14.3",27.9,5.3,42.5,"99.203116161","94.098201031",71.9,20.1,41.7,58.3,79.9,27.5,52.9,"27.3"
"Yelich, Christian",592885,2024,32,270,315,85,59,12,3,11,58,40,18.4,12.7,".315",".504",".406","0.910","0.189","136","760","113","1268",".287",".473",".391",".373",".031",".018","91.1","5.2",32.2,7.9,46.7,"103.017733429","96.008981238",70,15.1,42.4,57.6,84.9,23.1,45.7,"28.5"
"Merrifield, Whit",593160,2024,35,293,335,65,49,9,3,4,52,35,15.5,10.4,".222",".314",".311","0.625","0.092","92","842","100","1330",".242",".323",".283",".300","-0.009","-0.017","84.1","12.9",34.3,2.5,21.6,"94.385287083","91.220749372",66.3,11.9,35,65,88.1,18.7,45.4,"29.0"
"Bogaerts, Xander",593428,2024,31,428,463,113,86,15,1,11,79,28,17.1,6,".264",".381",".307","0.688","0.117","163","1185","125","1791",".261",".387",".300",".308","-0.006","-0.008","88.1","10.9",32.1,5.1,33.2,"98.125304802","93.133969802",60,11.4,37.3,62.7,88.6,18.3,44.2,"27.4"
"Polanco, Jorge",593871,2024,30,417,469,89,62,11,0,16,137,46,29.2,9.8,".213",".355",".296","0.651","0.142","148","1203","217","1946",".224",".406",".287",".310","-0.051","-0.023","88.3","17.9",35.8,8.9,37.2,"99.204331655","93.735130216",66.3,21.8,45,55,78.2,28.1,44.8,"27.5"
"Duvall, Adam",594807,2024,35,303,330,55,34,10,0,11,99,21,30,6.4,".182",".323",".245","0.568","0.141","98","842","150","1252",".195",".392",".252",".284","-0.069","-0.032","86.9","22.2",27.8,10.7,36.6,"99.791319515","93.950920683",65.5,15.8,49.8,50.2,84.2,27.7,49,"28.1"
"Kiermaier, Kevin",595281,2024,34,259,281,51,34,9,3,5,86,12,30.6,4.3,".197",".313",".237","0.550","0.116","81","679","172","1020",".196",".285",".241",".237",".028",".004","86.4","7.3",27.6,3.9,30,"97.683193765","92.874723706",76.3,29.5,55.7,44.3,70.5,37.5,54.9,"28.7"
"Profar, Jurickson",595777,2024,31,564,668,158,105,29,0,24,101,76,15.1,11.4,".280",".459",".380","0.839","0.179","259","1673","182","2739",".279",".451",".365",".366",".008","-0.001","91.1","13.4",31.3,7.2,44.4,"100.952441293","94.862553707",68.7,12.1,33,67,87.9,17,45.6,"26.5"
"Báez, Javier",595879,2024,31,272,289,50,32,12,0,6,69,12,23.9,4.2,".184",".294",".221","0.515","0.110","80","705","145","1028",".219",".354",".224",".269","-0.060","-0.045","88.3","11.2",27.7,7.8,40,"100.532651165","94.368542976",64.9,17.7,44,56,82.3,30.2,52.4,"27.5"
"Cave, Jake",595909,2024,31,323,346,81,53,16,5,7,98,18,28.3,5.2,".251",".396",".290","0.686","0.145","128","904","166","1345",".234",".362",".295",".281",".034",".014","87.5","7.5",35.8,5.3,37.1,"98.314485398","93.366757022",70.9,20.9,44.3,55.7,79.1,28.2,52.6,"27.7"
"Lindor, Francisco",596019,2024,30,618,689,169,96,39,1,33,127,56,18.4,8.1,".273",".500",".344","0.844","0.227","309","1738","265","2713",".278",".539",".363",".381","-0.039","-0.018","90.9","17",35.4,13.6,47.4,"101.098117236","95.07615815",69.9,17.5,41,59,82.5,23.7,48.7,"27.6"
"Slater, Austin",596103,2024,31,177,212,37,31,4,0,2,60,26,28.3,12.3,".209",".266",".321","0.587","0.057","47","536","99","882",".231",".326",".273",".307","-0.060","-0.034","88.2","7.2",37.2,3.3,37.2,"98.373260169","93.491320256",66.2,24.7,48.8,51.2,75.3,29.8,43,"28.2"
"Stubbs, Garrett",596117,2024,31,164,187,34,28,4,1,1,50,17,26.7,9.1,".207",".262",".296","0.558","0.055","43","503","74","746",".192",".240",".258",".249",".022",".009","79.7","19.4",40.9,0,9.6,"90.095995","89.651776916",67,15.9,42.7,57.3,84.1,24.9,49.6,"28.0"
"Sánchez, Gary",596142,2024,31,245,280,54,35,7,1,11,76,27,27.1,9.6,".220",".392",".307","0.699","0.172","96","731","128","1158",".218",".415",".307",".315","-0.023","-0.008","90","16.2",31.4,10.5,44.2,"101.892350698","95.129594012",55.3,20.9,48.8,51.2,79.1,30.4,40.7,"24.8"
"Kepler, Max",596146,2024,31,368,399,93,63,21,1,8,80,22,20.1,5.5,".253",".380",".302","0.682","0.127","140","979","159","1498",".243",".384",".298",".302","-0.004","-0.004","88.9","16.8",35.4,6.2,36.8,"99.569991319","93.867541875",74.6,15.2,46.5,53.5,84.8,24.4,52.3,"26.8"
"Candelario, Jeimer",600869,2024,30,427,463,96,51,23,2,20,114,27,24.6,5.8,".225",".429",".279","0.708","0.204","183","1164","224","1781",".220",".375",".304",".285",".054",".019","86.9","12.4",33.9,8.3,34.5,"97.855535823","92.968221397",70.2,20.7,44.7,55.3,79.3,29.1,51.7,"27.4"
"Urías, Ramón",602104,2024,30,272,301,69,47,9,2,11,55,23,18.3,7.6,".254",".423",".322","0.745","0.169","115","730","134","1150",".245",".437",".325",".331","-0.014","-0.006","88.3","12.8",32.6,8.7,38.5,"98.830197431","93.627220321",74.3,20.5,44.4,55.6,79.5,26.8,49.6,"26.9"
"Ahmed, Nick",605113,2024,34,210,228,48,39,6,1,2,51,11,22.4,4.8,".229",".295",".267","0.562","0.066","62","602","106","851",".227",".329",".248",".266","-0.034","-0.018","84.9","13.4",29.7,3,23,"95.399118608","91.729839045",69.9,21.7,36,64,78.3,26,54.8,"27.7"
"Barnes, Austin",605131,2024,34,140,156,37,33,3,0,1,36,14,23.1,9,".264",".307",".331","0.638","0.043","43","379","53","593",".227",".298",".289",".275",".009",".014","86.3","9.5",30.2,1.9,31.1,"96.963688654","92.484081538",70,15.7,53.8,46.2,84.3,22.8,47.4,"25.8"
"Bell, Josh",605137,2024,31,538,603,134,90,23,2,19,120,51,19.9,8.5,".249",".405",".319","0.724","0.156","218","1378","245","2238",".233",".402",".317",".312",".003",".005","88.9","10.5",31.4,7.7,40.1,"100.078711292","94.16958744",73.5,18.8,45.4,54.6,81.2,26.8,48.8,"25.4"
"Betts, Mookie",605141,2024,31,450,516,130,82,24,5,19,57,61,11,11.8,".289",".491",".372","0.863","0.202","221","1236","111","2047",".282",".468",".371",".363",".023",".008","89.9","21.4",39.3,6,39.5,"98.50877402","93.575257103",60.8,6.1,38.6,61.4,93.9,14.9,40.4,"26.7"
"Caratini, Victor",605170,2024,30,245,274,66,49,8,1,8,53,23,19.3,8.4,".269",".408",".336","0.744","0.139","100","662","100","1039",".261",".404",".324",".325",".004","-0.001","91.2","9.3",35.9,5.6,43.1,"100.532909694","94.888518923",67.6,15.3,45,55,84.7,23.3,47.2,"24.4"
"Davis, J.D.",605204,2024,31,142,157,31,22,5,0,4,39,12,24.8,7.6,".218",".338",".293","0.631","0.120","48","385","89","587",".210",".366",".282",".290","-0.028","-0.008","89.1","2.8",24.3,8.8,43.7,"101.438864902","94.978441569",74.6,31.1,47.8,52.2,68.9,34.8,51.4,"25.6"
"Martini, Nick",605361,2024,34,146,163,31,20,4,2,5,38,9,23.3,5.5,".212",".370",".272","0.642","0.158","54","418","60","625",".213",".345",".279",".280",".025","-0.001","87.4","14.9",32.4,7.2,34.2,"98.233857857","93.416418378",68,18.1,41.6,58.4,81.9,24.8,49.6,"27.4"
"Arcia, Orlando",606115,2024,29,551,602,120,79,24,0,17,128,41,21.3,6.8,".218",".354",".271","0.625","0.136","195","1495","254","2332",".199",".327",".273",".262",".027",".011","88.2","8.6",29.9,5.3,37.8,"98.41985743","93.283896472",70.9,17.7,49.4,50.6,82.3,26.6,49.1,"25.6"
"Hernández, Teoscar",606192,2024,31,589,652,160,93,32,2,33,188,53,28.8,8.1,".272",".501",".339","0.840","0.229","295","1681","408","2608",".245",".493",".360",".347",".008",".013","90.6","10.3",33.8,15,46.8,"102.727395423","95.689116559",74.7,24.9,56.5,43.5,75.1,34,51.2,"28.6"
"Marte, Ketel",606466,2024,30,504,583,147,86,23,2,36,106,65,18.2,11.1,".292",".560",".372","0.932","0.268","282","1326","186","2146",".289",".545",".391",".394",".015","-0.003","94","9.4",33.7,12.3,53.8,"103.991137178","96.920444406",71.4,14.2,39.7,60.3,85.8,21.3,48.2,"27.1"
"Nimmo, Brandon",607043,2024,31,571,663,128,77,25,3,23,158,77,23.8,11.6,".224",".399",".327","0.726","0.175","228","1676","250","2747",".242",".418",".321",".338","-0.019","-0.017","91.9","11.2",33.7,9.2,47.4,"101.264982933","95.221659687",65.7,15.1,45.6,54.4,84.9,23.4,44.8,"28.0"
"Turner, Trea",607208,2024,31,505,539,149,103,25,0,21,98,27,18.2,5,".295",".469",".338","0.807","0.174","237","1353","261","2043",".263",".430",".349",".323",".039",".026","89.1","11.5",30.9,6.9,40.7,"99.706063382","94.073107543",74.8,14.2,51,49,85.8,26.1,53.7,"29.6"
"Pillar, Kevin",607680,2024,35,284,314,65,40,16,1,8,69,16,22,5.1,".229",".377",".291","0.668","0.148","107","820","125","1206",".219",".335",".293",".279",".042",".014","84.6","17.9",36.5,3.7,29.7,"96.438782936","92.245806101",67.8,14.4,41.5,58.5,85.6,24.5,52.4,"28.4"
"Stallings, Jacob",607732,2024,34,243,281,64,37,17,1,9,65,27,23.1,9.6,".263",".453",".357","0.810","0.190","110","678","123","1073",".231",".389",".353",".321",".064",".032","86.6","12.8",38.9,7.3,34.4,"97.816675843","92.986677006",64.5,20.7,53.7,46.3,79.3,29.8,45.4,"23.9"
"Ramírez, José",608070,2024,31,620,682,173,93,39,2,39,82,54,12,7.9,".279",".537",".335","0.872","0.258","333","1763","168","2735",".256",".467",".364",".333",".070",".031","89.2","19.6",34,8.6,39.7,"99.642954081","93.982319614",69,9.4,26.5,73.5,90.6,15.2,49.4,"28.2"
"Bregman, Alex",608324,2024,30,581,634,151,93,30,2,26,86,44,13.6,6.9,".260",".453",".315","0.768","0.193","263","1526","112","2393",".255",".434",".331",".325",".019",".006","89.1","18.2",34.9,6.5,40.5,"98.986527952","93.684160984",65.6,8.7,24.6,75.4,91.3,12.8,44.9,"26.7"
"Gallo, Joey",608336,2024,30,223,260,36,17,9,0,10,102,32,39.2,12.3,".161",".336",".277","0.613","0.175","75","650","172","1075",".171",".359",".276",".286","-0.023","-0.010","90.5","26.1",32.8,13.1,43.4,"100.325545574","94.605556281",68.5,32.7,61.5,38.5,67.3,39.6,45.3,"26.5"
"Kelly, Carson",608348,2024,29,281,313,67,48,9,1,9,55,25,17.6,8,".238",".374",".313","0.687","0.136","105","746","108","1173",".234",".412",".304",".319","-0.038","-0.015","87.6","13.6",27.3,6.6,39.4,"98.979228142","93.591084867",66.7,14,47.6,52.4,86,22.8,45.5,"25.6"
"Seager, Corey",608369,2024,30,475,533,132,81,21,0,30,96,53,18,9.9,".278",".512",".353","0.865","0.234","243","1166","205","1872",".280",".573",".365",".391","-0.061","-0.026","92.1","13.5",38.6,15.3,50.7,"103.274395474","96.157523456",79.6,13.5,50.2,49.8,86.5,23.4,53,"25.3"
"Winker, Jesse",608385,2024,30,430,508,109,72,23,0,14,106,63,20.9,12.4,".253",".405",".360","0.765","0.152","174","1245","158","2063",".243",".388",".338",".330",".017",".008","88.6","14",30.1,7.6,37.4,"98.91091179","93.570274815",64.7,15,37.3,62.7,85,19.6,43.2,"26.1"
"Jankowski, Travis",608671,2024,33,190,207,38,32,5,0,1,44,12,21.3,5.8,".200",".242",".266","0.508","0.042","46","532","70","819",".207",".256",".234",".245","-0.014","-0.011","85.4","5.9",25.3,0.7,24.7,"95.346098056","91.700885874",64.7,14.2,44.3,55.7,85.8,20.7,44.8,"28.5"
"Refsnyder, Rob",608701,2024,33,272,307,77,49,16,1,11,78,28,25.4,9.1,".283",".471",".359","0.830","0.188","128","769","138","1202",".248",".417",".358",".327",".054",".031","89.6","10.7",32.8,9.8,43.1,"101.623071856","95.034267165",66.1,20.1,51,49,79.6,28.1,46.2,"27.3"
"Meneses, Joey",608841,2024,32,281,313,65,51,11,0,3,63,21,20.1,6.7,".231",".302",".291","0.593","0.071","85","748","121","1142",".221",".341",".264",".283","-0.039","-0.019","88.9","8.3",30.8,4.5,39.3,"99.265454911","93.867431839",69,12.7,43.5,56.5,87.3,22.9,50.8,"25.5"
"Andujar, Miguel",609280,2024,29,302,319,86,67,14,1,4,42,13,13.2,4.1,".285",".377",".320","0.697","0.092","114","790","75","1176",".257",".344",".306",".287",".033",".019","86.1","9.2",26.1,2.7,33.7,"97.864980763","92.955361494",66,7,31.4,68.6,93,16,50.4,"26.6"
"Swanson, Dansby",621020,2024,30,534,593,129,84,27,2,16,144,54,24.3,9.1,".242",".390",".312","0.702","0.148","208","1494","300","2355",".241",".423",".307",".323","-0.033","-0.016","89.4","10.4",32.6,9.2,42.7,"100.210263655","94.404024529",71.1,22.6,48.7,51.3,77.4,28.7,48.7,"27.8"
"Newman, Kevin",621028,2024,30,288,311,80,59,17,1,3,48,15,15.4,4.8,".278",".375",".311","0.686","0.097","108","723","81","1070",".257",".326",".298",".275",".049",".023","85.6","9.7",25,1.6,23.4,"95.24854438","91.64158444",68.2,10.3,35.6,64.4,89.7,17.3,49.2,"27.5"
"Taylor, Chris",621035,2024,33,213,246,43,31,7,1,4,76,28,30.9,11.4,".202",".300",".298","0.598","0.098","64","640","147","1046",".216",".345",".272",".297","-0.045","-0.025","85.9","16.9",42.9,7.1,28.6,"97.10671942","92.58514587",72.6,25.7,54.1,45.9,74.3,31.3,47.7,"28.1"
"Correa, Carlos",621043,2024,29,319,367,99,63,20,2,14,61,40,16.6,10.9,".310",".517",".388","0.905","0.207","165","864","108","1375",".271",".458",".385",".358",".059",".027","90.3","8.9",34.4,9.2,44.7,"102.536128244","95.462669198",65.5,13.5,36.4,63.6,86.5,20.4,44.6,"26.8"
"Taylor, Tyrone",621438,2024,30,319,345,79,47,22,3,7,80,19,23.2,5.5,".248",".401",".299","0.700","0.153","128","897","129","1323",".246",".400",".304",".305",".001","-0.001","87.3","16.8",34.9,7.1,35.3,"99.355167983","93.783487975",66.2,12,43,57,88,22.2,49.4,"28.9"
"Buxton, Byron",621439,2024,30,355,388,99,51,27,3,18,99,20,25.5,5.2,".279",".524",".335","0.859","0.245","186","962","228","1458",".260",".511",".366",".355",".013",".011","91.7","19.8",39.5,13.2,48.1,"102.451274806","95.815194845",76.2,22.4,53.7,46.3,77.6,32.1,54,"29.7"
"Stewart, DJ",621466,2024,30,158,194,28,19,4,0,5,48,31,24.7,16,".177",".297",".325","0.622","0.120","47","443","86","765",".210",".358",".290",".330","-0.061","-0.040","89.7","19.1",34.2,8.2,39.6,"100.346718909","94.280565091",66.7,23.5,62.3,37.7,76.5,30,40.9,"27.0"
"Ward, Taylor",621493,2024,30,585,663,144,91,26,2,25,163,63,24.6,9.5,".246",".426",".323","0.749","0.180","249","1623","250","2599",".247",".467",".325",".346","-0.041","-0.021","90.9","17.4",42.1,13,42.6,"100.036939907","94.470984442",64.8,17.5,51.3,48.7,82.5,25.5,43.2,"26.8"
"Wisdom, Patrick",621550,2024,32,158,174,27,10,7,2,8,59,10,33.9,5.7,".171",".392",".237","0.629","0.221","62","450","97","701",".183",".436",".271",".294","-0.044","-0.023","90.9","28",23.8,16,48.5,"102.1496362","95.721041717",71.3,22.3,58,42,77.7,31.4,49.1,"27.8"
"Olson, Matt",621566,2024,30,600,685,148,81,37,1,29,170,71,24.8,10.4,".247",".457",".333","0.790","0.210","274","1855","329","2947",".242",".454",".339",".341",".003","-0.002","91.5","16.1",35.4,12.5,47.4,"102.726279537","95.899543218",72.4,22,36.3,63.7,78,26.3,49.7,"25.5"
"Margot, Manuel",622534,2024,29,315,343,75,53,17,1,4,54,21,15.7,6.1,".238",".337",".289","0.626","0.099","106","864","114","1308",".258",".385",".276",".310","-0.048","-0.034","88.2","13.8",30.9,4.9,33.6,"98.859258923","93.482249961",68.3,13.4,36.9,63.1,86.6,20.6,49.5,"27.5"
"Mateo, Jorge",622761,2024,29,192,208,44,23,14,2,5,48,10,23.1,4.8,".229",".401",".267","0.668","0.172","77","552","85","820",".227",".351",".286",".278",".050",".008","88.1","14.1",30.2,4.1,34.9,"99.943727778","94.060455208",70.2,14,41.7,58.3,86,23.1,51.7,"29.9"
"Ramírez, Harold",623912,2024,29,238,246,62,52,7,1,2,50,5,20.3,2,".261",".324",".280","0.604","0.063","77","624","136","878",".235",".318",".265",".256",".006",".009","87","-0.2",27.5,3.2,33.9,"98.279194301","93.19999086",68.7,20.1,46.3,53.7,79.9,31.4,56.2,"28.0"
"Santander, Anthony",623993,2024,29,595,665,140,69,25,2,44,129,58,19.4,8.7,".235",".506",".308","0.814","0.271","301","1789","229","2738",".225",".458",".345",".327",".048",".018","89.8","22.7",35,11.7,41.6,"100.325476894","94.357156511",67.7,15.5,27.8,72.2,84.5,20,49.7,"26.0"
"Alonso, Pete",624413,2024,29,608,695,146,81,31,0,34,172,70,24.7,10.1,".240",".459",".329","0.788","0.219","279","1725","252","2780",".239",".471",".340",".346","-0.012","-0.006","89.8","14.4",30.5,13.2,46.4,"102.785114727","95.699086105",61,14.2,48,52,85.8,24.7,42.9,"26.1"
"Biggio, Cavan",624415,2024,29,188,224,37,27,5,0,5,72,24,32.1,10.7,".197",".303",".314","0.617","0.106","57","593","75","955",".179",".245",".285",".260",".058",".025","82","21.2",37.3,2.5,16.9,"92.815215439","90.564125877",55.4,16.1,51.2,48.8,83.9,23.8,38.2,"28.5"
"Conforto, Michael",624424,2024,31,438,488,104,54,27,3,20,118,42,24.2,8.6,".237",".450",".309","0.759","0.213","197","1240","193","1965",".254",".488",".327",".353","-0.038","-0.026","90.2","14.8",33.7,11.9,46,"101.95530559","95.249550592",65.4,18.1,44,56,81.9,25.2,44.8,"26.3"
"Frazier, Adam",624428,2024,32,262,294,53,38,10,1,4,59,22,20.1,7.5,".202",".294",".282","0.576","0.092","77","797","95","1211",".237",".323",".261",".290","-0.029","-0.029","84.5","15.3",37.9,2.9,22.8,"95.005808416","91.560763134",65.5,11.2,39.7,60.3,88.8,18.8,47,"26.7"
"Trevino, Jose",624431,2024,31,209,234,45,32,5,0,8,41,20,17.5,8.5,".215",".354",".288","0.642","0.139","74","570","56","896",".200",".316",".284",".269",".038",".015","88.1","9.9",26.9,5.3,35.1,"97.968179176","93.099578353",53.5,10.3,31.6,68.4,89.7,18.7,40.5,"24.5"
"Gordon, Nick",624503,2024,28,260,275,59,39,11,1,8,67,11,24.4,4,".227",".369",".258","0.627","0.142","96","704","166","1008",".217",".355",".271",".267",".014",".004","86.1","6.5",34.7,6.2,29.6,"96.567867732","92.321775928",79,23.2,47.1,52.9,76.8,32,59.8,"27.7"
"McGuire, Reese",624512,2024,29,139,158,29,23,3,0,3,39,13,24.7,8.2,".209",".295",".280","0.575","0.086","41","389","58","609",".220",".344",".259",".284","-0.049","-0.025","84","12.4",29.8,6.8,26.9,"95.6847612","91.98821798",61.6,11.6,49.5,50.5,88.4,24.5,45,"25.5"
"Soler, Jorge",624585,2024,32,493,574,119,63,34,1,21,141,68,24.6,11.8,".241",".442",".338","0.780","0.201","218","1446","270","2361",".243",".464",".340",".352","-0.022","-0.012","90.5","17.9",33.4,12.6,44.1,"101.898357865","95.262490702",64.8,17.1,53.6,46.4,82.9,28.9,44.5,"26.9"
"Sosa, Edmundo",624641,2024,28,249,274,64,41,12,4,7,66,13,24.1,4.7,".257",".422",".313","0.735","0.165","105","719","165","1050",".239",".395",".318",".307",".027",".011","89.2","12.8",28.5,8.6,41.4,"100.484249348","94.380628306",75.2,19.7,50.4,49.6,80.3,31.4,56.8,"29.2"
"Ibáñez, Andy",628451,2024,31,224,244,54,39,9,1,5,63,15,25.8,6.1,".241",".357",".295","0.652","0.116","80","610","125","917",".214",".331",".287",".270",".026",".017","88.1","20.3",33.7,4.9,33.1,"97.908149512","93.096095644",73.6,21.1,52,48,78.9,30.8,52.8,"27.6"
"Cronenworth, Jake",630105,2024,30,577,656,139,90,29,3,17,118,61,18,9.3,".241",".390",".324","0.714","0.149","225","1725","171","2752",".257",".431",".315",".339","-0.041","-0.024","88.6","13.9",35.4,7.8,36.7,"99.527561266","93.904133654",66,10.8,36.1,63.9,89.2,17.1,45,"27.7"
"Anderson, Tim",641313,2024,31,234,241,50,47,3,0,0,68,7,28.2,2.9,".214",".226",".237","0.463","0.012","53","649","145","945",".215",".292",".208",".235","-0.066","-0.027","86.1","1.4",29.5,1.8,30.1,"96.982041205","92.531306303",71.5,22.8,45.5,54.5,77.2,30.6,54.6,"27.1"
"Bauers, Jake",641343,2024,28,302,346,60,37,9,2,12,118,39,34.1,11.3,".199",".361",".301","0.662","0.162","109","948","177","1512",".199",".389",".294",".304","-0.028","-0.010","89.4","22.6",38.6,10.3,42.9,"99.96682033","94.377085138",68.8,20.4,63.6,36.4,79.6,29.1,45.8,"27.2"
"Bellinger, Cody",641355,2024,28,516,569,137,93,23,3,18,89,45,15.6,7.9,".266",".426",".325","0.751","0.160","220","1372","194","2083",".238",".396",".322",".302",".030",".020","87.8","17.4",32.9,6.3,32.9,"97.314029213","92.768351065",67.1,16,35,65,84,22.2,49.8,"28.4"
"Calhoun, Willie",641432,2024,29,229,254,56,35,16,0,5,31,23,12.2,9.1,".245",".380",".315","0.695","0.135","87","588","50","958",".257",".364",".305",".311",".016","-0.006","89","12.4",30.2,3,37.7,"98.9731294","93.584500603",64.2,8.1,27.5,72.5,91.9,13.2,43.6,"24.3"
"Crawford, J.P.",641487,2024,29,392,451,79,52,16,2,9,102,52,22.6,11.5,".202",".321",".304","0.625","0.119","126","1170","127","1911",".226",".370",".283",".312","-0.049","-0.029","87.5","13.2",30.2,6.6,37.8,"98.950282708","93.58355108",61.9,15.9,36.3,63.7,84.1,20.2,41.1,"26.8"
"Fraley, Jake",641584,2024,29,350,382,97,71,19,2,5,70,26,18.3,6.8,".277",".386",".330","0.716","0.109","135","895","149","1332",".245",".330",".314",".290",".056",".024","84.3","11.1",34.6,3.2,24.7,"95.677326241","91.891008399",81.2,15.7,37.6,62.4,84.3,21.3,57.9,"28.3"
"Garver, Mitch",641598,2024,33,367,430,63,31,17,0,15,133,53,30.9,12.3,".172",".341",".286","0.627","0.169","125","1104","192","1815",".176",".335",".281",".284",".006","-0.003","89.9","18.3",32.5,8.5,39.7,"99.983276271","94.254381059",57.6,21.4,57.4,42.6,78.6,30.8,38.7,"26.0"
"Guillorme, Luis",641645,2024,29,161,187,33,23,9,1,0,36,23,19.3,12.3,".205",".273",".301","0.574","0.068","44","496","47","802",".223",".300",".263",".285","-0.027","-0.022","85.5","5.7",32.8,2.3,21.1,"94.424899375","91.273931654",60.4,13.9,31.6,68.4,86.1,18.9,42.3,"24.7"
"Hampson, Garrett",641658,2024,29,213,231,49,35,13,1,0,59,14,25.5,6.1,".230",".300",".275","0.575","0.070","64","588","83","883",".206",".297",".255",".250",".003",".005","86","16.1",31.6,4.4,30.4,"96.882247895","92.472205166",66,15.8,43.1,56.9,84.2,22.9,47.6,"29.8"
"Heim, Jonah",641680,2024,29,459,491,101,75,12,1,13,90,26,18.3,5.3,".220",".336",".267","0.603","0.116","154","1187","166","1781",".226",".365",".265",".281","-0.029","-0.016","88.5","14.5",29.9,5.9,36.4,"98.507122973","93.44020477",76.4,14.2,36,64,85.8,20.7,54.3,"25.3"
"McMahon, Ryan",641857,2024,29,567,645,137,89,28,0,20,185,69,28.7,10.7,".242",".397",".325","0.722","0.155","225","1722","330","2723",".238",".421",".315",".327","-0.024","-0.012","92.1","10",36.5,11,49.7,"102.62988712","96.057260524",65.8,22.4,50.6,49.4,77.6,30,46.9,"25.9"
"O'Neill, Tyler",641933,2024,29,411,473,99,50,18,0,31,159,53,33.6,11.2,".241",".511",".336","0.847","0.270","210","1211","279","1984",".211",".489",".360",".340",".022",".020","90.9","20.2",34.6,17.3,48.8,"102.819767874","95.797605236",65.2,24.3,56,44,75.7,34.1,44.6,"27.5"
"Smith, Dominic",642086,2024,29,275,307,64,36,22,0,6,76,28,24.8,9.1,".233",".378",".313","0.691","0.145","104","760","120","1211",".216",".397",".306",".308","-0.019","-0.002","89.3","13",37.7,10.6,38.7,"98.769074141","93.729740505",65.1,19.2,39.1,60.9,80.8,25.3,45.3,"25.6"
"Tellez, Rowdy",642133,2024,29,383,421,93,62,18,0,13,89,31,21.1,7.4,".243",".392",".299","0.691","0.149","150","1063","138","1666",".234",".403",".301",".305","-0.011","-0.004","89.4","17",32.4,8.1,36.5,"100.611958926","94.350585034",58.9,11.4,44.5,55.5,88.6,21.9,43.3,"24.2"
"Thaiss, Matt",642136,2024,29,157,186,32,21,9,0,2,58,28,31.2,15.1,".204",".299",".323","0.622","0.095","47","451","124","754",".193",".333",".286",".295","-0.034","-0.009","86.6","12.9",33,8,40,"99.8347254","94.000036869",68.3,34.6,54.8,45.2,65.4,39.6,44.8,"24.9"
"Wade, Tyler",642180,2024,29,138,156,30,27,3,0,0,29,11,18.6,7.1,".217",".239",".285","0.524","0.022","33","371","40","587",".245",".316",".242",".285","-0.077","-0.043","83.7","14.5",38.1,1.8,17.7,"93.385363922","90.890811782",62.8,11.4,44,56,88.6,20.8,44.1,"28.7"
"Siri, Jose",642350,2024,28,402,448,75,40,16,1,18,170,31,37.9,6.9,".187",".366",".255","0.621","0.179","147","1207","337","1788",".197",".419",".271",".298","-0.053","-0.027","87.5","15.4",35.7,14.7,41.6,"100.732893305","94.47103983",67.1,32.1,59.8,40.2,67.9,41.9,50.9,"29.9"
"Rosario, Amed",642708,2024,28,332,346,93,69,18,3,3,73,9,21.1,2.6,".280",".380",".306","0.686","0.100","126","843","139","1210",".249",".367",".299",".284",".013",".015","86.9","4.6",33.5,4.6,36.2,"98.559932462","93.290414231",72.8,14.6,42,58,85.4,24.6,55.2,"29.0"
"Adames, Willy",642715,2024,28,610,688,153,88,33,0,32,173,74,25.1,10.8,".251",".462",".331","0.793","0.211","282","1737","344","2733",".240",".468",".342",".341","-0.006",".001","88.6","20.6",38.2,12,40.7,"99.769639045","94.108759136",71.3,21.1,50.5,49.5,78.9,29.5,49.5,"27.4"
"Estrada, Thairo",642731,2024,28,364,381,79,53,15,2,9,76,10,19.9,2.6,".217",".343",".247","0.590","0.126","125","907","121","1309",".224",".342",".256",".265",".001","-0.009","86.2","10.5",30.3,4.8,31.7,"97.31710125","92.678487456",67.4,9.7,41.9,58.1,90.3,20.5,51.3,"28.0"
"Benintendi, Andrew",643217,2024,29,477,522,109,69,20,0,20,96,41,18.4,7.9,".229",".396",".289","0.685","0.167","189","1276","163","1995",".240",".403",".298",".307","-0.007","-0.009","88","16.1",36.5,6.3,34.4,"97.17823","92.764984068",69.4,17,33.1,66.9,83,21.1,48,"26.7"
"Dubón, Mauricio",643289,2024,29,402,428,108,79,25,0,4,55,16,12.9,3.7,".269",".361",".296","0.657","0.092","145","1037","137","1450",".247",".337",".286",".276",".024",".010","86.1","14.6",30.4,2.8,26.5,"95.977741503","92.011502977",79.4,16,24.1,75.9,84,18.8,60.1,"27.3"
"Jansen, Danny",643376,2024,29,278,324,57,35,13,0,9,61,40,18.8,12.3,".205",".349",".309","0.658","0.144","97","827","104","1376",".199",".346",".294",".294",".003",".000","86.6","21.7",34.1,6.4,29.7,"97.185697545","92.627349132",61.8,14.7,39,61,85.3,20.9,40.6,"26.6"
"Kiner-Falefa, Isiah",643396,2024,29,465,496,125,95,18,4,8,78,16,15.7,3.2,".269",".376",".306","0.682","0.107","175","1161","93","1710",".251",".354",".299",".289",".022",".010","86.1","9.1",31.6,2.3,29.7,"96.695719581","92.34866123",60.7,9.4,27,73,90.6,14.8,46.1,"27.8"
"McNeil, Jeff",643446,2024,32,424,472,101,63,26,0,12,68,35,14.4,7.4,".238",".384",".308","0.692","0.146","163","1138","135","1711",".233",".347",".304",".293",".037",".011","87","14.9",32.2,3.1,31.1,"96.866365393","92.484410197",78.5,11.1,35.2,64.8,88.9,17.5,55.4,"26.3"
"Tauchman, Mike",643565,2024,33,298,350,74,54,12,1,7,70,47,20,13.4,".248",".366",".357","0.723","0.118","109","927","135","1537",".237",".392",".325",".332","-0.026","-0.007","89","15.5",34.9,7.5,41,"99.141927105","93.788317412",69.8,18.6,34.1,65.9,81.4,22.5,46,"27.2"
"Albies, Ozzie",645277,2024,27,399,435,100,60,29,1,10,65,27,14.9,6.2,".251",".404",".303","0.707","0.153","161","1082","169","1649",".246",".404",".307",".308",".000","-0.001","88.4","18.4",33.4,6.2,32,"97.095539467","92.617553798",82.6,15.4,31.5,68.5,84.6,20.5,56.6,"27.2"
"Robles, Victor",645302,2024,27,254,295,78,54,20,0,4,53,21,18,7.1,".307",".433",".381","0.814","0.126","110","674","127","1020",".256",".404",".357",".331",".029",".026","86.7","14.8",34.8,6.2,28.6,"97.345786105","92.756314603",78.8,16.1,42.8,57.2,83.9,24.7,54.7,"27.8"
"Devers, Rafael",646240,2024,27,525,601,143,76,34,5,28,147,67,24.5,11.1,".272",".516",".354","0.870","0.244","271","1501","326","2375",".267",".514",".364",".366",".002","-0.002","93.2","11.6",35.2,13.1,52.6,"104.597925864","97.090537461",73.8,28.1,36.7,63.3,71.9,30.9,50.9,"26.5"
"Naylor, Josh",647304,2024,27,563,633,137,79,27,0,31,105,58,16.6,9.2,".243",".456",".320","0.776","0.213","257","1438","224","2284",".250",".447",".332",".334",".009","-0.002","89.9","11.1",30.1,8.5,40.9,"100.815360087","94.680816725",72.3,14.4,37.1,62.9,85.5,22.4,50.3,"25.2"
"Toro, Abraham",647351,2024,27,337,364,81,57,17,1,6,62,20,17,5.5,".240",".350",".293","0.643","0.110","118","919","90","1394",".244",".374",".283",".297","-0.024","-0.014","87.2","12.2",33.2,4.3,29.6,"97.476845145","92.798620509",65.7,9.5,33.9,66.1,90.5,17.4,48.1,"27.9"
"Arraez, Luis",650333,2024,27,637,672,200,161,32,3,4,29,24,4.3,3.6,".314",".392",".346","0.738","0.078","250","1680","63","2416",".310",".408",".323",".330","-0.016","-0.007","86.3","13.7",40.9,1.6,23.7,"94.838000362","91.449624457",63,4.7,11.3,88.7,95.3,6.9,49.8,"26.7"
"Jiménez, Eloy",650391,2024,27,324,349,77,57,14,0,6,70,22,20.1,6.3,".238",".336",".289","0.625","0.098","109","793","133","1201",".243",".386",".276",".302","-0.050","-0.026","92","4.3",25.1,7.8,49,"103.179997795","96.165143031",70.1,15.3,46,54,84.7,26.2,50.3,"25.2"
"Torres, Gleyber",650402,2024,27,587,665,151,110,26,0,15,136,65,20.5,9.8,".257",".378",".330","0.708","0.121","222","1754","257","2821",".240",".386",".313",".314","-0.008","-0.001","88.6","15",38.2,6.3,35.4,"98.295655921","93.36890443",69.3,18.7,37,63,81.3,22.9,45.7,"26.6"
"Castro, Willi",650489,2024,27,558,635,138,90,31,5,12,150,51,23.6,8,".247",".385",".331","0.716","0.138","215","1647","326","2509",".242",".390",".317",".323","-0.005","-0.006","87.4","13.6",39,7,36.8,"98.851706502","93.501303852",72.7,17.4,53.5,46.5,82.6,29,51.4,"27.9"
"Díaz, Yandy",650490,2024,32,563,621,158,112,31,1,14,95,50,15.3,8.1,".281",".414",".341","0.755","0.133","233","1527","133","2460",".273",".432",".331",".339","-0.018","-0.008","92.2","5",28.4,7.7,48.7,"103.441830979","96.263007825",64,10.3,25.5,74.5,89.7,14.2,43.9,"25.4"
"De La Cruz, Bryan",650559,2024,27,584,622,136,90,25,0,21,170,29,27.3,4.7,".233",".384",".271","0.655","0.151","224","1603","334","2394",".241",".431",".283",".306","-0.047","-0.023","89.6","13.1",35.6,9.3,41.3,"99.848652919","94.22196445",75.5,22.5,46.8,53.2,77.5,30.1,53.4,"27.5"
"Rengifo, Luis",650859,2024,27,283,304,85,65,13,1,6,44,16,14.5,5.3,".300",".417",".347","0.764","0.117","118","720","120","1084",".263",".359",".335",".300",".058",".035","87","6.7",30.4,2.5,32.5,"96.9891535","92.548929456",80,13.9,38.8,61.2,86.1,22.3,56.3,"26.9"
"Chapman, Matt",656305,2024,31,575,647,142,74,39,2,27,158,64,24.4,9.9,".247",".463",".328","0.791","0.216","266","1727","242","2706",".244",".460",".340",".342",".003","-0.002","93.2","16.2",31.3,12.7,48.3,"104.356012981","96.727633301",63.4,18.9,36.7,63.3,81.1,23.5,44.6,"28.7"
"Fairchild, Stuart",656413,2024,28,209,233,45,29,8,0,8,60,17,25.8,7.3,".215",".368",".286","0.654","0.153","77","537","131","853",".215",".392",".288",".298","-0.024","-0.010","85.5","20.5",27.6,8,36.8,"98.640738472","93.363702378",74.7,26.6,60.7,39.3,73.4,35.5,50.2,"29.1"
"Hill, Derek",656537,2024,28,162,172,39,26,4,2,7,56,5,32.6,2.9,".241",".420",".271","0.691","0.179","68","421","105","609",".241",".403",".296",".297",".017","-0.001","88.3","9.8",37.6,11,36.7,"99.292666346","93.800468365",71.2,22.5,63.1,36.9,77.5,35.2,54.2,"29.5"
"Hilliard, Sam",656541,2024,30,138,158,33,17,5,1,10,56,14,35.4,8.9,".239",".507",".305","0.812","0.268","70","406","110","648",".210",".414",".342",".298",".093",".044","94.6","16.5",30.7,14.9,52.3,"103.815353902","97.006523171",66.7,29.7,66.3,33.7,70.3,40.8,46.9,"28.8"
"Hoskins, Rhys",656555,2024,31,449,517,96,56,14,0,26,149,53,28.8,10.3,".214",".419",".303","0.722","0.205","188","1411","214","2243",".201",".402",".313",".306",".017",".007","88.7","20.8",29.7,12.7,42.2,"99.737434248","94.057895065",59.5,21.2,39,61,78.8,26.3,42.8,"25.3"
"Jackson, Alex",656577,2024,28,139,155,17,7,7,0,3,53,12,34.2,7.7,".122",".237",".201","0.438","0.115","33","417","111","626",".137",".266",".200",".224","-0.029","-0.024","86.7","20.2",21.6,9.1,31.8,"97.524225","92.833252184",71.8,29.1,57.3,42.7,70.9,39.7,52.7,"26.8"
"Joe, Connor",656582,2024,31,364,416,83,51,22,1,9,91,44,21.9,10.6,".228",".368",".320","0.688","0.140","134","1019","155","1651",".202",".311",".305",".279",".057",".026","85.3","16.3",30.9,4.7,32.7,"97.939201314","92.982890511",63.8,18.2,48,52,81.8,25.7,43.1,"26.9"
"McKinstry, Zach",656716,2024,29,297,325,64,41,14,5,4,69,24,21.2,7.4,".215",".337",".277","0.614","0.122","100","816","111","1249",".240",".383",".270",".301","-0.046","-0.031","88","18.7",37.8,4.3,32.6,"97.327044","92.860583362",66.7,13.9,42.4,57.6,86.1,22.1,47.7,"28.4"
"Mullins, Cedric",656775,2024,29,444,499,104,67,16,3,18,98,41,19.6,8.2,".234",".405",".305","0.710","0.171","180","1249","159","1938",".221",".353",".310",".289",".052",".021","87.1","21.5",31.7,4.9,33.4,"97.759606105","92.89369311",73.4,13.1,35.5,64.5,86.9,19.1,51.4,"28.3"
"O'Hearn, Ryan",656811,2024,30,443,494,117,78,21,3,15,69,46,14,9.3,".264",".427",".334","0.761","0.163","189","1205","138","1920",".269",".465",".330",".351","-0.038","-0.021","89.6","12",35,6.9,40.1,"99.733150957","94.095787394",67.8,10.3,37.6,62.4,89.7,18.1,46.7,"27.8"
"Rivera, Emmanuel",656896,2024,28,265,302,63,47,9,2,5,69,26,22.8,8.6,".238",".343",".312","0.655","0.105","91","735","142","1151",".248",".393",".291",".322","-0.050","-0.031","89.7","8.7",33.7,7.9,44.1,"99.97328099","94.404966716",71.1,18,50.6,49.4,82,28.3,48.6,"26.7"
"Schwarber, Kyle",656941,2024,31,573,692,142,82,22,0,38,197,106,28.5,15.3,".248",".485",".366","0.851","0.237","278","1663","324","2852",".249",".519",".366",".380","-0.034","-0.014","93.6","15",31.8,15.6,55.5,"105.154527813","97.529843438",60.7,23.7,54.2,45.8,76.3,32,39.9,"25.8"
"Smith, Pavin",656976,2024,28,137,158,37,17,11,0,9,31,18,19.6,11.4,".270",".547",".348","0.895","0.277","75","375","49","631",".287",".534",".377",".396",".013","-0.019","90.2","13.1",34.9,14.7,44,"101.669639091","95.421898349",59.3,14.1,45.6,54.4,85.9,21.5,38.4,"26.4"
"Thomas, Lane",657041,2024,28,472,528,112,68,26,3,15,137,44,25.9,8.3,".237",".400",".309","0.709","0.163","189","1319","176","2080",".240",".388",".309",".311",".012","-0.002","88.8","17",31.5,7.4,40.6,"100.376555353","94.3557595",64.1,17,41.5,58.5,83,23.3,43.8,"29.3"
"Verdugo, Alex",657077,2024,28,559,621,130,88,28,1,13,93,49,15,7.9,".233",".356",".291","0.647","0.123","199","1515","139","2342",".248",".384",".283",".307","-0.028","-0.024","88.3","9.9",31.6,5.7,34.9,"98.009613263","93.0881338",61.3,8.9,33.5,66.5,91.1,15.5,44.7,"26.7"
"Wong, Connor",657136,2024,28,447,487,125,87,24,1,13,114,28,23.4,5.7,".280",".425",".333","0.758","0.145","190","1229","242","1865",".229",".362",".330",".291",".063",".039","86.5","12.9",30.7,6.3,34.5,"98.745018171","93.452738532",72.2,19.7,52.8,47.2,80.3,28.8,51.6,"28.4"
"DeJong, Paul",657557,2024,30,445,482,101,60,17,0,24,156,23,32.4,4.8,".227",".427",".276","0.703","0.200","190","1268","339","1851",".216",".402",".302",".293",".025",".009","87.8","20",36.4,10.2,41.5,"99.999893878","94.174456531",80.6,26.3,56.1,43.9,73.7,34.9,58,"26.8"
"Laureano, Ramón",657656,2024,29,286,309,74,46,16,1,11,96,15,31.1,4.9,".259",".437",".311","0.748","0.178","125","780","171","1180",".229",".438",".324",".313","-0.001",".011","89.2","13.3",38.7,12.6,40.8,"100.254641146","94.492561099",73.4,22.7,54.5,45.5,77.3,31.8,52.3,"27.8"
"Sheets, Gavin",657757,2024,28,451,501,105,70,24,1,10,106,43,21.2,8.6,".233",".357",".303","0.660","0.124","161","1348","180","2087",".248",".387",".291",".312","-0.030","-0.021","87.8","13.5",41.1,5.8,35.3,"98.863415862","93.510571585",62.5,16.2,34.2,65.8,83.8,23,46.2,"26.7"
"Olivares, Edward",658668,2024,28,174,196,39,30,4,0,5,37,16,18.9,8.2,".224",".333",".291","0.624","0.109","58","506","81","768",".274",".398",".276",".333","-0.065","-0.057","86.8","9.2",35.5,6.4,35.5,"98.508436056","93.311684681",68.7,15,43.7,56.3,85,24.2,51,"27.8"
"Ohtani, Shohei",660271,2024,29,636,731,197,98,38,7,54,162,81,22.2,11.1,".310",".646",".390","1.036","0.336","411","1751","341","2838",".310",".672",".431",".444","-0.026","-0.013","95.8","16.2",37.8,21.5,60.1,"106.727792385","98.772122364",69.8,23.1,46.1,53.9,76.9,29.8,47.3,"28.1"
"Bruján, Vidal",660644,2024,26,248,278,55,37,14,2,2,54,25,19.4,9,".222",".319",".303","0.622","0.097","79","689","107","1055",".218",".292",".276",".268",".027",".008","85.1","8",29.7,1.5,22.6,"95.193229158","91.616436508",74,17,45.1,54.9,83,24.4,52,"27.5"
"Acuña Jr., Ronald",660670,2024,26,192,222,48,35,8,1,4,53,27,23.9,12.2,".250",".365",".351","0.716","0.115","70","540","101","905",".256",".430",".322",".350","-0.065","-0.028","92.2","8.5",31.7,9.4,48.2,"103.064738696","96.113602174",71.3,22.7,44.2,55.8,77.3,27.5,47,"27.7"
"Ruiz, Keibert",660688,2024,25,459,485,105,71,21,0,13,54,16,11.1,3.3,".229",".359",".260","0.619","0.130","165","1150","86","1659",".250",".357",".268",".283",".002","-0.015","85.4","19.8",32.2,3.2,25.6,"95.477673333","91.740685858",67.3,7.3,19.8,80.2,92.7,12.1,52.3,"25.0"
"Montero, Elehuris",660707,2024,25,224,247,46,32,10,0,4,56,20,22.7,8.1,".205",".304",".267","0.571","0.099","68","621","134","923",".208",".349",".254",".279","-0.045","-0.025","89.5","17",27.5,7.6,41.5,"100.877618721","94.67846193",72.7,14.1,54.2,45.8,85.9,30.3,54.1,"26.2"
"Yepez, Juan",660766,2024,26,226,249,64,43,15,0,6,42,18,16.9,7.2,".283",".429",".335","0.764","0.146","97","621","92","966",".252",".368",".331",".304",".061",".027","86.6","8.5",30.3,5.9,35.6,"98.208738602","93.111621613",71,15.6,34.1,65.9,84.4,22.1,50.1,"26.7"
"Sánchez, Jesús",660821,2024,26,489,537,123,79,25,1,18,140,41,26.1,7.6,".252",".417",".313","0.730","0.165","204","1319","278","1991",".261",".480",".317",".348","-0.063","-0.031","92.5","7.7",31.8,12.3,51.3,"104.556000571","96.923820315",73.5,21.9,47.2,52.8,78.1,31.2,53.2,"27.2"
"Contreras, William",661388,2024,26,595,679,167,105,37,2,23,139,78,20.5,11.5,".281",".466",".365","0.831","0.185","277","1631","316","2677",".261",".471",".359",".356","-0.005",".003","92.8","6.1",29,10,49.5,"103.875480043","96.642602527",71.2,19.3,49.3,50.7,80.7,27.8,47.4,"26.4"
"Varsho, Daulton",662139,2024,27,459,513,98,52,21,7,18,137,48,26.7,9.4,".214",".407",".293","0.700","0.193","187","1296","223","2048",".186",".327",".304",".266",".080",".038","86.1","24.4",30.2,6.2,34,"98.537583503","93.276618121",70.4,20.1,44.4,55.6,79.9,27,47.6,"28.5"
"Perkins, Blake",663368,2024,27,383,434,92,71,13,2,6,108,42,24.9,9.7,".240",".332",".316","0.648","0.092","127","1115","171","1734",".218",".319",".288",".280",".013",".008","88.8","12",32,3.9,37.7,"97.789208222","93.114376074",60.2,20.7,42.5,57.5,79.3,27.1,42.4,"29.6"
"Nootbaar, Lars",663457,2024,26,348,405,85,52,18,3,12,79,52,19.5,12.8,".244",".417",".342","0.759","0.173","145","1011","96","1659",".261",".466",".331",".358","-0.049","-0.027","91.8","6",32.2,9.9,49.5,"102.282162353","95.717855683",56.5,13.4,38.4,61.6,86.6,19,37.2,"27.0"
"Nevin, Tyler",663527,2024,27,245,278,50,33,10,0,7,64,25,23,9,".204",".331",".288","0.619","0.127","81","701","113","1090",".215",".384",".276",".304","-0.053","-0.028","89.8","10.7",37,8.8,40.8,"99.059252088","93.891727514",69,19.3,42.3,57.7,80.7,25.6,47.3,"26.4"
"Hoerner, Nico",663538,2024,27,582,641,159,116,35,1,7,66,44,10.3,6.9,".273",".373",".335","0.708","0.100","217","1560","115","2314",".281",".359",".313",".318",".014","-0.005","85.7","10.4",36,1.2,27.6,"95.980926525","91.993965849",63.8,6.8,22.6,77.4,93.2,11.9,48.4,"28.4"
"Riley, Austin",663586,2024,27,425,469,109,62,26,2,19,118,37,25.2,7.9,".256",".461",".322","0.783","0.205","196","1166","221","1822",".265",".523",".338",".367","-0.062","-0.029","93.3","15.9",37.2,15,53.4,"103.77151961","96.882758664",72.1,18.7,50,50,81.3,27.5,50.1,"27.9"
"Larnach, Trevor",663616,2024,27,355,400,92,60,17,0,15,89,40,22.3,10,".259",".434",".338","0.772","0.175","154","971","169","1576",".254",".466",".336",".346","-0.032","-0.010","92","12.4",36.2,10.1,45.1,"102.375195821","95.54188573",63.5,15.4,57.5,42.5,84.6,27.9,44.1,"26.3"
"Mountcastle, Ryan",663624,2024,27,473,507,128,83,30,2,13,114,27,22.5,5.3,".271",".425",".308","0.733","0.154","201","1303","230","1901",".271",".455",".316",".336","-0.030","-0.020","90.8","10.4",36.2,8.8,45.2,"102.105716923","95.370233104",76,16.2,41.4,58.6,83.8,25.1,56.1,"27.6"
"Hayes, Ke'Bryan",663647,2024,27,365,396,85,72,9,0,4,75,23,18.9,5.8,".233",".290",".283","0.573","0.057","106","948","99","1470",".244",".336",".256",".285","-0.046","-0.029","88.9","4.8",29.9,2.4,42.9,"99.837230137","94.135653938",62.3,7.8,40,60,92.2,18.1,44.8,"26.4"
"Tucker, Kyle",663656,2024,27,277,339,80,44,13,0,23,54,56,15.9,16.5,".289",".585",".408","0.993","0.296","162","773","96","1349",".275",".546",".419",".402",".039",".017","91.1","21.2",40,12.9,44.9,"100.157901947","94.740150044",67.8,12.7,41.8,58.2,87.3,19,41.8,"26.0"
"Cameron, Daz",663662,2024,27,170,186,34,23,5,1,5,51,13,27.4,7,".200",".329",".258","0.587","0.129","56","467","90","715",".219",".358",".258",".284","-0.029","-0.026","91.6","8.6",36.4,8.3,48.8,"101.2654245","95.191277667",68.3,18.1,60,40,81.9,28.3,49,"28.4"
"India, Jonathan",663697,2024,27,533,637,132,87,28,2,15,125,80,19.6,12.6,".248",".392",".357","0.749","0.144","209","1580","164","2652",".262",".418",".333",".354","-0.026","-0.021","87.2","13.5",39.3,7.7,36.5,"98.90319256","93.547150797",57.6,12.2,41.7,58.3,87.8,19.2,38.3,"28.0"
"Bart, Joey",663698,2024,27,253,282,67,43,11,0,13,73,22,25.9,7.8,".265",".462",".337","0.799","0.197","117","711","107","1127",".246",".448",".347",".336",".014",".011","88.1","10.5",32.6,9.5,38.7,"100.959040333","94.605861732",59.6,15.5,52.1,47.9,84.5,26.2,43.7,"27.0"
"Raleigh, Cal",663728,2024,27,546,628,120,70,16,0,34,176,70,28,11.1,".220",".436",".312","0.748","0.216","238","1611","351","2514",".229",".483",".323",".347","-0.047","-0.024","91","21.2",35.6,15.5,48.1,"102.032071755","95.508789467",74,22.9,47.2,52.8,77.1,31,52.3,"26.6"
"Fortes, Nick",663743,2024,27,308,335,70,50,16,0,4,41,11,12.2,3.3,".227",".318",".259","0.577","0.091","98","779","66","1154",".224",".292",".252",".247",".026",".005","84.3","15.4",29,1.4,22.6,"95.578582782","91.819744812",65.8,8.8,23.1,76.9,91.2,13.2,49.3,"26.7"
"Grisham, Trent",663757,2024,27,179,209,34,17,8,0,9,57,22,27.3,10.5,".190",".385",".290","0.675","0.195","69","516","67","854",".196",".389",".295",".303","-0.004","-0.008","90.6","20",25.6,12,46.4,"100.360050339","94.648811864",56.9,17.8,50,50,81.8,23.3,37.2,"26.9"
"Vierling, Matt",663837,2024,27,518,567,133,84,28,5,16,121,41,21.3,7.2,".257",".423",".312","0.735","0.166","219","1456","165","2312",".253",".402",".317",".313",".021",".004","89.8","11.7",34.1,7.5,40.9,"100.235830606","94.344722247",62.1,12.8,39.5,60.5,87.2,19.5,42.8,"28.8"
"Gonzalez, Romy",663853,2024,27,199,216,53,36,10,1,6,58,12,26.9,5.6,".266",".417",".306","0.723","0.151","83","562","121","826",".251",".425",".311",".317","-0.008","-0.006","92.3","3.7",29.7,8.3,51,"104.214637183","96.826247676",75.9,17.2,51.2,48.8,82.8,29.2,55.2,"28.9"
"Stephenson, Tyler",663886,2024,27,457,515,118,72,26,1,19,117,48,22.7,9.3,".258",".444",".338","0.782","0.186","203","1182","175","1947",".238",".413",".339",".325",".031",".014","90.2","10.9",33,9.1,43.9,"100.320154503","94.587176774",63.5,13.2,47.2,52.8,86.8,22.7,43.2,"26.5"
"Rodgers, Brendan",663898,2024,27,501,539,134,91,29,1,13,132,31,24.5,5.8,".267",".407",".314","0.721","0.140","204","1357","230","2079",".246",".382",".314",".299",".025",".015","89.3","4.9",33.1,5.7,44.1,"101.153269243","94.773964417",69.3,14.9,52.2,47.8,85.1,25.9,49.3,"26.0"
"Lowe, Nathaniel",663993,2024,28,486,565,129,96,16,1,16,125,71,22.1,12.6,".265",".401",".361","0.762","0.136","195","1422","180","2356",".250",".386",".337",".332",".015",".005","88.9","7.7",32.6,5.8,40,"100.432822253","94.330442369",62.9,12.3,41.8,58.2,87.7,20.6,42.7,"26.4"
"Happ, Ian",664023,2024,29,569,657,138,77,34,2,25,168,80,25.6,12.2,".243",".441",".341","0.782","0.198","251","1676","305","2721",".240",".453",".341",".347","-0.012","-0.006","90.8","15.1",37,11.7,45.2,"101.590666318","95.287992294",67.9,21.4,47.3,52.7,78.6,27.9,45.9,"27.9"
"France, Ty",664034,2024,29,479,535,112,75,24,0,13,114,38,21.3,7.1,".234",".365",".305","0.670","0.131","175","1298","214","2028",".225",".394",".296",".306","-0.029","-0.010","88.7","12.9",30.5,7.3,40,"99.663679892","94.004650595",74.9,16.4,46.5,53.5,83.6,24.2,51.2,"25.1"
"Lowe, Brandon",664040,2024,29,385,425,94,51,19,3,21,112,33,26.4,7.8,".244",".473",".311","0.784","0.229","182","1059","257","1624",".248",".488",".335",".344","-0.015","-0.009","89.8","14.5",39.6,12.4,44.7,"101.345776014","94.9549512",80.3,23.7,55.7,44.3,76.3,32.7,55.3,"27.2"
"Bader, Harrison",664056,2024,30,402,437,95,64,19,0,12,95,21,21.7,4.8,".236",".373",".284","0.657","0.137","150","1095","163","1647",".242",".388",".285",".300","-0.015","-0.015","87.2","11.9",33.9,6.4,35.5,"98.685690255","93.420801022",60,14.2,42.5,57.5,85.8,24.5,46.6,"28.2"
"Moore, Dylan",664238,2024,31,368,441,74,37,23,4,10,123,53,27.9,12,".201",".367",".320","0.687","0.166","135","1099","164","1804",".196",".334",".306",".299",".033",".007","88.4","22.6",38.2,8.8,36.3,"98.78016696","93.44884728",65.3,19.3,46.8,53.2,80.7,24.8,42.4,"28.0"
"Isbel, Kyle",664728,2024,27,384,426,88,59,13,8,8,88,27,20.7,6.3,".229",".367",".287","0.654","0.138","141","1042","109","1582",".231",".333",".286",".283",".034",".003","88.1","9",24.8,3.9,36.3,"99.427451293","93.787078878",61.1,9.4,39.3,60.7,90.6,19.3,46.1,"27.9"
"Bohm, Alec",664761,2024,27,554,606,155,94,44,2,15,86,40,14.2,6.6,".280",".448",".332","0.780","0.168","248","1361","152","2122",".283",".452",".335",".345","-0.004","-0.010","90.4","10.1",35.2,6.8,45.6,"100.768220847","94.781662669",71.1,10.5,37.2,62.8,89.5,17.6,49.7,"26.3"
"Wade Jr., LaMonte",664774,2024,30,331,401,86,62,16,0,8,90,62,22.4,15.5,".260",".381",".380","0.761","0.121","126","975","141","1639",".253",".437",".337",".356","-0.056","-0.019","90.6","12.9",39.6,9.4,44.1,"101.164898115","95.074393169",63.1,13.6,55.3,44.7,86.4,24.2,40.9,"25.2"
"Brown, Seth",664913,2024,31,372,400,86,60,11,1,14,112,25,28,6.3,".231",".379",".282","0.661","0.148","141","1007","204","1552",".230",".398",".289",".298","-0.019","-0.009","90","14.6",35.2,8.5,40.6,"100.936577054","94.815981008",75.4,16.5,58.2,41.8,83.5,29.1,52,"27.4"
"McCarthy, Jake",664983,2024,26,442,495,126,98,13,7,8,78,31,15.8,6.3,".285",".400",".349","0.749","0.115","177","1189","139","1786",".265",".363",".329",".314",".037",".015","84.5","9.1",30.4,2.7,24.5,"95.637290857","91.834529486",67.1,7.9,39.1,60.9,92.1,17.6,49.3,"29.8"
"Peña, Jeremy",665161,2024,26,602,650,160,115,28,2,15,111,25,17.1,3.8,".266",".394",".308","0.702","0.128","237","1550","265","2272",".262",".401",".305",".314","-0.007","-0.009","88.2","7.5",29.2,5.4,38.8,"99.323506707","93.74168435",73,11.4,49.3,50.7,88.6,24.9,54.2,"29.8"
"Tatis Jr., Fernando",665487,2024,25,398,438,110,67,21,1,21,96,32,21.9,7.3,".276",".492",".340","0.832","0.216","196","991","199","1551",".294",".548",".359",".390","-0.056","-0.031","93.5","10",33.7,14.6,55.8,"104.418991126","97.109953874",74.5,19.5,50.2,49.8,80.5,28.1,51.3,"28.4"
"Guerrero Jr., Vladimir",665489,2024,25,616,697,199,124,44,1,30,96,72,13.8,10.3,".323",".544",".396","0.940","0.221","335","1655","245","2602",".317",".578",".398",".413","-0.034","-0.015","93.8","7.4",35.1,13.8,54.9,"105.663720766","97.649346073",68.6,15.1,37.3,62.7,84.9,21.5,48,"27.2"
"Pache, Cristian",665506,2024,25,165,183,33,23,8,1,1,64,17,35,9.3,".200",".279",".273","0.552","0.079","46","475","110","753",".198",".297",".250",".258","-0.018","-0.008","89.9","9.8",26.5,4.9,38.2,"99.682097","94.253817172",73,27,50.5,49.5,73,33.2,48.7,"28.5"
"Soto, Juan",665742,2024,25,576,713,166,90,31,4,41,119,129,16.7,18.1,".288",".569",".419","0.988","0.281","328","1661","218","2960",".311",".656",".421",".464","-0.087","-0.043","94.2","10.7",35.4,19.8,57,"105.650123728","97.994705143",59,15.3,39.1,60.9,84.7,21.5,37.2,"26.8"
"Taveras, Leody",665750,2024,25,480,529,110,78,17,3,12,112,42,21.2,7.9,".229",".352",".289","0.641","0.123","169","1280","216","2008",".238",".378",".282",".299","-0.026","-0.017","89","14.7",31.5,5.9,35.5,"99.173170874","93.650113205",69.5,17.5,46,54,82.5,26.2,48.8,"28.5"
"Amaya, Miguel",665804,2024,25,328,363,76,53,13,2,8,62,23,17.1,6.3,".232",".357",".288","0.645","0.125","117","870","139","1291",".250",".378",".283",".303","-0.021","-0.020","88.4","11.1",33.9,4.8,33.9,"99.101174286","93.708861353",74.2,14,41.5,58.5,86,22.5,54,"25.5"
"Cabrera, Oswaldo",665828,2024,25,299,326,74,55,11,0,8,63,21,19.3,6.4,".247",".365",".296","0.661","0.118","109","820","97","1267",".249",".350",".290",".293",".015","-0.003","88.2","12.5",34,3.8,34.9,"97.641570336","92.88412097",68.2,10,37.1,62.9,90,18.8,47.8,"27.4"
"Cruz, Oneil",665833,2024,25,541,599,140,82,34,3,21,181,51,30.2,8.5,".259",".449",".324","0.773","0.190","243","1528","340","2381",".260",".477",".331",".345","-0.028","-0.014","95.5","9.8",32.1,15.7,54.9,"107.199352928","98.547881492",63,24,51.6,48.4,76,34.1,46.3,"28.8"
"Valdez, Enmanuel",665839,2024,25,201,223,43,25,12,0,6,53,17,23.8,7.6,".214",".363",".270","0.633","0.149","73","592","74","919",".231",".418",".275",".308","-0.055","-0.033","89.4","19.3",32,9.3,41.8,"99.9120656","94.1331724",60.4,15.1,35.5,64.5,84.9,22.1,43.9,"26.2"
"Chisholm Jr., Jazz",665862,2024,26,562,621,144,95,21,4,24,152,53,24.5,8.5,".256",".436",".324","0.760","0.180","245","1569","303","2495",".237",".419",".327",".317",".017",".010","89.7","11.4",29.6,9.7,41,"100.122466782","94.443153886",67.2,22.6,43.8,56.2,77.4,29.3,47.5,"28.6"
"Giménez, Andrés",665926,2024,25,583,633,147,115,22,1,9,97,26,15.3,4.1,".252",".340",".298","0.638","0.088","198","1653","265","2400",".261",".362",".281",".301","-0.022","-0.020","86.3","8.7",32.7,2.8,28.5,"96.492499139","92.262342361",74.7,15.7,37.6,62.4,84.3,22.8,56.4,"28.9"
"Fermin, Freddy",666023,2024,29,339,368,92,72,14,0,6,66,23,17.9,6.3,".271",".366",".319","0.685","0.095","124","937","144","1434",".241",".336",".300",".281",".030",".019","88.2","11.1",29.2,3.2,33.9,"97.931397537","93.085600262",72.5,12.9,45.4,54.6,87.1,23,51,"26.6"
"Jones, Nolan",666134,2024,26,256,297,58,41,13,1,3,91,36,30.6,12.1,".227",".320",".321","0.641","0.093","82","811","113","1301",".209",".331",".287",".291","-0.011","-0.004","88.2","7.8",34.3,6,44.4,"100.556302024","94.528500893",55.6,20.3,39.3,60.7,79.7,25.6,40,"28.1"
"Kirilloff, Alex",666135,2024,26,159,178,32,16,8,3,5,47,15,26.4,8.4,".201",".384",".270","0.654","0.183","61","439","89","677",".220",".445",".282",".321","-0.061","-0.039","91.3","13.2",27,11.3,40.9,"100.310300172","94.70393913",69.8,20.1,54.8,45.2,79.9,30.9,49.2,"26.8"
"Lowe, Josh",666139,2024,26,353,387,85,54,19,2,10,123,32,31.8,8.3,".241",".391",".302","0.693","0.150","138","1095","223","1672",".222",".393",".299",".295","-0.002",".004","90.8","16.9",37.9,10.3,46.1,"100.893361034","94.928910905",69.7,25.9,44.6,55.4,74.1,31.9,51.6,"28.4"
"Fitzgerald, Tyler",666149,2024,26,314,341,88,52,19,2,15,108,22,31.7,6.5,".280",".497",".334","0.831","0.217","156","868","179","1330",".226",".383",".357",".293",".114",".064","87.7","20.2",39.1,8.3,31.9,"97.5779034","92.79850055",68,22.3,54.5,45.5,77.7,31.2,47.7,"30.0"
"Fletcher, Dominic",666150,2024,26,223,241,46,37,8,0,1,58,11,24.1,4.6,".206",".256",".252","0.508","0.050","57","612","69","900",".220",".291",".227",".250","-0.035","-0.023","84.4","12.1",38.7,1.8,26.8,"95.808053494","91.934485697",61.8,15.2,32.9,67.1,84.8,21.2,47.2,"26.4"
"Hamilton, David",666152,2024,26,294,317,73,47,17,1,8,80,22,25.2,6.9,".248",".395",".303","0.698","0.147","116","769","115","1190",".229",".357",".305",".285",".038",".020","87","15.8",38.3,5.6,32.2,"97.714382095","92.969829904",66.4,16.2,53.2,46.8,83.8,25.6,45.9,"29.4"
"Lux, Gavin",666158,2024,26,439,487,110,74,24,2,10,110,44,22.6,9,".251",".383",".320","0.703","0.132","168","1215","170","1939",".254",".390",".310",".319","-0.007","-0.009","88.3","9.1",35,6.1,41.1,"98.995997212","93.691033374",67,17.4,40.6,59.4,82.6,23.3,45.1,"27.7"
"Moniak, Mickey",666160,2024,26,392,418,86,53,17,2,14,114,21,27.3,5,".219",".380",".266","0.646","0.161","149","1068","222","1534",".217",".384",".281",".283","-0.004","-0.002","88.1","19.8",31.9,9.4,34.4,"99.494460797","93.816907681",75.1,22.2,45.3,54.7,77.8,30.6,56.7,"28.6"
"Rortvedt, Ben",666163,2024,26,290,328,66,50,13,0,3,88,34,26.8,10.4,".228",".303",".317","0.620","0.075","88","853","143","1357",".202",".292",".283",".270",".011",".013","86.2","11.9",30.2,3.5,30.7,"96.9585767","92.49508965",59.1,17.7,44.8,55.2,82.3,26.7,43,"25.6"
"Adell, Jo",666176,2024,25,405,451,84,47,15,2,20,126,35,27.9,7.8,".207",".402",".280","0.682","0.195","163","1158","243","1840",".222",".426",".296",".314","-0.024","-0.018","89.8","15.9",30.5,11.8,44.7,"102.6788005","95.748719749",71.7,21,49.1,50.9,79,29.8,49.7,"28.8"
"Benson, Will",666181,2024,26,343,388,64,29,19,2,14,154,40,39.7,10.3,".187",".376",".274","0.650","0.189","129","1032","275","1656",".179",".343",".285",".272",".033",".013","89.4","18.2",36.5,11.5,40.1,"99.756805263","94.123444",71.3,31.5,65.3,34.7,68.5,39,47.6,"28.8"
"Bichette, Bo",666182,2024,26,311,336,70,49,16,1,4,64,20,19,6,".225",".322",".277","0.599","0.097","100","809","122","1186",".248",".377",".264",".303","-0.055","-0.039","89.2","7.2",31.3,4.5,43.5,"100.896776504","94.778862816",76.7,11.4,42.8,57.2,88.6,22,56.4,"27.3"
"Carlson, Dylan",666185,2024,25,235,265,49,39,7,0,3,75,22,28.3,8.3,".209",".277",".287","0.564","0.068","65","704","147","1110",".198",".286",".257",".258","-0.009","-0.001","86.8","15.8",30.1,2.5,25.8,"96.530139877","92.297463602",70.8,26,45.9,54.1,74,31,48.2,"27.3"
"Naylor, Bo",666310,2024,24,354,389,71,46,10,2,13,122,29,31.4,7.5,".201",".350",".264","0.614","0.149","124","1037","194","1624",".194",".335",".269",".263",".015",".006","88.8","19.9",32.6,8.1,37.7,"98.72815","93.535266567",65.7,21.4,45.4,54.6,78.6,28.3,46.9,"26.6"
"Julien, Edouard",666397,2024,25,266,301,53,36,9,0,8,102,33,33.9,11,".199",".323",".292","0.615","0.124","86","747","137","1235",".193",".355",".278",".288","-0.032","-0.010","87.8","11.9",38.4,9.8,37.8,"98.889968415","93.491651402",63.1,21.9,63.3,36.7,78.1,30.9,40.6,"26.7"
"Morel, Christopher",666624,2024,25,535,611,105,70,11,3,21,159,61,26,10,".196",".346",".288","0.634","0.150","185","1456","338","2352",".222",".401",".280",".316","-0.055","-0.036","89.2","14.2",27.6,10.3,40.4,"101.221222105","94.784090605",68.8,27.2,51.4,48.6,72.8,34.1,47,"27.3"
"García, Adolis",666969,2024,31,580,637,130,78,27,0,25,177,45,27.8,7.1,".224",".400",".284","0.684","0.176","232","1640","407","2534",".223",".422",".296",".309","-0.022","-0.013","91","15",33.7,12.5,48.2,"101.827676765","95.435631691",75,24.6,51.6,48.4,75.4,34.3,52.1,"26.8"
"Gurriel Jr., Lourdes",666971,2024,30,513,553,143,101,22,2,18,101,29,18.3,5.2,".279",".435",".322","0.757","0.156","223","1391","187","2083",".265",".433",".327",".325",".002",".002","88.4","15.7",33.8,6.7,40,"99.549348469","93.921850288",69.5,11.8,37.6,62.4,88.2,20.2,51.1,"26.6"
"Julks, Corey",667452,2024,28,173,189,37,27,7,0,3,50,15,26.5,7.9,".214",".306",".275","0.581","0.092","53","497","82","767",".214",".315",".260",".270","-0.009","-0.010","84.9","15",33.9,3.2,29,"96.954618226","92.479937742",61.2,18,41.5,58.5,82,25.9,45.8,"28.5"
"Rooker, Brent",667670,2024,29,546,614,160,93,26,2,39,177,59,28.8,9.6,".293",".562",".365","0.927","0.269","307","1503","363","2378",".263",".566",".392",".381","-0.004",".011","91.9","18.9",38.3,16.7,49.6,"103.25238457","96.193453235",72.7,21.1,60.2,39.8,78.9,34.1,50.2,"27.6"
"Arozarena, Randy",668227,2024,29,549,648,120,67,33,0,20,169,73,26.1,11.3,".219",".388",".332","0.720","0.169","213","1699","298","2774",".213",".381",".320",".322",".007","-0.002","90.4","13.2",28.4,8.4,43.5,"100.904108177","94.731331384",59.5,25,40,60,75,29.7,41,"28.1"
"Rogers, Jake",668670,2024,29,310,337,61,34,16,1,10,99,22,29.4,6.5,".197",".352",".255","0.607","0.155","109","816","179","1258",".215",".420",".264",".299","-0.068","-0.035","89","15.7",32.9,9.9,41.8,"99.180639906","93.973828585",68.4,24.8,54.7,45.3,75.2,32.7,47.6,"27.1"
"Bleday, JJ",668709,2024,26,572,642,139,72,43,4,20,125,67,19.5,10.4,".243",".437",".324","0.761","0.194","250","1533","256","2483",".238",".413",".330",".322",".024",".008","88.5","18.6",37.1,8.3,36.2,"98.959573229","93.527316345",67.8,16.9,49.2,50.8,83.1,26.1,45.3,"27.6"
"Steer, Spencer",668715,2024,26,574,656,129,71,34,4,20,137,72,20.9,11,".225",".402",".319","0.721","0.177","231","1633","238","2621",".234",".392",".316",".321",".010","-0.005","88","17.4",34.2,6.4,39.9,"99.163434247","93.708755492",65,13.4,47.9,52.1,86.6,23.1,44.5,"28.2"
"Reynolds, Bryan",668804,2024,29,622,692,171,115,29,3,24,156,57,22.5,8.2,".275",".447",".344","0.791","0.172","278","1649","340","2604",".268",".472",".343",".353","-0.025","-0.010","89.9","9.4",37.5,9.6,45.4,"100.987209316","94.867542484",74.1,18.7,51.8,48.2,81.3,29.4,50.4,"28.0"
"McCann, Kyle",668832,2024,26,140,157,33,24,4,0,5,59,16,37.6,10.2,".236",".371",".318","0.689","0.135","52","388","125","636",".183",".363",".304",".279",".008",".025","89.6","12.5",30.9,12.3,38.3,"100.534877805","94.549176173",66.8,35.5,70.4,29.6,64.5,45.2,45.9,"25.3"
"Martin, Austin",668885,2024,25,233,257,59,39,18,1,1,47,20,18.3,7.8,".253",".352",".318","0.670","0.099","82","583","79","934",".260",".350",".297",".303",".002","-0.006","87.2","12.7",39.4,1.1,33.5,"96.642936413","92.431606902",69.6,15.4,46.9,53.1,84.6,21.4,45.5,"28.3"
"Vientos, Mark",668901,2024,24,413,454,110,61,22,0,27,135,33,29.7,7.3,".266",".516",".322","0.838","0.250","213","1142","275","1756",".241",".470",".356",".333",".046",".023","91.2","11.4",34.6,14.2,46.6,"102.544746312","95.741575567",68.5,25,53.1,46.9,75,34.4,49.9,"26.3"
"Lewis, Royce",668904,2024,25,292,325,68,36,16,0,16,74,28,22.8,8.6,".233",".452",".295","0.747","0.219","132","807","155","1233",".239",".437",".317",".318",".015","-0.001","87.1","16.8",36.3,11.2,37.7,"99.690144144","93.856491441",72.9,19.4,41.9,58.1,80.6,27,51.9,"26.6"
"Turang, Brice",668930,2024,24,559,619,142,107,24,4,7,105,50,17,8.1,".254",".349",".316","0.665","0.095","195","1632","132","2470",".261",".347",".294",".302",".002","-0.008","87","6.1",32,2.4,29.7,"96.869333063","92.521821874",64.5,9.3,25.5,74.5,90.7,13.8,47.7,"29.3"
"Rutschman, Adley",668939,2024,26,571,638,143,102,21,1,19,103,58,16.1,9.1,".250",".391",".318","0.709","0.141","223","1686","169","2593",".254",".405",".309",".320","-0.014","-0.011","88.2","18.8",35.4,6.1,36.6,"98.081119454","93.149039684",60.2,11.9,27.8,72.2,88.1,17.1,44.5,"26.6"
"Rojas, Josh",668942,2024,30,422,476,95,66,19,2,8,108,46,22.7,9.7,".225",".336",".304","0.640","0.111","142","1199","183","1901",".221",".361",".286",".296","-0.025","-0.010","88.2","15.5",35.6,5.7,38.2,"97.946263631","93.225198599",66.9,15.9,52.8,47.2,84.1,24.4,45.6,"27.0"
"Mitchell, Garrett",669003,2024,25,196,224,50,27,12,3,8,71,25,31.7,11.2,".255",".469",".342","0.811","0.214","92","541","121","891",".228",".372",".351",".311",".097",".040","88.8","2.8",34.6,8.7,37,"100.952074833","94.510744",68.8,27,68.9,31.1,73,34.8,44.4,"29.5"
"Melendez, MJ",669004,2024,25,412,451,85,42,23,3,17,113,35,25.1,7.8,".206",".400",".273","0.673","0.194","165","1197","240","1845",".237",".434",".292",".321","-0.034","-0.029","91.1","14.6",29.1,8.4,45.2,"101.49620396","95.196771409",77.9,24.1,43.7,56.3,75.9,29.5,52.5,"27.8"
"Marsh, Brandon",669016,2024,26,418,476,104,68,17,3,16,154,50,32.4,10.5,".249",".419",".328","0.747","0.170","175","1216","195","2007",".233",".418",".326",".327",".001","-0.001","91.6","13.8",40.7,10,47.4,"101.08883194","95.182442734",61.5,16.2,53.1,46.9,83.8,27.5,41.3,"28.2"
"Stowers, Kyle",669065,2024,26,192,209,40,24,11,2,3,74,13,35.4,6.2,".208",".333",".268","0.601","0.125","64","532","143","819",".217",".374",".265",".291","-0.041","-0.026","91","12.3",36.1,11,51.3,"102.156753559","95.709246525",78.7,27.1,55.7,44.3,72.9,36.1,54.5,"28.2"
"Langeliers, Shea",669127,2024,26,482,534,108,59,18,2,29,145,41,27.2,7.7,".224",".450",".288","0.738","0.226","217","1293","249","1993",".237",".461",".315",".328","-0.011","-0.013","91.3","16.3",35.3,12.8,44,"102.05460686","95.451719446",69.6,19.7,49.4,50.6,80.3,29.2,49.5,"27.8"
"Campusano, Luis",669134,2024,25,277,299,63,42,13,0,8,41,20,13.7,6.7,".227",".361",".281","0.642","0.134","100","678","90","1025",".243",".372",".282",".298","-0.011","-0.016","87.7","9.9",27.4,4.7,34.2,"98.345403475","93.277557745",69.1,14.4,34.4,65.6,85.6,20.5,50.9,"25.0"
"Murphy, Sean",669221,2024,29,233,264,45,29,5,1,10,67,27,25.4,10.2,".193",".352",".284","0.636","0.159","82","688","131","1064",".212",".403",".281",".310","-0.051","-0.029","88","10.5",25.7,9.6,36.5,"99.757961548","94.022077485",62.5,20.8,46.2,53.8,79.2,28.4,45.6,"25.2"
"Senzel, Nick",669222,2024,29,236,267,46,28,11,0,7,61,28,22.8,10.5,".195",".331",".283","0.614","0.136","78","655","103","1005",".228",".361",".273",".301","-0.030","-0.028","84","15.5",38.6,5.7,26.7,"95.746731264","91.876891724",66.4,16,47.9,52.1,84,23.9,47.1,"27.3"
"Wells, Austin",669224,2024,24,354,414,81,49,18,1,13,87,47,21,11.4,".229",".395",".322","0.717","0.166","140","1027","193","1638",".239",".436",".315",".341","-0.041","-0.026","88.4","17.1",34.5,9.1,38.9,"99.723567259","94.070969368",73.2,19.9,48.3,51.7,80.1,27.3,49.3,"26.7"
"Malloy, Justyn-Henry",669234,2024,24,202,230,41,25,7,1,8,85,23,37,10,".203",".366",".291","0.657","0.163","74","625","143","992",".179",".341",".291",".272",".025",".019","87.6","18.7",31.9,10.9,37.8,"98.290103167","93.208402605",65,27.9,69.2,30.8,72.1,36.6,43.9,"26.6"
"Edman, Tommy",669242,2024,29,139,153,33,21,5,1,6,30,11,19.6,7.2,".237",".417",".294","0.711","0.180","58","353","55","567",".217",".327",".307",".272",".090",".035","87.6","11.4",31.5,3.6,35.1,"96.992259821","92.61181955",66.8,14.8,47.9,52.1,85.2,24,46.2,"27.9"
"Smith, Will",669257,2024,29,476,544,118,72,24,2,20,105,51,19.3,9.4,".248",".433",".327","0.760","0.185","206","1434","186","2271",".238",".463",".326",".337","-0.030","-0.011","89.4","18.7",38.3,10.9,42,"99.318269153","93.929159392",66.6,15.4,34.3,65.7,84.6,20.9,46.2,"27.4"
"Suwinski, Jack",669261,2024,25,247,277,45,28,8,0,9,79,27,28.5,9.7,".182",".324",".264","0.588","0.142","80","702","117","1114",".218",".370",".260",".298","-0.046","-0.038","88.9","12.9",28.8,8.9,38.2,"100.854161429","94.49330497",67.6,18.1,58.3,41.7,81.9,27.4,46.5,"28.3"
"Espinal, Santiago",669289,2024,29,357,391,88,67,12,0,9,54,24,13.8,6.1,".246",".356",".295","0.651","0.110","127","978","91","1505",".258",".355",".285",".295",".001","-0.010","85.9","15",35,1.9,24.1,"94.957566883","91.492088339",68.9,9.4,28.8,71.2,90.6,14.8,49,"27.3"
"Miranda, Jose F",669304,2024,26,401,429,114,73,28,4,9,66,18,15.4,4.2,".284",".441",".322","0.763","0.157","177","1024","148","1540",".255",".412",".328",".311",".029",".017","88.9","15.5",33.9,5.9,38.9,"99.359747765","93.786600855",71,12.5,40.2,59.8,87.5,22.5,52.3,"25.9"
"Gorman, Nolan",669357,2024,24,365,402,74,40,15,0,19,151,34,37.6,8.5,".203",".400",".271","0.671","0.197","146","1045","275","1596",".206",".440",".290",".307","-0.040","-0.017","88.5","20.3",40.3,16.7,38.6,"100.727790741","94.443953953",71,28.9,62.2,37.8,71.1,38.7,51,"26.2"
"Edwards, Xavier",669364,2024,24,265,303,87,69,12,5,1,52,33,17.2,10.9,".328",".423",".397","0.820","0.095","112","744","83","1185",".252",".328",".359",".300",".095",".059","86.1","6.7",37.6,1.8,24.3,"95.052217333","91.536547476",70.3,12.7,28.6,71.4,87.3,16.9,47.5,"28.4"
"Burger, Jake",669394,2024,28,535,579,134,81,23,1,29,150,31,25.9,5.4,".250",".460",".301","0.761","0.210","246","1407","297","2081",".253",".483",".325",".339","-0.023","-0.014","91.3","13",32.4,12.4,46.8,"103.619986856","96.171144407",70,18.8,49.4,50.6,81.2,30.1,52.4,"27.9"
"Smith, Josh",669701,2024,26,523,592,135,91,30,1,13,121,46,20.4,7.8,".258",".394",".337","0.731","0.136","206","1498","201","2327",".242",".365",".323",".309",".029",".014","87.8","15.4",33.7,3.7,37.1,"98.306997711","93.25999596",66.9,14.9,40.9,59.1,85.1,21.8,47.1,"27.6"
"Triolo, Jared",669707,2024,26,394,446,85,65,10,1,9,118,42,26.5,9.4,".216",".315",".296","0.611","0.099","124","1116","204","1764",".226",".347",".275",".296","-0.032","-0.021","88.4","13.4",38.8,5.4,39.1,"99.388421871","93.892534424",70,19.6,49.5,50.5,80.4,27.4,47.7,"28.5"
"Hays, Austin",669720,2024,28,235,255,60,37,18,0,5,59,9,23.1,3.5,".255",".396",".303","0.699","0.141","93","580","121","845",".232",".380",".303",".294",".016",".009","88.9","14.9",30.2,6.7,40.2,"100.415422697","94.347982429",72.9,18.1,51.7,48.3,81.9,29.1,54.4,"27.1"
"Toglia, Michael",669911,2024,25,399,458,87,45,14,3,25,147,54,32.1,11.8,".218",".456",".311","0.767","0.238","182","1180","264","1920",".241",".514",".329",".360","-0.058","-0.031","92.1","15.1",39.2,17.3,50.2,"102.673791797","96.069366471",66.8,22.5,59.7,40.3,77.5,34.9,45.1,"27.4"
"Lopez, Nicky",670032,2024,29,398,445,96,80,12,3,1,67,37,15.1,8.3,".241",".294",".312","0.606","0.053","117","1051","135","1628",".227",".291",".275",".273",".003",".002","85","5.6",30,1.5,16.9,"94.065401402","91.042138226",68.6,13.5,34.1,65.9,86.5,19.4,48.5,"27.1"
"Raley, Luke",670042,2024,29,404,455,98,55,19,2,22,135,27,29.7,5.9,".243",".463",".320","0.783","0.220","187","1101","279","1713",".220",".433",".339",".321",".030",".018","90.1","13.5",31.5,11.1,41.8,"101.696067615","95.042152538",75.3,23.6,64.4,35.6,76.4,34.5,51.8,"28.9"
"Wallner, Matt",670242,2024,26,220,261,57,26,17,1,13,95,24,36.4,9.2,".259",".523",".372","0.895","0.264","115","633","173","1030",".230",".479",".385",".359",".044",".026","92.8","21.6",38.1,17.5,53.2,"104.61196127","96.920236746",71.8,31.3,56.4,43.6,68.8,38.4,47.8,"27.5"
"Alvarez, Yordan",670541,2024,27,552,635,170,99,34,2,35,95,69,15,10.9,".308",".567",".392","0.959","0.259","313","1422","185","2264",".300",".608",".402",".415","-0.041","-0.013","93.1","18.3",35.4,14.5,49.7,"104.097105087","96.703519522",68,11,36.6,63.4,89,19.9,47.8,"26.1"
"Paredes, Isaac",670623,2024,25,542,641,129,84,25,1,19,105,76,16.4,11.9,".238",".393",".346","0.739","0.155","213","1803","201","2853",".221",".350",".327",".309",".043",".018","85","22.4",37,4.5,27.1,"95.875582928","91.952619865",64.7,10.9,31.4,68.6,89.1,17.2,44.7,"25.9"
"Walls, Taylor",670764,2024,27,218,252,40,31,5,3,1,67,31,26.6,12.3,".183",".248",".282","0.530","0.065","54","622","100","1028",".183",".263",".245",".255","-0.015","-0.010","86.1","18.2",29.9,3.2,24,"95.086734605","91.544710263",69.3,18.6,47.6,52.4,81.4,25,45.1,"27.8"
"Friedl, TJ",670770,2024,28,297,341,67,48,5,1,13,52,26,15.2,7.6,".226",".380",".310","0.690","0.154","113","807","89","1286",".223",".322",".305",".293",".058",".012","86","16.7",29.9,3.2,31.5,"96.990036","92.527458326",62,11,36.7,63.3,89,17.9,43.4,"26.5"
"Herrera, Iván",671056,2024,24,229,259,69,51,12,1,5,53,25,20.5,9.7,".301",".428",".372","0.800","0.127","98","650","88","1036",".291",".464",".351",".370","-0.036","-0.019","89.3","9.2",38.2,9,42.1,"100.658165843","94.599725311",60.2,15.5,46.3,53.7,84.5,24.8,43.6,"27.3"
"Casas, Triston",671213,2024,24,212,243,51,30,8,0,13,77,30,31.7,12.3,".241",".462",".337","0.799","0.221","98","617","131","991",".216",".449",".342",".328",".013",".014","90.2","10.5",35.6,13.3,45.2,"101.435410588","95.112485926",65.8,26,50,50,74,32.2,44.5,"24.1"
"Ramos, Heliot",671218,2024,24,475,518,128,80,23,3,22,135,37,26.1,7.1,".269",".469",".322","0.791","0.200","223","1299","266","2011",".245",".485",".339",".338","-0.016",".001","91.5","10.4",34.3,14.7,47.5,"102.620742924","95.895956716",72.3,18.3,51.9,48.1,81.7,28.7,50.3,"27.9"
"García Jr., Luis",671277,2024,24,500,528,141,97,25,1,18,86,27,16.3,5.1,".282",".444",".318","0.762","0.162","222","1265","176","1883",".275",".461",".328",".335","-0.017","-0.007","89.1","8.2",32.8,8,41.7,"100.167127696","94.249397672",69.1,12.6,36.3,63.7,87.4,21.3,51.7,"27.2"
"Freeman, Tyler",671289,2024,25,330,383,69,47,14,1,7,53,28,13.8,7.3,".209",".321",".305","0.626","0.112","106","908","89","1381",".236",".345",".283",".307","-0.024","-0.024","87.7","13",30.7,3.2,34.6,"98.573015071","93.423975986",64.6,10.1,30.3,69.7,89.9,16.4,46.9,"28.2"
"Butler, Lawrence",671732,2024,23,412,451,108,60,24,2,22,108,35,23.9,7.8,".262",".490",".317","0.807","0.228","202","1154","209","1815",".253",".473",".345",".341",".017",".004","91.1","11.3",35.1,11.1,47.4,"101.824301046","95.302256275",69.2,19.6,44.7,55.3,80.4,26.9,47.7,"27.6"
"Harris II, Michael",671739,2024,23,440,470,116,83,14,3,16,94,23,20,4.9,".264",".418",".304","0.722","0.154","184","1168","200","1685",".280",".468",".312",".346","-0.050","-0.034","90.5","7.5",33.5,10,47,"103.329018908","96.053474224",69.6,18.5,37.3,62.7,81.5,25.1,55.1,"28.3"
"Bailey, Patrick",672275,2024,25,401,448,94,69,16,1,8,100,39,22.3,8.7,".234",".339",".298","0.637","0.105","136","1127","170","1787",".255",".404",".281",".322","-0.065","-0.041","91.3","12.1",37.9,5.5,43,"100.739347483","94.770639073",70.2,15.7,46.1,53.9,84.3,23.4,48.1,"25.2"
"Siani, Michael",672279,2024,24,298,334,68,57,7,2,2,92,21,27.5,6.3,".228",".285",".285","0.570","0.057","85","877","146","1289",".204",".270",".257",".246",".015",".011","84.4","5.1",32.6,2.3,22.6,"95.786961649","91.898789433",64.7,23.1,46.8,53.8,76.9,29.5,48.9,"28.3"
"Kelenic, Jarred",672284,2024,24,412,449,95,60,18,2,15,133,32,29.6,7.1,".231",".393",".286","0.679","0.162","162","1154","267","1758",".238",".424",".294",".311","-0.031","-0.017","89.8","16",38.2,9.9,45.2,"100.297571631","94.504780603",69.2,23.3,57.8,42.2,76.7,33.4,49.9,"27.9"
"Arias, Gabriel",672356,2024,24,153,161,34,21,9,1,3,53,6,32.9,3.7,".222",".353",".255","0.608","0.131","54","409","123","578",".218",".376",".263",".279","-0.023","-0.016","89.7","5.6",35.6,7.9,36.6,"101.274794118","94.824434059",80.1,29,58.6,41.4,71,38.4,60.9,"27.4"
"Kirk, Alejandro",672386,2024,25,340,386,86,61,19,1,5,51,35,13.2,9.1,".253",".359",".319","0.678","0.106","122","964","84","1495",".253",".403",".297",".329","-0.044","-0.032","89.4","10.8",34.6,6.7,40.9,"99.802023893","94.269440505",65.8,9.8,28.7,71.3,90.2,15.7,46.6,"24.7"
"Moreno, Gabriel",672515,2024,24,305,351,81,57,18,1,5,52,41,14.8,11.7,".266",".380",".353","0.733","0.114","116","963","102","1532",".251",".393",".325",".328","-0.013","-0.003","90","8.8",33.6,6.6,41,"99.887726484","94.221263359",59.2,15,29.1,70.9,85,18.5,41.2,"27.2"
"Garcia, Maikel",672580,2024,24,575,626,133,94,27,5,7,103,42,16.5,6.7,".231",".332",".281","0.613","0.101","191","1511","139","2360",".259",".373",".270",".305","-0.041","-0.035","90.4","6.4",34.1,3.7,42.8,"100.050927426","94.39492241",63.6,10.9,31.4,68.6,89.1,15.7,43.4,"27.9"
"Lopez, Otto",672640,2024,25,403,434,109,79,23,1,6,75,25,17.3,5.8,".270",".377",".313","0.690","0.107","152","1048","151","1545",".272",".402",".302",".317","-0.025","-0.015","88","5.4",30.4,5.1,38.9,"99.482984485","93.902266182",70.4,12.4,43.3,56.7,87.6,21.9,51.4,"28.7"
"Perdomo, Geraldo",672695,2024,24,337,388,92,66,21,2,3,58,36,14.9,9.3,".273",".374",".344","0.718","0.101","126","995","63","1580",".231",".326",".317",".287",".048",".030","87","16.9",28.9,3.1,25.8,"96.084793623","92.044093913",59.1,7.8,27.5,72.5,92.2,12.2,40.5,"27.0"
"Pérez, Wenceel",672761,2024,24,389,425,94,63,16,6,9,92,32,21.6,7.5,".242",".383",".300","0.683","0.141","149","1123","146","1754",".242",".366",".299",".297",".017",".002","88.4","18",37.7,4.4,30.6,"97.264471429","92.757975085",65,15.1,33.5,66.5,84.9,20.9,46.1,"28.2"
"Sosa, Lenyn",672820,2024,24,351,369,89,68,13,0,8,77,12,20.9,3.3,".254",".359",".283","0.642","0.105","126","959","119","1377",".276",".432",".280",".321","-0.073","-0.041","89","12.3",42.2,6.1,41.2,"99.355197445","93.909530839",67.9,13,32.4,67.6,87,19.8,52.7,"27.3"
"Diaz, Yainer",673237,2024,25,585,619,175,127,29,3,16,107,24,17.3,3.9,".299",".441",".325","0.766","0.142","258","1474","265","2128",".297",".467",".329",".343","-0.026","-0.014","90.2","8.9",35,7.6,47.5,"101.297056214","95.034359505",77.7,13.6,40,60,86.4,24,58.8,"27.1"
"Robert Jr., Luis",673357,2024,26,393,425,88,55,19,0,14,141,28,33.2,6.6,".224",".379",".278","0.657","0.155","149","1075","270","1609",".211",".378",".285",".283",".001",".002","90.1","13.5",35.6,9.9,40.7,"101.232868968","94.886076944",72.9,23.4,58.4,41.6,76.6,36.1,53.1,"28.8"
"Kim, Ha-Seong",673490,2024,28,403,470,94,64,16,3,11,77,58,16.4,12.3,".233",".370",".330","0.700","0.137","149","1223","103","1982",".245",".359",".308",".318",".011","-0.010","87.9","15.1",36.6,4.8,35.4,"98.621780994","93.412597329",55.3,13.3,25.1,74.9,86.7,16.1,38,"28.3"
"Suzuki, Seiya",673548,2024,29,512,585,145,91,27,6,21,160,63,27.4,10.8,".283",".482",".366","0.848","0.199","247","1511","210","2509",".252",".464",".365",".348",".018",".017","91.7","16.2",38.8,11.5,49.2,"102.565369326","95.834191408",59.6,16.6,46.1,53.9,83.4,24.5,39.6,"28.3"
"Jung, Josh",673962,2024,26,178,188,47,34,5,1,7,48,8,25.5,4.3,".264",".421",".298","0.719","0.157","75","471","98","693",".240",".409",".311",".296",".012",".015","86.2","12.2",38.2,9.9,39.7,"97.932886515","93.114510916",68.9,23.4,48,52,76.6,31.9,51.9,"27.3"
"Westburg, Jordan",676059,2024,25,416,447,110,61,26,5,18,97,22,21.7,4.9,".264",".481",".312","0.793","0.217","200","1088","206","1634",".275",".499",".340",".355","-0.018","-0.015","91.1","13.1",37.4,11.8,46.1,"101.801873375","95.272487",71.6,20.7,49.6,50.4,79.3,29.3,51,"29.0"
"DeLuca, Jonny",676356,2024,25,332,362,72,50,12,4,6,77,24,21.3,6.6,".217",".331",".278","0.609","0.114","110","910","144","1345",".229",".327",".269",".277",".004","-0.008","84.6","16.2",32.7,3.9,28,"96.24111608","92.14905868",71.3,17.1,35.8,64.2,82.9,24,53.8,"29.8"
"Velázquez, Nelson",676369,2024,25,205,230,41,24,8,1,8,61,19,26.5,8.3,".200",".366",".274","0.640","0.166","75","554","133","903",".213",".403",".280",".307","-0.037","-0.027","88.2","17.4",29.9,8.8,38.1,"99.364038514","93.836443129",70.6,23.3,64.5,35.5,76.7,35.5,46.5,"27.5"
"Clement, Ernie",676391,2024,28,434,452,114,78,21,3,12,41,11,9.1,2.4,".263",".408",".284","0.692","0.145","177","1068","100","1449",".251",".379",".297",".285",".029",".012","85.5","16.3",34.3,3.8,24.9,"95.659056327","91.830379974",70,9.3,23.1,76.9,90.7,14.4,57,"28.4"
"Burleson, Alec",676475,2024,25,547,595,147,106,20,0,21,76,35,12.8,5.9,".269",".420",".314","0.734","0.151","230","1428","187","2117",".270",".444",".319",".333","-0.024","-0.014","89.7","13.6",34.3,6.5,41.7,"99.381927173","94.012155751",77.5,13.4,31.9,68.1,86.6,19.2,55.7,"25.5"
"Caballero, José",676609,2024,27,441,483,100,66,24,1,9,133,27,27.5,5.6,".227",".347",".283","0.630","0.120","153","1287","247","1894",".213",".317",".277",".267",".030",".010","83.7","15.9",33.8,5.1,25.2,"96.196185563","92.133024917",66.8,17.9,47.9,52.1,82.1,28.9,50,"28.3"
"Meyers, Jake",676694,2024,28,461,513,101,65,20,3,13,117,35,22.8,6.8,".219",".360",".286","0.646","0.141","166","1183","216","1817",".233",".391",".285",".307","-0.031","-0.022","88.2","14.4",34.8,6.9,37,"99.317270058","93.726741906",68.4,16,49.7,50.3,84,27,49.1,"28.9"
"McCormick, Chas",676801,2024,29,242,267,51,39,6,1,5,72,17,27,6.4,".211",".306",".271","0.577","0.095","74","672","158","1010",".221",".361",".257",".286","-0.055","-0.029","86.2","15.2",32.2,7.5,32.8,"97.920374118","93.001741775",74.7,24.7,44.6,55.4,75.3,31.3,53.2,"28.7"
"Schneider, Davis",676914,2024,25,397,454,76,43,19,1,13,144,47,31.7,10.4,".191",".343",".282","0.625","0.152","136","1216","231","1974",".195",".368",".277",".293","-0.025","-0.016","88.6","21.4",38,12,38,"98.986742636","93.569243488",64,22.5,51.3,48.7,77.5,30.6,42.5,"27.2"
"Rocchio, Brayan",677587,2024,23,383,442,79,53,18,0,8,90,44,20.4,10,".206",".316",".298","0.614","0.110","121","1064","153","1669",".210",".308",".276",".279",".008","-0.003","84.6","9.4",36,4,22.3,"95.744136806","91.872068403",68.4,16.6,39.6,60.4,83.4,24.3,47.9,"26.8"
"Tena, José",677588,2024,23,161,168,43,35,5,0,3,41,7,24.4,4.2,".267",".354",".298","0.652","0.087","57","450","62","673",".252",".418",".286",".306","-0.064","-0.020","91.2","7.6",30.8,8.3,49.2,"100.972500862","95.33151313",67.3,16.2,40,60,83.8,24,50.2,"28.1"
"Rodríguez, Julio",677594,2024,23,567,613,155,118,17,0,20,156,38,25.4,6.2,".273",".409",".325","0.734","0.136","232","1567","360","2385",".270",".467",".321",".345","-0.058","-0.024","91.7","10.5",33.2,10.2,48.4,"103.553687536","96.325344116",74.6,21.2,47.1,52.9,78.8,30.9,54.3,"29.6"
"Duran, Ezequiel",677649,2024,25,268,285,66,52,11,0,3,63,14,22.1,4.9,".246",".321",".288","0.609","0.075","86","699","121","1011",".215",".319",".270",".257",".002",".013","87.1","8.9",28.2,3.4,35.9,"98.680111262","93.37676239",74.2,14,43.9,56.1,86,24.7,56.4,"28.8"
"Abreu, Wilyer",677800,2024,25,399,447,101,51,33,2,15,125,40,28,8.9,".253",".459",".322","0.781","0.206","183","1152","205","1806",".229",".433",".336",".324",".026",".012","91.6","19.2",33.7,11.2,50.5,"101.945020507","95.552365543",68.4,23.1,45.1,54.9,76.9,29.6,48.1,"27.5"
"Jiménez, Leo",677870,2024,23,179,210,41,26,11,0,4,59,12,28.1,5.7,".229",".358",".329","0.687","0.129","64","555","96","847",".225",".368",".308",".313","-0.010","-0.005","87.6","12.3",40.7,8.1,33.3,"97.300784098","92.763416942",64.2,19.7,44.1,55.9,80.3,27,46.3,"28.0"
"Alexander, Blaze",677942,2024,25,166,185,41,31,7,0,3,49,15,26.5,8.1,".247",".343",".321","0.664","0.096","57","456","85","714",".203",".290",".298",".262",".053",".036","88.5","8.5",22.9,3.4,34.7,"98.808795","93.553851293",75.1,18.8,56.1,43.9,81.2,29.6,51.5,"28.6"
"Witt Jr., Bobby",677951,2024,24,636,709,211,123,45,11,32,106,57,15,8,".332",".588",".389","0.977","0.256","374","1689","243","2600",".309",".583",".410",".407",".005",".003","92.7","15.1",35.7,14.3,48.3,"103.972880446","96.499868141",72.5,15.2,36.5,63.5,84.8,22.3,51.2,"30.5"
"Meadows, Parker",678009,2024,24,270,298,66,39,12,6,9,76,25,25.5,8.4,".244",".433",".310","0.743","0.189","117","760","137","1214",".229",".388",".321",".301",".045",".020","87","18.5",34.7,7.7,32.3,"97.956970619","93.056795751",65.9,16.4,53.1,46.9,83.6,27,45.5,"29.3"
"Vargas, Miguel",678246,2024,24,206,237,31,19,7,0,5,57,25,24.1,10.5,".150",".257",".249","0.506","0.107","53","620","83","1009",".175",".301",".233",".265","-0.044","-0.032","86.2","21.3",28.9,4.6,26.3,"96.03557","92.025289013",67.3,20.3,25.5,74.5,79.7,21.6,44.6,"28.6"
"Tovar, Ezequiel",678662,2024,22,655,695,176,101,45,4,26,200,23,28.8,3.3,".269",".469",".295","0.764","0.200","307","1817","457","2528",".231",".410",".324",".291",".059",".033","88.8","18.9",38.5,9,39.8,"99.306485852","93.964016332",82.1,21.9,53.5,46.5,78.1,33.5,62.3,"28.1"
"Noel, Jhonkensy",678877,2024,22,179,198,39,18,7,1,13,63,13,31.8,6.6,".218",".486",".288","0.774","0.268","87","510","116","725",".217",".444",".331",".325",".042",".006","88.6","19.3",30.8,14.5,36.8,"100.792552542","94.452483077",66.1,19.5,50.3,49.7,80.5,34.2,54.1,"28.1"
"Rafaela, Ceddanne",678882,2024,23,544,571,134,91,23,5,15,151,15,26.4,2.6,".246",".390",".274","0.664","0.144","212","1506","354","2070",".227",".374",".286",".276",".016",".010","86.6","14.9",34.9,7.5,36.9,"98.205036294","93.166643181",78.5,24.2,46.8,53.2,75.8,33,61.9,"28.8"
"Rojas, Johan",679032,2024,23,338,363,82,64,12,3,3,69,13,19,3.6,".243",".322",".279","0.601","0.079","109","916","131","1329",".225",".304",".265",".258",".018",".007","85.7","4.8",22,2.5,27.4,"97.163679462","92.590351731",61.8,15.7,35,65,84.3,22.7,48.8,"30.1"
"Torkelson, Spencer",679529,2024,24,342,381,75,43,21,1,10,105,33,27.6,8.7,".219",".374",".295","0.669","0.155","128","1006","169","1593",".209",".358",".295",".285",".016",".010","89","20.2",31.5,6.8,39.7,"99.687498067","94.009349451",66.9,17.5,54.5,45.5,82.5,26.6,46,"27.2"
"Loftin, Nick",679845,2024,25,148,171,28,23,4,0,1,24,19,14,11.1,".189",".236",".282","0.518","0.047","35","377","35","626",".224",".307",".242",".286","-0.071","-0.044","83.6","9.9",30.7,3.1,26,"95.328331587","91.737416905",65.6,6,42.6,57.4,94,15.3,42.8,"27.7"
"Schuemann, Max",680474,2024,27,396,459,87,66,14,0,7,119,47,25.9,10.2,".220",".308",".311","0.619","0.088","122","1143","196","1835",".221",".350",".281",".300","-0.042","-0.019","89","16.6",39.5,5.6,37.4,"97.729409209","93.097394065",62.7,21.2,50,50,78.8,28.5,42.5,"27.8"
"Palacios, Richie",680700,2024,27,264,316,59,45,8,1,5,67,45,21.2,14.2,".223",".318",".346","0.664","0.095","84","775","127","1281",".247",".342",".303",".325","-0.024","-0.022","86.2","14",36.4,3.5,30.3,"96.843483131","92.444278274",71,18.2,43.8,55.6,81.8,24.7,46.7,"27.9"
"Barger, Addison",680718,2024,24,208,225,41,23,11,0,7,60,14,26.7,6.2,".197",".351",".250","0.601","0.154","73","575","92","860",".226",".397",".262",".294","-0.046","-0.032","88.3","12.1",32.9,8.7,38.3,"100.557905","94.503054898",61,19.4,43.7,56.3,80.6,27.6,46.3,"28.0"
"Kwan, Steven",680757,2024,26,480,540,140,107,16,3,14,51,53,9.4,9.8,".292",".425",".368","0.793","0.133","204","1346","54","2165",".283",".392",".349",".337",".033",".012","86.3","14.9",38.5,2.6,23.7,"95.04543782","91.531639359",57.8,4.3,20.4,79.6,95.7,8.2,39.1,"27.1"
"Duran, Jarren",680776,2024,27,671,735,191,108,48,14,21,160,54,21.8,7.3,".285",".492",".342","0.834","0.207","330","1832","276","2844",".267",".456",".357",".340",".036",".017","90.8","9.5",33.8,9.3,43.9,"101.928155512","95.341113209",68.2,15.6,47.2,52.8,84.4,24.8,48.3,"29.6"
"Jeffers, Ryan",680777,2024,27,412,465,93,50,22,0,21,94,32,20.2,6.9,".226",".432",".300","0.732","0.206","178","1194","177","1807",".224",".394",".317",".307",".038",".010","86.9","16.2",31.7,8.3,33.8,"99.008221173","93.57098291",64,15.6,37.1,62.9,84.4,23.6,48.5,"26.3"
"Gelof, Zack",680869,2024,24,497,547,105,66,20,2,17,188,38,34.4,6.9,".211",".362",".270","0.632","0.151","180","1361","354","2055",".198",".353",".276",".273",".009",".003","89.2","14.2",34.4,8.9,37.2,"98.970921935","93.611147032",72.1,26,63,37,74,36.4,51.5,"28.7"
"Donovan, Brendan",680977,2024,27,587,652,163,112,34,3,14,81,47,12.4,7.2,".278",".417",".342","0.759","0.139","245","1577","143","2487",".275",".432",".332",".341","-0.015","-0.009","88.7","13.2",36.6,5.5,37.6,"98.552237391","93.418618597",63.7,8.6,33.4,66.6,91.4,15.1,44.2,"27.0"
"Stott, Bryson",681082,2024,26,506,571,124,92,19,2,11,93,53,16.3,9.3,".245",".356",".315","0.671","0.111","180","1503","137","2307",".254",".369",".296",".310","-0.013","-0.014","87","14",35.3,3.6,30.8,"97.149266143","92.631038831",59.7,13.3,24.8,75.2,86.7,17,44.1,"29.1"
"Bride, Jonah",681146,2024,28,232,272,64,43,10,0,11,55,30,20.2,11,".276",".461",".357","0.818","0.185","107","726","65","1157",".224",".339",".351",".304",".122",".047","87.1","11.8",29.9,5.4,33.7,"97.444142826","92.857149348",52.3,11.5,28.5,71.5,88.5,16.7,38.2,"26.9"
"Cowser, Colton",681297,2024,24,499,561,121,70,24,3,24,172,52,30.7,9.3,".242",".447",".321","0.768","0.205","223","1465","273","2311",".230",".456",".331",".333","-0.009","-0.002","90.5","13",32.1,13.6,46.1,"101.838992303","95.374243739",64,20.1,56.7,43.3,79.9,30.4,44.5,"28.2"
"O'Hoppe, Logan",681351,2024,24,479,522,117,79,17,1,20,155,33,29.7,6.3,".244",".409",".303","0.712","0.165","196","1308","317","1983",".248",".463",".311",".333","-0.054","-0.022","90.4","15.3",42.9,12,46.3,"101.233350982","95.0870388",72.6,22.6,54.3,45.7,77.4,33.6,52,"28.1"
"Norby, Connor",681393,2024,24,178,194,42,24,9,0,9,64,15,33,7.7,".236",".438",".294","0.732","0.202","78","516","132","759",".224",".448",".316",".316","-0.010",".000","86.2","17",47,14.8,39.1,"99.109980172","93.692715217",80.1,26.5,48.9,51.1,73.5,33.2,57.6,"29.3"
"Carpenter, Kerry",681481,2024,26,264,296,75,36,16,5,18,75,22,25.3,7.4,".284",".587",".345","0.932","0.303","155","734","150","1131",".261",".563",".390",".379",".024",".011","90.5","17.6",40.1,17.8,46.4,"100.928032292","94.944129215",70.4,18.4,54,46,81.6,30.3,50.5,"27.7"
"Outman, James",681546,2024,27,136,156,20,12,4,0,4,55,16,35.3,10.3,".147",".265",".256","0.521","0.118","36","412","95","634",".200",".334",".242",".290","-0.069","-0.048","87.6","15.3",38.3,5,38.3,"100.237923902","94.412729136",67.3,25,65.6,34.4,75,37.1,47.6,"28.8"
"Pages, Andy",681624,2024,23,403,443,100,63,23,1,13,108,29,24.4,6.5,".248",".407",".305","0.712","0.159","164","1127","187","1719",".248",".434",".310",".324","-0.027","-0.014","88.6","20.8",40.8,10.7,40.1,"100.310081745","94.262423423",71.2,19.4,41.8,58.2,80.6,26.1,51,"28.3"
"Fry, David",681807,2024,28,335,392,88,55,18,1,14,84,42,21.4,10.7,".263",".448",".356","0.804","0.185","150","977","159","1515",".245",".406",".347",".330",".042",".017","88.3","19.6",36.9,7.5,37.6,"99.146678031","93.715471417",70.9,16.2,46,54,83.8,24.8,49.2,"26.2"
"Schneemann, Daniel",682177,2024,27,193,221,42,25,10,2,5,70,25,31.7,11.3,".218",".368",".303","0.671","0.150","71","565","114","901",".208",".316",".295",".280",".052",".015","88.5","11.1",41.3,4.8,38.1,"98.405974921","93.326836825",74.5,24.5,52.7,47.3,75.5,31.7,49.1,"28.3"
"Marte, Noelvi",682622,2024,22,229,242,48,35,9,0,4,75,9,31,3.7,".210",".301",".248","0.549","0.091","69","600","123","882",".225",".353",".243",".272","-0.052","-0.029","87","11.4",33.5,6.5,36.1,"98.631095256","93.351013935",74.4,19.1,53.9,46.1,80.9,32.1,54.1,"28.8"
"Alvarez, Francisco",682626,2024,22,308,342,73,46,14,2,11,86,30,25.1,8.8,".237",".403",".307","0.710","0.166","124","848","162","1331",".218",".372",".310",".296",".031",".014","88.8","6.9",27.2,6.7,42,"101.298215536","94.784205516",64.2,20.2,49.2,50.8,79.8,29.6,46.1,"25.8"
"Matos, Luis",682641,2024,22,150,156,32,22,5,0,5,24,5,15.4,3.2,".213",".347",".237","0.584","0.134","52","381","35","544",".239",".366",".250",".271","-0.019","-0.021","86.9","14.1",29.1,3.9,37,"98.298414688","93.205182992",68.9,7.6,28.8,71.2,92.4,15.6,54.2,"27.8"
"Martínez, Angel",682657,2024,22,151,169,35,25,7,0,3,33,15,19.5,8.9,".232",".338",".298","0.636","0.106","51","455","51","677",".225",".323",".282",".281",".015",".001","86.5","14.9",29.8,1.7,32.2,"96.829146271","92.477339068",62.2,11.8,32.8,67.2,88.2,19.8,48.6,"27.6"
"De La Cruz, Elly",682829,2024,22,618,696,160,89,36,10,25,218,69,31.3,9.9,".259",".471",".339","0.810","0.212","291","1707","354","2751",".237",".437",".349",".330",".034",".019","91.8","9.7",35.7,12.7,45.7,"102.95535404","95.90272362",61.7,23.2,54.2,45.8,76.8,33.4,43.4,"30.0"
"Abrams, CJ",682928,2024,23,541,602,133,78,29,6,20,128,40,21.3,6.6,".246",".433",".314","0.747","0.187","234","1517","256","2261",".243",".413",".322",".320",".020",".002","88.2","15.1",33,7,40.7,"99.496479615","93.910198048",70.5,18.4,37.5,62.5,81.6,24.7,53.3,"28.5"
"Greene, Riley",682985,2024,23,512,584,134,77,27,6,24,156,64,26.7,11,".262",".479",".348","0.827","0.217","245","1481","254","2415",".247",".486",".355",".354","-0.007",".001","91.3","12.2",39.1,13.4,47.1,"102.088081676","95.54007409",66.4,19.3,46,54,80.7,26.8,44.3,"27.7"
"Carroll, Corbin",682998,2024,23,589,684,136,78,22,14,22,130,73,19,10.7,".231",".428",".322","0.750","0.197","252","1609","183","2648",".239",".401",".325",".328",".027","-0.003","89.3","12",27.8,7.2,40.8,"101.055665665","94.755672366",59.8,13,36,64,87,20.3,41.4,"29.6"
"Henderson, Gunnar",683002,2024,23,630,719,177,102,31,7,37,159,78,22.1,10.8,".281",".529",".364","0.893","0.248","333","1765","278","2896",".279",".499",".381",".374",".030",".007","92.8","9.2",34.5,11.2,53.9,"104.002332911","96.835723291",66.7,17.5,42.8,57.2,82.5,24.4,44.2,"28.9"
"Volpe, Anthony",683011,2024,23,637,689,155,109,27,7,12,156,42,22.6,6.1,".243",".364",".293","0.657","0.121","232","1866","266","2797",".232",".335",".287",".278",".029",".009","87.7","8.4",33.3,3.9,35.4,"98.177841555","93.206482989",65.4,16.5,37.4,62.6,83.5,22.6,48.1,"28.6"
"Baty, Brett",683146,2024,24,153,171,35,28,3,0,4,42,16,24.6,9.4,".229",".327",".306","0.633","0.098","50","452","77","676",".208",".347",".282",".284","-0.020","-0.002","86.6","10.3",27.7,5.4,33,"99.354530364","93.683074727",69.1,16,48.6,51.4,84,26.2,50.9,"26.9"
"Vaughn, Andrew",683734,2024,26,570,619,140,90,30,1,19,132,38,21.3,6.1,".246",".402",".297","0.699","0.156","229","1547","218","2337",".241",".443",".304",".320","-0.041","-0.016","90.3","16.6",33.6,9.3,43.3,"100.921632928","94.702971332",66.8,11.8,41.5,58.5,88.2,22,49.4,"26.3"
"Busch, Michael",683737,2024,26,496,567,123,72,28,2,21,162,63,28.6,11.1,".248",".440",".335","0.775","0.192","218","1444","252","2365",".217",".432",".336",".324",".008",".012","89.9","17.2",36.4,11.3,39.9,"99.992212321","94.35127744",68.6,20,51.2,48.8,80,28.4,45.2,"27.3"
"Frelick, Sal",686217,2024,24,475,524,123,95,22,4,2,78,39,14.9,7.4,".259",".335",".320","0.655","0.076","159","1314","94","2046",".246",".309",".292",".283",".026",".009","83.4","9.7",30,0.8,19.5,"94.439757846","91.272403907",56.9,7.8,24.3,75.7,92.2,12.9,41.5,"29.3"
"Pasquantino, Vinnie",686469,2024,26,496,554,130,79,30,2,19,71,40,12.8,7.2,".262",".446",".315","0.761","0.184","221","1374","124","2133",".264",".452",".325",".336","-0.006","-0.011","91","14.6",31.9,7.1,46.5,"100.997993151","94.970921142",66.3,7.5,28.4,71.6,92.5,14.5,47.8,"25.6"
"Canzone, Dominic",686527,2024,26,168,188,33,18,7,0,8,53,18,28.2,9.6,".196",".381",".271","0.652","0.185","64","470","106","696",".212",".435",".280",".310","-0.054","-0.030","89.9","9.1",31.6,11.1,44.4,"101.759585593","95.324768718",68.8,23.8,52.2,47.8,76.2,34.4,52.2,"27.1"
"Doyle, Brenton",686668,2024,26,542,603,141,90,24,4,23,153,46,25.4,7.6,".260",".446",".317","0.763","0.186","242","1400","294","2158",".249",".442",".328",".330",".004","-0.002","89.2","13.2",37.4,10.5,41.4,"100.983223096","94.67619269",74.4,17.9,56.9,43.1,82.1,29.8,51.4,"29.3"
"Lee, Korey",686676,2024,25,377,394,79,52,14,1,12,122,17,31,4.3,".210",".347",".244","0.591","0.137","131","982","268","1429",".209",".342",".257",".257",".005",".000","88.3","9.6",34.1,7.5,37.6,"99.5141412","93.7992936",80.2,28.5,58.6,41.4,71.5,37.1,58.9,"27.6"
"Massey, Michael",686681,2024,26,332,356,86,53,17,2,14,56,15,15.7,4.2,".259",".449",".294","0.743","0.190","149","912","105","1330",".256",".429",".317",".315",".020",".002","89.2","16.8",34.4,7.1,36.9,"98.396031151","93.36810777",67.5,8.7,33.9,66.1,91.3,17.9,52,"26.8"
"Pagés, Pedro",686780,2024,25,202,218,48,36,3,2,7,58,13,26.6,6,".238",".376",".281","0.657","0.138","76","585","92","849",".223",".354",".286",".283",".022",".003","89","11.8",32,4.9,40.4,"99.177856111","93.608837639",66.4,16.3,46.2,53.8,83.7,26.1,51,"25.9"
"Lee, Brooks",686797,2024,23,172,185,38,28,6,1,3,27,11,14.6,5.9,".221",".320",".265","0.585","0.099","55","421","57","614",".243",".355",".252",".282","-0.035","-0.030","85.8","12.5",36.7,4.1,24.5,"95.626582877","91.813291438",67.5,9.8,41.1,58.9,90.2,20.2,52.3,"25.6"
"Brennan, Will",686823,2024,26,330,353,87,64,13,2,8,48,19,13.6,5.4,".264",".388",".309","0.697","0.124","128","835","99","1230",".267",".381",".303",".306",".007","-0.003","86","13.3",31.1,4.6,32.5,"97.132881418","92.582691388",75.2,13,29.9,70.1,87,18.1,54.8,"28.2"
"Neto, Zach",687263,2024,23,542,602,135,77,34,1,23,140,39,23.3,6.5,".249",".443",".318","0.761","0.194","240","1496","272","2289",".233",".421",".330",".319",".022",".011","88.5","12.3",29,8.4,38.8,"100.130832864","94.28058907",67.9,17.8,45.7,54.3,82.2,27.1,48.9,"28.2"
"Scott II, Victor",687363,2024,23,145,155,26,15,9,0,2,42,6,27.1,3.9,".179",".283",".219","0.502","0.104","41","372","64","568",".202",".322",".221",".251","-0.039","-0.030","88.4","12.1",33.3,5.7,33.3,"98.5566202","93.434588081",70.5,15.5,53.1,46.9,84.5,26.1,50.5,"30.0"
"Ortiz, Joey",687401,2024,25,440,511,105,63,25,6,11,103,56,20.2,11,".239",".398",".329","0.727","0.159","175","1337","112","2124",".232",".347",".319",".307",".051",".012","87.8","9.9",26.6,4.7,38.4,"99.391509467","93.766433018",53.6,9.9,33.3,66.7,90.1,17.1,39.4,"28.7"
"Horwitz, Spencer",687462,2024,26,328,381,87,56,19,0,12,70,42,18.4,11,".265",".433",".357","0.790","0.168","142","1009","115","1582",".250",".427",".344",".340",".006",".004","88.2","13.7",37.4,8,36.6,"98.212716794","93.175509618",65.5,15.5,29.6,70.4,84.5,19.4,46,"25.2"
"Beck, Jordan",687597,2024,23,170,184,32,23,6,0,3,65,12,35.3,6.5,".188",".276",".245","0.521","0.088","47","454","104","659",".208",".332",".231",".265","-0.056","-0.034","86.1","13.4",32.1,6.6,32.1,"98.643486981","93.335075283",73.4,26.3,53.6,46.4,73.7,34.8,53.6,"28.6"
"Wisely, Brett",689172,2024,25,252,272,60,42,13,1,4,65,13,23.9,4.8,".238",".345",".278","0.623","0.107","87","657","90","988",".215",".325",".272",".263",".020",".009","86.8","16.2",29.7,5.3,31.6,"96.94857663","92.51248388",67.3,13.2,44.5,55.5,86.8,22.5,49.5,"27.8"
"Keith, Colt",690993,2024,22,516,556,134,102,15,4,13,110,36,19.8,6.5,".260",".380",".309","0.689","0.120","196","1326","200","2022",".266",".400",".301",".315","-0.020","-0.014","87.8","11.3",34.6,5.6,35.3,"98.472613627","93.330372181",68.1,13.4,44.4,55.6,86.6,23.2,48.6,"27.7"
"Soderstrom, Tyler",691016,2024,22,189,213,44,25,10,0,9,53,20,24.9,9.4,".233",".429",".315","0.744","0.196","81","482","99","770",".235",".493",".322",".351","-0.064","-0.029","91.9","9.6",31.4,14.6,49.6,"102.485036087","95.728140219",69.7,18.8,55.7,44.3,81.2,30.1,48.7,"27.0"
"Walker, Jordan",691023,2024,22,164,178,33,17,10,1,5,50,10,28.1,5.6,".201",".366",".253","0.619","0.165","60","440","100","669",".206",".366",".268",".278",".000","-0.010","91.2","9.4",29.3,9.5,43.1,"101.753692241","95.20491069",68.3,17,59.6,40.4,83,31.6,49.6,"28.4"
"Winn, Masyn",691026,2024,22,587,637,157,105,32,5,15,109,41,17.1,6.4,".267",".416",".314","0.730","0.149","244","1684","183","2558",".253",".363",".315",".295",".053",".020","87","13.2",33.5,3.7,32.7,"98.144268452","93.085870398",62.7,12.9,32.3,67.7,87.1,19,47,"28.8"
"Caminero, Junior",691406,2024,20,165,177,41,25,9,1,6,38,11,21.5,6.2,".248",".424",".299","0.723","0.176","70","413","85","629",".234",".412",".309",".303",".012",".006","89.7","6.8",25.2,11.8,45.7,"102.966914286","95.641090317",63.1,22.2,45.2,54.8,77.8,31.7,47.7,"26.4"
"Crow-Armstrong, Pete",691718,2024,22,372,410,88,59,13,6,10,98,21,23.9,5.1,".237",".384",".286","0.670","0.147","143","1004","215","1421",".221",".377",".289",".286",".007",".003","88.9","17.2",33.3,7.4,36.8,"98.797836565","93.630440766",79.7,24.6,40.4,59.9,75.6,29.9,60.7,"30.0"
"Gonzales, Nick",693304,2024,25,359,387,97,68,19,3,7,74,18,19.1,4.7,".270",".398",".311","0.709","0.128","143","919","168","1371",".269",".415",".307",".322","-0.017","-0.015","87.9","13",34.1,8,36.9,"98.826293958","93.505191185",78.4,17.4,42.3,57.7,82.6,24.9,56.2,"29.2"
"Chourio, Jackson",694192,2024,20,528,573,145,91,29,4,21,121,39,21.1,6.8,".275",".464",".327","0.791","0.189","245","1397","242","2103",".267",".431",".339",".327",".033",".012","89.7","7.6",33.2,7.8,44.9,"100.832969557","94.831073407",66.1,17.3,47,53,82.7,27.1,48.8,"29.7"
"Schanuel, Nolan",694384,2024,22,519,607,130,98,19,0,13,103,68,17,11.2,".250",".362",".343","0.705","0.112","188","1457","121","2356",".253",".361",".315",".322",".001","-0.007","86.1","10.3",36.4,3.5,25.4,"95.305191333","91.662606993",62,9.9,27.2,72.8,90.1,14.4,41.8,"26.4"
"Loperfido, Joey",694388,2024,25,243,262,52,31,13,4,4,95,13,36.3,5,".214",".350",".264","0.614","0.136","85","668","158","1003",".204",".315",".268",".256",".035",".012","88.3","12.9",40.7,4,34.7,"97.968544189","93.030415608",72.9,23,62.4,37.6,77,35.4,52.4,"28.8"
"Carter, Evan",694497,2024,21,144,162,27,14,6,2,5,43,15,26.5,9.3,".188",".361",".272","0.633","0.173","52","392","52","648",".204",".341",".278",".282",".020","-0.004","86","13.9",33.3,5.9,32.4,"97.157820196","92.58927951",56.2,15.7,49.1,50.9,84.3,23.4,38.3,"29.7"
"Langford, Wyatt",694671,2024,22,499,557,126,81,25,4,16,115,51,20.6,9.2,".253",".415",".325","0.740","0.162","207","1382","194","2256",".252",".435",".321",".332","-0.020","-0.011","89.6","16.6",31.3,9.4,43.4,"101.211098854","94.807365599",64.3,16.8,38.5,61.5,83.2,22.9,42.8,"29.8"
"Wood, James",695578,2024,21,295,336,78,52,13,4,9,97,39,28.9,11.6,".264",".427",".354","0.781","0.163","126","853","137","1404",".265",".449",".342",".354","-0.022","-0.012","92.8","2.4",31.3,10.7,52,"104.677013333","97.028448782",55.4,20,55.1,44.9,80,29.6,38.2,"28.7"
"Goodman, Hunter",696100,2024,24,211,224,40,18,9,0,13,64,8,28.6,3.6,".190",".417",".228","0.645","0.227","88","574","133","828",".205",".409",".274",".280",".008","-0.006","88.2","16.5",32.9,12.8,39.6,"100.1496636","94.135665034",78.3,19.6,52.3,47.7,80.4,31.5,58,"28.0"
"Young, Jacob",696285,2024,24,468,521,120,92,24,1,3,102,30,19.6,5.8,".256",".331",".316","0.647","0.075","155","1283","136","1955",".254",".323",".290",".291",".008","-0.001","85.8","4",28.1,1.6,28.9,"96.872142235","92.486924676",60.3,12.1,36.6,63.4,87.9,19.3,44.9,"29.7"
"Rice, Ben",700250,2024,25,152,178,26,13,6,0,7,48,20,27,11.2,".171",".349",".264","0.613","0.178","53","439","74","724",".229",".460",".269",".338","-0.111","-0.069","90","17.7",34.9,15.6,36.7,"99.671896909","94.277701284",72.9,17.6,53.2,46.8,82.4,25.8,46,"27.5"
"Manzardo, Kyle",700932,2024,23,145,156,34,17,12,0,5,41,9,26.3,5.8,".234",".421",".282","0.703","0.187","61","413","69","636",".196",".390",".303",".276",".031",".027","89.1","22.1",31.4,9.5,40,"99.627054528","94.056427333",64.6,19,48.3,51.7,81,27.6,46.7,"25.9"
"Merrill, Jackson",701538,2024,21,554,593,162,101,31,6,24,101,29,17,4.9,".292",".500",".326","0.826","0.208","277","1486","219","2214",".300",".547",".352",".375","-0.047","-0.023","90.4","14.6",39.6,11.3,43.9,"100.811784978","94.735707484",80.1,13.9,35.3,64.7,86.1,20.5,56.9,"28.5"
"Lipscomb, Trey",702358,2024,24,190,211,38,34,3,0,1,40,16,19,7.6,".200",".232",".268","0.500","0.032","44","519","81","780",".228",".294",".231",".271","-0.062","-0.040","86.5","0.7",23,0.7,31.6,"97.923016133","92.984215",68.7,15.3,46.1,53.9,84.7,25.3,50.8,"27.5"
"Holliday, Jackson",702616,2024,20,190,208,36,25,4,2,5,69,15,33.2,7.2,".189",".311",".255","0.566","0.122","59","523","109","826",".190",".337",".251",".263","-0.026","-0.012","89.3","8.6",27,8.2,45.1,"100.212039508","94.576202541",65.6,24.3,57,43,75.7,34.1,46.1,"29.4"
"Yoshida, Masataka",807799,2024,30,378,421,106,75,21,0,10,52,27,12.4,6.4,".280",".415",".349","0.764","0.135","157","1021","83","1593",".256",".408",".336",".327",".007",".009","88","10.5",36.3,5.5,37.5,"99.0909025","93.581912866",64.8,8.7,30.5,69.5,91.3,14.6,45.4,"26.1"
"Lee, Jung Hoo",808982,2024,25,145,158,38,32,4,0,2,13,10,8.2,6.3,".262",".331",".310","0.641","0.069","48","377","20","569",".276",".415",".284",".324","-0.084","-0.040","89.1","9.2",29.1,4.5,41.8,"99.547595821","93.996025338",57.8,6.1,18.8,81.2,93.9,9.6,43.9,"28.4"
"Maldonado, Martín",455117,2025,38,147,161,30,20,6,0,4,57,8,35.4,5,".204",".327",".245","0.572","0.123","48","387","92","569",".192",".344",".251",".251","-0.017",".000","86","16.1",30.2,9.4,28.1,"97.990749545","93.002430341",56.6,27.3,62.2,39,72.7,38.4,45.3,"23.1"
"Solano, Donovan",456781,2025,37,166,179,41,33,4,1,3,40,8,22.3,4.5,".247",".337",".291","0.628","0.090","56","487","84","704",".223",".320",".277",".259",".017",".018","87.4","12.7",35.9,3.9,37.5,"97.96341","93.101891328",65.9,16.7,45.2,54.8,83.3,26.4,51.7,"25.0"
"McCutchen, Andrew",457705,2025,38,477,551,114,79,22,0,13,118,67,21.4,12.2,".239",".367",".333","0.700","0.128","175","1389","247","2267",".258",".415",".309",".333","-0.048","-0.024","89.5","14.5",34.5,8.4,42.5,"100.124243278","94.328514568",69,19.5,50,50,80.5,26.2,45.6,"27.1"
"Turner, Justin",457759,2025,40,169,191,37,27,7,0,3,37,17,19.4,8.9,".219",".314",".288","0.602","0.095","53","503","58","801",".237",".360",".268",".297","-0.046","-0.029","88.3","17.9",38.2,3.7,30.9,"97.129182059","92.660234118",66.3,11.3,32.7,67.3,88.7,17.3,47.6,"25.3"
"Santana, Carlos",467793,2025,39,415,474,91,69,11,0,11,91,52,19.2,11,".219",".325",".308","0.633","0.106","135","1198","189","1978",".216",".346",".284",".290","-0.021","-0.006","87.6","16.7",31.1,4.9,37.8,"99.228050732","93.64377436",65.8,15.2,47.2,52.8,84.8,24.3,45,"25.6"
"Rojas, Miguel",500743,2025,36,290,317,76,51,18,0,7,46,24,14.5,7.6,".262",".397",".318","0.715","0.135","115","750","78","1166",".249",".358",".312",".292",".039",".020","87.6","12.9",34.4,4.1,31.2,"97.377713277","92.731858692",63.1,9.3,38.2,61.8,90.7,17.9,44.9,"25.9"
"Pham, Tommy",502054,2025,37,392,449,96,68,17,1,10,94,50,20.9,11.1,".245",".370",".330","0.700","0.125","145","1071","143","1706",".246",".396",".308",".318","-0.026","-0.010","91.6","6.9",32.7,6.6,47.2,"102.224109934","95.517309701",60.7,15.2,53,47,84.8,22.9,42.7,"27.2"
"Goldschmidt, Paul",502671,2025,37,489,534,134,92,31,1,10,100,36,18.7,6.7,".274",".403",".328","0.731","0.129","197","1365","179","2092",".266",".450",".316",".329","-0.047","-0.013","90.4","15.9",36.1,8,43.7,"100.708316256","94.748625913",66.2,16.4,31.5,68.5,83.6,20.5,47.8,"26.1"
"Altuve, Jose",514888,2025,35,588,654,156,105,24,1,26,109,55,16.7,8.4,".265",".442",".329","0.771","0.177","260","1544","190","2314",".237",".384",".331",".300",".058",".031","85.1","17.7",29.8,6.2,30.9,"97.313797857","92.666821705",63.7,13.3,30.5,69.5,86.7,20.7,50,"26.9"
"Marte, Starling",516782,2025,36,293,329,79,56,14,0,9,68,22,20.7,6.7,".270",".410",".335","0.745","0.140","120","834","140","1255",".243",".391",".326",".315",".019",".011","87.6","10",32.6,7.9,40.4,"100.870151441","94.586623167",67.7,17.4,49.2,50.8,82.6,26.4,49.7,"26.6"
"d'Arnaud, Travis",518595,2025,36,213,231,42,23,13,0,6,74,13,32,5.6,".197",".343",".255","0.598","0.146","73","587","138","873",".192",".360",".263",".269","-0.017","-0.006","88.2","17.9",34.3,11.4,37.9,"99.193355143","93.8755725",73.7,24.2,51.5,48.5,75.8,31.9,54.2,"26.3"
"Freeman, Freddie",518692,2025,35,556,627,164,99,39,2,24,128,60,20.4,9.6,".295",".502",".367","0.869","0.207","279","1504","311","2382",".268",".467",".370",".350",".035",".020","90.9","14.3",36.7,10.4,45.7,"100.776056343","94.869970093",76.2,21.4,42.4,57.6,78.6,27.3,51.9,"25.6"
"Stanton, Giancarlo",519317,2025,35,249,281,68,36,8,0,24,96,29,34.2,10.3,".273",".594",".350","0.944","0.321","148","739","169","1214",".235",".520",".395",".354",".074",".041","94.4","17.5",35.7,22.1,55.2,"107.633614026","98.832539221",58.1,27.8,58.2,41.8,72.2,37.4,41.4,"23.5"
"Perez, Salvador",521692,2025,35,597,641,141,76,35,0,30,125,28,19.5,4.4,".236",".446",".284","0.730","0.210","266","1549","292","2267",".269",".534",".311",".357","-0.088","-0.046","90","18.1",35.7,14.8,46.7,"102.06590789","95.318358013",75,17.3,41.6,58.4,82.7,26.9,57.4,"24.4"
"Flores, Wilmer",527038,2025,33,419,463,101,75,10,0,16,88,34,19,7.3,".241",".379",".307","0.686","0.138","159","1274","162","1918",".225",".335",".302",".282",".044",".020","85.9","18.8",35.6,4.8,26.9,"96.048525988","92.028912096",63.2,14.4,35.2,64.8,85.6,20.8,46.7,"24.5"
"Ozuna, Marcell",542303,2025,34,487,592,113,73,19,0,21,144,94,24.3,15.9,".232",".400",".355","0.755","0.168","195","1560","234","2635",".239",".448",".334",".354","-0.048","-0.020","89.9","14.1",35.1,11.5,44.6,"101.322693218","94.957629109",58,18.9,42.2,57.8,81.1,25.8,39.4,"25.3"
"Higashioka, Kyle",543309,2025,35,303,327,73,47,14,1,11,72,20,22,6.1,".241",".403",".291","0.694","0.162","122","825","111","1279",".233",".394",".301",".293",".009",".008","88.9","17.2",39.1,8.6,39.1,"99.057726983","93.733033983",61.4,12.8,43.5,56.5,87.2,21.9,45,"25.1"
"Semien, Marcus",543760,2025,34,470,534,108,76,16,1,15,93,50,17.4,9.4,".230",".364",".305","0.669","0.134","171","1272","203","2075",".243",".395",".295",".318","-0.031","-0.023","88.3","19.4",35.8,6.8,35,"98.284177358","93.274231455",75.2,13.8,50.2,49.8,86.2,22.6,49,"28.5"
"Springer, George",543807,2025,35,498,586,154,94,27,1,32,111,69,18.9,11.8,".309",".560",".399","0.959","0.251","279","1401","246","2307",".291",".571",".408",".404","-0.011",".004","90","17.2",41.2,16.2,47.6,"102.436288051","95.608566256",71.1,20.1,47.4,52.6,79.6,26.1,46.2,"28.0"
"Vázquez, Christian",543877,2025,34,190,214,36,26,7,0,3,35,18,16.4,8.4,".189",".274",".271","0.545","0.085","52","515","53","833",".210",".307",".248",".271","-0.033","-0.023","85.9","15.3",35.7,3.8,27.4,"95.863345443","91.971705669",60.2,11.3,29.6,70.4,88.7,16.9,42.7,"24.7"
"Grichuk, Randal",545341,2025,33,272,293,62,34,18,1,9,61,17,20.8,5.8,".228",".401",".273","0.674","0.173","109","706","84","1077",".259",".457",".289",".326","-0.056","-0.037","92.4","17.6",33.6,11.7,49.5,"103.732042243","96.384131636",65.3,9.4,42.4,57.6,90.6,19.8,48.7,"27.1"
"Trout, Mike",545361,2025,33,456,556,106,65,14,1,26,178,87,32,15.6,".232",".439",".359","0.798","0.207","200","1438","247","2482",".236",".474",".343",".358","-0.035","-0.015","90.9","17.5",44.4,15.8,49.3,"103.439903451","96.179463887",55.9,20.6,56.3,43.7,79.4,29.9,38.8,"27.9"
"Harper, Bryce",547180,2025,32,501,580,131,72,32,0,27,121,70,20.9,12.1,".261",".487",".357","0.844","0.226","244","1368","325","2172",".268",".492",".361",".368","-0.005","-0.007","91.3","11.6",37.6,12.3,47.5,"102.783123874","95.800004672",79,19.1,50.1,49.9,80.9,30.7,54.2,"27.0"
"Díaz, Elias",553869,2025,34,254,282,52,36,7,0,9,73,21,25.9,7.4,".205",".339",".271","0.610","0.134","86","698","173","1055",".203",".334",".270",".268",".005",".002","88.4","17.7",30.1,7.6,38.7,"100.068601667","94.206191006",73,23.7,60.3,39.7,76.3,34.1,51.9,"25.0"
"Suárez, Eugenio",553993,2025,33,588,657,134,57,28,0,49,196,46,29.8,7,".228",".526",".298","0.824","0.298","309","1695","391","2606",".211",".463",".347",".320",".063",".027","90.2","21.9",32.8,14.3,47.6,"101.4773033","95.099828471",69.4,21.2,60.5,39.5,78.8,33.3,50.4,"26.4"
"Urshela, Gio",570482,2025,33,181,197,43,28,14,1,0,40,13,20.3,6.6,".238",".326",".287","0.613","0.088","59","489","98","717",".251",".349",".271",".286","-0.023","-0.015","86.9","10.6",41.7,2.1,34,"97.570132254","92.832189085",73.2,21.9,43.9,56.1,78.1,30.1,55.6,"24.2"
"Arenado, Nolan",571448,2025,34,401,436,95,64,18,1,12,49,28,11.2,6.4,".237",".377",".289","0.666","0.140","151","1044","126","1586",".245",".366",".287",".289",".011","-0.002","86.8","19",31.5,4,32.6,"97.232838983","92.648981303",64.9,8.8,34.4,65.6,91.2,17.9,49.1,"25.5"
"Farmer, Kyle",571657,2025,34,277,300,63,41,14,0,8,66,17,22,5.7,".227",".365",".280","0.645","0.138","101","755","96","1101",".228",".353",".282",".285",".012","-0.003","87","15.3",37.6,6.2,35.2,"97.85606783","93.102847062",63.7,13.2,43.2,56.8,86.8,21.5,48.5,"26.2"
"Hernández, Enrique",571771,2025,33,232,256,47,29,8,0,10,68,18,26.6,7,".203",".366",".255","0.621","0.163","85","674","125","1033",".221",".394",".268",".287","-0.028","-0.019","90.3","16.3",32.9,9.5,37.6,"99.835463571","94.131469762",70.6,18,52.7,47.3,82,29,51.1,"26.9"
"Muncy, Max",571970,2025,34,313,388,76,45,10,2,19,83,64,21.4,16.5,".243",".470",".376","0.846","0.227","147","964","148","1650",".238",".497",".366",".374","-0.027","-0.008","91.3","19.6",37.4,13.6,51.5,"101.909755678","95.532473957",65.5,17.1,43.7,56.3,82.9,23.5,42.4,"27.0"
"Taylor, Michael A.",572191,2025,34,295,325,59,29,20,1,9,110,23,33.8,7.1,".200",".366",".259","0.625","0.166","108","834","224","1267",".186",".380",".270",".271","-0.014","-0.001","90.8","17.9",37.2,10.5,42.9,"101.676094494","95.232601638",70.7,27.4,63.1,36.9,72.6,37.7,51.3,"27.8"
"Walker, Christian",572233,2025,34,585,640,139,87,24,1,27,177,40,27.7,6.3,".238",".421",".297","0.718","0.183","246","1615","364","2513",".233",".435",".310",".314","-0.014","-0.004","90.9","16.9",34.5,12.9,46.1,"102.499785971","95.668558155",75.9,21.3,56,44,78.7,30.5,52.2,"26.2"
"Yastrzemski, Mike",573262,2025,34,477,558,111,65,28,1,17,108,72,19.4,12.9,".233",".403",".333","0.736","0.170","192","1395","157","2305",".237",".419",".321",".329","-0.016","-0.008","90.8","20.4",35.6,8.5,42.6,"99.919347541","94.459655315",61.2,14.2,32.5,67.5,85.8,19,41.8,"26.9"
"Contreras, Willson",575929,2025,33,490,563,126,74,31,1,20,142,44,25.2,7.8,".257",".447",".344","0.791","0.190","219","1385","259","2160",".257",".488",".344",".358","-0.041","-0.014","90.6","12.3",37.1,13.9,49,"103.153936457","96.033080457",66.4,19.5,50.3,49.7,80.5,28.9,48.5,"27.5"
"Iglesias, Jose",578428,2025,35,306,343,70,56,11,0,3,56,24,16.3,7,".229",".294",".298","0.592","0.065","90","943","94","1370",".240",".313",".268",".281","-0.019","-0.013","84","3.9",27,2,28.5,"96.076090484","92.044981089",55.1,11.3,29.2,70.8,88.7,17.8,45,"27.8"
"Castellanos, Nick",592206,2025,33,547,589,137,91,27,2,17,133,32,22.6,5.4,".250",".400",".294","0.694","0.150","219","1464","328","2166",".242",".408",".300",".302","-0.008","-0.002","87.8","15.2",39,7.6,34.5,"98.623467608","93.407329952",79.9,18.1,49.4,50.6,81.9,29.9,58.8,"27.7"
"Judge, Aaron",592450,2025,33,541,679,179,94,30,2,53,160,124,23.6,18.3,".331",".688",".457","1.145","0.357","372","1545","363","2631",".298",".706",".463",".457","-0.018",".006","95.4","19",39.4,24.8,58.2,"106.838113247","98.650676124",67.1,24.6,61.2,38.8,75.4,34.6,43.7,"27.1"
"Machado, Manny",592518,2025,32,615,678,169,109,33,0,27,131,55,19.3,8.1,".275",".460",".335","0.795","0.185","283","1696","312","2647",".271",".495",".341",".354","-0.035","-0.013","92.9","14.3",34.8,12.9,51.5,"103.43453","96.416401779",70.1,18.6,43.7,56.3,81.4,26.1,50,"25.8"
"Pederson, Joc",592626,2025,33,265,306,48,28,10,1,9,65,34,21.2,11.1,".181",".328",".285","0.613","0.147","87","754","118","1237",".219",".393",".276",".315","-0.065","-0.039","91.2","16.9",28.4,9.5,44.8,"101.989422727","95.472364192",63.7,16.8,43.1,56.9,83.2,25.2,44.3,"25.2"
"Realmuto, J.T.",592663,2025,34,502,550,129,90,26,1,12,129,35,23.5,6.4,".257",".384",".315","0.699","0.127","193","1425","213","2196",".253",".411",".307",".316","-0.027","-0.009","90","11.1",36.7,8.8,45.5,"101.254721596","94.894975239",65.7,14.6,43.1,56.9,85.4,24.3,48.6,"28.4"
"Yelich, Christian",592885,2025,33,573,644,151,101,21,0,29,167,64,25.9,9.9,".264",".452",".343","0.795","0.188","259","1626","294","2601",".245",".439",".343",".330",".013",".013","90.2","1.9",31.2,10.3,46.4,"102.370284187","95.465991975",66.7,18.4,55.8,44.2,81.6,29.2,45.7,"28.2"
"Bogaerts, Xander",593428,2025,32,491,552,129,88,30,0,11,94,48,17,8.7,".263",".391",".328","0.719","0.128","192","1340","170","2100",".267",".413",".313",".327","-0.022","-0.014","89","11.1",36.7,6.9,39.2,"100.19021209","94.233073607",58.9,14.5,39.3,60.7,85.5,21.3,41.9,"27.6"
"Polanco, Jorge",593871,2025,31,471,524,125,69,30,0,26,82,42,15.6,8,".265",".495",".326","0.821","0.230","233","1275","194","2023",".266",".464",".350",".343",".031",".007","90.8","16.7",34.3,10.3,45.8,"101.532444745","95.138197245",67,14,44.8,55.2,86,23.3,46.3,"27.1"
"Profar, Jurickson",595777,2025,32,318,371,78,47,16,1,14,59,48,15.9,12.9,".245",".434",".353","0.787","0.189","138","960","95","1580",".231",".391",".346",".325",".043",".021","89","20",27,7.4,40.3,"99.565421094","94.049759844",66.1,10.7,33.3,66.7,89.3,16.9,44.7,"26.3"
"Báez, Javier",595879,2025,32,416,436,107,75,17,3,12,108,10,24.8,2.3,".257",".399",".283","0.682","0.142","166","1091","227","1543",".230",".359",".294",".271",".040",".023","88.2","11.4",30.2,5.5,39.9,"99.167878141","93.685508232",65.4,16.9,47.5,52.5,83.1,30.6,55,"27.5"
"Hedges, Austin",595978,2025,32,155,180,25,17,3,0,5,43,18,23.9,10,".161",".277",".250","0.527","0.116","43","445","95","696",".177",".284",".239",".249","-0.007","-0.010","88.2","25.1",30.5,3.4,32.2,"98.538487857","93.387313929",74.1,20,55.2,44.8,80,30.3,51.7,"25.0"
"Lindor, Francisco",596019,2025,31,644,732,172,106,35,0,31,131,65,17.9,8.9,".267",".466",".346","0.812","0.199","300","1877","251","2940",".260",".454",".350",".345",".012",".005","90.5","15.1",34.6,8.9,44.4,"100.755824319","94.874493626",67.4,15.3,35.8,64.2,84.7,20.8,47.7,"27.4"
"Slater, Austin",596103,2025,32,148,160,32,20,6,1,5,51,11,31.9,6.9,".216",".372",".270","0.642","0.156","55","430","71","644",".247",".476",".280",".332","-0.104","-0.052","92","7.7",41.8,14.7,48,"102.50208234","95.83755734",70.2,18.5,50,50,81.5,27.1,49.8,"28.0"
"Story, Trevor",596115,2025,32,612,654,161,107,29,0,25,176,33,26.9,5,".263",".433",".308","0.741","0.170","265","1680","337","2472",".249",".421",".320",".311",".012",".009","91.4","14.2",32.6,9.9,47,"102.418939954","95.643419306",72.4,17.9,54.1,45.9,82.1,29.3,54.4,"28.6"
"Kepler, Max",596146,2025,32,417,474,90,53,19,0,18,93,48,19.6,10.1,".216",".391",".300","0.691","0.175","163","1136","176","1826",".243",".443",".300",".332","-0.052","-0.032","90.8","16.3",34,11.6,44.7,"100.626033742","94.610328405",70.1,13.1,50.4,49.6,86.9,23.5,48.1,"27.0"
"Urías, Ramón",602104,2025,31,352,391,85,57,17,0,11,88,27,22.5,6.9,".241",".384",".292","0.676","0.143","135","966","165","1509",".229",".377",".292",".290",".007",".002","89.2","13.2",33.6,8.1,41.8,"99.727267941","94.199624375",70.1,19.6,43.9,56.1,80.4,26.2,49.1,"27.0"
"Bell, Josh",605137,2025,32,468,533,111,72,16,1,22,88,57,16.5,10.7,".237",".417",".325","0.742","0.180","195","1288","208","2102",".256",".485",".324",".359","-0.068","-0.035","90.4","10.4",33.4,12.1,47,"102.549856474","95.682677968",69,16.3,41,59,83.7,23.6,47,"25.2"
"Betts, Mookie",605141,2025,32,589,663,152,107,23,2,20,68,61,10.3,9.2,".258",".406",".326","0.732","0.148","239","1522","133","2460",".267",".422",".318",".330","-0.016","-0.012","89.1","18",37.7,5.5,35.8,"98.069345714","93.262709925",59.9,7.6,37.7,62.3,92.4,15.3,41.2,"26.9"
"Caratini, Victor",605170,2025,31,344,386,89,63,14,0,12,65,23,16.8,6,".259",".404",".324","0.728","0.145","139","894","117","1417",".255",".425",".318",".329","-0.021","-0.011","88.7","12.5",34.7,7.7,40.7,"100.008528662","94.285292852",68.2,14.8,35.6,64.4,85.2,19.8,46.6,"24.3"
"Arcia, Orlando",606115,2025,30,203,214,41,30,7,1,3,47,10,22,4.7,".202",".291",".238","0.529","0.089","59","536","87","784",".207",".290",".233",".236",".001","-0.003","87.4","7",26.1,2.6,33.8,"98.674542078","93.369533182",72.8,18,41.5,58.5,82,24.8,54,"25.5"
"Hernández, Teoscar",606192,2025,32,511,546,126,71,29,1,25,134,26,24.5,4.8,".247",".454",".284","0.738","0.207","232","1424","309","2139",".250",".456",".315",".324","-0.002","-0.009","90.2","9.9",34,11.5,46.1,"101.752887801","95.144195209",68.5,22.7,55.4,44.6,77.3,31.9,50.4,"28.1"
"Marte, Ketel",606466,2025,31,480,556,136,80,28,0,28,83,64,14.9,11.5,".283",".517",".376","0.893","0.234","248","1274","175","2095",".285",".534",".381",".390","-0.017","-0.009","90.8","14.8",33,13.5,47,"102.65931603","95.815528287",67.3,15.8,39.6,60.4,84.2,22.5,45.3,"26.6"
"Nimmo, Brandon",607043,2025,32,587,652,154,102,27,0,25,141,50,21.6,7.7,".262",".436",".324","0.760","0.174","256","1672","258","2602",".252",".419",".329",".321",".017",".008","91.9","11.2",29.7,8.8,50.2,"102.56356141","95.897196556",66.2,17.1,45.5,54.5,82.9,23.8,47.2,"27.3"
"Turner, Trea",607208,2025,32,589,639,179,126,31,7,15,107,43,16.7,6.7,".304",".457",".355","0.812","0.153","269","1555","270","2407",".270",".410",".352",".321",".047",".031","89.3","9.1",34.7,5.8,42.1,"100.109582645","94.284521756",72.8,14,48.8,51.2,86,24.8,51.4,"30.3"
"Ramírez, José",608070,2025,32,593,673,168,101,34,3,30,74,66,11,9.8,".283",".503",".360","0.863","0.220","298","1659","159","2666",".284",".446",".359",".342",".057",".017","88.9","19.2",36.4,7,37,"99.107451103","93.765336362",66,9,27.3,72.7,91,14.9,46.8,"28.4"
"Bregman, Alex",608324,2025,31,433,495,118,72,28,0,18,70,51,14.1,10.3,".273",".462",".360","0.822","0.189","200","1196","99","1947",".254",".427",".356",".337",".035",".019","90.1","17.7",32.9,6.6,44.4,"99.354701257","94.200430932",59.6,9.4,33.7,66.3,90.6,15,40.6,"26.0"
"Kelly, Carson",608348,2025,30,369,421,92,61,13,1,17,80,45,19,10.7,".249",".428",".333","0.761","0.179","158","1025","141","1667",".236",".411",".332",".321",".017",".011","88.8","16.4",34.8,9.6,40.3,"99.757056939","94.178120819",67.5,14,41.2,58.8,86,20.6,44.9,"26.0"
"Seager, Corey",608369,2025,31,380,445,103,63,19,0,21,87,58,19.6,13,".271",".487",".373","0.860","0.216","185","986","203","1668",".285",".569",".365",".400","-0.082","-0.035","92.9","11.6",34.2,15.3,53.6,"103.909205676","96.729058034",78.2,18.2,59.2,40.8,81.8,27.9,49.9,"25.3"
"Refsnyder, Rob",608701,2025,34,182,209,49,28,12,0,9,54,24,25.8,11.5,".269",".484",".354","0.838","0.215","88","527","79","887",".243",".457",".359",".338",".027",".021","92","12.1",34.6,12.3,52.3,"102.333693385","95.943907308",61.8,20,43.4,56.6,80,25.3,40.9,"26.7"
"Andujar, Miguel",609280,2025,30,321,341,102,74,17,1,10,49,17,14.4,5,".318",".470",".352","0.822","0.152","151","817","96","1214",".259",".383",".354",".298",".087",".056","88","11",31.8,4.7,35.4,"98.982146397","93.528504007",72.4,10.5,31.8,68.2,89.5,17.8,53.5,"26.9"
"Torrens, Luis",620443,2025,29,261,283,59,39,14,1,5,56,19,19.8,6.7,".226",".345",".284","0.629","0.119","90","717","99","1069",".274",".454",".278",".338","-0.109","-0.060","90.6","6.2",35.9,10.7,48.1,"100.939072718","94.984531902",68.5,16.9,32.8,67.2,83.1,20.7,49.3,"26.6"
"Swanson, Dansby",621020,2025,31,590,645,144,93,24,3,24,168,47,26,7.3,".244",".417",".300","0.717","0.173","246","1602","357","2521",".267",".477",".310",".345","-0.060","-0.035","90.5","13.3",36.9,11.7,47.8,"101.168222972","95.031771415",73.8,22.5,55.7,44.3,77.5,30.5,50.3,"28.5"
"Correa, Carlos",621043,2025,30,537,584,148,106,29,0,13,113,45,19.3,7.7,".276",".402",".332","0.734","0.126","216","1493","209","2311",".280",".439",".322",".338","-0.037","-0.016","90.5","7.3",34.6,6.9,45.9,"102.338902322","95.568245592",64.4,14.1,39.9,60.1,85.9,22.3,46.4,"26.5"
"Taylor, Tyrone",621438,2025,31,310,341,69,46,18,3,2,76,16,22.3,4.7,".223",".319",".279","0.598","0.096","99","846","117","1246",".257",".364",".264",".298","-0.045","-0.034","86.5","19.4",40.6,3.8,35.1,"98.271444237","93.188807331",65.4,11.2,51.1,48.9,88.5,22.7,49.1,"29.3"
"Buxton, Byron",621439,2025,31,488,542,129,66,21,7,35,148,41,27.3,7.6,".264",".551",".327","0.878","0.287","269","1312","301","2028",".249",".514",".367",".350",".037",".017","92.5","17.7",32.9,17.7,53.8,"103.649870983","96.632317826",74.2,20.4,58.9,41.1,79.6,31.3,51.8,"30.2"
"Ward, Taylor",621493,2025,31,579,663,132,63,31,2,36,175,75,26.4,11.3,".228",".475",".317","0.792","0.247","275","1696","215","2788",".231",".450",".339",".333",".025",".006","90.1","18",34.9,13.7,42.7,"100.944753902","94.843614171",53.9,13.5,52,48,86.5,23.8,37.6,"27.3"
"Olson, Matt",621566,2025,31,624,724,170,98,41,2,29,176,91,24.3,12.6,".272",".484",".366","0.850","0.212","302","1912","335","3166",".249",".492",".366",".360","-0.008",".006","93.3","14.8",37.1,14.4,53.3,"103.816455133","96.735765819",66.6,21.8,37.5,62.5,78.2,26.2,45.3,"25.2"
"Heineman, Tyler",623168,2025,34,149,174,43,31,8,1,3,31,12,17.8,6.9,".289",".416",".361","0.777","0.127","62","418","50","627",".215",".293",".341",".273",".123",".068","84.4","19.1",31.2,3.2,22.4,"95.366876724","91.715468261",73.8,11.4,36.5,63.5,88.6,19.3,53,"26.3"
"Santander, Anthony",623993,2025,30,194,221,34,23,5,0,6,61,25,27.6,11.3,".175",".294",".271","0.565","0.119","57","600","93","934",".188",".301",".255",".265","-0.007","-0.010","89.6","18.5",27.6,4.5,41,"100.252058507","94.331401567",68,18.1,36.8,63.2,81.9,24.5,48.5,"26.0"
"Alonso, Pete",624413,2025,30,624,709,170,90,41,1,38,162,61,22.8,8.6,".272",".524",".347","0.871","0.252","327","1757","284","2807",".274",".572",".368",".386","-0.048","-0.018","93.5","15.4",38.4,18.9,54.4,"105.076411532","97.45647",65.7,18.4,42.6,57.4,81.6,25.6,46.3,"25.3"
"Conforto, Michael",624424,2025,32,418,486,83,51,20,0,12,121,56,24.9,11.5,".199",".333",".305","0.638","0.134","139","1266","206","2049",".233",".410",".287",".330","-0.077","-0.043","89.9","12.9",34.3,9.7,44,"100.8879832","94.86054311",66.2,18,45.1,54.9,82,24.9,45.1,"26.0"
"Frazier, Adam",624428,2025,33,419,459,112,85,20,0,7,81,26,17.6,5.7,".267",".365",".319","0.684","0.098","153","1234","145","1841",".244",".333",".300",".279",".032",".021","85.3","14.5",39.5,2,20.6,"94.597659294","91.299166588",71.2,13.8,35.1,64.9,86.2,19.7,51.3,"26.6"
"Trevino, Jose",624431,2025,32,282,302,67,43,20,0,4,39,15,12.9,5,".238",".351",".272","0.623","0.113","99","723","77","1063",".242",".355",".271",".278","-0.004","-0.007","87.9","10.9",29,4.5,40.7,"99.163307459","93.735879959",59.5,13.2,29,71,86.8,18.4,46.6,"24.3"
"Soler, Jorge",624585,2025,33,279,315,60,36,12,0,12,94,28,29.8,8.9,".215",".387",".293","0.680","0.172","108","799","152","1290",".204",".387",".298",".294",".000",".004","89.7","13.8",31.9,12.8,42,"101.751590213","95.016723457",65.7,20.2,55.2,44.8,79.8,30.1,44.5,"26.0"
"Sosa, Edmundo",624641,2025,29,243,261,67,43,12,1,11,56,10,21.5,3.8,".276",".469",".307","0.776","0.193","114","674","117","942",".245",".391",".332",".290",".078",".042","87.7","9.4",35.4,6.3,38,"99.677737979","93.987724064",69.8,16.2,38.8,61.2,83.8,25.7,57.1,"29.4"
"Ibáñez, Andy",628451,2025,32,176,193,42,30,8,0,4,26,12,13.5,6.2,".239",".352",".301","0.653","0.113","62","462","60","716",".254",".371",".289",".304","-0.019","-0.015","88.9","12.6",32.5,4.6,36.4,"98.636547027","93.431222703",73.7,11.5,35.2,64.8,88.5,18.5,51.4,"27.5"
"Cronenworth, Jake",630105,2025,31,419,515,103,71,20,1,11,107,69,20.8,13.4,".246",".377",".367","0.744","0.131","158","1330","134","2184",".225",".353",".333",".319",".024",".014","88.5","14.9",31.9,6.2,39,"99.15448481","93.790989905",62.2,11.4,40.5,59.5,88.6,18.8,42.7,"28.1"
"Bauers, Jake",641343,2025,29,183,218,43,27,9,0,7,59,32,27.1,14.7,".235",".399",".353","0.752","0.164","73","531","84","895",".234",".457",".333",".354","-0.058","-0.021","91.7","16.6",36,13.7,45.6,"102.321269516","95.787091138",65.7,16.6,58.2,41.8,83.4,26.4,43.1,"27.1"
"Bellinger, Cody",641355,2025,29,588,656,160,101,25,5,29,90,57,13.7,8.7,".272",".480",".334","0.814","0.208","282","1667","186","2594",".250",".425",".347",".323",".055",".024","88.3","18.5",37.1,7.5,37.9,"98.690370317","93.444149405",67,12.5,30.2,69.8,87.5,18.1,48.3,"28.2"
"Crawford, J.P.",641487,2025,30,570,654,151,115,24,0,12,122,74,18.7,11.3,".265",".370",".352","0.722","0.105","211","1690","210","2731",".266",".386",".322",".328","-0.016","-0.006","87.2","11.5",40,4.9,34.7,"98.225449369","93.184882725",65.2,16.4,34.2,65.8,83.6,20.4,45.1,"26.7"
"Fraley, Jake",641584,2025,30,191,217,46,31,9,0,6,49,25,22.6,11.5,".241",".382",".332","0.714","0.141","73","509","84","834",".248",".369",".316",".315",".013",".001","85.2","17.8",39.4,5,34.5,"98.280407465","93.180021915",68.9,13,51.3,48.7,87,24.2,47,"28.4"
"Garver, Mitch",641598,2025,34,254,290,53,38,5,1,9,80,30,27.6,10.3,".209",".343",".297","0.640","0.134","87","718","136","1166",".209",".371",".284",".298","-0.028","-0.014","91.5","19.4",31.1,7.9,46.9,"100.635150112","94.896484576",59.6,21.9,57.8,42.2,78.1,30.7,40.8,"26.0"
"Heim, Jonah",641680,2025,30,395,433,84,59,14,0,11,88,32,20.3,7.4,".213",".332",".271","0.603","0.119","131","1108","181","1704",".219",".346",".266",".276","-0.014","-0.010","88.1","14.5",33.3,6.1,35.9,"98.278415548","93.298205016",68.1,19,37,63,81,24.2,49.7,"25.2"
"McMahon, Ryan",641857,2025,30,509,586,109,65,23,1,20,189,70,32.3,11.9,".214",".381",".312","0.693","0.167","194","1521","344","2500",".219",".419",".306",".322","-0.038","-0.016","93.3","13.9",35.3,12.1,50.5,"102.856311911","96.350240575",64.7,25.2,62.1,37.9,74.8,35.2,45.4,"26.7"
"O'Neill, Tyler",641933,2025,30,181,209,36,20,6,1,9,51,22,24.4,10.5,".199",".392",".292","0.684","0.193","71","520","104","821",".243",".523",".297",".360","-0.131","-0.063","88.8","22.2",34.6,16.5,39.1,"100.510865075","94.485570376",68,23.9,47.9,52.1,76.1,31.4,47.4,"28.3"
"Smith, Dominic",642086,2025,30,204,225,58,41,12,0,5,42,15,18.7,6.7,".284",".417",".333","0.750","0.133","85","566","78","848",".252",".398",".325",".306",".019",".019","87.7","15.1",39.2,4.2,35.5,"97.948953012","93.092219394",66.4,12.6,40.8,59.2,87.4,22.2,49.4,"25.7"
"Tellez, Rowdy",642133,2025,30,289,312,66,38,11,0,17,83,17,26.6,5.4,".228",".443",".276","0.719","0.215","128","820","132","1286",".234",".479",".307",".328","-0.036","-0.021","91.2","14.8",36.8,15.3,46.4,"102.566534381","95.772612919",59.4,17.7,48.7,51.3,82.3,28.1,44.9,"23.5"
"Thaiss, Matt",642136,2025,30,156,190,34,26,6,1,1,46,29,24.2,15.3,".218",".288",".349","0.637","0.070","45","463","90","768",".197",".299",".298",".294","-0.011",".004","88.9","14.3",27.7,4.5,42.9,"99.981091636","94.296854587",74,24.6,45.5,54.5,75.4,28.9,48.2,"25.2"
"White, Eli",642201,2025,31,256,271,60,39,8,3,10,70,11,25.8,4.1,".234",".406",".270","0.676","0.172","104","686","120","1001",".251",".435",".290",".310","-0.029","-0.020","87.7","11.3",34.6,9.1,40.4,"100.120268901","94.122021978",72.1,18.9,47.8,52.2,81.1,26.2,52.9,"29.9"
"Rosario, Amed",642708,2025,29,181,191,50,33,11,0,6,31,7,16.2,3.7,".276",".436",".309","0.745","0.160","79","451","71","646",".288",".439",".321",".331","-0.003","-0.010","91.2","9.9",35.1,6,45,"101.6359032","95.1587738",73.4,13.3,41.6,58.4,86.7,22.2,55.9,"27.5"
"Adames, Willy",642715,2025,29,591,686,133,79,22,2,30,179,80,26.1,11.7,".225",".421",".318","0.739","0.196","249","1729","347","2797",".224",".435",".321",".327","-0.014","-0.006","88.9","21.1",35.6,12.6,42.8,"99.897786476","94.18327716",67.8,18.7,54.1,45.9,81.3,29.2,46.7,"28.0"
"Estrada, Thairo",642731,2025,29,154,165,39,27,9,0,3,26,6,15.8,3.6,".253",".370",".285","0.655","0.117","57","387","59","569",".233",".322",".284",".264",".048",".020","86.3","7",28.2,3.1,30.5,"97.262690923","92.709620231",73,11.7,45.5,54.5,88.3,22.8,54,"27.8"
"Benintendi, Andrew",643217,2025,30,420,470,101,63,16,2,20,82,40,17.4,8.5,".240",".431",".307","0.738","0.191","181","1081","183","1721",".231",".427",".317",".317",".004",".000","88","20.1",35.8,11.1,36.9,"98.278448655","93.238830702",72.8,19.8,35.5,64.5,80.2,24.5,50.3,"26.7"
"Dubón, Mauricio",643289,2025,30,369,398,89,61,21,0,7,42,24,10.6,6,".241",".355",".289","0.644","0.114","131","914","96","1346",".247",".331",".283",".278",".024",".005","84.5","13.1",31.7,1.2,26.3,"95.584607","91.821087031",72.5,9.7,28.8,71.2,90.3,15.8,54.2,"28.0"
"Jansen, Danny",643376,2025,30,288,337,62,37,11,0,14,86,42,25.5,12.5,".215",".399",".321","0.720","0.184","115","824","117","1353",".200",".357",".318",".300",".042",".018","87.6","24",35.6,8.8,39,"98.68086","93.598515665",65.4,17.9,45,55,82.1,24,43.2,"26.1"
"Kiner-Falefa, Isiah",643396,2025,30,431,459,113,88,21,2,2,77,17,16.8,3.7,".262",".334",".297","0.631","0.072","144","1127","88","1631",".245",".304",".279",".262",".030",".017","84.6","4",29.7,1.4,27.5,"95.949940457","91.999728395",63.6,8.1,31.3,68.7,91.9,15.1,49.1,"27.4"
"McNeil, Jeff",643446,2025,33,399,462,97,59,21,5,12,55,49,11.9,10.6,".243",".411",".335","0.746","0.168","164","1119","127","1718",".266",".395",".324",".330",".016","-0.006","87.2","15.9",38.9,5.1,32.9,"97.362971437","92.810539654",75.8,10.5,36.3,63.7,89.5,16.6,52.9,"26.5"
"Tauchman, Mike",643565,2025,34,335,385,88,61,17,1,9,86,45,22.3,11.7,".263",".400",".356","0.756","0.137","134","1000","156","1594",".244",".382",".335",".321",".018",".014","89","16.5",35.6,6.8,38.8,"99.55421704","93.9989049",67.2,18.5,42.7,57.3,81.5,24.3,46.8,"24.9"
"Albies, Ozzie",645277,2025,28,603,667,145,104,23,2,16,94,55,14.1,8.2,".240",".365",".306","0.671","0.125","220","1553","228","2402",".243",".367",".295",".299","-0.002","-0.004","87.5","18.7",33.5,4.9,30.7,"96.947639144","92.546234163",77.9,14.8,32.6,67.4,85.2,20.8,54.1,"27.2"
"Herrera, Jose",645444,2025,28,166,204,31,23,6,0,2,47,23,23,11.3,".187",".259",".285","0.544","0.072","43","516","60","854",".169",".225",".251",".237",".034",".014","83.9","16.2",30.8,0.8,22.6,"94.05191082","91.19759124",58,13.7,55,45,86.3,21.1,38.8,"24.8"
"Devers, Rafael",646240,2025,28,607,729,153,85,33,0,35,192,112,26.3,15.4,".252",".479",".372","0.851","0.227","291","1849","407","3060",".244",".487",".365",".367","-0.008","-0.002","93.5","12.6",34.6,16,56.1,"104.005280383","97.028150813",70.1,28.6,39.2,60.8,71.4,31.6,47.2,"25.0"
"Naylor, Josh",647304,2025,28,543,604,160,110,29,1,20,83,48,13.7,7.9,".295",".462",".353","0.815","0.167","251","1332","213","2013",".267",".432",".351",".332",".030",".019","89.2","11.6",30.8,6.7,41.9,"100.123963879","94.317973693",72.6,13.1,38,62,86.9,22.1,53.9,"24.4"
"Toro, Abraham",647351,2025,28,259,284,62,42,13,0,7,42,14,14.8,4.9,".239",".371",".289","0.660","0.132","96","741","95","1105",".253",".376",".286",".302","-0.005","-0.016","86.3","13.4",32,4.5,34.2,"97.83336","92.947994955",65.6,13.5,32.3,67.7,86.5,20.4,49.6,"27.9"
"Urías, Luis",649966,2025,28,287,330,66,51,7,0,8,45,31,13.6,9.4,".230",".338",".315","0.653","0.108","97","817","65","1302",".234",".346",".293",".300","-0.008","-0.007","86.2","14.5",30.6,3.7,30.2,"96.770464065","92.415126898",59.4,8.8,26.4,73.6,91.2,13.3,42.2,"26.0"
"Arraez, Luis",650333,2025,28,620,675,181,139,30,4,8,21,34,3.1,5,".292",".392",".327","0.719","0.100","243","1696","46","2467",".287",".363",".313",".303",".029",".010","86.1","12.2",37.1,1.1,16.7,"93.590259064","90.800701323",62.6,4.1,7.9,92.1,95.9,5.3,49.4,"26.5"
"Torres, Gleyber",650402,2025,28,532,628,136,98,22,0,16,101,85,16.1,13.5,".256",".387",".358","0.745","0.131","206","1547","176","2652",".269",".462",".332",".363","-0.075","-0.031","90","14.3",38.6,8.2,39,"99.951681689","94.284674897",64.9,14.9,36.7,63.3,85.1,19.5,40.8,"26.2"
"Castro, Willi",650489,2025,28,402,454,91,60,17,3,11,111,40,24.4,8.8,".226",".366",".313","0.679","0.140","147","1137","225","1735",".234",".368",".302",".306","-0.002","-0.004","86.7","11.2",36.6,6.5,37.3,"99.398738493","93.724594674",72.2,20.4,46.5,53.5,79.6,28.2,52.4,"28.2"
"Díaz, Yandy",650490,2025,33,583,651,175,120,29,1,25,92,57,14.1,8.8,".300",".482",".366","0.848","0.182","281","1573","169","2525",".286",".460",".364",".354",".022",".010","93","5",29.2,8.3,52.5,"104.837007886","97.11235376",63.8,13,31.2,68.8,87,17.9,44.4,"26.1"
"Rengifo, Luis",650859,2025,28,501,541,119,91,16,3,9,104,33,19.2,6.1,".238",".335",".287","0.622","0.097","168","1332","196","2008",".260",".375",".275",".302","-0.040","-0.027","87.1","6.7",34.7,5,32.7,"97.798023081","92.967555404",71.6,14.4,40.5,59.5,85.6,21.9,51.6,"27.0"
"Pozo, Yohel",650968,2025,28,160,168,37,24,8,0,5,22,7,13.1,4.2,".231",".375",".262","0.637","0.144","60","423","65","591",".246",".357",".275",".276",".018","-0.001","87.7","17.8",29.5,2.2,35.3,"98.211883478","93.14336927",76.3,13.3,28.2,71.8,86.7,19.8,60.7,"24.8"
"Adams, Riley",656180,2025,29,263,286,49,33,8,0,8,110,18,38.5,6.3,".186",".308",".252","0.560","0.122","81","760","158","1160",".208",".350",".250",".275","-0.042","-0.025","91.8","9.1",31.4,10.5,52.3,"103.494352237","96.418372697",65.2,22.9,60.2,39.8,77.1,34.6,48.3,"26.6"
"Chapman, Matt",656305,2025,32,454,535,105,59,23,2,21,126,71,23.6,13.3,".231",".430",".340","0.770","0.199","195","1318","202","2209",".243",".417",".336",".340",".013","-0.004","92.2","15.7",34,9.9,47.6,"102.936609458","95.951665392",63.8,19.3,45.2,54.8,80.7,25.3,42.4,"28.1"
"Hoskins, Rhys",656555,2025,32,279,328,66,41,12,1,12,91,38,27.7,11.6,".237",".416",".332","0.748","0.179","116","855","136","1429",".220",".389",".324",".314",".027",".010","90.2","22.1",39.7,10.3,46.4,"100.047500722","94.368500412",60.1,21.1,47.9,52.1,78.9,27.6,40.4,"24.8"
"McKinstry, Zach",656716,2025,30,452,511,117,71,23,11,12,111,46,21.7,9,".259",".438",".333","0.771","0.179","198","1301","187","2035",".247",".358",".333",".305",".080",".028","85.7","14.1",41.2,6.1,30.5,"96.985648092","92.494690578",65.5,15.9,41.2,58.8,84.1,22.8,46.7,"28.3"
"Mullins, Cedric",656775,2025,30,435,498,94,53,23,1,17,120,50,24.1,10,".216",".391",".299","0.690","0.175","170","1317","208","2112",".204",".336",".302",".282",".055",".020","88.8","23.3",32.7,6.2,35.9,"98.760333806","93.525071065",69.1,17.5,38.8,61.2,82.5,23.1,48.3,"28.4"
"O'Hearn, Ryan",656811,2025,31,474,544,133,94,21,1,17,109,58,20,10.7,".281",".437",".366","0.803","0.156","207","1352","196","2173",".266",".426",".349",".340",".011",".009","89.4","11.4",38.2,7.6,42.5,"99.566357446","94.072133569",66.8,15.6,42.3,57.7,84.4,23.3,46.8,"27.6"
"Schwarber, Kyle",656941,2025,32,604,724,145,64,23,2,56,197,108,27.2,14.9,".240",".563",".365","0.928","0.323","340","1765","381","3059",".249",".581",".391",".401","-0.018","-0.010","94.3","20.1",35.3,20.8,59.6,"105.678659216","98.063659265",64.1,24.2,57.3,42.7,75.8,33.1,41.8,"25.9"
"Smith, Pavin",656976,2025,29,244,288,63,37,17,1,8,92,41,31.9,14.2,".258",".434",".362","0.796","0.176","106","760","141","1255",".215",".398",".348",".319",".036",".029","90.1","12.4",37,11.7,46.1,"100.556484935","94.576743052",57.3,24.1,52.6,47.4,75.9,31.8,40.6,"26.3"
"Verdugo, Alex",657077,2025,29,197,213,47,37,10,0,0,31,14,14.6,6.6,".239",".289",".296","0.585","0.050","57","557","43","880",".266",".369",".264",".306","-0.080","-0.042","89.9","9.9",34.9,3,42.8,"99.887519759","94.267966303",52.9,8.2,32.9,67.1,91.8,14.4,38.6,"26.1"
"Wong, Connor",657136,2025,29,168,188,32,24,8,0,0,42,16,22.3,8.5,".190",".238",".262","0.500","0.048","40","482","82","745",".221",".295",".230",".266","-0.057","-0.036","85.5","10.4",28.7,3.1,31,"97.650525968","92.838836452",64.2,15.5,43,57,84.5,24.7,48.3,"28.0"
"DeJong, Paul",657557,2025,31,193,208,44,28,10,0,6,70,11,33.7,5.3,".228",".373",".269","0.642","0.145","72","557","139","817",".194",".351",".278",".259",".022",".019","88.1","22.7",37.3,10.3,39.7,"99.616800317","93.875351032",76.4,21.2,59.6,40.4,78.8,33.2,57.2,"26.5"
"Laureano, Ramón",657656,2025,30,441,488,124,72,26,2,24,119,35,24.4,7.2,".281",".512",".342","0.854","0.231","226","1275","230","2002",".270",".518",".364",".362","-0.006",".002","90.3","13.4",37.1,13.9,49.1,"102.249268272","95.596059444",67.2,19.8,49.4,50.6,80.2,27.4,47.7,"27.8"
"Sheets, Gavin",657757,2025,29,492,545,124,76,28,1,19,107,44,19.6,8.1,".252",".429",".317","0.746","0.177","211","1460","206","2279",".263",".453",".323",".340","-0.024","-0.017","89.9","14",38.8,9.6,46.5,"101.199157732","94.955729845",59.5,14.8,36.8,63.2,85.2,23,44.7,"27.0"
"Moncada, Yoán",660162,2025,30,248,289,58,31,13,2,12,75,32,26,11.1,".234",".448",".336","0.784","0.214","111","678","140","1128",".218",".422",".339",".325",".026",".014","89.8","15.1",37.1,14.3,43.4,"101.202542614","94.864336514",65.9,20.4,60.4,39.6,79.6,31.4,44.9,"26.2"
"Ohtani, Shohei",660271,2025,30,611,727,172,83,25,9,55,187,109,25.7,15,".282",".622",".392","1.014","0.340","380","1713","392","2865",".274",".649",".418",".425","-0.027","-0.007","94.9","15",35.9,23.5,58.7,"106.126015352","98.277186118",66.1,24.7,53.2,46.6,75.3,33.4,45,"28.0"
"Acuña Jr., Ronald",660670,2025,27,338,412,98,64,12,1,21,102,71,24.8,17.2,".290",".518",".417","0.935","0.228","175","1023","214","1741",".263",".535",".403",".397","-0.017",".006","92.7","13.3",30.9,15.7,52.5,"105.047340254","97.260763686",69.3,26.2,42.6,57.4,73.8,30.3,46.2,"27.9"
"Ruiz, Keibert",660688,2025,26,255,267,63,49,12,0,2,26,8,9.7,3,".247",".318",".277","0.595","0.071","81","604","48","888",".271",".351",".262",".287","-0.033","-0.025","86.2","11.3",31.3,2.2,30.9,"96.142920957","92.090094629",68.8,6.3,26.7,73.3,93.7,12.8,52.8,"24.5"
"Sánchez, Jesús",660821,2025,27,451,497,107,68,21,4,14,110,42,22.1,8.5,".237",".395",".304","0.699","0.158","178","1218","222","1936",".242",".441",".304",".323","-0.046","-0.019","91.3","9.3",30.3,11.1,43.4,"102.78171462","95.681017749",69.5,17.9,42.7,57.3,82.1,25.9,49.2,"27.0"
"Contreras, William",661388,2025,27,566,659,147,102,28,0,17,120,84,18.2,12.7,".260",".399",".355","0.754","0.139","226","1566","251","2556",".248",".393",".332",".328",".006",".004","91.1","7",31.6,6.4,48.5,"102.570622124","95.839705166",67.9,17.1,42.8,57.2,82.9,24.2,46.5,"26.2"
"Varsho, Daulton",662139,2025,28,248,271,59,24,13,2,20,77,17,28.4,6.3,".238",".548",".284","0.832","0.310","136","646","142","986",".226",".494",".345",".327",".054",".018","89.9","23.5",36.9,15.9,40.3,"101.929371512","95.29886564",77.4,24.4,44.2,55.8,75.6,29.8,54.8,"28.4"
"Jones, Jahmai",663330,2025,27,129,150,37,18,11,1,7,32,18,21.3,12,".287",".550",".387","0.937","0.263","71","349","60","595",".291",".547",".399",".399",".003",".000","91.5","20",38.1,13.4,53.6,"103.078442292","96.185267813",69.6,19.1,47.7,52.3,80.9,26,45.2,"28.1"
"Perkins, Blake",663368,2025,28,155,171,35,24,6,2,3,47,15,27.5,8.8,".226",".348",".298","0.646","0.122","54","435","67","708",".223",".326",".287",".279",".022",".008","89.6","6.2",30.6,3.7,34.3,"98.425322941","93.623814314",57.1,22.1,50,50,77.9,28.4,38.8,"29.1"
"Nootbaar, Lars",663457,2025,27,509,583,119,81,24,1,13,119,64,20.4,11,".234",".361",".325","0.686","0.127","184","1423","168","2359",".231",".400",".304",".317","-0.039","-0.013","91.3","16.5",33,10.2,50,"101.938818418","95.520290383",56,13,41.7,58.3,87,20.9,39.4,"27.0"
"Hoerner, Nico",663538,2025,28,599,649,178,138,29,4,7,49,39,7.6,6,".297",".394",".345","0.739","0.097","236","1566","103","2305",".292",".391",".324",".322",".003",".002","86.7","12.5",36.1,2.4,30.3,"96.704418551","92.414274628",63.4,5.1,24.4,75.6,94.9,11.2,48.8,"28.6"
"Riley, Austin",663586,2025,28,416,447,108,71,20,1,16,128,27,28.6,6,".260",".428",".309","0.737","0.168","178","1159","240","1791",".246",".472",".318",".330","-0.044","-0.012","92.3","16.8",37,15.2,50.2,"104.205844276","96.625096678",72.2,21.8,51,49,78.2,29.5,51,"28.2"
"Larnach, Trevor",663616,2025,28,503,567,126,84,24,1,17,122,53,21.5,9.3,".250",".404",".323","0.727","0.154","203","1364","241","2191",".251",".403",".317",".318",".001","-0.001","90.9","10.9",34.9,7.2,45.7,"101.351578402","95.134984031",62.3,16.1,59.6,40.4,83.9,29.8,44.5,"26.1"
"Mountcastle, Ryan",663624,2025,28,332,357,83,58,18,0,7,98,15,27.5,4.2,".250",".367",".286","0.653","0.117","122","945","212","1354",".253",".428",".284",".313","-0.061","-0.029","90.7","9.1",37.5,11.7,47.1,"101.733937167","95.313543167",75.9,22.4,50.2,49.8,77.6,32,57.5,"27.6"
"Hayes, Ke'Bryan",663647,2025,28,527,570,124,100,16,3,5,111,36,19.5,6.3,".235",".306",".290","0.596","0.071","161","1384","159","2154",".238",".342",".266",".282","-0.036","-0.016","89.3","8.5",30.6,4.6,42.5,"99.789439561","94.118686822",60.7,10.9,40.8,59.2,89.1,19.9,44.1,"27.2"
"Tucker, Kyle",663656,2025,28,500,597,133,82,25,4,22,88,87,14.7,14.6,".266",".464",".377","0.841","0.198","232","1340","181","2306",".270",".483",".363",".372","-0.019","-0.009","90.1","17.2",37.5,10.8,40.4,"99.768677067","94.192831928",70.9,15,42.3,57.7,85,20.2,45.2,"26.5"
"India, Jonathan",663697,2025,28,497,567,116,78,29,0,9,106,54,18.7,9.5,".233",".346",".323","0.669","0.113","172","1470","160","2359",".238",".378",".301",".314","-0.032","-0.013","87.9","17.1",33,5.8,36.8,"99.096462296","93.637694783",58.1,12.6,47,53,87.4,19.9,40.3,"28.2"
"Bart, Joey",663698,2025,28,285,332,71,54,12,1,4,93,40,28,12,".249",".340",".355","0.695","0.091","97","785","131","1345",".222",".380",".317",".318","-0.040","-0.001","88.4","9",35.9,10.4,43.2,"101.710723021","95.09948901",59.6,15.9,55.8,44.2,84.1,28,40.3,"26.6"
"Raleigh, Cal",663728,2025,28,596,705,147,63,24,0,60,188,97,26.7,13.8,".247",".589",".359","0.948","0.342","351","1765","398","2833",".231",".547",".392",".371",".042",".021","91.3","25.2",35.3,19.5,49.6,"103.037930049","96.182622409",75.2,21.6,51.4,48.6,78.4,31.5,51.7,"26.0"
"Fortes, Nick",663743,2025,28,218,242,50,35,9,1,5,47,14,19.4,5.8,".229",".349",".296","0.645","0.120","76","604","69","915",".215",".322",".286",".270",".027",".016","87.5","13.4",29.9,4.6,37.9,"99.24272869","93.641201726",63.8,13.9,29.5,70.5,86.1,18.9,47.5,"26.8"
"Grisham, Trent",663757,2025,28,494,581,116,72,9,1,34,137,82,23.6,14.1,".235",".464",".348","0.812","0.229","229","1402","175","2393",".248",".498",".353",".370","-0.034","-0.017","91.1","16.4",34.6,14.2,46.4,"101.23838764","95.167728169",58.2,16.6,45.6,54.4,83.4,22.7,38.9,"26.7"
"Gonzalez, Romy",663853,2025,28,315,341,96,61,23,3,9,81,18,23.8,5.3,".305",".483",".343","0.826","0.178","152","838","182","1238",".276",".480",".352",".344",".003",".008","93.3","5.5",33.5,12.6,57.3,"104.23239437","97.196095588",73.5,17.7,52.9,47.1,82.3,29.3,54,"28.3"
"Stephenson, Tyler",663886,2025,28,299,342,69,38,18,0,13,116,37,33.9,10.8,".231",".421",".316","0.737","0.190","126","865","160","1389",".216",".413",".319",".311",".008",".008","90.5","12.9",42.2,14.5,49.2,"100.887212903","94.951515484",62.1,22.1,51.7,48.3,77.9,30.6,43.6,"26.8"
"Mangum, Jake",663968,2025,29,405,428,120,98,18,1,3,64,19,15,4.4,".296",".368",".330","0.698","0.072","149","1053","140","1442",".251",".336",".307",".276",".032",".031","87.3","-0.7",26.5,2.7,33.4,"97.795184639","92.979726627",78.7,13.2,29.7,70.3,86.8,18.9,62.1,"29.1"
"Lowe, Nathaniel",663993,2025,29,540,609,123,79,23,3,18,159,62,26.1,10.2,".228",".381",".307","0.688","0.153","206","1636","238","2607",".229",".373",".301",".303",".008","-0.002","89","10.9",33.4,7,41.5,"100.389231563","94.465033629",63.8,17.4,45.8,54.2,82.6,24.7,44.6,"26.2"
"Happ, Ian",664023,2025,30,569,663,138,83,32,0,23,151,87,22.8,13.1,".243",".420",".342","0.762","0.177","239","1664","245","2717",".256",".457",".333",".354","-0.037","-0.021","90","16.1",35.7,10.4,44.4,"101.384139763","95.030374418",63.6,17.5,49.1,50.9,82.5,24.6,43.5,"27.4"
"France, Ty",664034,2025,30,444,490,114,82,25,0,7,83,22,16.9,4.5,".257",".360",".320","0.680","0.103","160","1208","178","1873",".259",".425",".302",".328","-0.065","-0.026","89.5","10.5",35.2,7.7,44.2,"100.76941467","94.788930523",73.6,11.5,43,57,88.5,21.3,51.8,"25.1"
"Lowe, Brandon",664040,2025,30,507,553,130,80,19,0,31,149,38,26.9,6.9,".256",".477",".307","0.784","0.221","242","1418","344","2146",".254",".478",".334",".335","-0.001","-0.001","91.1","15.2",37.6,13,46.6,"101.991060221","95.474542762",77.7,23.4,58.9,41.1,76.6,33.4,55.5,"26.9"
"Bader, Harrison",664056,2025,31,448,501,124,82,24,1,17,136,39,27.1,7.8,".277",".449",".347","0.796","0.172","201","1253","227","1941",".220",".374",".346",".297",".075",".049","87.2","12.7",33,10.2,40.3,"100.565887134","94.337735112",65,21,43.1,56.9,79,29,47.9,"28.8"
"Haggerty, Sam",664059,2025,31,162,182,41,29,7,3,2,37,16,20.3,8.8,".253",".370",".328","0.698","0.117","60","417","74","644",".249",".362",".307",".304",".008",".003","88.3","7",34.9,2.4,42.1,"99.873902459","94.182853197",70.7,18.3,50,50,81.7,26.3,50.2,"28.9"
"Moore, Dylan",664238,2025,32,219,243,44,28,5,0,11,82,20,33.7,8.2,".201",".374",".267","0.641","0.173","82","653","145","1010",".191",".326",".280",".262",".048",".018","84.8","21.3",34.3,8.6,34.3,"97.881551857","92.946941714",69.6,29.1,46.6,53.4,70.9,33.3,48.7,"27.7"
"Straw, Myles",664702,2025,30,267,299,70,51,14,1,4,50,19,16.7,6.4,".262",".367",".313","0.680","0.105","98","745","67","1104",".252",".365",".299",".295",".002",".004","87.2","14.8",36.2,3.9,27.1,"96.079168692","92.074034626",62.6,13,29.9,70.1,87,17.3,47,"29.4"
"Isbel, Kyle",664728,2025,28,368,409,94,70,16,4,4,74,23,18.1,5.6,".255",".353",".301","0.654","0.098","130","977","101","1470",".220",".290",".287",".251",".063",".036","87.8","8.7",26.5,1.6,36.1,"99.661835734","93.907481368",61.9,9,41,59,91,18.2,46.5,"27.8"
"Bohm, Alec",664761,2025,28,464,504,133,101,18,3,11,82,29,16.3,5.8,".287",".409",".331","0.740","0.122","190","1171","107","1801",".275",".413",".322",".324","-0.004","-0.002","90.8","6.8",35.6,6.2,46.4,"100.707635803","94.852393109",66.9,9.6,29.7,70.3,90.4,14.6,48.2,"26.5"
"Lukes, Nathan",664770,2025,30,388,438,99,66,19,2,12,60,38,13.7,8.7,".255",".407",".323","0.730","0.152","158","1097","93","1662",".259",".392",".317",".315",".015",".002","87.9","11.2",30.8,4.8,37,"98.285858221","93.26684546",64.4,11,21.1,78.9,89,14,48.9,"27.3"
"Wade Jr., LaMonte",664774,2025,31,209,242,35,23,8,2,2,58,27,24,11.2,".167",".254",".271","0.525","0.087","53","641","76","1039",".205",".321",".241",".281","-0.067","-0.040","89.7","21.9",33.8,4.5,31.8,"98.244666579","93.396152434",62.5,13.8,59.5,40.5,86.2,22.8,40.9,"26.0"
"McCarthy, Jake",664983,2025,27,206,222,42,26,7,5,4,40,10,18,4.5,".204",".345",".247","0.592","0.141","71","561","73","846",".239",".374",".256",".286","-0.029","-0.030","84.7","6.5",28.2,5.3,27.6,"96.21972175","92.14488327",64.7,11.8,38.1,61.9,88.2,21.1,49.4,"29.9"
"Clemens, Kody",665019,2025,29,348,386,74,39,12,4,19,93,29,24.1,7.5,".213",".434",".281","0.715","0.221","151","979","156","1529",".243",".465",".307",".331","-0.031","-0.024","91.5","16.7",35.9,12,48.3,"102.245098819","95.890658268",67.6,17.4,41,59,82.6,23.9,48.4,"27.9"
"Peña, Jeremy",665161,2025,27,493,543,150,101,30,2,17,93,35,17.1,6.4,".304",".477",".363","0.840","0.173","235","1183","224","1779",".270",".432",".363",".334",".045",".029","88.9","8.9",30,8.2,42.9,"100.3500578","94.382263083",68.5,12.7,52,48,87.3,27.1,51,"29.6"
"Tatis Jr., Fernando",665487,2025,26,594,691,159,105,27,2,25,129,89,18.7,12.9,".268",".446",".368","0.814","0.178","265","1573","295","2636",".272",".488",".353",".370","-0.042","-0.017","93.3","9.4",28.9,11,51.8,"103.844166724","96.718358423",70.3,17.7,50.4,49.6,82.3,27,45.9,"28.6"
"Guerrero Jr., Vladimir",665489,2025,26,589,680,172,115,34,0,23,94,81,13.8,11.9,".292",".467",".381","0.848","0.175","275","1497","203","2502",".300",".506",".366",".384","-0.039","-0.018","92","7.8",33.7,12.2,50.7,"104.847490968","96.922139153",62.4,15.8,38.3,61.7,84.2,21.5,42.2,"26.9"
"Soto, Juan",665742,2025,26,577,715,152,88,20,1,43,137,127,19.2,17.8,".263",".525",".396","0.921","0.262","303","1682","205","2968",".288",".608",".390",".429","-0.083","-0.039","93.8","12",32.9,18.2,55.3,"104.539509412","97.232619389",55.7,16.4,42.5,57.5,83.6,22.4,35.5,"25.8"
"Taveras, Leody",665750,2025,26,171,180,35,25,6,1,3,50,5,27.8,2.8,".205",".304",".226","0.530","0.099","52","474","74","693",".199",".318",".230",".234","-0.014","-0.004","88.5","21.2",27.2,6.4,35.2,"99.243581864","93.754772203",67.2,16.8,44.1,55.9,83.2,25.2,52.1,"28.8"
"Cruz, Oneil",665833,2025,26,471,544,94,53,18,3,20,174,64,32,11.8,".200",".378",".298","0.676","0.178","178","1342","283","2235",".218",".425",".295",".324","-0.047","-0.029","95.8","8.1",31.5,18,56.6,"107.307978467","98.8072552",58.2,23.8,51,49,76.2,34,41.6,"29.2"
"Chisholm Jr., Jazz",665862,2025,27,462,531,112,65,15,1,31,148,58,27.9,10.9,".242",".481",".332","0.813","0.239","222","1332","294","2138",".234",".481",".349",".345",".000",".004","89","15.8",32.6,15,43.3,"100.93875057","94.67092819",68.4,24.9,50.2,49.8,75.1,32.2,47.1,"27.6"
"Giménez, Andrés",665926,2025,26,329,369,69,50,11,1,7,66,25,17.9,6.8,".210",".313",".285","0.598","0.103","103","984","145","1452",".252",".361",".269",".308","-0.048","-0.039","86.3","11",32.6,3,27.7,"96.602269237","92.349003755",67.1,18.5,35,65,81.5,23.8,51.9,"28.0"
"Narváez, Carlos",665966,2025,26,403,446,97,55,27,0,15,111,38,24.9,8.5,".241",".419",".306","0.725","0.178","169","1189","221","1829",".220",".381",".315",".293",".038",".022","91.1","13.2",30.4,9.1,44.6,"101.53825034","95.342193367",67.4,19.4,47.5,52.5,80.6,27.7,48.9,"25.6"
"Aranda, Jonathan",666018,2025,27,370,422,117,81,22,0,14,107,41,25.4,9.7,".316",".489",".393","0.882","0.173","181","1107","182","1717",".291",".515",".381",".382","-0.026","-0.001","93","14.5",42.1,12.9,54.5,"102.687689924","96.267280418",68.4,20.9,35.5,64.5,79.1,24.9,48.6,"25.9"
"Fermin, Freddy",666023,2025,30,320,348,80,62,13,0,5,66,19,19,5.5,".250",".338",".296","0.634","0.088","108","927","154","1372",".232",".335",".280",".270",".003",".010","89.1","14.2",28.7,4.2,34.1,"98.499082764","93.418854228",73.1,15.2,45.6,54.4,85,23.6,53.4,"27.0"
"Jones, Nolan",666134,2025,27,355,403,75,54,14,2,5,113,39,28,9.7,".211",".304",".296","0.600","0.093","108","1078","185","1697",".224",".373",".270",".300","-0.069","-0.030","90.8","13",35.8,8.6,46.7,"101.479686667","95.273598792",63.4,21.3,46.2,53.8,78.7,27.9,46.4,"27.6"
"Lowe, Josh",666139,2025,27,396,435,87,53,21,2,11,109,33,25.1,7.6,".220",".366",".283","0.649","0.146","145","1235","234","1842",".236",".366",".284",".294",".000","-0.010","88.6","9.3",34.5,5.9,39.6,"99.41732007","93.945724064",71.8,25,34.6,65.4,75,28,54.5,"28.1"
"Fitzgerald, Tyler",666149,2025,27,217,243,47,32,10,1,4,70,17,28.8,7,".217",".327",".278","0.605","0.110","71","626","136","925",".192",".281",".269",".242",".046",".027","84.5","17",30.5,4.5,27.9,"96.267063288","92.142678904",72,20.2,56,44,79.8,31.2,52.6,"29.6"
"Hamilton, David",666152,2025,27,177,194,35,24,4,1,6,47,13,24.2,6.7,".198",".333",".257","0.590","0.135","59","480","66","742",".209",".319",".260",".260",".014",".000","86.6","14.3",27.8,6,27.8,"97.096658438","92.584142835",61,14.6,44,56,85.4,22.7,44.5,"29.3"
"Lux, Gavin",666158,2025,27,446,503,120,85,28,2,5,114,56,22.7,11.1,".269",".374",".350","0.724","0.105","167","1243","158","2052",".243",".336",".322",".299",".038",".023","88.3","9.6",38.1,3.6,36.9,"97.799033473","93.010295676",65.1,13.8,48.5,51.5,86.2,21.6,42.7,"27.9"
"Moniak, Mickey",666160,2025,27,434,461,117,65,20,8,24,110,22,23.9,4.8,".270",".518",".306","0.824","0.248","225","1095","221","1598",".259",".494",".348",".335",".024",".013","89.7","17.4",37.6,13.8,45.3,"101.40795773","95.080857415",74.8,18.1,48.3,51.7,81.9,28.2,56.5,"28.5"
"Adell, Jo",666176,2025,26,526,573,124,68,18,1,37,151,33,26.4,5.8,".236",".485",".293","0.778","0.249","255","1447","295","2220",".260",".549",".333",".365","-0.064","-0.032","91.7","16.1",35.1,17.3,50,"104.215712606","96.547484587",74.2,16.9,52.4,47.6,83.1,28.5,52.6,"27.9"
"Benson, Will",666181,2025,27,230,253,52,30,8,2,12,67,16,26.5,6.3,".226",".435",".273","0.708","0.209","100","589","149","922",".257",".496",".298",".342","-0.061","-0.044","92.4","16.1",37.3,15.4,53.8,"102.907826588","96.242418757",74.6,26.7,59,41,73.3,34.4,52.9,"29.3"
"Bichette, Bo",666182,2025,27,582,628,181,118,44,1,18,91,40,14.5,6.4,".311",".483",".357","0.840","0.172","281","1532","193","2308",".295",".473",".361",".353",".010",".008","91","8.2",37.9,7.9,48.8,"101.819073862","95.502667967",72.1,10.7,33.3,66.7,89.3,18.4,53.1,"26.1"
"Carlson, Dylan",666185,2025,26,217,241,44,28,9,1,6,54,21,22.4,8.7,".203",".336",".278","0.614","0.133","73","640","92","1021",".214",".357",".273",".285","-0.021","-0.012","88.4","16.7",34.8,6.7,30.5,"97.553371852","92.871209136",68.7,20.4,33,67,79.6,22.9,45.2,"27.6"
"Naylor, Bo",666310,2025,25,359,414,70,33,22,1,14,99,45,23.9,10.9,".195",".379",".282","0.661","0.184","136","1070","147","1681",".201",".371",".289",".292",".008","-0.003","89.6","21.3",36.8,9.7,38.3,"99.633649773","94.100167452",66.5,14.4,43.8,56.2,85.6,22,47.1,"27.6"
"Julien, Edouard",666397,2025,26,182,208,40,27,10,0,3,61,22,29.3,10.6,".220",".324",".309","0.633","0.104","59","527","84","876",".242",".424",".286",".329","-0.100","-0.043","89.2","6.1",39,12.2,42.3,"100.268172787","94.521132377",60.9,17.4,52.3,47.7,82.6,26.1,40.3,"27.5"
"Morel, Christopher",666624,2025,26,278,305,61,34,16,0,11,109,25,35.7,8.2,".219",".396",".289","0.685","0.177","110","761","223","1177",".213",".420",".299",".304","-0.024","-0.005","91.8","17",33.7,14.8,49.7,"103.283549405","96.313953036",78.7,29.1,61.6,38.4,70.9,38.9,53.8,"28.0"
"García, Adolis",666969,2025,32,507,547,115,68,28,0,19,135,28,24.7,5.1,".227",".394",".271","0.665","0.167","200","1420","300","2150",".232",".427",".286",".304","-0.033","-0.018","92.1","16.3",33.2,11.6,46.7,"101.875197354","95.57270172",69.9,22.7,44,56,77.3,30.3,52.2,"27.0"
"Gurriel Jr., Lourdes",666971,2025,31,500,546,124,79,24,2,19,76,31,13.9,5.7,".248",".418",".295","0.713","0.170","209","1348","193","1994",".256",".420",".307",".315","-0.002","-0.008","87.8","16.3",37.4,7.2,38.3,"99.058751759","93.630561528",69.6,12.1,36.7,63.3,87.9,20.2,52.3,"27.1"
"Myers, Dane",667472,2025,29,307,333,72,56,10,0,6,77,23,23.1,6.9,".235",".326",".291","0.617","0.091","100","826","121","1241",".247",".395",".275",".305","-0.069","-0.030","90.7","10.5",34.6,7.8,42,"99.818160261","94.250510655",60.6,17.8,44,56,82.2,23.7,45,"28.4"
"Rooker, Brent",667670,2025,30,626,699,164,91,40,3,30,155,65,22.2,9.3,".262",".479",".335","0.814","0.217","300","1614","354","2575",".261",".490",".349",".351","-0.011","-0.002","90.7","16.4",39.7,13.7,44.8,"101.348762785","95.08004389",75.3,20.5,57.9,42.1,79.5,30.8,50,"27.5"
"Arozarena, Randy",668227,2025,30,613,709,146,86,32,1,27,191,64,26.9,9,".238",".426",".334","0.760","0.188","261","1808","333","2873",".227",".417",".332",".327",".009",".005","91.3","12.9",32.6,11.5,50.6,"102.490457934","95.926660471",62.5,24.1,43.8,56.2,75.9,29.7,44,"27.7"
"Bleday, JJ",668709,2025,27,307,344,65,34,17,0,14,91,36,26.5,10.5,".212",".404",".294","0.698","0.192","124","827","167","1328",".197",".345",".302",".276",".059",".026","88.7","20.5",29.5,7.8,38.7,"99.544634679","93.986993226",64.4,19.6,56.4,43.6,80.4,29.8,44.7,"27.1"
"Steer, Spencer",668715,2025,27,509,568,121,77,21,2,21,129,51,22.7,9,".238",".411",".312","0.723","0.173","209","1496","245","2316",".219",".361",".316",".293",".050",".023","87.3","18.8",34.2,7.6,33.2,"97.843391958","93.000497056",67.6,18.4,46.6,53.4,81.6,25,48,"28.0"
"Reynolds, Bryan",668804,2025,30,587,654,144,87,38,3,16,173,57,26.5,8.7,".245",".402",".318","0.720","0.157","236","1643","332","2631",".259",".447",".315",".338","-0.045","-0.023","91.2","7.3",38.4,10.1,46,"101.932535192","95.465817885",73.5,19.5,57.1,42.9,80.5,29.4,49.6,"28.1"
"Martin, Austin",668885,2025,26,156,181,44,34,8,1,1,31,22,17.1,12.2,".282",".365",".374","0.739","0.083","57","438","49","749",".279",".403",".333",".345","-0.038","-0.012","86.2","9.7",35.4,5.5,38.6,"99.170504355","93.642009597",63.2,9.9,41.7,58.3,90.1,17.4,40.6,"28.3"
"Vientos, Mark",668901,2025,25,424,463,99,59,21,2,17,115,30,24.8,6.5,".233",".413",".289","0.702","0.180","175","1164","261","1764",".246",".432",".303",".320","-0.019","-0.017","91.4","11.5",33.5,11.5,50.5,"101.904334459","95.670780607",70.8,22.6,53.8,46.2,77.4,32.5,51.9,"26.0"
"Lewis, Royce",668904,2025,26,376,403,89,58,18,0,13,80,25,19.9,6.2,".237",".388",".283","0.671","0.151","146","1015","175","1517",".240",".400",".292",".297","-0.012","-0.005","89.8","16.7",33.2,8.7,40.3,"100.418670671","94.408310906",69.6,19.9,42.9,57.1,80.1,26.7,51,"26.8"
"Turang, Brice",668930,2025,25,584,659,168,120,28,2,18,150,66,22.8,10,".288",".435",".359","0.794","0.147","254","1735","227","2772",".262",".429",".346",".335",".006",".011","91.1","8.6",35.1,8,47.4,"100.614785374","94.892922904",62.9,15.5,37.2,62.8,84.5,21,44.3,"28.9"
"Rutschman, Adley",668939,2025,27,322,365,71,44,16,2,9,57,40,15.6,11,".220",".366",".307","0.673","0.146","118","913","77","1491",".241",".410",".298",".325","-0.044","-0.027","89.4","13.7",33.7,7.5,38.6,"99.370985821","93.966094082",58.9,8.9,30.4,69.6,91.1,14.5,40.6,"26.7"
"Rojas, Josh",668942,2025,31,189,211,34,23,9,0,2,48,19,22.7,9,".180",".259",".252","0.511","0.079","49","489","70","797",".209",".305",".232",".263","-0.046","-0.031","89.6","13.4",30.6,3.5,36.8,"98.368843714","93.541469143",70.3,17,47.3,52.7,83,23.1,46.2,"26.2"
"Marsh, Brandon",669016,2025,27,379,425,106,68,25,2,11,110,38,25.9,8.9,".280",".443",".342","0.785","0.163","168","1057","154","1657",".263",".432",".339",".330",".011",".009","91.1","12.6",39.1,8.4,46.4,"100.6056675","94.960470849",66.2,11.4,48.4,51.6,88.6,23.2,47.1,"28.3"
"Stowers, Kyle",669065,2025,27,399,457,115,66,21,3,25,125,48,27.4,10.5,".288",".544",".368","0.912","0.256","217","1082","269","1712",".265",".537",".386",".375",".007",".011","91.1","14.1",38,19.1,52,"103.093111727","96.214876787",79.5,24.7,54.9,45.1,75.3,32.5,54,"27.1"
"Langeliers, Shea",669127,2025,27,480,522,133,70,32,0,31,102,36,19.5,6.9,".277",".537",".326","0.863","0.260","258","1264","219","1924",".252",".464",".365",".329",".073",".036","90.9","16.4",33.4,11.3,44.9,"102.509663298","95.562115",73.2,16,45.3,54.7,84,25.1,52.4,"28.6"
"Murphy, Sean",669221,2025,30,291,337,58,29,13,0,16,105,35,31.2,10.4,".199",".409",".300","0.709","0.210","119","873","185","1357",".201",".408",".309",".314",".001","-0.005","89.1","10.6",30.2,13.4,43.1,"102.033985426","95.22279861",68,22,61.9,38.1,78,32.3,47.9,"24.8"
"Wells, Austin",669224,2025,25,401,448,88,44,22,1,21,118,30,26.3,6.7,".219",".436",".275","0.711","0.217","175","1154","219","1794",".211",".397",".302",".291",".039",".011","90.6","20.7",33,10.2,45.2,"101.709094658","95.230029897",71.5,18.3,50.4,49.6,81.7,27.4,50.7,"26.4"
"Jackson, Jeremiah",669236,2025,25,170,183,47,30,10,2,5,50,11,27.3,6,".276",".447",".328","0.775","0.171","76","468","112","706",".222",".393",".336",".291",".054",".045","90.6","10.9",27.5,7.5,46.7,"101.013917833","94.970572521",72.5,25,49.6,50.4,75,33.2,52.8,"27.6"
"Edman, Tommy",669242,2025,30,346,377,78,51,13,1,13,61,19,16.2,5,".225",".382",".274","0.656","0.157","132","878","92","1338",".274",".411",".284",".321","-0.029","-0.037","88.3","11.8",33.3,4.5,39.9,"99.368114861","93.911672648",65.1,10.1,45.2,54.8,89.9,19.8,48,"28.4"
"Smith, Will",669257,2025,30,362,436,107,69,20,1,17,89,64,20.4,14.7,".296",".497",".404","0.901","0.201","180","1144","141","1926",".269",".496",".389",".378",".001",".011","91.3","18.4",41.7,12.2,47.1,"101.332929281","95.105303022",57,15.4,43.4,56.6,84.6,22.2,38.8,"27.3"
"Suwinski, Jack",669261,2025,26,150,178,22,12,7,0,3,57,24,32,13.5,".147",".253",".281","0.534","0.106","38","467","90","806",".195",".376",".250",".308","-0.123","-0.058","88.8","16.7",35.5,11.8,38.7,"100.555321489","94.441022581",61.2,24.6,61.5,38.5,75.4,32.1,39.8,"27.9"
"Espinal, Santiago",669289,2025,30,301,328,73,61,12,0,0,38,21,11.6,6.4,".243",".282",".292","0.574","0.039","85","835","72","1302",".229",".287",".259",".254","-0.005",".005","86.5","15.1",31.3,0.7,25.7,"95.861426183","91.96218977",64.6,8.9,29.5,70.5,91.1,14.1,45.2,"27.1"
"Teodosio, Bryce",669326,2025,26,138,150,28,18,7,2,1,47,5,31.3,3.3,".203",".304",".248","0.552","0.101","42","375","107","521",".185",".259",".243",".222",".045",".021","84.3","12.9",23.4,4.3,26.6,"96.560468889","92.308938778",82.4,28.6,60.7,39.3,71.4,37.3,62.8,"29.9"
"Gorman, Nolan",669357,2025,25,351,402,72,43,14,1,14,136,47,33.8,11.7,".205",".370",".296","0.666","0.165","130","1037","224","1655",".196",".386",".292",".296","-0.016","-0.004","89.6","22.3",39.3,9.2,41.1,"100.473005926","94.520283241",66.6,26.6,54.2,45.8,73.4,34.6,47.4,"25.9"
"Edwards, Xavier",669364,2025,25,561,619,159,131,20,5,3,88,49,14.2,7.9,".283",".353",".343","0.696","0.070","198","1447","112","2250",".262",".332",".308",".295",".021",".013","86.8","8.2",33.6,0.8,29.4,"96.768424561","92.424991053",69.1,8.2,23.2,76.8,91.8,12.2,49,"28.3"
"Burger, Jake",669394,2025,29,356,376,84,52,15,1,16,93,12,24.7,3.2,".236",".419",".269","0.688","0.183","149","925","202","1324",".246",".478",".295",".324","-0.059","-0.029","90.4","16.1",33.5,13.9,48.5,"103.175129323","95.834832632",71.3,16.6,50.6,49.4,83.4,29.2,55.1,"27.9"
"Allen, Nick",669397,2025,26,371,416,82,71,11,0,0,99,31,23.8,7.5,".221",".251",".284","0.535","0.030","93","1041","133","1582",".221",".268",".245",".252","-0.017","-0.007","84.8","13.3",29.3,0,21.6,"94.907320963","91.457467333",67.8,15.1,41.5,59,84.9,21.5,48.4,"27.4"
"Schmitt, Casey",669477,2025,26,312,348,74,47,15,0,12,83,27,23.9,7.8,".237",".401",".305","0.706","0.164","125","873","159","1330",".256",".436",".307",".328","-0.035","-0.021","89.5","19.2",40.3,9,43.8,"100.706954224","94.593324009",72.1,14.6,50.7,49.3,85.4,25.8,51.6,"27.6"
"Smith, Josh",669701,2025,27,495,563,124,89,23,2,10,100,55,17.8,9.8,".251",".366",".335","0.701","0.115","181","1449","171","2287",".247",".366",".311",".310",".000",".001","87.2","12.7",33.8,5,31.1,"97.379499592","92.713932653",63.1,12.2,39.9,60.1,87.8,19.6,45.5,"27.5"
"Triolo, Jared",669707,2025,27,331,376,75,48,18,2,7,76,39,20.2,10.4,".227",".356",".311","0.667","0.129","118","933","146","1454",".239",".383",".296",".310","-0.027","-0.014","89","14.7",34.4,6.2,38.2,"99.337682857","93.864443413",68.9,14.7,52,48,85.3,24,47.2,"28.8"
"Hays, Austin",669720,2025,29,380,416,101,65,16,5,15,107,29,25.7,7,".266",".453",".315","0.768","0.187","172","1020","229","1559",".234",".403",".327",".300",".050",".027","88.8","14.6",31.9,10.5,38.4,"99.434684493","93.863333745",71.1,21.4,50.7,49.3,78.6,31.4,52,"27.6"
"Call, Alex",669743,2025,30,270,322,72,52,13,2,5,55,36,17.1,11.2,".267",".385",".361","0.746","0.118","104","814","79","1314",".243",".369",".331",".321",".016",".010","88.2","12.4",32.4,4.5,28.9,"97.303531852","92.783138698",55.5,14.7,36.2,63.8,85.3,19.2,38.5,"27.8"
"Toglia, Michael",669911,2025,26,306,337,58,31,15,1,11,132,28,39.2,8.3,".190",".353",".258","0.611","0.163","108","872","225","1354",".199",".351",".265",".271",".002","-0.006","89.9","17.7",38.1,10.4,43.2,"100.796186437","94.757682428",67.4,25.5,62.6,37.4,74.5,37.3,48.9,"27.0"
"Raley, Luke",670042,2025,30,183,219,37,25,8,0,4,64,19,29.2,8.7,".202",".311",".319","0.630","0.109","57","522","164","831",".209",".358",".291",".312","-0.047","-0.021","89.5","9.8",31.7,10.6,42.3,"101.481510339","95.137145897",80.7,31.6,68.1,31.9,68.4,40.8,53.9,"28.7"
"Mastrobuoni, Miles",670156,2025,29,152,175,38,33,4,0,1,29,17,16.6,9.7,".250",".296",".324","0.620","0.046","45","413","39","669",".275",".367",".282",".318","-0.071","-0.036","88","6.2",33.3,2.3,36.4,"97.996020645","93.315767967",56.6,13.3,26.3,73.7,86.7,16.1,39.9,"28.5"
"Misner, Kameron",670224,2025,27,197,217,42,27,9,1,5,69,16,31.8,7.4,".213",".345",".273","0.618","0.132","68","591","136","916",".194",".303",".272",".250",".042",".022","87.6","15",27.5,5.3,29.8,"98.404901875","93.313993858",63.1,24,56.9,43.1,76,34.4,47.3,"28.3"
"Rave, John",670231,2025,27,153,175,30,21,5,0,4,46,18,26.3,10.3,".196",".307",".283","0.590","0.111","47","465","62","749",".228",".349",".267",".302","-0.042","-0.035","88.3","8.4",25.5,5.5,40,"100.331691373","94.211258235",59.8,16.8,46.3,53.8,83.2,24.2,42.5,"28.9"
"Wallner, Matt",670242,2025,27,336,392,68,27,16,3,22,114,46,29.1,11.7,".202",".464",".311","0.775","0.262","156","969","254","1555",".202",".435",".334",".325",".029",".009","91","21.1",33.9,13.9,45.5,"102.7851575","95.761244395",72,27.9,55.5,44.5,72.1,35.5,50.5,"26.8"
"Alvarez, Yordan",670541,2025,28,165,199,45,31,8,0,6,33,28,16.6,14.1,".273",".430",".367","0.797","0.157","71","490","70","803",".284",".549",".338",".393","-0.119","-0.055","94.7","18.3",42.8,13.8,52.9,"104.636630145","97.124242246",63.6,10.9,46.5,53.5,89.1,22.4,44,"26.2"
"Paredes, Isaac",670623,2025,26,378,438,96,60,15,1,20,76,50,17.4,11.4,".254",".458",".352","0.810","0.204","173","1179","111","1943",".235",".380",".353",".320",".078",".033","87.4","23",37.2,6.3,33.6,"97.968035894","93.068434007",60.5,11.2,30.8,69.2,88.8,16.4,40.9,"25.6"
"Walls, Taylor",670764,2025,28,282,317,62,43,14,1,4,70,26,22.1,8.2,".220",".319",".280","0.599","0.099","90","816","98","1278",".210",".309",".265",".261",".010",".004","87","15.1",33.5,3.2,26.4,"96.119638571","92.100255905",64.5,15.2,41,59,84.8,20.3,45.9,"28.2"
"Friedl, TJ",670770,2025,29,579,685,151,113,22,2,14,115,81,16.8,11.8,".261",".378",".364","0.742","0.117","219","1579","154","2645",".227",".317",".333",".300",".061",".033","87.1","14.3",33.4,2.7,32.1,"97.485236416","92.822655233",58.3,9.9,44.7,55.3,90.1,17.5,39.2,"26.7"
"Herrera, Iván",671056,2025,25,388,452,110,78,13,0,19,84,43,18.6,9.5,".284",".464",".373","0.837","0.180","180","1123","169","1809",".275",".491",".365",".371","-0.027","-0.006","91.2","10.1",33.8,11.1,47.7,"102.882753464","95.975006557",64.4,15.5,43.9,56.1,84.5,23.3,45.1,"26.3"
"Ramos, Heliot",671218,2025,25,620,695,159,113,24,1,21,158,52,22.7,7.5,".256",".400",".328","0.728","0.144","248","1717","270","2653",".242",".417",".319",".320","-0.017","-0.001","91.8","11.5",32.5,8.8,47.4,"102.515755862","95.752323082",66.2,15.5,46.2,53.8,84.5,25.3,47.8,"27.5"
"Waters, Drew",671221,2025,26,206,219,50,40,6,3,1,60,11,27.4,5,".243",".316",".288","0.604","0.073","65","541","119","795",".232",".318",".268",".265","-0.002",".003","86","9.1",35.6,4.1,28.8,"97.434472083","92.746290972",77.3,20.9,53.5,46.5,79.1,30.3,56.5,"27.6"
"García Jr., Luis",671277,2025,25,488,526,123,78,28,1,16,84,27,16,5.1,".252",".412",".289","0.701","0.160","201","1251","175","1838",".281",".470",".300",".339","-0.058","-0.039","90.2","9.2",33.7,9,45.8,"100.772844709","94.823697591",71.5,11,39.9,60.1,89,21.7,53.9,"26.5"
"Freeman, Tyler",671289,2025,26,377,428,106,82,20,2,2,51,34,11.9,7.9,".281",".361",".354","0.715","0.080","136","1044","77","1646",".278",".367",".319",".325","-0.006","-0.006","90.1","7.9",30.7,2.1,40.4,"99.694809259","94.1276813",65.2,5.8,30.6,69.4,94.2,12.5,46.1,"28.5"
"Butler, Lawrence",671732,2025,24,569,630,133,80,30,2,21,179,59,28.4,9.4,".234",".404",".306","0.710","0.170","230","1542","346","2517",".230",".394",".310",".305",".010",".005","90.5","9.2",34.4,9.2,44.4,"102.147176546","95.442891289",68,23.6,57,43,76.4,32.9,47,"26.9"
"Harris II, Michael",671739,2025,24,611,641,152,100,26,6,20,128,16,20,2.5,".249",".409",".268","0.677","0.160","250","1557","245","2177",".268",".438",".289",".315","-0.029","-0.026","90.2","7.4",29.6,9.1,43.4,"103.013806132","95.674311175",71.3,11.8,44.7,55.3,88.2,24.4,57,"28.5"
"Clarke, Denzel",672016,2025,25,148,159,34,21,8,2,3,61,6,38.4,3.8,".230",".372",".274","0.646","0.142","55","410","83","631",".200",".322",".281",".250",".050",".031","90","4.1",29.2,6.7,42.7,"101.799379767","95.151251744",65.3,20.2,57.6,42.4,79.8,32.7,47.1,"29.5"
"Bailey, Patrick",672275,2025,26,409,452,91,64,18,3,6,133,30,29.4,6.6,".222",".325",".277","0.602","0.103","133","1128","206","1724",".210",".333",".265",".264","-0.008",".001","88.2","15.6",35.3,5.6,36.4,"98.882488071","93.543761039",68.4,17.8,55.6,44.4,82.2,28.6,49.4,"25.7"
"Arias, Gabriel",672356,2025,25,432,471,95,57,25,2,11,162,27,34.4,5.7,".220",".363",".274","0.637","0.143","157","1199","372","1792",".214",".385",".278",".286","-0.022","-0.008","90.2","6.1",33.8,11.3,43.3,"102.355979412","95.517852978",77.1,31.6,57.1,42.9,68.4,40.5,57.3,"27.0"
"Kirk, Alejandro",672386,2025,26,451,506,127,94,18,0,15,59,48,11.7,9.5,".282",".421",".348","0.769","0.139","190","1270","143","1977",".278",".480",".334",".359","-0.059","-0.025","91.1","11.9",34.4,10.1,50.8,"102.169605025","95.726454811",65.8,14.3,27.7,72.3,85.7,18.5,47.2,"24.3"
"Moreno, Gabriel",672515,2025,25,277,309,79,57,12,1,9,53,29,17.2,9.4,".285",".433",".353","0.786","0.148","120","837","82","1314",".279",".453",".340",".346","-0.020","-0.006","90.4","14.4",39.8,7.1,43.4,"99.634329735","94.171203067",60.7,12.6,31.7,68.3,87.4,18,44,"27.0"
"Garcia, Maikel",672580,2025,25,595,666,170,110,39,5,16,84,62,12.6,9.3,".286",".449",".351","0.800","0.163","267","1556","128","2519",".276",".422",".347",".335",".027",".012","91.3","9.7",34.5,5.6,45.1,"101.342001641","95.068685362",58,9.4,31.6,68.4,90.6,15,40.1,"27.9"
"Lopez, Otto",672640,2025,26,544,594,134,98,21,0,15,82,44,13.8,7.4,".246",".368",".305","0.673","0.122","200","1403","157","2129",".269",".434",".295",".330","-0.066","-0.035","88.5","8.4",32.5,7.1,38.3,"99.900867489","94.042562749",62.7,10.7,36.7,63.3,89.3,18.9,46.3,"28.5"
"Perdomo, Geraldo",672695,2025,25,597,720,173,115,33,5,20,83,94,11.5,13.1,".290",".462",".389","0.851","0.172","276","1837","122","3007",".278",".424",".370",".356",".038",".014","87.6","15.5",36.2,6.2,31.9,"97.403040156","92.774457856",57.1,7.9,26.2,73.8,92.1,12,39.7,"27.2"
"Peraza, Oswald",672724,2025,25,244,265,40,29,6,0,5,80,17,30.2,6.4,".164",".250",".223","0.473","0.086","61","678","156","1005",".194",".306",".214",".248","-0.056","-0.034","87.1","8",29.7,6.7,38.8,"100.200491975","94.259031543",73.4,25.1,55.2,44.8,74.9,33.3,52.9,"29.2"
"Canario, Alexander",672744,2025,25,216,234,47,34,6,1,6,80,17,34.2,7.3,".218",".338",".274","0.612","0.120","73","588","166","897",".219",".407",".270",".295","-0.069","-0.025","87.4","10.5",35.8,12.4,43.8,"101.464192464","94.871333139",75,30,59.6,40.4,70,39,53.4,"28.1"
"Pérez, Wenceel",672761,2025,25,344,383,84,50,17,4,13,87,31,22.7,8.1,".244",".430",".308","0.738","0.186","148","1012","161","1534",".242",".393",".318",".310",".037",".008","90.3","18.4",37.8,8.8,40.1,"99.315106565","93.97487416",67.3,20.1,37.3,62.7,79.9,26,49.3,"27.8"
"Sosa, Lenyn",672820,2025,25,518,544,137,94,20,1,22,127,18,23.3,3.3,".264",".434",".293","0.727","0.170","225","1443","193","2056",".263",".467",".313",".326","-0.033","-0.013","90.7","18.4",39.2,10.4,43.8,"100.914668265","94.870690765",61.4,14,37.1,62.9,86,23.5,51,"26.7"
"Diaz, Yainer",673237,2025,26,542,567,139,93,25,1,20,95,20,16.8,3.5,".256",".417",".284","0.701","0.161","226","1293","217","1871",".268",".465",".300",".326","-0.048","-0.026","89.9","10.2",34.9,9.6,42.2,"100.97744942","94.706836942",78.2,12.6,38.7,61.3,87.4,23.4,59.5,"27.3"
"Robert Jr., Luis",673357,2025,27,382,431,85,59,12,0,14,112,40,26,9.3,".223",".364",".297","0.661","0.141","139","987","236","1524",".246",".426",".289",".321","-0.062","-0.032","89.4","18.2",34.7,10.3,41.6,"101.308583088","94.893475424",76.3,22.1,52.1,47.9,77.9,31.7,53.3,"29.0"
"Kim, Ha-Seong",673490,2025,29,171,191,40,31,4,0,5,39,16,20.4,8.4,".234",".345",".304","0.649","0.111","59","508","44","790",".242",".356",".288",".297","-0.011","-0.009","89.7","15.7",33.6,5.2,43.3,"99.669184627","94.229750677",54.2,11.1,30.6,69.4,88.9,15.5,40,"27.6"
"Suzuki, Seiya",673548,2025,30,571,651,140,74,31,3,32,164,71,25.2,10.9,".245",".478",".326","0.804","0.233","273","1659","230","2727",".247",".494",".343",".352","-0.016","-0.009","91.3","17.9",40.2,16.6,48.7,"102.931278798","95.890233373",59.2,15.7,49.8,50.2,84.3,23.9,40.6,"28.4"
"Jung, Josh",673962,2025,27,482,511,121,83,23,1,14,129,27,25.2,5.3,".251",".390",".294","0.684","0.139","188","1295","216","1931",".245",".414",".298",".304","-0.024","-0.006","89.3","12.8",39.4,8.3,46.7,"100.8140564","94.816045657",69.6,18,40.6,59.4,82,25.4,51.1,"26.6"
"Westburg, Jordan",676059,2025,26,328,352,87,59,10,1,17,80,17,22.7,4.8,".265",".457",".313","0.770","0.192","150","852","172","1300",".254",".462",".332",".328","-0.005",".004","90.2","14.1",30.1,11.2,43.4,"101.28897176","94.91639",72.7,22.1,50.6,49.4,77.9,29.4,50.2,"29.0"
"Clement, Ernie",676391,2025,29,545,588,151,105,35,2,9,61,27,10.4,4.6,".277",".398",".313","0.711","0.121","217","1277","125","1871",".260",".359",".308",".289",".039",".019","86.6","17.9",37.1,2.4,26,"95.998970369","92.037389446",72,7,28.7,71.3,93,14.5,53.8,"28.6"
"Burleson, Alec",676475,2025,26,497,546,144,98,26,2,18,79,39,14.5,7.1,".290",".459",".343","0.802","0.169","228","1245","141","1933",".272",".471",".346",".345","-0.012",".001","91","15.2",34,9.5,43,"101.386484258","95.130209592",69.5,13,30,70,87,17.9,49.3,"25.5"
"Wagaman, Eric",676572,2025,27,476,514,119,79,28,3,9,100,32,19.5,6.2,".250",".378",".296","0.674","0.128","180","1262","189","1955",".259",".421",".293",".315","-0.043","-0.022","91","10.6",34.4,6.8,46.5,"102.304067053","95.484613553",64.7,15,47.4,52.6,85,24.2,45.2,"26.9"
"Caballero, José",676609,2025,28,314,370,74,50,18,1,5,98,47,26.5,12.7,".236",".347",".339","0.686","0.111","109","945","153","1501",".218",".332",".309",".296",".015",".013","86","17.4",36.5,5.9,30.6,"97.838589423","92.958973317",62.8,17.4,45.7,54.3,82.6,26.7,45,"28.3"
"Meyers, Jake",676694,2025,29,343,381,100,80,15,2,3,67,31,17.6,8.1,".292",".373",".354","0.727","0.081","128","849","112","1340",".269",".403",".323",".325","-0.030","-0.002","88.1","9.8",34.6,5,38.9,"99.285411377","93.81484913",69.2,11.3,52.3,47.7,88.8,21.2,47.2,"28.2"
"Schneider, Davis",676914,2025,26,188,227,44,28,5,0,11,60,36,26.4,15.9,".234",".436",".361","0.797","0.202","82","600","116","1012",".188",".409",".351",".323",".027",".028","90.8","24.2",27.9,14,41.1,"100.329632154","94.696231395",68.4,17.9,57.9,42.1,82.1,28.5,42.7,"27.6"
"Kjerstad, Heston",677008,2025,26,156,167,30,19,5,2,4,45,6,26.9,3.6,".192",".327",".240","0.567","0.135","51","421","84","622",".231",".391",".248",".290","-0.064","-0.042","88.8","12.7",40.2,8,41.1,"99.548861786","93.904868661",76.6,17,49.6,50.4,83,28.4,56.6,"27.7"
"Rocchio, Brayan",677587,2025,24,344,383,80,55,18,2,5,77,22,20.1,5.7,".233",".340",".290","0.630","0.107","117","945","154","1411",".246",".358",".278",".295","-0.018","-0.017","88","11",33.3,3.3,35.5,"98.267840896","93.292344494",70.8,17,40.7,59.3,83,24,51.4,"27.0"
"Tena, José",677588,2025,24,152,169,37,22,13,2,0,37,15,21.9,8.9,".243",".355",".314","0.669","0.112","54","424","55","678",".243",".364",".296",".302","-0.009","-0.006","89.2","1.2",34.5,5.3,40.5,"99.054484464","93.921000268",63.3,15,36.7,63.3,85,22,45,"27.7"
"Rodríguez, Julio",677594,2025,24,652,710,174,107,31,4,32,152,44,21.4,6.2,".267",".474",".324","0.798","0.207","309","1677","352","2496",".269",".479",".341",".344","-0.005","-0.003","91.8","8.5",31.5,9.8,48,"103.7115726","96.24062626",75.3,19.4,46.4,53.6,80.6,28.2,55.4,"29.2"
"Mauricio, Ronny",677595,2025,24,168,184,38,26,6,0,6,54,15,29.3,8.2,".226",".369",".293","0.662","0.143","62","462","102","692",".218",".366",".290",".286",".003",".004","91.2","12.7",28.1,8.9,43,"101.786935","95.220553393",66.7,25.9,45.6,54.4,74.1,33.9,52.5,"25.8"
"Duran, Ezequiel",677649,2025,26,205,219,46,32,14,0,0,55,8,25.1,3.7,".224",".293",".266","0.559","0.069","60","559","92","807",".214",".295",".249",".247","-0.002",".002","85.3","15.2",30.3,2.6,30.9,"97.791035753","92.897366027",70.6,15.3,42,58,84.7,24.4,54.3,"28.8"
"Abreu, Wilyer",677800,2025,26,373,417,92,53,17,0,22,101,40,24.2,9.6,".247",".469",".317","0.786","0.222","175","1049","168","1600",".243",".475",".334",".335","-0.006","-0.001","90.8","23",31.9,12.3,44.9,"102.379878333","95.549366836",73.6,16.1,45.3,54.7,83.9,24,52.1,"27.6"
"Alexander, Blaze",677942,2025,26,230,266,53,33,12,1,7,86,22,32.3,8.3,".230",".383",".323","0.706","0.153","88","670","132","1042",".211",".374",".313",".303",".009",".010","90.2","7.3",35.8,12.8,43.2,"100.976531667","94.769820208",68.2,22.3,55.9,44.1,77.7,31,47.4,"28.8"
"Thomas, Alek",677950,2025,25,433,469,108,77,19,3,9,122,21,26,4.5,".249",".370",".289","0.659","0.121","160","1145","207","1678",".242",".372",".287",".289","-0.002","-0.002","89.6","4.2",27.7,7.8,39.3,"100.704408917","94.569621821",69,18.4,51.3,48.7,81.6,28.7,52.9,"28.3"
"Witt Jr., Bobby",677951,2025,25,623,687,184,108,47,6,23,125,49,18.2,7.1,".295",".501",".351","0.852","0.206","312","1634","269","2511",".285",".508",".360",".365","-0.007","-0.005","93.3","15.2",35.4,12.5,48.5,"103.906232271","96.610542829",71.6,16.6,40.8,59.2,83.4,23.9,51.1,"30.2"
"Meadows, Parker",678009,2025,25,191,213,41,29,6,2,4,56,21,26.3,9.9,".215",".330",".291","0.621","0.115","63","531","96","858",".225",".346",".277",".291","-0.016","-0.014","86.9","12.5",36,5.2,30.9,"97.783717273","92.930370153",64.8,16.4,62.7,37.3,83.6,28.8,44.5,"29.0"
"Vargas, Miguel",678246,2025,25,504,569,118,68,32,2,16,100,56,17.6,9.8,".234",".401",".316","0.717","0.167","202","1437","184","2323",".237",".407",".314",".319","-0.006","-0.005","89.7","22.6",36.6,9.4,40.5,"99.545761182","94.110815049",69.6,16.2,35.5,64.5,83.8,20.6,46.2,"27.5"
"Mead, Curtis",678554,2025,24,240,264,56,42,10,1,3,63,15,23.9,5.7,".233",".321",".299","0.620","0.088","77","664","82","1019",".234",".353",".278",".291","-0.032","-0.013","87.5","17.1",33.7,4.5,34.8,"98.795073295","93.488545114",67.6,13,39.9,60.1,87,21.1,48,"26.9"
"Tovar, Ezequiel",678662,2025,23,360,390,91,60,18,4,9,98,21,25.1,5.4,".253",".400",".294","0.694","0.147","144","1013","242","1469",".261",".441",".301",".319","-0.041","-0.018","89.4","16.4",43.7,9.3,38.9,"100.45095771","94.346705534",82.7,20.5,51.1,48.9,79.5,31.4,60.7,"27.6"
"Noel, Jhonkensy",678877,2025,23,148,153,24,16,2,0,6,52,4,34,2.6,".162",".297",".183","0.480","0.135","44","402","100","563",".161",".287",".207",".202",".010",".005","90.3","13.8",25.8,6.2,41.2,"102.828730612","95.724912371",75.6,24.3,47.4,52.6,75.7,34.7,60.9,"27.1"
"Rafaela, Ceddanne",678882,2025,24,546,587,136,82,34,4,16,117,28,19.9,4.8,".249",".414",".295","0.709","0.165","226","1502","284","2128",".242",".416",".307",".305","-0.002",".002","88.3","12.8",32.3,9.2,38.7,"99.637036837","93.97214993",75.3,17.9,42.9,57.1,82.1,26.8,58.9,"29.1"
"Rojas, Johan",679032,2025,24,152,172,34,28,3,2,1,40,13,23.3,7.6,".224",".289",".280","0.569","0.065","44","430","65","625",".227",".298",".254",".265","-0.009","-0.011","87.9","7.4",27.7,3.4,35.3,"99.557933889","93.879675648",67.1,18.3,35.8,64.2,81.7,24.7,52.5,"30.1"
"Torkelson, Spencer",679529,2025,25,563,649,135,76,27,1,31,169,72,26,11.1,".240",".456",".333","0.789","0.216","257","1612","270","2634",".226",".456",".339",".334",".000",".005","90.2","23.1",39.3,13.5,45.1,"100.7921562","94.776285589",66,17.6,55.4,44.6,82.4,26.9,44.6,"26.7"
"Loftin, Nick",679845,2025,26,168,188,35,20,9,2,4,27,14,14.4,7.4,".208",".357",".278","0.635","0.149","60","424","54","676",".232",".366",".279",".294","-0.009","-0.015","88.2","14",35.4,6.3,34,"97.565724507","92.851372465",66,13.9,34.2,65.8,86.1,19,46.7,"28.4"
"Schuemann, Max",680474,2025,28,183,213,36,28,4,2,2,35,22,16.4,10.3,".197",".273",".295","0.568","0.076","50","512","88","838",".230",".334",".262",".297","-0.061","-0.035","87.3","12.4",34.9,2.6,32.9,"97.241612703","92.809173741",69.5,17,53.9,46.1,83,24.4,45.5,"28.3"
"McLain, Matt",680574,2025,25,510,577,112,79,18,0,15,167,55,28.9,9.5,".220",".343",".300","0.643","0.123","175","1497","247","2365",".213",".362",".286",".291","-0.019","-0.005","88.8","16.3",34,7.8,40.7,"99.170988588","93.766255706",59.9,19.8,48.5,51.5,80.2,28.5,43.2,"29.2"
"Barger, Addison",680718,2025,25,460,502,112,58,32,1,21,121,36,24.1,7.2,".243",".454",".301","0.755","0.211","209","1278","214","1955",".255",".462",".322",".331","-0.008","-0.009","91.7","11.9",35.5,11.4,51,"103.716706784","96.416377947",66.4,18,44.4,55.6,82,26.1,49.2,"27.7"
"Kwan, Steven",680757,2025,27,625,693,170,129,29,1,11,60,55,8.7,7.9,".272",".374",".330","0.704","0.102","234","1777","87","2786",".273",".366",".310",".310",".008",".000","86.2","15.6",39.7,1.9,19.3,"94.357794321","91.185631109",58.8,3.9,23,77,96.1,8.7,41.9,"27.3"
"Duran, Jarren",680776,2025,28,620,696,159,89,41,13,16,169,60,24.3,8.6,".256",".442",".332","0.774","0.186","274","1669","303","2624",".248",".410",".335",".326",".032",".009","91.8","12",34.5,9.7,46.8,"103.158389163","96.0558783",64.2,16.4,54.5,45.5,83.6,29.3,47.2,"29.1"
"Jeffers, Ryan",680777,2025,28,406,464,108,73,26,0,9,91,50,19.6,10.8,".266",".397",".356","0.753","0.131","161","1144","134","1879",".243",".400",".333",".323","-0.003",".010","89.3","15",33.5,6.3,42.1,"100.809316139","94.578274032",54,14.3,35.5,64.5,85.7,21.1,38.9,"25.9"
"Davis, Henry",680779,2025,25,252,283,42,28,7,0,7,76,18,26.9,6.4,".167",".278",".234","0.512","0.111","70","712","147","1069",".213",".389",".229",".293","-0.111","-0.064","88.6","23.3",33,11.5,37.4,"100.464622889","94.376065531",75.8,19.9,48.9,51.1,79.9,28.9,55.3,"28.3"
"Donovan, Brendan",680977,2025,28,460,515,132,90,32,0,10,67,42,13,8.2,".287",".422",".353","0.775","0.135","194","1218","96","1923",".280",".449",".337",".346","-0.027","-0.009","89.7","12.2",40.1,8.8,40.9,"99.946562944","94.337995152",61.2,8.4,26.6,73.4,91.6,13.4,43.8,"26.6"
"Stott, Bryson",681082,2025,27,499,560,128,90,22,3,13,91,54,16.3,9.6,".257",".391",".328","0.719","0.134","195","1557","135","2466",".247",".393",".315",".313","-0.002",".002","87.6","14.9",36,5.1,29.5,"97.625702976","92.873358435",55.7,12.7,27.1,72.9,87.3,16.7,40.4,"28.8"
"Cowser, Colton",681297,2025,25,327,360,64,34,14,0,16,128,27,35.6,7.5,".196",".385",".269","0.654","0.189","126","933","198","1486",".200",".404",".285",".293","-0.019","-0.008","90.9","13.8",32.7,14.1,46,"101.565652323","95.12341401",60.5,23.4,64,36,76.6,34.6,42.4,"27.4"
"O'Hoppe, Logan",681351,2025,25,423,451,90,62,8,1,19,139,24,30.8,5.3,".213",".371",".258","0.629","0.158","157","1152","264","1758",".228",".425",".273",".301","-0.054","-0.028","90.9","17.3",33.6,13.3,46.9,"101.727337413","95.336562491",73.8,22.3,56.3,43.7,77.7,32.9,52.2,"27.3"
"Norby, Connor",681393,2025,25,311,337,78,52,17,1,8,90,18,26.7,5.3,".251",".389",".300","0.689","0.138","121","823","181","1245",".241",".417",".300",".307","-0.028","-0.007","88.3","15.9",42,9.4,37.1,"98.764348839","93.549892377",76.5,18.7,54.5,45.5,81.3,29.3,54.2,"28.8"
"Baldwin, Brooks",681460,2025,24,300,328,72,45,15,1,11,86,21,26.2,6.4,".240",".407",".290","0.697","0.167","122","830","136","1251",".235",".416",".302",".307","-0.009","-0.005","90.4","14.8",36.8,10.9,40.9,"100.405509245","94.668835355",73,17.2,40.9,59.1,82.8,24.6,53.2,"28.6"
"Carpenter, Kerry",681481,2025,27,433,464,109,60,18,5,26,106,18,22.8,3.9,".252",".497",".291","0.788","0.245","215","1144","199","1736",".252",".493",".335",".335",".004",".000","91.4","21",37.4,12.6,46.8,"101.150892761","95.204968523",71.6,19.4,40.8,59.2,80.5,26.2,52.9,"27.1"
"Pages, Andy",681624,2025,24,581,624,158,103,27,1,27,135,29,21.6,4.6,".272",".461",".313","0.774","0.189","268","1595","240","2365",".258",".428",".332",".316",".033",".016","88.6","16.9",38.9,8.4,37.2,"99.313461778","93.746068218",70.5,12.8,42.5,57.5,87.2,21.5,53.1,"28.1"
"Hernández, Heriberto",681715,2025,25,256,294,68,45,12,1,10,77,31,26.2,10.5,".266",".438",".347","0.785","0.172","112","691","163","1138",".245",".435",".341",".334",".003",".007","90.2","14.2",29,11,45.4,"101.299416264","95.054874807",68.6,29,55.4,44.6,71,35.2,45.2,"28.7"
"Fry, David",681807,2025,29,146,157,25,13,4,0,8,58,9,36.9,5.7,".171",".363",".229","0.592","0.192","53","428","93","623",".135",".256",".258",".202",".107",".056","88.7","23",23.9,9.1,39.8,"99.144653488","93.742049535",69,26,47.5,52.5,74,32.6,52.6,"26.6"
"Schneemann, Daniel",682177,2025,28,379,422,78,47,18,1,12,117,38,27.7,9,".206",".354",".283","0.637","0.148","134","1050","190","1668",".215",".387",".280",".297","-0.033","-0.017","88.9","10.9",32.6,11.5,41.7,"99.967612231","94.233244324",64.6,22.1,48.4,51.6,77.9,29.6,45.4,"27.9"
"Marte, Noelvi",682622,2025,23,339,360,89,56,17,2,14,85,16,23.6,4.4,".263",".448",".300","0.748","0.185","152","849","154","1267",".245",".418",".321",".304",".030",".017","88.5","12.7",32,9.1,36.3,"99.982802857","94.081349283",70.6,19.3,43.8,56.2,80.7,27.1,51.8,"29.0"
"Alvarez, Francisco",682626,2025,23,246,277,63,39,12,1,11,73,27,26.4,9.7,".256",".447",".339","0.786","0.191","110","683","154","1123",".229",".437",".343",".326",".010",".017","93.1","9.6",32.4,12.1,54.3,"103.450256092","96.632659422",66.3,26.5,51.5,48.5,73.5,34.6,45.8,"26.0"
"Matos, Luis",682641,2025,23,172,184,38,20,9,1,8,27,11,14.7,6,".221",".424",".266","0.690","0.203","73","468","58","687",".219",".368",".296",".274",".056",".022","88","14.1",33.6,7.5,37.7,"98.432457397","93.368412329",65.6,12.2,33.3,66.7,87.8,20.1,51.4,"27.4"
"Martínez, Angel",682657,2025,23,446,484,100,64,23,2,11,110,23,22.7,4.8,".224",".359",".269","0.628","0.135","160","1249","164","1797",".215",".313",".274",".255",".046",".019","87.1","18.4",32.2,3.5,29.3,"97.037956154","92.536116469",69.2,13.8,34.4,65.6,86.2,21.4,54.4,"27.7"
"Ramírez, Agustín",682663,2025,23,537,585,124,69,33,1,21,113,36,19.3,6.2,".231",".413",".287","0.700","0.182","222","1373","236","2122",".259",".457",".302",".332","-0.044","-0.030","90.8","8.3",31.1,11,47,"103.943810657","96.283585728",70.1,13.8,48.2,51.8,86.2,25.5,49.9,"26.7"
"Acuña, Luisangel",682668,2025,23,175,193,41,34,7,0,0,37,13,19.2,6.7,".234",".274",".293","0.567","0.040","48","444","62","687",".235",".299",".258",".271","-0.025","-0.013","87.9","3.4",29.8,1.4,35.5,"99.435407273","93.76929803",68.7,10.6,45.9,54.1,89.4,22.3,49.1,"29.6"
"De La Cruz, Elly",682829,2025,23,629,699,166,106,31,7,22,181,67,25.9,9.6,".264",".440",".336","0.776","0.176","277","1681","341","2678",".251",".424",".333",".322",".016",".011","91","7.6",32.5,10.3,44.2,"102.291176726","95.4641937",64.2,21.4,53.1,46.9,78.6,31.7,45.7,"29.1"
"Abrams, CJ",682928,2025,24,580,635,149,90,35,5,19,125,37,19.7,5.8,".257",".433",".315","0.748","0.176","251","1530","249","2320",".245",".401",".324",".309",".032",".015","88.7","13.3",34.4,7.6,39.2,"99.528390349","93.868025131",67.5,17,40.7,59.3,83,24.4,50.6,"28.2"
"Greene, Riley",682985,2025,24,600,655,155,87,31,1,36,201,46,30.7,7,".258",".493",".313","0.806","0.235","296","1752","374","2706",".236",".491",".343",".332",".002",".011","89.9","15",36.9,17.1,45.5,"102.573683564","95.50996453",73.5,23.7,48.1,51.9,76.3,30.9,52.6,"26.7"
"Carroll, Corbin",682998,2025,24,564,642,146,66,32,17,31,153,67,23.8,10.4,".259",".541",".343","0.884","0.282","305","1587","264","2497",".262",".529",".371",".372",".012","-0.001","92.1","16.7",33.5,14.5,49.9,"103.729438309","96.452659346",66.9,19,36.6,63.4,81,24.8,48.9,"29.8"
"Henderson, Gunnar",683002,2025,24,577,651,158,102,34,5,17,137,62,21,9.5,".274",".438",".349","0.787","0.164","253","1594","258","2506",".276",".425",".339",".341",".013","-0.002","92.1","9.5",29.9,8.6,49.2,"102.936564389","96.031023084",67.6,16.5,45.8,54.2,83.5,25.1,47.6,"28.5"
"Volpe, Anthony",683011,2025,24,539,596,114,59,32,4,19,150,43,25.2,7.2,".212",".391",".272","0.663","0.179","211","1552","236","2397",".223",".405",".286",".301","-0.014","-0.015","89.3","12.4",34.6,10.5,41.9,"100.214381212","94.48835443",65.6,21.7,35.3,64.7,78.3,25.1,45.9,"28.3"
"Baty, Brett",683146,2025,25,393,432,100,67,13,2,18,108,33,25,7.6,".254",".435",".313","0.748","0.181","171","1111","183","1753",".252",".457",".324",".334","-0.022","-0.010","90.7","5.8",32.6,12.9,46.9,"102.670454406","95.715246084",66.7,20.2,48.1,51.9,79.8,27.3,46.7,"27.0"
"Vaughn, Andrew",683734,2025,27,406,447,103,67,22,0,14,80,31,17.9,6.9,".254",".411",".307","0.718","0.157","167","1094","151","1722",".273",".479",".311",".349","-0.068","-0.038","91.6","13.3",38.4,12,47.7,"101.722005241","95.420312018",66,13.3,40.6,59.4,86.7,21.7,46.9,"26.0"
"Busch, Michael",683737,2025,27,524,592,137,73,25,5,34,139,56,23.5,9.5,".261",".523",".343","0.866","0.262","274","1457","245","2324",".262",".548",".369",".378","-0.025","-0.009","92.2","17",41.1,17.1,47.3,"101.692645959","95.541508831",68.8,16,54.5,45.5,84,25.1,46.8,"26.5"
"Koss, Christian",683766,2025,27,174,191,46,34,9,0,3,45,9,23.6,4.7,".264",".368",".309","0.677","0.104","64","441","89","644",".263",".402",".297",".311","-0.034","-0.014","86.9","5.5",33.6,6,33.6,"99.009245077","93.592311395",72,26.4,45,55,73.6,31.6,55,"29.1"
"Frelick, Sal",686217,2025,25,528,594,152,117,20,3,12,80,47,13.5,7.9,".288",".405",".351","0.756","0.117","214","1474","99","2311",".255",".339",".332",".299",".066",".033","85.5","12.1",30.7,3.1,27.4,"96.058504215","92.02970778",60,9.2,22,77.7,90.7,12.8,44.1,"28.9"
"Pasquantino, Vinnie",686469,2025,27,621,682,164,98,33,1,32,107,49,15.7,7.2,".264",".475",".323","0.798","0.211","295","1668","184","2572",".259",".463",".340",".334",".012",".006","90.9","16.3",33.5,10.8,44.7,"101.339574109","95.022747112",65.2,10,36.1,63.9,90,18.2,48,"25.5"
"Canzone, Dominic",686527,2025,27,243,269,73,51,11,0,11,59,20,21.9,7.4,".300",".481",".358","0.839","0.181","117","685","120","1028",".290",".533",".361",".376","-0.052","-0.015","92.3","10.5",37.4,14.5,49.7,"102.981015914","96.069596505",68.2,17.3,41.5,58.5,82.7,26.4,51.6,"26.5"
"Collins, Isaac",686555,2025,27,372,441,98,64,22,3,9,93,57,21.1,12.9,".263",".411",".368","0.779","0.148","153","1086","151","1792",".246",".359",".344",".322",".052",".022","88.8","12.2",34.4,4.9,38.9,"99.896805357","94.13021853",64.8,16,48.7,51.3,84,22.5,43.1,"27.7"
"Crews, Dylan",686611,2025,23,293,322,61,41,8,2,10,76,24,23.6,7.5,".208",".352",".280","0.632","0.144","103","736","149","1150",".235",".393",".279",".307","-0.041","-0.028","89.7","8.5",26.7,9.8,38.7,"101.064556729","94.842214579",66.3,17.7,60.7,39.3,82.3,30.7,48.1,"29.0"
"Doyle, Brenton",686668,2025,27,502,538,117,77,23,2,15,138,30,25.7,5.6,".233",".376",".274","0.650","0.143","189","1271","266","1957",".239",".415",".282",".300","-0.039","-0.018","89.9","9.8",33,10.9,44.6,"101.00400956","94.812165962",71,18.5,55.5,44.5,81.5,29.7,50.4,"29.5"
"Massey, Michael",686681,2025,27,262,277,64,52,9,0,3,43,9,15.5,3.2,".244",".313",".268","0.581","0.069","82","706","86","1013",".238",".346",".254",".265","-0.033","-0.011","87.5","22.2",35.7,4,33,"97.791403604","92.942590407",69.5,12.7,29.7,70.3,87.3,18.5,54,"26.0"
"Pagés, Pedro",686780,2025,26,361,389,83,57,15,0,11,107,19,27.5,4.9,".230",".363",".272","0.635","0.133","131","1012","179","1486",".208",".340",".276",".259",".023",".017","88","12.4",32.7,7.4,36.5,"99.396807402","93.764663583",67.1,14.8,52.5,47.5,85.2,27.7,51.7,"25.6"
"Lee, Brooks",686797,2025,24,487,527,115,83,15,1,16,92,31,17.5,5.9,".236",".370",".285","0.655","0.134","180","1305","214","2009",".234",".374",".286",".289","-0.004","-0.003","88.6","13.2",30.8,5.8,38.5,"98.1525774","93.309491128",68.6,11.9,48.8,51.2,88.1,24,49.8,"26.1"
"Baldwin, Drake",686948,2025,24,405,446,111,72,18,2,19,68,38,15.2,8.5,".274",".469",".341","0.810","0.195","190","1120","138","1750",".272",".480",".351",".353","-0.011","-0.002","91.7","6.5",33.8,11,49.6,"102.167061775","95.60419003",70.2,14,33.1,66.9,86,19.5,49.5,"26.1"
"Rushing, Dalton",687221,2025,24,142,155,29,20,5,0,4,58,10,37.4,6.5,".204",".324",".258","0.582","0.120","46","377","83","600",".203",".379",".256",".283","-0.055","-0.027","90.8","17.2",37.2,14,45.3,"101.944263256","95.275830465",65.7,26.9,71.7,28.3,73.1,35.7,44.8,"27.7"
"Hernaiz, Darell",687231,2025,23,173,197,40,32,5,1,2,24,17,12.2,8.6,".231",".306",".292","0.598","0.075","53","469","53","712",".255",".351",".266",".305","-0.045","-0.039","85","6.3",31.4,3.2,30.1,"96.82003961","92.458948824",70,14.2,31.5,68.5,85.8,19.3,50.8,"28.2"
"Neto, Zach",687263,2025,24,502,554,129,73,29,1,26,149,33,26.9,6,".257",".474",".319","0.793","0.217","238","1380","280","2171",".251",".495",".337",".344","-0.021","-0.007","91","17.5",38,14,46.6,"101.775942825","95.420716799",69.5,18.6,50.7,49.3,81.4,29.1,48.6,"28.1"
"Scott II, Victor",687363,2025,24,398,463,86,65,15,1,5,111,42,24,9.1,".216",".296",".305","0.601","0.080","118","1058","185","1703",".225",".313",".274",".287","-0.017","-0.013","86.1","15.2",36,3.7,26,"96.84561594","92.427137782",73.3,17.9,54.1,46.9,82.1,26.9,49.1,"30.2"
"Ortiz, Joey",687401,2025,26,470,506,108,82,18,1,7,74,27,14.6,5.3,".230",".317",".276","0.593","0.087","149","1296","118","1873",".245",".327",".263",".275","-0.010","-0.012","84.9","13.3",27.4,3,32.8,"97.991058051","93.026599357",57.8,9.4,29.9,70.1,90.6,16,46.8,"28.7"
"Horwitz, Spencer",687462,2025,27,364,411,99,62,26,0,11,73,44,17.8,10.7,".272",".434",".353","0.787","0.162","158","1056","117","1698",".251",".407",".344",".326",".027",".018","87.4","15.6",38.7,8.3,36,"98.063965931","93.094774414",67.2,11.7,37.2,62.8,88.3,17.8,46.3,"25.5"
"Beck, Jordan",687597,2025,24,539,588,139,91,27,5,16,174,43,29.6,7.3,".258",".416",".317","0.733","0.158","224","1510","306","2336",".231",".395",".319",".302",".021",".017","87.4","12.8",36.9,9.6,38.5,"100.308269611","94.26308585",67.2,23.1,51.4,48.6,76.9,31.2,47.4,"28.7"
"Pauley, Graham",688363,2025,24,161,184,36,22,9,1,4,36,21,19.6,11.4,".224",".366",".311","0.677","0.142","59","426","73","681",".223",".343",".300",".299",".023",".001","86.6","17.3",33.9,5.5,35.4,"97.950822063","92.977433016",67.1,19.1,45.7,54.3,80.9,26.9,47.6,"26.6"
"Hicks, Liam",689414,2025,26,332,390,82,62,13,1,6,56,43,14.4,11,".247",".346",".346","0.692","0.099","115","925","72","1537",".244",".350",".313",".315","-0.004","-0.002","84.6","10.6",39,3.6,27.7,"96.015787174","92.008309275",55.3,9.2,35.9,64.1,90.8,15.1,37.4,"26.2"
"Ritter, Ryan",690022,2025,24,187,207,45,32,9,3,1,61,10,29.5,4.8,".241",".337",".296","0.633","0.096","63","527","131","773",".211",".276",".280",".248",".061",".032","85.2","7.4",30.5,1.5,30.5,"96.732699677","92.401848618",72.3,25.6,59.5,40.5,74.4,35.4,54.1,"29.2"
"Hassell III, Robert",690987,2025,23,197,206,44,32,9,0,3,62,8,30.1,3.9,".223",".315",".257","0.572","0.092","62","503","99","764",".226",".369",".252",".273","-0.054","-0.021","88.6","7.2",34.1,8.2,40.7,"99.261806818","93.737415496",73.6,19.5,54.9,45.1,80.5,28.8,50.9,"28.2"
"Keith, Colt",690993,2025,23,414,468,106,69,22,2,13,102,48,21.8,10.3,".256",".413",".333","0.746","0.157","171","1148","159","1826",".257",".444",".326",".341","-0.031","-0.015","90","13.3",41.1,9.2,43.7,"100.641926329","94.686217184",63.7,14.2,44.1,55.9,85.8,22.5,44.9,"28.0"
"Soderstrom, Tyler",691016,2025,23,561,624,155,95,34,1,25,141,55,22.6,8.8,".276",".474",".346","0.820","0.198","266","1394","222","2227",".261",".457",".354",".341",".017",".013","91.6","7.9",34.4,11.4,49.8,"103.023677143","96.015814678",68.3,16,48.3,51.7,84,25.4,48.9,"27.4"
"Teel, Kyle",691019,2025,23,253,297,69,50,11,0,8,77,37,25.9,12.5,".273",".411",".375","0.786","0.138","104","751","138","1225",".237",".416",".349",".337","-0.005",".012","88.3","14.4",47.8,9.6,37.6,"99.256241023","93.683455455",65.7,22.5,47.3,52.7,77.5,29.1,44.6,"27.5"
"Walker, Jordan",691023,2025,23,363,396,78,58,13,1,6,126,29,31.8,7.3,".215",".306",".278","0.584","0.091","111","1000","249","1541",".207",".363",".260",".278","-0.057","-0.018","92.3","10.3",29,10.9,50,"104.361880756","96.653513613",67.2,21.6,59.6,40.4,78.4,35.6,49.4,"28.7"
"Winn, Masyn",691026,2025,23,491,537,124,88,27,0,9,102,34,19,6.3,".253",".363",".310","0.673","0.110","178","1454","151","2256",".240",".347",".297",".286",".016",".011","88.3","16",31.3,4.8,34.6,"98.797379897","93.446512558",62.3,14.2,34.3,65.7,85.8,19.6,45.3,"28.4"
"Domínguez, Jasson",691176,2025,22,381,429,98,69,18,1,10,115,41,26.8,9.6,".257",".388",".331","0.719","0.131","148","1059","201","1692",".237",".370",".316",".306",".018",".010","90.6","13",28.9,7,49.6,"102.212663185","95.648499111",72.9,17.1,48,52,82.9,27.2,50.4,"28.7"
"Caminero, Junior",691406,2025,21,602,653,159,86,28,0,45,125,41,19.1,6.3,".264",".535",".311","0.846","0.271","322","1610","276","2494",".255",".501",".357",".346",".034",".011","92.4","10.7",27.7,14,51.4,"104.467588678","96.871000041",69.5,17.9,38.9,61.1,82.1,24.7,50.4,"26.7"
"Sanoja, Javier",691594,2025,22,313,342,76,44,22,4,6,41,19,12,5.6,".243",".396",".287","0.683","0.153","124","830","54","1218",".251",".342",".294",".282",".054",".012","88.5","10.8",31.8,1.8,35,"98.289398881","93.337097491",60.8,8.3,22,78,91.7,12.4,46.9,"28.0"
"Crow-Armstrong, Pete",691718,2025,23,591,647,146,74,37,4,31,155,29,24,4.5,".247",".481",".287","0.768","0.234","284","1582","339","2312",".242",".475",".323",".321",".006",".002","89.5","20",33.9,13.1,41.6,"100.676597945","94.609790365",81.3,17.9,47.4,52.6,82.1,28.9,60.1,"29.5"
"Karros, Kyle",691720,2025,22,137,156,31,26,4,0,1,41,15,26.3,9.6,".226",".277",".308","0.585","0.051","38","390","69","635",".206",".262",".268",".258",".015",".010","87.9","12.3",25.5,1,33.7,"97.893413061","93.025963711",66.2,18.6,51.3,48.7,81.4,27.3,45,"27.5"
"Mayo, Coby",691723,2025,23,263,294,57,34,12,0,11,84,27,28.6,9.2,".217",".388",".299","0.687","0.171","102","730","141","1132",".202",".363",".303",".287",".025",".016","87.3","20.7",33,10.1,36,"99.691533371","93.857359663",61.8,20.1,55.6,44.4,79.9,30.6,45.3,"27.9"
"Muncy, Max",691777,2025,22,206,220,44,28,7,0,9,68,10,30.9,4.5,".214",".379",".259","0.638","0.165","78","548","113","824",".203",".353",".277",".267",".026",".010","87.1","9.3",33.8,10.1,32.4,"99.591026471","93.796838162",68.2,19.7,62.9,37.1,80.3,32.6,50.2,"28.2"
"House, Brady",691781,2025,22,261,274,61,46,11,0,4,78,8,28.5,2.9,".234",".322",".252","0.574","0.088","84","671","158","969",".256",".370",".248",".284","-0.048","-0.036","89.8","5.8",36.2,4.3,46.3,"101.278758298","94.962086257",75.7,23,48.5,51.5,77,30.9,57.2,"27.8"
"Campbell, Kristian",692225,2025,23,229,263,51,35,10,0,6,72,29,27.4,11,".223",".345",".319","0.664","0.122","79","666","114","1070",".221",".338",".299",".296",".007",".003","88.6","4.7",30.4,5.1,41.8,"100.531882308","94.411397756",60.7,19.4,47.6,53.2,80.6,27.3,42.1,"27.2"
"Gonzales, Nick",693304,2025,26,381,408,99,73,18,3,5,73,21,17.9,5.1,".260",".362",".299","0.661","0.102","138","940","177","1405",".254",".368",".289",".291","-0.006","-0.002","88.8","9.1",31.7,4.5,38.8,"99.501335385","94.022817942",79.5,16.1,49.8,50.2,83.9,24.7,57.4,"28.9"
"Dingler, Dillon",693307,2025,26,435,469,121,85,21,2,13,110,23,23.5,4.9,".278",".425",".327","0.752","0.147","185","1198","187","1793",".287",".472",".326",".349","-0.047","-0.023","90","15.8",42.3,9.2,45.7,"101.112198405","94.948132515",64.3,14.5,50.2,49.8,85.5,24.8,48.5,"27.6"
"Chourio, Jackson",694192,2025,21,549,589,148,88,35,4,21,121,30,20.5,5.1,".270",".463",".308","0.771","0.193","254","1446","253","2108",".247",".426",".328",".307",".037",".021","89.3","10.6",34,9.7,42.3,"101.15634963","94.875813411",70.5,16,44.5,55.5,84,26,53.4,"29.2"
"Tawa, Tim",694374,2025,26,199,225,40,25,8,0,7,64,20,28.4,8.9,".201",".347",".274","0.621","0.146","69","555","116","876",".206",".368",".273",".290","-0.021","-0.017","89.2","6.8",31.4,9.3,42.1,"100.696969118","94.668478824",69,19,63.1,36.9,81,32.5,48.4,"28.2"
"Schanuel, Nolan",694384,2025,23,488,564,129,93,23,1,12,71,59,12.6,10.5,".264",".389",".353","0.742","0.125","190","1349","129","2150",".262",".388",".327",".327",".001",".000","87.5","13.2",38,4.5,29,"96.61346119","92.362165704",65.4,9,32.1,67.9,91,15,45.2,"26.0"
"Carter, Evan",694497,2025,22,194,220,48,32,9,2,5,41,19,18.6,8.6,".247",".392",".336","0.728","0.145","76","515","83","822",".241",".360",".321",".308",".032",".013","86.7","13.7",34,5.9,34.6,"98.081147895","93.040980197",65.7,17.8,53.8,46.2,82.2,25.5,44.3,"29.0"
"Langford, Wyatt",694671,2025,23,489,573,118,70,25,1,22,151,74,26.4,12.9,".241",".431",".344","0.775","0.190","211","1415","234","2335",".239",".448",".337",".346","-0.017","-0.009","91.4","17.5",35.9,14,48.4,"102.369966744","95.79834863",64,16.8,50.7,49.3,83.2,26.3,43,"28.9"
"Saggese, Thomas",695336,2025,23,275,295,71,52,17,0,2,83,16,28.1,5.4,".258",".342",".299","0.641","0.084","94","812","128","1184",".240",".351",".282",".281","-0.009",".001","90.2","12.9",39,5.6,44.1,"99.925035361","94.561153679",65.4,22.5,34.7,65.3,77.5,26.5,50.3,"28.4"
"Caglianone, Jac",695506,2025,22,210,232,33,19,6,1,7,52,18,22.4,7.8,".157",".295",".237","0.532","0.138","62","561","107","858",".237",".431",".239",".321","-0.136","-0.082","89.4","4.1",29.7,12,42.4,"102.891404557","95.64711057",67.5,15.3,42.7,57.3,84.7,26.8,51.3,"26.8"
"Wood, James",695578,2025,22,598,689,153,84,38,0,31,221,85,32.1,12.3,".256",".475",".350","0.825","0.219","284","1739","350","2887",".259",".493",".353",".361","-0.018","-0.008","94.3","6.3",36.3,16.4,56.3,"106.446259788","98.230447241",55.8,23,56,44,77,32.9,40.2,"27.8"
"Montgomery, Colson",695657,2025,23,255,284,61,30,9,1,21,83,25,29.2,8.8,".239",".529",".311","0.840","0.290","135","699","162","1082",".230",".501",".355",".341",".028",".014","89.4","18",35.8,14.5,44.5,"103.036108506","95.789749711",70.2,19.9,59.3,40.7,80.1,31.5,50.7,"27.3"
"Moore, Christian",695681,2025,22,162,184,32,19,5,1,7,62,19,33.7,10.3,".198",".370",".284","0.654","0.172","60","488","126","779",".203",".345",".288",".282",".025",".006","88.9","14.6",38.2,6.9,36.3,"100.7636714","94.563016162",69.5,28.1,63.7,36.3,71.9,36.9,47.4,"28.4"
"Lile, Daylen",695734,2025,22,321,351,96,61,15,11,9,56,21,16,6,".299",".498",".347","0.845","0.199","160","847","100","1306",".302",".449",".360",".348",".049",".012","88.9","15",44.2,5.2,40.1,"99.156241493","93.671687761",75.3,12.6,38.6,61.4,87.4,18.9,52.2,"29.1"
"Osuna, Alejandro",696030,2025,22,151,176,32,26,4,0,2,34,21,19.3,11.9,".212",".278",".313","0.591","0.066","42","469","49","739",".271",".390",".270",".336","-0.112","-0.066","88.9","12",34.5,6,37,"100.229705172","94.226966293",61.9,15,32.2,67.8,85,19.6,44.2,"28.5"
"Goodman, Hunter",696100,2025,25,540,579,150,86,28,5,31,152,33,26.3,5.7,".278",".520",".323","0.843","0.242","281","1423","329","2149",".242",".463",".359",".322",".057",".037","90.8","17.3",32.8,12.9,46.9,"102.599968608","95.758645633",75.3,19.9,54.2,45.8,80.1,32,55,"27.2"
"Young, Jacob",696285,2025,25,324,364,75,62,10,1,2,65,27,17.9,7.4,".231",".287",".296","0.583","0.056","93","882","81","1367",".262",".336",".264",".297","-0.049","-0.033","87.6","3.8",27.9,1.9,34.2,"98.260470403","93.325113441",60.1,10.9,37.2,62.8,89.1,17.4,43.7,"29.3"
"Sweeney, Trey",700242,2025,25,297,327,58,44,6,2,6,93,26,28.4,8,".195",".290",".257","0.547","0.095","86","774","150","1192",".190",".294",".244",".244","-0.004",".000","87.9","11.9",28.8,6.8,35.1,"98.832125049","93.46450932",70.3,20.3,50,50,79.7,28.1,51,"28.4"
"Rice, Ben",700250,2025,26,467,530,119,61,28,4,26,100,50,18.9,9.4,".255",".499",".337","0.836","0.244","233","1261","169","2047",".280",".553",".358",".391","-0.054","-0.033","93.3","14.2",39.3,15.4,56.1,"104.138238152","97.178139076",65.5,13.6,44.5,55.5,86.1,21.2,43.3,"27.5"
"Quero, Edgar",700337,2025,22,365,403,98,76,17,0,5,71,32,17.6,7.9,".268",".356",".333","0.689","0.088","130","997","127","1583",".236",".346",".307",".290",".010",".017","90.4","6.8",35.1,3.7,46.3,"99.759928311","94.349440405",68.5,16.7,40,60,83.3,21,46.4,"24.9"
"Manzardo, Kyle",700932,2025,24,470,531,110,62,19,2,27,135,48,25.4,9,".234",".455",".313","0.768","0.221","214","1314","221","2018",".224",".443",".329",".322",".012",".007","90.3","21.3",37.1,11.8,43.8,"100.114470588","94.531639086",67.1,20.7,46.7,53.3,79.3,27.7,48.4,"25.4"
"Anthony, Roman",701350,2025,21,257,303,75,48,18,1,8,84,40,27.7,13.2,".292",".463",".396","0.859","0.171","119","757","134","1283",".258",".484",".376",".372","-0.021",".004","94.5","6.9",37.4,15.6,60.3,"103.89544954","97.546625838",56,19.3,57.1,42.9,80.7,29.8,37.4,"27.8"
"Smith, Cam",701358,2025,22,441,493,104,71,21,3,9,137,43,27.8,8.7,".236",".358",".312","0.670","0.122","158","1321","247","2024",".235",".376",".298",".304","-0.018","-0.006","87.9","8.9",34.6,6.9,40.8,"100.519229085","94.330406111",66,18.3,53.4,46.6,81.7,28.7,48.4,"29.3"
"Merrill, Jackson",701538,2025,22,440,483,116,69,25,6,16,108,33,22.4,6.8,".264",".457",".317","0.774","0.193","201","1150","222","1703",".263",".490",".331",".347","-0.033","-0.016","89.7","15.2",42.6,13,42.9,"100.742734371","94.664461796",79.6,18.9,44.1,55.9,81.1,27.1,58.4,"28.5"
"Kurtz, Nick",701762,2025,22,420,489,122,58,26,2,36,151,63,30.9,12.9,".290",".619",".383","1.002","0.329","260","1172","272","1954",".245",".537",".419",".372",".082",".047","92.7","15.3",39,18.5,51.1,"104.041792059","96.828915978",63.9,27.4,58.4,41.6,72.6,35.5,43.1,"27.1"
"Roden, Alan",702176,2025,25,136,153,26,17,6,1,2,37,8,24.2,5.2,".191",".294",".261","0.555","0.103","40","353","54","551",".176",".242",".249",".227",".052",".022","86.4","2.3",20.6,2,30.4,"97.826416863","92.978674653",61.4,11.8,46.7,53.3,88.2,23.8,47.2,"27.8"
"Young, Cole",702284,2025,21,223,257,47,35,7,1,4,47,28,18.3,10.9,".211",".305",".302","0.607","0.094","68","653","87","1034",".224",".355",".274",".297","-0.050","-0.023","87.6","17.2",33.3,5.6,31.1,"97.99473618","93.043937232",63.9,20.7,35.9,64.1,79.3,24.6,44.5,"27.8"
"Durbin, Caleb",702332,2025,25,445,506,114,78,25,0,11,50,30,9.9,5.9,".256",".387",".334","0.721","0.131","172","1169","88","1838",".255",".362",".319",".312",".025",".007","85.2","13.9",29.6,4,26.9,"96.100902887","92.05425549",61.4,8.7,25.6,74.4,91.3,13,44.5,"28.1"
"Holliday, Jackson",702616,2025,21,586,649,142,101,21,3,17,140,56,21.6,8.6,".242",".375",".314","0.689","0.133","220","1545","238","2450",".241",".404",".304",".313","-0.029","-0.009","88.8","8.9",32.4,7.8,40.8,"99.642935225","94.03038741",68.5,18.4,46.4,53.6,81.6,24.5,47.1,"28.6"
"Simpson, Chandler",802415,2025,24,414,441,122,104,15,3,0,43,20,9.8,4.5,".295",".345",".326","0.671","0.050","143","1041","66","1517",".295",".336",".296",".297",".009","-0.001","84.3","0.5",29.8,0,17.3,"93.5904715","90.810575972",62.6,7.5,22.8,77.2,92.5,11.5,48.6,"29.6"
"Kemp, Otto",805249,2025,25,197,218,46,27,11,0,8,67,12,30.7,5.5,".234",".411",".298","0.709","0.177","81","535","127","818",".231",".418",".308",".310","-0.007","-0.002","89.9","11.5",38.6,12.1,44.7,"100.840276818","94.728175344",73.1,22.7,62.8,37.2,77.3,34.3,51.3,"29.4"
"Marsee, Jakob",805300,2025,24,209,234,61,35,18,3,5,48,22,20.5,9.4,".292",".478",".363","0.841","0.186","100","546","63","881",".275",".442",".363",".347",".036",".016","88.9","10.9",38.9,8.1,41.4,"100.197952716","94.371443168",63.1,12.7,44.4,55.6,87.3,19.5,43.1,"28.1"
"Meidroth, Chase",805367,2025,23,450,505,114,94,15,0,5,72,45,14.3,8.9,".253",".320",".329","0.649","0.067","144","1317","86","2057",".254",".333",".294",".300","-0.013","-0.006","88.2","6.7",26.2,1.6,36.1,"97.686781436","92.976040347",52.9,9,23.5,76.5,91,13,38.6,"27.0"
"Alvarez Jr., Nacho",805373,2025,22,188,208,44,30,12,0,2,49,12,23.6,5.8,".234",".330",".296","0.626","0.096","62","541","63","819",".228",".308",".279",".270",".022",".009","84.9","17.8",33.1,1.4,26.8,"95.360603857","91.727261",58.6,18,33.3,66.7,82,22.2,43,"26.8"
"Wilson, Jacob",805779,2025,23,486,523,151,112,26,0,13,39,27,7.5,5.2,".311",".444",".355","0.799","0.133","216","1173","67","1735",".277",".364",".348",".304",".080",".044","84.6","8.8",32.2,2.2,24.7,"95.136633108","91.576810226",66.6,7.6,14,86,92.4,9.6,49.9,"27.0"
"Keaschall, Luke",807712,2025,22,182,207,55,37,14,0,4,29,19,14,9.2,".302",".445",".382","0.827","0.143","81","480","54","774",".263",".378",".363",".324",".067",".039","86.2","10.5",38.3,5.2,31.2,"97.107228701","92.654308562",63.2,13.3,35.5,64.5,86.7,18.5,42,"28.7"
"Shaw, Matt",807713,2025,23,393,437,89,52,21,3,13,94,38,21.5,8.7,".226",".394",".295","0.689","0.168","155","1142","149","1720",".237",".375",".300",".302",".019","-0.002","84.9","13.4",35.3,7,29.4,"96.793366467","92.432072809",63.4,16.6,36.3,63.7,83.4,22.5,48,"29.0"
"Yoshida, Masataka",807799,2025,31,188,205,50,35,11,0,4,24,10,11.7,4.9,".266",".388",".307","0.695","0.122","73","470","40","715",".270",".384",".302",".314",".004","-0.012","90.2","5.7",29.2,6.6,44,"100.498389286","94.589775269",58.5,7.8,35.2,64.8,92.2,15.4,44.5,"26.4"
"Kim, Hyeseong",808975,2025,26,161,170,45,35,6,1,3,52,7,30.6,4.1,".280",".385",".314","0.699","0.105","62","463","88","660",".221",".309",".306",".251",".076",".055","86","7",39.1,2.7,28.2,"95.688711273","91.889763486",65.9,22,49.1,50.9,78,31.4,50.6,"28.7"
"Lee, Jung Hoo",808982,2025,26,560,617,149,98,31,12,8,71,47,11.5,7.6,".266",".407",".327","0.734","0.141","228","1502","115","2351",".277",".385",".320",".321",".022","-0.001","87.1","9.9",34.1,3.7,32,"97.154749061","92.638543988",64.5,8.5,28,72,91.5,13.1,44.7,"28.2"
"Williamson, Ben",810938,2025,24,277,295,70,56,13,0,1,64,15,21.7,5.1,".253",".310",".294","0.604","0.057","86","831","109","1216",".241",".322",".269",".269","-0.012",".000","88.3","3.1",23.3,3.3,40.5,"99.548201226","93.912783555",60.7,12.6,41.3,58.7,87.4,21.9,48.1,"28.1"
"Rojas, Miguel",500743,2026,37,215,240,58,39,15,0,4,25,14,10.4,5.8,".270",".395",".311","0.706","0.125","85","540","57","840",".280",".390",".307",".310",".005","-0.003","87","14.7",36.7,5,35.2,"98.120874021","93.078418866",68.3,8.7,30.7,69.3,91.3,16.7,49.2,"26.1"
"Goldschmidt, Paul",502671,2026,38,336,370,85,54,12,1,18,85,29,23,7.8,".253",".455",".316","0.771","0.202","153","974","164","1460",".240",".419",".333",".314",".036",".019","86.7","14.7",34.8,10.3,36.4,"98.705011969","93.488315613",65.2,22.8,32.5,67.5,77.2,26.2,48.3,"25.5"
"Altuve, Jose",514888,2026,36,494,541,122,81,24,2,15,106,40,19.6,7.4,".247",".395",".306","0.701","0.148","195","1265","183","1926",".223",".328",".307",".273",".067",".034","85.5","10.7",32.1,4.4,31.6,"96.971994084","92.505774987",63.8,13.4,33.4,66.6,86.6,21.7,48.8,"27.6"
"Marte, Starling",516782,2026,37,153,168,37,30,5,0,2,41,9,24.4,5.4,".242",".314",".298","0.612","0.072","48","448","82","647",".230",".364",".276",".287","-0.050","-0.011","87.4","6.4",27.2,9.6,35.1,"100.244828571","94.290100631",70.6,18.6,46.9,53.1,81.4,27.9,53.2,"25.6"
"Freeman, Freddie",518692,2026,36,555,633,161,112,32,1,16,109,66,17.2,10.4,".290",".438",".367","0.805","0.148","243","1621","271","2620",".291",".467",".353",".366","-0.029","-0.013","89.4","12.3",38.9,8.2,41.1,"99.903038761","94.1926998",73.7,17.2,36,64,82.8,23,50,"25.3"
"Perez, Salvador",521692,2026,36,555,600,125,82,23,1,19,115,23,19.2,3.8,".225",".373",".269","0.642","0.148","207","1518","276","2225",".245",".426",".279",".309","-0.053","-0.030","89","15.7",34.7,10.1,42.7,"100.281673973","94.330396309",72.2,14.1,38.2,61.8,85.9,25.3,56.3,"23.7"
"Ozuna, Marcell",542303,2026,35,251,280,51,36,7,0,8,80,27,28.6,9.6,".203",".327",".286","0.613","0.124","82","764","140","1240",".221",".389",".276",".304","-0.062","-0.028","89.1","20.3",38.6,7.7,36.8,"99.258350119","93.737043155",61.3,19.2,51.4,48.6,80.8,30.1,42.6,"24.7"
"Higashioka, Kyle",543309,2026,36,165,186,36,25,4,0,7,47,19,25.3,10.2,".218",".370",".306","0.676","0.152","61","493","79","765",".219",".351",".303",".295",".019",".008","88.2","17.3",35.6,8.5,38.1,"99.114666552","93.791557241",58.3,13,49.6,50.4,87,26.3,44.2,"24.6"
"McCann, James",543510,2026,36,142,152,40,29,6,0,5,39,6,25.7,3.9,".282",".430",".313","0.743","0.148","61","385","79","565",".229",".390",".324",".285",".040",".039","89.3","10.2",34.9,8.5,43.4,"100.573415","94.790271068",63.5,14.4,53.7,46.3,85.6,30.9,51,"25.3"
"Semien, Marcus",543760,2026,35,471,523,104,75,14,1,14,100,44,19.1,8.4,".221",".344",".287","0.631","0.123","162","1252","196","1966",".244",".377",".281",".303","-0.033","-0.022","86.6","19",34,5.9,33.2,"96.931285455","92.506777828",71.8,14.6,45.9,54.1,85.4,23.2,49.3,"28.2"
"Springer, George",543807,2026,36,446,501,111,72,22,2,15,90,47,18,9.4,".249",".408",".323","0.731","0.159","182","1226","192","1967",".234",".375",".323",".304",".033",".019","88.5","12.7",29.3,6.4,38.3,"99.406412011","93.886849162",73.1,14.3,47.7,52.3,85.6,23.3,48.3,"26.9"
"Vázquez, Christian",543877,2026,35,238,262,49,35,7,0,7,52,18,19.8,6.9,".206",".324",".261","0.585","0.118","77","674","81","1013",".193",".266",".259",".233",".058",".026","85.9","14.8",31.3,2.1,22.4,"95.21411913","91.640568743",61.5,10.6,33.2,66.8,89.4,19.7,48.2,"23.3"
"Vargas, Ildemaro",545121,2026,34,443,475,112,79,19,5,9,47,26,9.9,5.5,".253",".379",".296","0.675","0.126","168","1152","101","1668",".269",".365",".295",".297",".014","-0.002","87.3","11",31.1,3.3,34.7,"97.979424924","93.018160916",63.1,8,24.8,75.2,92,14.9,50.8,"27.0"
"Grichuk, Randal",545341,2026,34,246,259,70,32,23,2,13,59,10,22.8,3.9,".285",".553",".313","0.866","0.268","136","635","105","946",".278",".469",".366",".332",".084",".034","91.4","15.8",38.1,10.6,49.2,"102.818234362","95.941670372",70.3,13.8,43.7,56.3,86.2,24.2,52.7,"27.3"
"Trout, Mike",545361,2026,34,493,607,119,73,25,0,21,158,101,26,16.6,".241",".420",".380","0.800","0.179","207","1534","218","2593",".253",".484",".352",".378","-0.064","-0.026","89.9","17.7",37.7,15.8,45.4,"102.568714643","95.641327262",62.1,15.6,51.2,48.8,84.4,25.3,39.9,"28.6"
"Harper, Bryce",547180,2026,33,549,662,149,86,32,3,28,144,104,21.8,15.7,".271",".494",".384","0.878","0.223","271","1577","350","2611",".271",".486",".380",".382",".008","-0.002","90.2","13",38.3,10.7,43.8,"101.384759903","94.970201338",72.6,18.9,50.3,49.7,81.1,30.7,49.6,"27.2"
"Díaz, Elias",553869,2026,35,212,230,50,30,13,0,7,57,9,24.8,3.9,".236",".396",".270","0.666","0.160","84","611","122","899",".217",".353",".287",".266",".043",".021","88.2","16",33.3,8.7,40.1,"100.818402308","94.490418974",72.5,19.6,46.6,53.4,80.4,29.1,54.6,"24.4"
"Suárez, Eugenio",553993,2026,34,416,478,87,46,17,0,24,161,52,33.7,10.9,".209",".423",".305","0.728","0.214","176","1240","266","1965",".199",".366",".319",".298",".057",".021","88.4","21.2",36.8,11.9,35.7,"99.292623937","93.716650791",65.6,20.8,59.9,40.1,79.2,33.7,45.7,"26.2"
"Arenado, Nolan",571448,2026,35,506,568,125,75,23,1,26,114,50,20.1,8.8,".247",".451",".323","0.774","0.204","228","1456","218","2276",".228",".354",".336",".294",".097",".042","84.9","19",33.4,6.3,30.5,"96.702697424","92.364769038",63.4,16.7,36.4,63.6,83.3,24,46.5,"25.2"
"Muncy, Max",571970,2026,35,468,539,119,63,26,1,29,135,63,25,11.7,".254",".500",".351","0.851","0.246","234","1344","251","2193",".242",".471",".367",".350",".029",".017","90.1","17.3",35.9,13.2,46.4,"101.140348503","94.978724341",65.7,19.1,52.7,47.3,80.9,29.3,44.9,"27.2"
"Walker, Christian",572233,2026,35,545,604,121,70,25,1,25,140,47,23.2,7.8,".222",".409",".295","0.704","0.187","223","1483","309","2361",".224",".383",".308",".299",".026",".009","88.8","14.4",31.2,9.1,40,"100.846455931","94.566044521",73.1,16.3,53.1,46.9,83.7,28.9,50.6,"26.0"
"Yastrzemski, Mike",573262,2026,35,342,386,78,48,18,1,11,93,38,24.1,9.8,".228",".383",".311","0.694","0.155","131","1022","131","1633",".235",".366",".308",".307",".017",".001","90.2","15.3",32.3,6.8,42.2,"99.659232661","94.280482702",59.2,15.2,39.8,60.2,84.8,23,42.6,"27.1"
"Contreras, Willson",575929,2026,34,446,533,123,72,21,3,27,134,59,25.1,11.1,".276",".518",".387","0.905","0.242","231","1300","272","2062",".256",".486",".392",".377",".032",".015","89.8","18",32.3,13.4,44,"102.418738599","95.490996422",67.5,17.6,50.8,49.2,82.4,30.6,48.8,"27.3"
"Judge, Aaron",592450,2026,34,237,285,57,29,10,0,18,85,43,29.8,15.1,".241",".511",".360","0.871","0.270","121","733","161","1217",".258",".569",".372",".396","-0.058","-0.024","94","15",34,20.9,57.5,"105.082238571","97.706457908",64,22,54.2,45.8,78,32.8,43.3,"26.7"
"Machado, Manny",592518,2026,33,563,649,124,74,22,0,28,136,75,21,11.6,".220",".409",".309","0.718","0.189","230","1606","276","2559",".246",".423",".313",".332","-0.014","-0.019","90.3","13.9",33,9.6,43.9,"101.122940645","94.907737436",67.3,16.4,42.1,57.9,83.6,25.2,47.5,"25.1"
"Pederson, Joc",592626,2026,34,374,432,88,48,12,2,26,102,49,23.6,11.3,".235",".487",".329","0.816","0.252","182","1092","216","1727",".242",".445",".352",".343",".042",".009","92.1","16",30.9,11.3,50.9,"102.047397007","95.678260401",64.8,21.3,47.6,52.4,78.7,30,47,"25.0"
"Realmuto, J.T.",592663,2026,35,393,442,84,55,18,0,11,94,33,21.3,7.5,".214",".344",".287","0.631","0.130","135","1127","171","1748",".253",".393",".282",".319","-0.049","-0.037","89.6","12",36.1,5.6,40,"99.552831722","94.191699636",65,15.7,41.4,58.6,84.3,24.3,46.9,"28.1"
"Yelich, Christian",592885,2026,34,423,478,101,65,23,2,11,126,46,26.4,9.6,".239",".381",".317","0.698","0.142","161","1223","234","1998",".234",".388",".306",".311","-0.007","-0.005","89.1","4.1",29.8,9.3,43.7,"100.46963651","94.617753893",67.7,19.6,53.6,46.4,80.4,29.1,45.2,"27.4"
"Bogaerts, Xander",593428,2026,33,504,585,115,84,18,1,12,106,72,18.1,12.3,".228",".339",".326","0.665","0.111","171","1398","197","2270",".247",".375",".301",".323","-0.036","-0.022","89.5","6.7",28,5.7,41.9,"100.230002587","94.480155323",61.1,15,44.5,55.5,85,23.2,41.7,"27.1"
"Báez, Javier",595879,2026,33,177,185,42,28,11,1,2,38,5,20.5,2.7,".237",".345",".265","0.610","0.108","61","459","92","649",".235",".303",".267",".253",".042",".014","85","7.3",32.9,2.2,33.6,"97.183317714","92.626689281",64.6,17.9,39.5,60.5,82.1,28.7,54.9,"27.0"
"Hedges, Austin",595978,2026,33,207,236,52,37,10,0,5,43,22,18.2,9.3,".251",".372",".323","0.695","0.121","77","564","87","895",".227",".312",".310",".277",".060",".033","86.1","13",26.5,4.1,32.4,"97.497771928","92.777667091",64.3,13.8,47.1,52.9,86.2,23.6,44.9,"24.5"
"Lindor, Francisco",596019,2026,32,387,435,88,53,11,4,20,88,43,20.2,9.9,".227",".432",".313","0.745","0.205","167","1142","185","1839",".240",".437",".327",".334","-0.005","-0.007","91.3","19.2",28.8,9.1,48.5,"100.364921007","94.870002694",66.5,15.7,41.4,58.6,84.3,24.9,46.2,"27.0"
"Story, Trevor",596115,2026,33,235,248,58,40,14,0,4,78,10,31.5,4,".247",".357",".278","0.635","0.110","84","650","133","918",".219",".326",".277",".253",".031",".024","87.1","15",30.8,5,37.1,"98.618412785","93.360711962",70.3,22,42.5,57.5,78,30.5,56,"27.7"
"Sánchez, Gary",596142,2026,33,215,264,45,23,10,1,11,55,45,20.8,17,".209",".419",".352","0.771","0.210","90","644","96","1103",".224",".400",".343",".339",".019",".004","87.8","14.6",29.2,8.1,35.4,"99.706798395","93.931171056",51.5,17.5,48.9,51.1,82.5,27.7,36,"24.5"
"Bell, Josh",605137,2026,33,547,605,139,90,28,1,20,121,48,20,7.9,".254",".419",".316","0.735","0.165","229","1484","227","2395",".256",".447",".322",".335","-0.028","-0.013","89.8","13.5",33.2,9.7,42.5,"100.419355","94.498124803",71.5,16.5,36.4,63.6,83.5,23.2,49.2,"26.0"
"Betts, Mookie",605141,2026,33,452,498,118,73,23,0,22,54,43,10.8,8.6,".261",".458",".327","0.785","0.197","207","1138","80","1825",".282",".440",".340",".342",".018","-0.002","90.5","18.1",40.4,8,39.1,"98.86108355","93.837192481",61.4,5.2,34.1,65.9,94.8,12.1,41.2,"26.7"
"Caratini, Victor",605170,2026,32,317,371,71,55,9,0,7,76,34,20.5,9.2,".224",".319",".315","0.634","0.095","101","892","115","1416",".227",".362",".288",".309","-0.043","-0.021","89.5","12.6",36.9,6.4,39,"98.47153992","93.675596667",58.6,11.4,46.6,53.4,88.6,22.6,41.9,"24.4"
"Hernández, Teoscar",606192,2026,33,417,465,110,76,17,2,15,126,42,27.1,9,".264",".422",".333","0.755","0.158","176","1163","255","1842",".258",".437",".331",".334","-0.015","-0.003","90.3","13.6",33.7,10.6,45.2,"101.592409388","95.126714437",66.9,23.4,50.8,49.2,76.6,32.7,47.3,"28.4"
"Marte, Ketel",606466,2026,32,534,593,132,78,29,3,22,86,48,14.5,8.1,".247",".436",".314","0.750","0.189","233","1380","179","2148",".275",".456",".324",".344","-0.020","-0.020","90.2","14.6",32.2,9.6,41.7,"101.730579196","95.052235313",67.8,11.1,36.3,63.7,88.9,19.8,48.6,"26.8"
"Nimmo, Brandon",607043,2026,33,570,631,148,96,34,4,14,142,50,22.5,7.9,".260",".407",".325","0.732","0.147","232","1612","250","2474",".269",".447",".321",".342","-0.040","-0.021","92.1","10",34.5,9.3,50.5,"101.807962917","95.681202343",72.1,16.8,41.3,58.7,83.2,23.6,51.1,"28.0"
"Turner, Trea",607208,2026,33,615,668,148,101,27,1,19,140,46,21,6.9,".241",".380",".296","0.676","0.139","234","1640","318","2523",".243",".367",".298",".295",".013",".003","88.2","11.3",32.6,6.3,38.9,"98.73950841","93.447691468",68.6,15.3,48.8,51.2,84.7,27.6,50.4,"29.9"
"Ramírez, José",608070,2026,33,448,516,105,67,26,0,12,67,58,13,11.2,".234",".373",".322","0.695","0.139","167","1298","117","2082",".268",".398",".304",".329","-0.025","-0.025","88.7","19.2",36.7,4.4,38.3,"99.237515464","93.777924987",65.2,9.2,27.9,72.1,90.8,15.6,45.6,"27.9"
"Bregman, Alex",608324,2026,32,599,691,156,96,32,2,26,101,74,14.6,10.7,".260",".451",".350","0.801","0.191","270","1705","154","2733",".249",".382",".350",".322",".069",".028","88.1","17.6",32.3,6.2,37.3,"97.943061587","93.110381412",60.1,9.6,30.7,69.3,90.4,15.6,41.6,"26.2"
"Kelly, Carson",608348,2026,31,368,413,97,72,15,0,10,66,40,16,9.7,".264",".386",".344","0.730","0.122","142","990","126","1603",".248",".377",".327",".315",".009",".012","86.8","13.1",32.1,5.3,36.1,"98.261646159","93.190125563",66.8,10.3,42.2,57.8,89.7,19.4,44.9,"25.8"
"Seager, Corey",608369,2026,32,354,406,83,49,16,0,18,94,45,23.2,11.1,".234",".432",".325","0.757","0.198","153","903","220","1495",".254",".484",".329",".354","-0.052","-0.025","91.8","12.5",35.7,14.4,48.3,"102.058940455","95.664857224",82.1,21.7,60.2,39.8,78.3,33.2,51.8,"25.0"
"Andujar, Miguel",609280,2026,31,239,254,62,35,20,2,5,38,11,15,4.3,".259",".423",".303","0.726","0.164","101","647","81","930",".264",".376",".314",".298",".047",".016","88.3","6.5",26.4,4.5,36.3,"99.775366436","94.026464328",68.7,11.7,28.9,71.1,88.3,18.5,54.2,"27.3"
"Torrens, Luis",620443,2026,30,244,268,59,36,14,0,9,56,17,20.9,6.3,".242",".410",".302","0.712","0.168","100","691","91","1045",".234",".372",".313",".294",".038",".019","88.6","7.9",31.4,5.9,41.4,"99.033964086","93.770550215",65.4,12.4,37.4,62.6,87.6,21.4,48.2,"26.6"
"Swanson, Dansby",621020,2026,32,410,466,90,52,16,3,19,107,49,23,10.5,".220",".412",".303","0.715","0.192","169","1102","239","1805",".225",".391",".314",".308",".021",".006","89.6","15.9",29.2,7.5,41.6,"99.534983203","94.067110197",70.8,20,54.8,45.2,80,30.2,47.3,"28.3"
"Taylor, Tyrone",621438,2026,32,212,234,58,32,15,0,11,40,14,17.1,6,".274",".500",".322","0.822","0.226","106","577","79","867",".243",".413",".353",".308",".087",".045","86.7","17.7",32.6,9,33.7,"98.005057241","93.038187399",64.1,11.9,36.4,63.6,88.1,20.9,48.7,"29.2"
"Buxton, Byron",621439,2026,32,370,408,94,50,18,1,25,100,30,24.5,7.4,".254",".511",".319","0.830","0.257","189","977","225","1500",".248",".488",".355",".343",".023",".012","90.2","20.3",32.4,15.9,46.7,"101.614948971","95.255176912",74.1,16.5,58.4,41.6,83.5,31.3,52.7,"29.7"
"Ward, Taylor",621493,2026,32,495,604,110,82,20,1,7,130,99,21.5,16.4,".222",".309",".358","0.667","0.087","153","1454","144","2508",".240",".359",".311",".333","-0.050","-0.022","88.7","14.7",35.1,5.2,38,"98.752116776","93.559139344",54,13.1,43.1,56.9,86.9,19.6,34.4,"27.5"
"Olson, Matt",621566,2026,32,601,671,153,80,33,0,40,167,63,24.9,9.4,".255",".509",".326","0.835","0.254","306","1747","283","2820",".247",".505",".357",".353",".004",".004","92.3","17.9",32.6,14.6,51.1,"103.58723347","96.486131625",66.6,19.3,39.4,60.6,80.7,25.4,46.7,"25.4"
"Walton, Donovan",622268,2026,32,212,247,57,34,14,1,8,39,26,15.8,10.5,".269",".458",".367","0.825","0.189","97","585","105","943",".252",".386",".364",".331",".072",".033","87","12",40,5.1,33.1,"96.99187593","92.67654883",73.9,16.7,48.5,51.5,83.3,25.6,50.5,"26.4"
"Mateo, Jorge",622761,2026,31,193,207,40,28,7,0,5,64,11,30.9,5.3,".207",".321",".252","0.573","0.114","62","546","119","795",".228",".367",".254",".280","-0.046","-0.026","87.5","14.4",42,7.6,35.9,"99.036091406","93.530211172",67.9,19.5,47.9,52.1,80.5,32.1,54.5,"30.3"
"Heineman, Tyler",623168,2026,35,173,194,30,25,3,1,1,29,5,14.9,2.6,".173",".220",".219","0.439","0.047","38","471","64","667",".217",".263",".201",".237","-0.043","-0.036","82.1","10.2",27.1,0.6,12.3,"91.757128696","90.182293478",70.3,9.5,35.7,64.3,90.5,19.5,56.2,"26.0"
"Alonso, Pete",624413,2026,31,580,674,154,92,24,0,38,163,78,24.2,11.6,".266",".503",".361","0.864","0.237","292","1717","296","2767",".283",".548",".372",".396","-0.045","-0.024","94","14.8",36,14.5,56.2,"103.930655687","97.191942423",66.3,18.2,45,55,81.8,26.8,45.1,"25.0"
"Conforto, Michael",624424,2026,33,248,290,61,32,15,0,14,77,34,26.6,11.7,".246",".476",".341","0.817","0.230","118","725","122","1176",".236",".431",".351",".331",".045",".020","90.2","17.6",39.4,10.9,41.1,"100.450452874","94.597277126",64.4,16.3,51.2,48.8,83.7,27.5,44.6,"25.9"
"Trevino, Jose",624431,2026,33,148,152,32,24,3,0,5,29,1,19.1,0.7,".216",".338",".220","0.558","0.122","50","383","58","532",".210",".292",".241",".220",".046",".021","85.6","7.6",29.5,2.5,29.5,"96.699007931","92.420183448",60.9,12,38.8,61.2,88,21.9,49.8,"23.3"
"Soler, Jorge",624585,2026,34,316,361,64,35,16,1,12,118,35,32.7,9.7,".203",".373",".291","0.664","0.170","118","906","224","1456",".206",".362",".295",".294",".011",".001","88.5","14.5",35.1,10.9,42.6,"101.551384059","94.859988762",69.1,25.1,64.1,35.9,74.9,36.9,47.3,"26.0"
"Sosa, Edmundo",624641,2026,30,223,242,55,35,10,2,8,51,7,21.1,2.9,".247",".417",".285","0.702","0.170","93","649","125","877",".278",".449",".304",".331","-0.032","-0.027","88","11.1",33.5,7.4,39.8,"100.090163864","94.233321829",70.9,13.1,42.2,57.8,86.9,26.8,60.8,"28.6"
"Cronenworth, Jake",630105,2026,32,354,399,79,62,11,1,5,89,36,22.3,9,".223",".302",".306","0.608","0.079","107","1044","132","1641",".214",".302",".279",".273",".000",".006","87","10.8",29.9,3.4,29.1,"97.085620388","92.56793572",63.3,10.1,43.5,56.5,89.9,21.1,45.7,"28.0"
"Bauers, Jake",641343,2026,30,451,548,121,73,20,2,26,143,91,26.1,16.6,".268",".494",".394","0.888","0.226","223","1330","235","2281",".259",".479",".387",".379",".015",".008","92.3","12.2",37.7,14,52.6,"103.333393791","96.633455359",61.7,17.7,58.7,41.3,82.3,29.2,40.2,"26.9"
"Bellinger, Cody",641355,2026,30,477,542,129,85,25,3,16,83,58,15.3,10.7,".270",".436",".345","0.781","0.166","208","1280","162","2022",".275",".416",".342",".339",".020",".003","89.2","17.5",38.7,6.5,37.8,"98.500739095","93.513586558",65.1,13,33.1,66.9,87,19.6,47.1,"27.3"
"Crawford, J.P.",641487,2026,31,388,463,86,61,12,0,13,92,62,19.9,13.4,".222",".353",".338","0.691","0.131","137","1161","105","1969",".238",".363",".314",".323","-0.010","-0.009","87.7","13.4",33.2,6.3,34.2,"97.984456667","93.057590476",56.7,11.9,32.1,67.9,88.1,17,38.3,"26.2"
"Heim, Jonah",641680,2026,31,340,370,69,39,17,0,13,69,25,18.6,6.8,".203",".368",".259","0.627","0.165","125","919","134","1386",".226",".362",".275",".285",".006","-0.010","87.5","14.2",32.8,6.2,31.4,"97.420164745","92.767285385",66.6,14.4,36,64,85.6,21.9,50,"25.0"
"McMahon, Ryan",641857,2026,31,318,350,66,43,13,0,10,102,28,29.1,8,".208",".343",".275","0.618","0.135","109","922","172","1431",".228",".375",".276",".295","-0.032","-0.019","90.5","14.1",31.7,8.8,44.7,"101.197635421","95.004302488",63,18.1,57.6,42.4,81.9,30.6,45.7,"25.9"
"O'Neill, Tyler",641933,2026,31,231,260,49,31,8,0,10,72,27,27.7,10.4,".212",".377",".300","0.677","0.165","87","658","134","1049",".214",".394",".302",".307","-0.017","-0.005","89.4","22.5",34,8.8,42.8,"100.1054135","94.28693195",69.5,20.7,55.4,44.6,79.3,31.7,47.2,"28.0"
"Smith, Dominic",642086,2026,31,263,293,67,52,6,1,8,46,22,15.7,7.5,".255",".376",".312","0.688","0.121","99","717","101","1122",".237",".370",".302",".297",".006",".005","87.7","13.2",33.6,5.4,32.3,"97.622103455","92.891836",68.3,13.2,37.1,62.9,86.8,21.3,49,"26.1"
"White, Eli",642201,2026,32,191,204,47,31,9,1,6,45,11,22.1,5.4,".246",".398",".289","0.687","0.152","76","534","95","802",".229",".333",".300",".269",".065",".031","85.6","8.6",31.3,6.2,29.3,"97.362570986","92.709488239",73,17.8,44.8,55.2,82.2,26.4,52.4,"30.3"
"Wilson, Weston",642215,2026,31,155,173,33,24,5,0,4,53,17,30.6,9.8,".213",".323",".295","0.618","0.110","50","473","97","741",".196",".287",".280",".260",".036",".020","85.1","13.3",35.3,4,33.3,"97.302286078","92.703888713",66.5,22.1,60.2,39.8,77.9,33.1,45.6,"27.8"
"Siri, Jose",642350,2026,30,211,232,50,31,10,0,9,76,14,32.8,6,".237",".412",".293","0.705","0.175","87","621","158","891",".222",".424",".305",".301","-0.012",".004","89.2","15.9",34.5,13.8,42,"101.152207059","94.807465185",68.5,25.3,54.3,45.7,74.7,37.3,54.2,"30.2"
"Rosario, Amed",642708,2026,30,219,236,51,34,6,1,10,56,14,23.7,5.9,".233",".406",".275","0.681","0.173","89","592","112","855",".246",".424",".295",".308","-0.018","-0.013","90.3","11.5",34.9,10.8,39.8,"101.343077229","94.914271205",71.8,17.5,40.6,59.4,82.5,26.7,55.2,"28.6"
"Adames, Willy",642715,2026,30,465,505,107,60,25,1,21,139,37,27.5,7.3,".230",".424",".289","0.713","0.194","197","1288","251","1979",".222",".391",".311",".296",".033",".015","87.4","22.8",36.7,8.9,38.8,"98.797280736","93.451144018",65.9,17.1,51.7,48.3,82.9,28.9,48.1,"27.8"
"Benintendi, Andrew",643217,2026,31,407,450,99,59,24,2,14,105,36,23.3,8,".243",".415",".303","0.718","0.172","169","1095","213","1689",".241",".400",".312",".306",".015",".006","89.2","17.5",36,8.5,45,"99.088879934","93.893750132",73.3,21.7,39.9,60.1,78.3,28,52.1,"26.6"
"Dubón, Mauricio",643289,2026,31,549,594,150,109,27,3,11,70,34,11.8,5.7,".273",".393",".319","0.712","0.120","216","1473","154","2187",".271",".378",".314",".307",".015",".007","86.6","16",36.6,4,29.9,"96.517658958","92.272886033",72.4,10.3,23.9,76.1,89.6,15.5,53.5,"26.8"
"Jansen, Danny",643376,2026,31,175,202,36,20,9,1,6,51,16,25.2,7.9,".206",".371",".298","0.669","0.165","65","485","79","786",".186",".305",".298",".265",".066",".033","87.5","21.2",23.4,6.3,32.8,"97.507456774","92.800659758",66.7,17.5,51.6,48.4,82.5,26.3,45.9,"26.7"
"Kiner-Falefa, Isiah",643396,2026,31,147,166,37,30,5,0,2,23,16,13.9,9.6,".252",".327",".325","0.652","0.075","48","385","42","593",".262",".330",".296",".301","-0.003","-0.005","82.7","8.8",34.6,2.4,26.8,"95.0690375","91.796913083",66.3,8.6,33.3,66.7,91.4,17.4,48.4,"27.5"
"McNeil, Jeff",643446,2026,34,457,496,121,91,22,0,8,56,28,11.3,5.6,".265",".365",".312","0.677","0.100","167","1150","127","1714",".272",".361",".300",".299",".004",".001","86.5","14.6",37.9,1.7,30.3,"96.338064851","92.198479431",83.9,8.7,30.6,69.4,91.3,15.5,59.2,"26.3"
"Albies, Ozzie",645277,2026,29,590,657,143,93,27,1,22,96,46,14.6,7,".242",".403",".298","0.701","0.161","238","1612","246","2435",".227",".347",".305",".280",".056",".025","87.2","17.9",32.9,4,28,"96.663299802","92.373507599",79.2,13.4,32.8,67.2,86.6,20.8,56.3,"27.1"
"Devers, Rafael",646240,2026,29,558,633,144,70,36,1,37,161,69,25.4,10.9,".258",".525",".340","0.865","0.267","293","1636","317","2590",".238",".473",".367",".342",".052",".025","93","15",30.7,12.5,51.6,"103.03671575","96.43028802",66.4,25.1,36.8,63.2,74.9,29,47.3,"26.1"
"Naylor, Josh",647304,2026,29,570,620,154,122,22,0,10,77,42,12.4,6.8,".270",".361",".325","0.686","0.091","206","1338","159","2042",".273",".385",".305",".313","-0.024","-0.008","87.1","10.5",35.4,4.7,36,"98.484980082","93.34817773",68.6,9.9,27.7,72.3,90.1,17.1,51.8,"24.3"
"Arraez, Luis",650333,2026,29,581,639,182,136,33,7,6,28,34,4.4,5.3,".313",".425",".349","0.774","0.112","247","1625","71","2385",".288",".376",".335",".307",".049",".028","86.3","16",39.3,1.2,18.9,"94.014600532","91.045716767",63.4,5.9,10.1,89.9,94.1,7.3,48.8,"26.8"
"Torres, Gleyber",650402,2026,29,347,406,92,71,13,0,8,77,54,19,13.3,".265",".372",".367","0.739","0.107","129","1013","145","1696",".253",".371",".332",".326",".001",".006","86.4","8.9",37.5,6.3,33.1,"96.889259632","92.488581507",66.5,15.6,44.5,55.5,84.4,22.2,42.3,"25.3"
"Castro, Willi",650489,2026,29,427,477,111,75,20,1,15,129,41,27,8.6,".260",".417",".331","0.748","0.157","178","1247","261","1899",".236",".390",".330",".309",".027",".021","87.6","17.7",31.9,8,39.9,"100.348595338","94.260288576",73.4,18.9,49.2,50.8,81.1,30.8,53.6,"28.1"
"Díaz, Yandy",650490,2026,34,590,660,173,125,25,1,22,96,54,14.5,8.2,".293",".451",".359","0.810","0.158","266","1594","139","2446",".281",".441",".352",".347",".010",".005","91","5.9",29.6,7.2,48.2,"102.586923855","95.793905",67.3,11.7,21.7,78.3,88.3,14.9,47.8,"26.1"
"Rengifo, Luis",650859,2026,29,312,354,75,59,12,0,4,49,34,13.8,9.6,".240",".317",".319","0.636","0.077","99","869","112","1366",".253",".345",".289",".304","-0.028","-0.015","87.7","6",28.4,4.1,34.3,"97.721405038","92.981872644",70.5,13.3,33.2,66.8,86.7,20.1,48.9,"27.1"
"Monasterio, Andruw",655316,2026,29,297,329,71,41,23,1,6,64,24,19.5,7.3,".239",".384",".299","0.683","0.145","114","923","108","1417",".235",".362",".300",".292",".022",".008","87.7","21",37,6.7,31.9,"97.509330169","92.852670043",66.7,10.7,39.7,60.3,89.3,18.7,47.1,"27.2"
"Chapman, Matt",656305,2026,33,307,352,72,46,18,1,7,81,37,23,10.5,".235",".368",".324","0.692","0.133","113","900","129","1419",".210",".319",".309",".286",".049",".023","88.2","11.3",25.3,6.6,35.8,"99.903629381","94.013173319",62.9,15.4,41.3,58.7,84.6,23.1,44.5,"28.1"
"Gray, Tristan",656484,2026,30,173,188,39,30,5,0,4,60,10,31.9,5.3,".225",".324",".267","0.591","0.099","56","502","115","730",".218",".322",".262",".263",".002","-0.001","88.5","14.3",38.5,6,37.6,"99.69709193","93.943316637",74.7,22.3,54,46,77.7,33.9,56.2,"26.2"
"Hill, Derek",656537,2026,30,195,212,48,31,5,1,11,68,13,32.1,6.1,".246",".451",".297","0.748","0.205","88","543","115","819",".226",".389",".325",".291",".062",".034","88.9","14.7",36.2,10.9,33.8,"98.967422881","93.630811949",70.8,22.7,51.7,48.3,77.3,32.9,52,"29.5"
"Hoskins, Rhys",656555,2026,33,263,317,47,21,13,0,13,100,47,31.5,14.8,".179",".376",".306","0.682","0.197","99","788","159","1336",".174",".348",".305",".297",".028",".008","89.4","26.6",34.1,12.6,41.3,"99.856401548","94.354466347",64.1,25.9,49.7,50.3,74.1,32.4,42.2,"24.8"
"McKinstry, Zach",656716,2026,31,366,415,74,51,15,4,4,68,41,16.4,9.9,".202",".298",".286","0.584","0.096","109","1040","93","1583",".232",".311",".265",".283","-0.013","-0.018","85.7","14.4",37.3,2,22.1,"95.057977987","91.52970406",67.4,9.4,36.6,63.4,90.6,17,48.7,"27.9"
"Mullins, Cedric",656775,2026,31,421,483,85,58,10,3,14,93,42,19.3,8.7,".202",".340",".283","0.623","0.138","143","1196","174","1883",".190",".310",".279",".263",".030",".016","87.8","25.7",24.6,4.2,31.8,"97.502224654","92.858245394",71.8,16.9,31.6,67.7,83.1,22.1,50,"27.9"
"O'Hearn, Ryan",656811,2026,32,383,425,101,68,15,0,18,92,33,21.6,7.8,".264",".444",".329","0.773","0.180","170","1038","145","1623",".249",".400",".337",".316",".044",".021","89.1","13.5",34,6.8,42.2,"99.101975306","93.900012551",63.9,13,39.6,60.4,87,22.4,47,"26.8"
"Schwarber, Kyle",656941,2026,33,558,669,131,67,18,1,45,216,97,32.3,14.5,".235",".513",".352","0.865","0.278","286","1696","368","2855",".236",".491",".370",".363",".022",".007","92.3","20.2",38.5,16.1,49.1,"103.332055632","96.235799135",66.3,22.7,56.4,43.6,77.3,33.5,44.3,"25.6"
"Thomas, Lane",657041,2026,30,326,374,73,43,19,0,11,93,44,24.9,11.8,".224",".383",".318","0.701","0.159","125","931","122","1531",".238",".365",".313",".311",".018",".002","89.3","17.4",36.2,6.4,40.9,"99.948774746","94.29288566",62.7,15.9,43.5,56.5,84.1,22.9,41.3,"29.1"
"Wong, Connor",657136,2026,30,205,233,48,33,11,0,4,57,17,24.5,7.3,".234",".346",".310","0.656","0.112","71","580","90","886",".219",".329",".296",".283",".017",".013","85.8","12.4",24.8,4.6,35.3,"99.151926438","93.577328973",64.5,12.7,47.3,52.7,87.3,24.6,47.6,"27.6"
"Laureano, Ramón",657656,2026,31,182,206,37,22,6,2,7,65,20,31.6,9.7,".203",".374",".286","0.660","0.171","68","539","124","847",".222",".409",".292",".312","-0.035","-0.020","88","12.1",37,14.3,41.2,"99.9726525","94.305977731",70.9,18.6,54.7,45.3,81.4,31.1,50.5,"28.0"
"Sheets, Gavin",657757,2026,30,356,412,75,44,15,0,16,84,49,20.4,11.9,".211",".388",".313","0.701","0.177","138","1117","136","1776",".230",".379",".312",".317",".009","-0.005","87.4","12.8",31.4,6.9,38.7,"98.959479124","93.523956825",57.9,11.8,35.3,64.7,88.2,21,43.2,"26.6"
"Ohtani, Shohei",660271,2026,31,502,596,139,80,25,4,30,144,80,24.2,13.4,".277",".522",".380","0.902","0.245","262","1399","285","2271",".288",".554",".381",".399","-0.032","-0.018","93.2","12.2",38.3,15.8,51.5,"103.743277389","96.674810583",66.3,22.6,48,52,77.4,31.5,46.6,"27.7"
"Acuña Jr., Ronald",660670,2026,28,390,450,101,62,18,1,20,100,52,22.2,11.6,".259",".464",".351","0.815","0.205","181","1088","220","1792",".263",".497",".355",".369","-0.033","-0.014","89.9","16.2",34.5,13,44.4,"102.229330476","95.417245529",75.7,22.6,43.4,56.6,77.4,29.3,49.3,"27.2"
"Ruiz, Keibert",660688,2026,27,318,340,91,57,24,0,10,36,16,10.6,4.7,".286",".456",".324","0.780","0.170","145","749","64","1085",".246",".374",".337",".289",".082",".048","88","16.7",33.3,4.9,36.5,"98.032017676","93.07268",67,6.9,27.1,72.9,93.1,14.2,52.5,"25.1"
"Sánchez, Jesús",660821,2026,28,278,308,72,46,18,0,8,73,17,23.7,5.5,".259",".410",".315","0.725","0.151","114","772","141","1160",".254",".417",".316",".319","-0.007","-0.003","90.5","11",31.9,10.5,44.8,"101.49327","95.029217608",71.5,20.2,39.5,60.5,79.8,27.6,53.4,"26.4"
"Contreras, William",661388,2026,28,546,616,148,103,27,1,17,89,58,14.4,9.4,".271",".418",".341","0.759","0.147","228","1383","181","2192",".262",".444",".330",".336","-0.026","-0.006","90.4","13.3",33.3,8.4,44.5,"101.337255236","95.046120753",68.1,12.7,38,62,87.3,20.7,47.2,"26.0"
"Varsho, Daulton",662139,2026,29,484,526,107,69,23,3,12,107,39,20.3,7.4,".221",".355",".281","0.636","0.134","172","1325","190","1998",".228",".354",".281",".283",".001","-0.002","86.7","16.2",32,6.9,36.5,"98.36044754","93.211984706",72.4,14.6,34.2,65.8,85.4,21.9,53.1,"27.4"
"Jones, Jahmai",663330,2026,28,147,167,31,18,6,1,6,52,16,31.1,9.6,".211",".388",".305","0.693","0.177","57","391","97","628",".231",".431",".309",".332","-0.043","-0.023","91.4","17.7",33.7,10.5,45.3,"102.312996596","95.567278723",71.2,23.4,56.9,43.1,76.6,34.5,48.9,"28.5"
"Nootbaar, Lars",663457,2026,28,263,308,61,40,13,1,7,63,42,20.5,13.6,".232",".369",".336","0.705","0.137","97","778","83","1286",".247",".433",".313",".340","-0.064","-0.027","92.1","9.6",36,9.9,49.8,"101.7122781","95.62790895",54.3,12.6,37.6,62.4,87.4,19,37.6,"27.4"
"Torres, Bryan",663494,2026,28,156,177,38,31,1,2,4,35,17,19.8,9.6,".244",".353",".318","0.671","0.109","55","452","56","707",".236",".339",".300",".293",".014",".007","86.7","10.9",36.3,3.3,25.8,"95.627723833","91.918538992",62.4,12.2,40.6,59.4,87.8,20.8,44.8,"27.2"
"Hoerner, Nico",663538,2026,29,604,661,160,122,29,1,8,56,41,8.5,6.2,".265",".356",".316","0.672","0.091","215","1554","110","2333",".299",".378",".299",".322","-0.022","-0.023","85.9","12.1",36.9,1.4,29.1,"96.159263225","92.103438984",61.6,4.9,24.7,75.3,95.1,11.8,47.5,"28.3"
"Riley, Austin",663586,2026,29,545,606,120,80,21,2,17,193,46,31.8,7.6,".220",".360",".292","0.652","0.140","196","1561","334","2446",".212",".391",".290",".297","-0.031","-0.007","91.2","18.6",34,12.1,44.1,"102.033139831","95.352207528",68.6,21.1,50.7,49.3,78.9,31.9,48.8,"27.9"
"Larnach, Trevor",663616,2026,29,383,433,103,66,23,1,13,79,45,18.2,10.4,".269",".436",".352","0.788","0.167","167","1058","177","1692",".259",".394",".347",".327",".042",".020","87.7","13.8",38,7.5,36.7,"99.019390592","93.514289046",60.3,14,50,50,86,26.8,44.1,"26.7"
"Hayes, Ke'Bryan",663647,2026,29,218,233,32,24,2,1,5,48,13,20.6,5.6,".147",".234",".202","0.436","0.087","51","543","83","831",".242",".381",".199",".294","-0.147","-0.095","90.5","15.9",37.1,7.2,40,"99.755241566","94.099023879",61.6,11.6,48.5,51.5,88.4,24.4,45.8,"26.9"
"Tucker, Kyle",663656,2026,29,515,601,121,77,23,4,17,102,77,17,12.8,".235",".394",".334","0.728","0.159","203","1449","208","2384",".256",".397",".323",".334","-0.003","-0.011","88.9","17.8",34.4,6.7,37.2,"98.488217981","93.461259255",74.3,14.5,41.1,58.9,85.5,21.1,48.3,"26.6"
"Raleigh, Cal",663728,2026,29,430,503,79,41,15,0,23,159,66,31.6,13.1,".184",".379",".294","0.673","0.195","163","1359","314","2168",".191",".403",".300",".313","-0.024","-0.013","90","25",34.9,14.9,39.4,"100.511877319","94.567099309",69.5,22.5,45.4,54.6,77.5,31.9,50.3,"25.9"
"Fortes, Nick",663743,2026,29,281,306,75,53,17,0,5,38,12,12.4,3.9,".267",".381",".315","0.696","0.114","107","708","80","1056",".244",".329",".308",".278",".052",".030","85.3","8.8",25,2,35.2,"98.8305015","93.442834226",67.9,11.3,26.8,73.2,88.7,17.1,51.4,"26.9"
"Grisham, Trent",663757,2026,29,418,484,88,49,19,2,18,89,61,18.4,12.6,".211",".395",".308","0.703","0.184","165","1157","127","1966",".245",".429",".311",".337","-0.034","-0.026","90.6","17.5",35.7,9.6,45.3,"100.542669759","94.739643825",58.8,11.1,40.2,59.8,88.9,18.2,39.1,"26.8"
"Vierling, Matt",663837,2026,29,266,291,55,34,13,3,5,49,19,16.8,6.5,".207",".335",".255","0.590","0.128","89","744","79","1098",".256",".381",".259",".304","-0.046","-0.045","87.9","17.4",36.3,5,37.2,"98.761562252","93.539494751",63.4,10.8,33,67,89.2,18.2,48,"28.3"
"Stephenson, Tyler",663886,2026,29,395,451,98,62,21,0,15,121,48,26.8,10.6,".248",".415",".330","0.745","0.167","164","1130","195","1834",".238",".432",".328",".330","-0.017","-0.002","91","18.2",40.1,12.4,44.8,"100.24870073","94.699455511",66.7,14.6,62.4,37.6,85.4,26.4,44.6,"27.0"
"Mangum, Jake",663968,2026,30,416,458,117,91,19,2,5,86,24,18.8,5.2,".281",".373",".337","0.710","0.092","155","1182","160","1653",".250",".337",".316",".289",".036",".027","85.8","4.5",27.7,2.4,28,"96.416381447","92.272584479",73,16.5,27.8,72.2,83.5,21.2,58.4,"29.6"
"Lowe, Nathaniel",663993,2026,30,368,412,94,55,22,0,17,98,37,23.8,9,".255",".454",".323","0.777","0.199","167","1095","145","1711",".269",".441",".336",".338",".013","-0.002","89.4","14.8",40,8.9,41.5,"101.097384741","94.720451667",64.6,12.8,42.6,57.4,87.2,22,45.8,"25.6"
"Happ, Ian",664023,2026,31,519,607,114,62,26,2,24,181,79,29.8,13,".220",".416",".330","0.746","0.196","216","1580","297","2615",".208",".397",".329",".317",".019",".012","89.5","14.9",32.4,11.5,42.5,"100.494745824","94.543887227",64.8,22.1,51.4,48.6,77.9,30.4,43.3,"28.0"
"France, Ty",664034,2026,31,414,470,126,79,24,2,21,99,34,21.1,7.2,".304",".524",".369","0.893","0.220","217","1214","235","1864",".257",".437",".383",".335",".087",".048","91.9","14.6",39.6,9.6,48.3,"101.119786957","95.246470373",77.1,16.8,49.1,50.9,83.2,27.5,54.1,"24.7"
"Lowe, Brandon",664040,2026,31,560,629,147,84,29,1,33,182,59,28.9,9.4,".263",".495",".332","0.827","0.232","277","1609","390","2515",".240",".438",".356",".329",".057",".027","91.1","16",35.3,12.2,45.7,"101.278859637","95.144035455",70.8,20.4,61.6,38.4,79.6,35.4,50.5,"27.0"
"Straw, Myles",664702,2026,31,279,313,66,43,19,1,3,41,26,13.1,8.3,".237",".344",".301","0.645","0.107","96","748","48","1204",".254",".348",".288",".296","-0.004","-0.008","86.1","16.7",34.7,2.9,26.1,"95.605761186","91.821518979",57.8,8.8,23.4,76.6,91.2,12.9,40.7,"29.7"
"Isbel, Kyle",664728,2026,29,280,308,61,45,9,1,6,69,15,22.4,4.9,".218",".321",".263","0.584","0.103","90","741","67","1097",".223",".302",".260",".255",".019",".005","88.3","10.7",24.9,2.7,32.6,"98.494708515","93.384203267",62.1,6.3,37.9,62.1,93.7,18.1,48.3,"27.2"
"Bohm, Alec",664761,2026,29,541,600,136,92,28,1,15,85,45,14.2,7.5,".251",".390",".317","0.707","0.139","211","1388","149","2208",".266",".415",".312",".329","-0.025","-0.017","90.6","8.7",34.1,6.1,43.6,"100.363636174","94.550838696",66.6,11.2,29.6,70.4,88.8,16.5,46.1,"26.5"
"Lukes, Nathan",664770,2026,31,387,424,105,81,14,0,10,63,22,14.9,5.2,".271",".385",".319","0.704","0.114","149","1108","109","1664",".252",".342",".312",".286",".043",".026","86.6","8.1",30.3,2.7,28.2,"96.240977702","92.138609379",65.9,13.5,21.6,78.4,86.5,16.3,50.2,"27.0"
"Sullivan, Brett",664954,2026,32,208,226,49,28,13,1,7,37,13,16.4,5.8,".236",".409",".280","0.689","0.173","85","531","56","794",".238",".360",".298",".286",".049",".012","86.7","20.6",33.1,4,32.6,"96.895303837","92.477219709",68.9,11.8,29,71,88.2,17.3,51.6,"28.0"
"McCarthy, Jake",664983,2026,28,521,568,155,98,30,12,15,89,29,15.7,5.1,".298",".488",".341","0.829","0.190","254","1264","190","1861",".278",".419",".356",".326",".069",".030","85.4","12.3",38.1,5.7,28.3,"97.116834327","92.578604964",79.5,12.9,36.2,63.8,87.1,21,57.4,"30.0"
"Clemens, Kody",665019,2026,30,505,557,121,66,22,7,26,124,39,22.3,7,".240",".465",".301","0.766","0.225","235","1401","228","2148",".253",".456",".330",".335",".009","-0.005","92.1","15.4",33.6,11.4,46,"101.07838801","95.169190577",68.3,16.7,40.1,59.9,83.3,24.5,49.8,"28.1"
"Conine, Griffin",665052,2026,28,258,296,66,41,8,0,17,89,33,30.1,11.1,".256",".484",".351","0.835","0.228","125","707","189","1127",".253",".491",".365",".364","-0.007",".001","91.3","13",41.4,15.4,49.7,"103.52934","96.534103373",67.5,24.8,58.5,41.5,75.2,37.5,48.3,"26.7"
"Peña, Jeremy",665161,2026,28,417,451,115,74,19,2,20,107,24,23.7,5.3,".276",".475",".326","0.801","0.199","198","1113","261","1658",".269",".429",".347",".327",".046",".020","88.5","12.8",34.6,7.1,39.7,"99.862970321","94.007648558",74.7,18.6,52.6,47.4,81.4,31.7,55.2,"29.2"
"Tatis Jr., Fernando",665487,2026,27,603,679,172,115,30,3,24,126,62,18.6,9.1,".285",".464",".355","0.819","0.179","280","1508","256","2445",".296",".498",".355",".378","-0.034","-0.023","93","5.3",32,12.8,53.7,"104.733701708","97.20732167",67.9,14.4,54,46,85.6,26.2,46.3,"28.9"
"Guerrero Jr., Vladimir",665489,2026,27,527,594,138,105,24,0,9,78,56,13.1,9.4,".262",".359",".335","0.694","0.097","189","1321","174","2131",".284",".406",".308",".335","-0.047","-0.027","90.5","8.5",29,7,44.6,"102.76500636","95.613992505",67.7,13.2,33.1,66.9,86.8,20.2,47.2,"26.4"
"Soto, Juan",665742,2026,27,373,449,102,63,11,2,26,63,73,14,16.3,".273",".523",".391","0.914","0.250","195","1019","132","1766",".295",".575",".388",".413","-0.052","-0.025","92.6","15.9",32.4,13.9,48.1,"102.474264026","96.058030714",62.2,14.4,38.3,61.7,85.6,21,40.3,"25.7"
"Taveras, Leody",665750,2026,27,418,470,91,61,16,6,8,124,41,26.4,8.7,".218",".342",".289","0.631","0.124","143","1180","179","1842",".212",".314",".282",".270",".028",".012","88","15.8",28.6,4,32.6,"99.025535786","93.56137525",67.1,14.5,43.1,56.9,85.5,24.7,48.3,"28.9"
"Amaya, Miguel",665804,2026,27,201,239,48,32,10,0,6,62,23,25.9,9.6,".239",".378",".345","0.723","0.139","76","588","106","960",".204",".326",".327",".295",".052",".032","87.7","21.7",37.8,7,33.6,"97.530146","92.939852643",66.6,17.9,43.8,56.2,82.1,27.8,46,"25.4"
"Cruz, Oneil",665833,2026,27,353,402,99,66,13,1,19,136,45,33.8,11.2,".280",".484",".368","0.852","0.204","171","1021","225","1666",".250",".472",".371",".352",".012",".019","94.3","5.3",34.1,15.8,53.5,"105.901639074","97.742021814",57.3,24.8,53.2,46.8,75.2,36.2,42.1,"28.4"
"Chisholm Jr., Jazz",665862,2026,28,461,520,107,69,16,3,19,153,54,29.4,10.4,".232",".403",".312","0.715","0.171","186","1316","255","2122",".218",".370",".313",".296",".033",".017","90.5","16.2",30.4,8.4,42.6,"100.181327152","94.431931358",64.3,23.6,45.2,54.8,76.4,30.9,45.6,"28.3"
"Fermín, José",665877,2026,27,312,355,77,55,16,0,6,46,30,13,8.5,".247",".356",".311","0.667","0.109","111","916","61","1469",".249",".338",".296",".293",".018",".003","86.1","16.1",34.2,2.2,31.6,"96.404706058","92.268048535",56.9,9.6,24.1,75.9,90.4,13.5,39.8,"27.1"
"Ruiz, Esteury",665923,2026,27,197,236,44,25,12,1,6,74,24,31.4,10.2,".223",".386",".339","0.725","0.163","76","585","121","936",".182",".303",".326",".283",".083",".043","83.5","25.1",38.9,7.9,25.4,"95.827611525","91.957363814",66.9,24.7,44.9,55.1,75.3,32.2,48.1,"29.9"
"Giménez, Andrés",665926,2026,27,450,488,109,76,23,1,9,91,16,18.6,3.3,".242",".358",".288","0.646","0.116","161","1293","222","1816",".235",".329",".284",".273",".029",".011","85.3","13",30.1,3.3,24.6,"95.703415337","91.863144056",73.5,15.4,38.4,61.6,84.6,24.5,57.9,"27.8"
"Chaparro, Andrés",665953,2026,27,181,210,47,23,13,0,11,48,24,22.9,11.4,".260",".514",".362","0.876","0.254","93","504","116","805",".234",".446",".380",".346",".068",".034","89.4","17.3",30.1,12.8,42.9,"101.117774328","94.918158722",72.1,21.5,50.4,49.6,78.5,31.7,49.3,"25.1"
"Narváez, Carlos",665966,2026,27,238,274,39,29,7,0,3,90,18,32.8,6.6,".164",".231",".243","0.474","0.067","55","747","177","1112",".189",".301",".222",".259","-0.070","-0.037","90.9","17.7",36.1,6.4,38,"99.503721622","94.196253716",70.4,24.1,53.8,46.2,75.9,33.6,51.4,"25.3"
"Aranda, Jonathan",666018,2026,28,563,648,156,108,26,0,22,154,66,23.8,10.2,".277",".440",".360","0.800","0.163","248","1627","221","2574",".257",".442",".350",".345","-0.002",".005","91","14.3",38.8,9.9,45.7,"100.556827692","94.718930673",66.6,18,30.6,69.4,82,22.3,46.9,"25.7"
"Fermin, Freddy",666023,2026,31,227,260,44,27,13,0,4,55,21,21.2,8.1,".194",".304",".268","0.572","0.110","69","650","118","998",".212",".317",".258",".272","-0.013","-0.014","87.5","15.4",35.2,3.9,29.6,"96.953946667","92.629689249",71.4,14.7,48.9,51.1,85.3,26.7,51.7,"27.5"
"Cortes, Carlos",666126,2026,29,328,365,83,57,16,1,9,59,30,16.2,8.2,".253",".390",".321","0.711","0.137","128","922","129","1459",".243",".368",".315",".302",".022",".013","88.2","11",36.8,5.9,35.4,"98.716064074","93.508092",65.8,16.1,34.9,65.1,83.9,21.9,46.3,"26.1"
"Lowe, Josh",666139,2026,28,294,325,62,40,10,0,12,98,25,30.2,7.7,".211",".367",".276","0.643","0.156","108","921","212","1381",".208",".373",".283",".284","-0.006","-0.001","88.6","18.5",32,9,37,"99.110643265","93.821090923",78,27.1,41.2,59.2,72.9,31.8,55.8,"28.0"
"Hamilton, David",666152,2026,28,325,370,78,60,11,3,4,83,31,22.4,8.4,".240",".329",".308","0.637","0.089","107","953","122","1479",".220",".305",".288",".269",".024",".019","86.8","12.9",28.7,3.2,27.7,"96.655570273","92.328757",61.2,14.1,38.7,61.7,85.9,22.2,45.3,"29.4"
"Moniak, Mickey",666160,2026,28,393,425,95,50,17,6,22,116,22,27.3,5.2,".242",".483",".282","0.765","0.241","190","1027","226","1478",".211",".386",".325",".277",".097",".048","89.6","21.5",32,9.5,41.2,"99.795282817","94.124534014",76.4,18.1,48.4,51.6,81.9,30.3,58.8,"28.2"
"Adell, Jo",666176,2026,27,577,629,139,91,25,1,22,154,29,24.5,4.6,".241",".402",".296","0.698","0.161","232","1630","326","2467",".257",".441",".306",".326","-0.039","-0.020","90.2","16.2",32.9,8.9,44,"102.393550939","95.487368706",74.1,17.6,47.7,52.3,82.4,28.3,53.4,"28.2"
"Bichette, Bo",666182,2026,28,609,663,160,118,24,2,16,122,45,18.4,6.8,".263",".388",".312","0.700","0.125","236","1705","212","2482",".279",".415",".308",".326","-0.027","-0.018","89.6","8",36.8,6.3,41.9,"100.763910324","94.715589148",67.5,9.7,33.3,66.7,90.3,19.6,53.1,"26.1"
"Trammell, Taylor",666211,2026,28,242,273,49,29,10,2,8,85,26,31.1,9.5,".202",".360",".290","0.650","0.158","87","657","174","1046",".193",".376",".289",".290","-0.016","-0.001","88.5","15.6",29.1,12.7,38,"101.379768718","94.790077871",69.4,27,66.7,33.3,73,39,48.3,"27.5"
"Julien, Edouard",666397,2026,27,236,276,49,36,9,1,3,71,39,25.7,14.1,".208",".292",".322","0.614","0.084","69","663","97","1138",".247",".401",".287",".338","-0.109","-0.051","90.8","7.7",42.4,7.3,49.7,"100.290529512","94.870091768",62.8,15.6,51.4,48.6,84.4,23.7,40.9,"26.7"
"García, Adolis",666969,2026,33,231,259,45,29,8,1,7,84,21,32.4,8.1,".195",".329",".270","0.599","0.134","76","680","148","1082",".220",".362",".268",".294","-0.033","-0.026","92.1","14.6",38,9.3,48,"101.568957067","95.459607133",63.5,21.7,58.4,41.6,78.3,34.6,45.4,"26.5"
"Gurriel Jr., Lourdes",666971,2026,32,186,201,39,28,9,0,2,38,10,18.9,5,".210",".290",".254","0.544","0.080","54","493","80","727",".234",".312",".243",".273","-0.022","-0.030","87.3","14.9",31.8,4.6,33.8,"97.317038289","92.728770066",68,11.8,41.1,58.9,88.2,24.2,52.8,"26.1"
"Myers, Dane",667472,2026,30,282,323,74,56,11,0,7,78,36,24.1,11.1,".262",".376",".350","0.726","0.114","106","834","108","1339",".239",".357",".326",".312",".019",".014","89.5","13.5",33.5,4.5,36.9,"98.876562474","93.767980259",62.4,16.9,31.1,68.9,83.1,21.2,43.3,"27.9"
"Rooker, Brent",667670,2026,31,179,202,36,22,4,0,10,64,19,31.7,9.4,".201",".391",".282","0.673","0.190","70","468","130","729",".208",".438",".294",".312","-0.047","-0.018","89.9","19.7",34.2,15.5,41.9,"101.773379828","95.03524069",71.1,25.3,64.5,35.5,74.7,38.4,49.7,"27.6"
"Arozarena, Randy",668227,2026,31,548,639,154,96,31,1,26,136,63,21.3,9.9,".281",".484",".377","0.861","0.203","265","1663","274","2603",".259",".422",".377",".348",".062",".029","90.9","9.8",35.6,7.9,43.1,"100.543991394","94.740608506",62.8,23,31.8,68.2,77,26.1,45.6,"27.1"
"Rogers, Jake",668670,2026,31,143,171,23,14,4,1,4,51,23,29.8,13.5,".161",".287",".276","0.563","0.126","41","423","69","688",".171",".296",".259",".267","-0.009","-0.008","88","21.7",30.2,9.4,36.5,"97.758656809","92.974029574",60.5,18.1,45.7,54.3,81.9,26.8,42.3,"26.4"
"Bleday, JJ",668709,2026,28,443,520,95,55,16,2,22,116,70,22.3,13.5,".214",".409",".324","0.733","0.195","181","1245","229","2051",".239",".417",".324",".339","-0.008","-0.015","88.5","23.2",39.4,9.5,39.8,"99.847012147","94.083921564",70,18.4,52.9,47.1,81.4,27.1,46.2,"27.5"
"Steer, Spencer",668715,2026,28,340,384,81,51,14,0,16,86,35,22.4,9.1,".238",".421",".319","0.740","0.183","143","959","148","1521",".246",".452",".325",".342","-0.031","-0.017","89.7","16.9",35.5,12.4,39.1,"99.548552583","94.118224167",65.3,15.1,49.5,50.5,84.9,25.3,45.3,"28.5"
"Vilade, Ryan",668723,2026,27,224,254,58,37,8,2,11,60,24,23.6,9.4,".259",".460",".332","0.792","0.201","103","647","93","1012",".258",".437",".342",".334",".023",".008","89.6","17.8",31.5,7.2,40.1,"101.479611205","94.991984848",71.6,16.3,40.1,59.9,83.7,23.1,49.2,"28.6"
"Reynolds, Bryan",668804,2026,31,578,676,151,93,39,2,17,157,84,23.2,12.4,".261",".424",".364","0.788","0.163","245","1609","306","2630",".253",".445",".349",".353","-0.021","-0.004","90.9","8.2",38.2,11.6,47.9,"101.890946415","95.389835849",70.4,16.2,60.4,39.6,83.8,28.3,46.9,"28.2"
"Martin, Austin",668885,2026,27,298,353,69,49,17,0,3,66,44,18.7,12.5,".232",".319",".343","0.662","0.087","95","801","93","1375",".233",".317",".305",".305",".002",".000","86.8","12.2",34.5,3,28.5,"96.41045287","92.270358957",62.7,12,46.8,53.2,88,19.9,40.1,"27.8"
"Vientos, Mark",668901,2026,26,257,277,56,34,9,0,13,66,15,23.8,5.4,".218",".405",".267","0.672","0.187","104","665","154","1007",".235",".446",".292",".313","-0.041","-0.021","89.7","15.1",31.6,10.4,44.6,"100.915254536","94.726040674",74.8,20.3,51.6,48.4,79.7,31.1,53.6,"25.8"
"Lewis, Royce",668904,2026,27,439,485,100,61,24,1,14,120,38,24.7,7.8,".228",".383",".291","0.674","0.155","168","1235","268","1899",".237",".396",".295",".307","-0.013","-0.012","89.9","20.8",33,10.8,40.4,"100.68257795","94.530039286",70.3,20.1,55.1,44.9,79.9,32.4,50.3,"27.7"
"Turang, Brice",668930,2026,26,553,650,147,91,34,3,19,161,89,24.8,13.7,".266",".441",".367","0.808","0.175","244","1687","232","2759",".256",".427",".356",".346",".014",".010","90.3","9",38.6,7.6,41.6,"100.273547423","94.590951525",62.4,17.1,36.5,63.5,82.9,22.8,43,"28.5"
"Rutschman, Adley",668939,2026,28,342,387,80,43,24,1,12,63,38,16.3,9.8,".234",".415",".310","0.725","0.181","142","985","90","1618",".252",".411",".317",".328",".004","-0.011","88.8","14.7",38.7,7.1,38.7,"99.123868944","93.753751767",56.9,10.9,28.9,71.1,89.1,16.9,40.2,"26.6"
"Kreidler, Ryan",668952,2026,28,234,256,51,31,9,3,8,59,19,23,7.4,".218",".385",".282","0.667","0.167","90","615","141","952",".218",".384",".294",".293",".001",".001","88.4","13.1",26.7,8.5,37.5,"99.538941149","93.852053757",75.6,21.4,56.5,43.5,78.6,31.2,52.2,"27.8"
"Mitchell, Garrett",669003,2026,27,437,503,116,71,30,4,11,158,57,31.4,11.3,".265",".428",".357","0.785","0.163","187","1232","285","2024",".267",".450",".346",".354","-0.022","-0.008","93.4","2.4",31.6,12.1,52.8,"104.824962714","97.170287893",66.3,25.3,65,35,74.7,35.8,43.9,"29.8"
"Marsh, Brandon",669016,2026,28,507,547,132,94,19,2,17,135,32,24.7,5.9,".260",".406",".305","0.711","0.146","206","1355","214","2027",".251",".401",".307",".300",".005",".007","89.2","13.1",41,8,42.6,"99.729270963","94.104366971",69.5,13,45.7,54.3,87,24.9,52.3,"28.0"
"Stowers, Kyle",669065,2026,28,435,497,103,54,26,4,19,159,50,32,10.1,".237",".446",".327","0.773","0.209","194","1183","318","1860",".224",".428",".334",".323",".018",".011","92.3","18.5",33.7,12.5,56.3,"103.327435036","96.626672302",76.3,24.4,57.2,42.8,75.6,35.9,53.1,"26.4"
"Langeliers, Shea",669127,2026,28,396,437,105,63,19,0,23,100,35,22.9,8,".265",".487",".332","0.819","0.222","193","1038","208","1642",".271",".508",".354",".362","-0.021","-0.008","91.5","18.6",37.7,14.1,44.4,"102.377881208","95.543028182",72.2,18.4,46.2,53.8,81.6,28.4,50.7,"28.4"
"Campusano, Luis",669134,2026,27,205,237,54,34,12,0,8,52,29,21.9,12.2,".263",".439",".363","0.802","0.176","90","599","104","960",".238",".394",".355",".328",".045",".027","87.8","17.6",37.9,8.6,38.6,"99.092454868","93.670295132",67.2,15.6,48.6,51.4,84.4,26.4,46.6,"25.5"
"Wells, Austin",669224,2026,26,325,374,60,40,7,0,13,100,43,26.7,11.5,".185",".326",".284","0.610","0.141","106","945","174","1519",".205",".352",".275",".292","-0.026","-0.017","89.5","20.9",32.9,7,43,"100.284659554","94.444496205",66.9,18.9,46.7,53.3,81.1,27.8,46.8,"25.9"
"Jackson, Jeremiah",669236,2026,26,258,272,58,38,11,0,9,62,8,22.8,2.9,".225",".372",".251","0.623","0.147","96","669","135","969",".242",".394",".268",".287","-0.022","-0.019","89.4","8",29.5,8,39,"100.419608081","94.450275404",77.8,18,48,52,82,27.5,57.8,"27.1"
"Edman, Tommy",669242,2026,31,270,307,66,47,11,2,6,63,20,20.5,6.5,".244",".367",".329","0.696","0.123","99","724","103","1142",".242",".342",".314",".303",".025",".011","87.2","12.3",28.1,4.8,32.4,"98.445477961","93.227700097",64.4,8.5,48.7,51.3,91.5,22.6,46.4,"28.0"
"Smith, Will",669257,2026,31,221,259,55,37,9,0,9,41,31,15.8,12,".249",".412",".344","0.756","0.163","91","657","63","1091",".276",".499",".334",".386","-0.087","-0.052","88.9","20.4",42.9,12.5,40.2,"99.743534891","94.004210326",61.7,11.7,29.3,70.7,88.3,16.3,41.1,"27.1"
"Gorman, Nolan",669357,2026,26,258,292,48,33,6,0,9,93,31,31.8,10.6,".186",".314",".271","0.585","0.128","81","773","199","1204",".196",".359",".261",".280","-0.045","-0.019","89.4","21.6",34.5,10.1,42.9,"100.860073929","94.588607202",69.1,25.8,59.3,40.7,74.2,37.3,49.4,"25.0"
"Edwards, Xavier",669364,2026,26,518,595,145,116,17,6,6,83,68,13.9,11.4,".280",".371",".360","0.731","0.091","192","1399","153","2301",".258",".356",".325",".311",".015",".014","86.8","9.4",36.3,3.2,28.4,"96.430260463","92.25030956",65.5,10.7,34,66,89.3,17.6,43.8,"28.3"
"Taylor, Samad",669392,2026,27,134,156,44,37,3,2,2,40,17,25.6,10.9,".328",".425",".405","0.830","0.097","57","389","50","616",".262",".339",".370",".320",".086",".050","85.4","8.7",34.7,4.1,24.5,"95.079422857","91.621754217",58.7,14,42.6,57.4,86,24.1,43.2,"29.3"
"Burger, Jake",669394,2026,30,530,592,123,74,23,0,26,160,54,27,9.1,".232",".423",".306","0.729","0.191","224","1451","351","2234",".231",".423",".319",".318",".000",".001","90.2","13.8",30.2,12.4,46.3,"102.633104839","95.639900484",67.3,20.1,56.4,43.6,79.9,34.3,49.6,"27.3"
"Allen, Nick",669397,2026,27,136,153,38,30,5,0,3,30,10,19.6,6.5,".279",".382",".327","0.709","0.103","52","349","48","543",".221",".277",".313",".250",".105",".063","86","14.9",25,1.8,27.7,"96.458298302","92.272629619",65.8,16.8,39.4,60.6,83.2,23,47.1,"26.9"
"Schmitt, Casey",669477,2026,27,387,409,105,66,17,1,21,81,11,19.8,2.7,".271",".483",".301","0.784","0.212","187","993","144","1449",".288",".512",".336",".355","-0.029","-0.019","89.9","21.6",39.4,12.3,44.8,"100.777605742","94.749369773",71.5,10.7,42.4,57.6,89.3,21.4,53.8,"28.0"
"Smith, Josh",669701,2026,28,193,224,42,31,4,1,6,51,25,22.8,11.2,".218",".342",".311","0.653","0.124","66","576","86","885",".205",".325",".293",".282",".017",".011","85.9","14.9",32.9,6.8,30.8,"97.161964648","92.597003944",60.8,12.8,44.7,55.3,87.2,25,47,"27.9"
"Triolo, Jared",669707,2026,28,316,354,76,61,12,0,3,69,28,19.5,7.9,".241",".307",".311","0.618","0.066","97","838","108","1306",".241",".316",".282",".285","-0.009","-0.003","86.3","6.3",32.4,2.4,33.2,"97.382244344","92.720346091",64.7,12.7,44.9,55.1,87.3,21.8,45.3,"28.4"
"Call, Alex",669743,2026,31,160,192,37,28,8,0,1,35,23,18.2,12,".231",".300",".349","0.649","0.069","48","517","47","838",".201",".256",".303",".276",".044",".027","83.4","15.7",27.6,1.6,15.7,"92.701487143","90.504841746",61.1,10.7,34,66,89.3,17.4,42.5,"27.8"
"Lopez, Nicky",670032,2026,31,225,256,61,55,4,1,1,42,12,16.4,4.7,".271",".311",".320","0.631","0.040","70","642","77","940",".244",".293",".284",".264",".018",".020","84.6","3.1",27.9,0,21.8,"94.257246374","91.152122983",70.5,13.1,29.7,70.3,86.9,18.4,52.7,"27.6"
"Raley, Luke",670042,2026,31,262,287,59,34,9,1,15,93,15,32.4,5.2,".225",".439",".284","0.723","0.214","115","725","217","1104",".252",".486",".313",".342","-0.047","-0.029","90.8","15.1",40.1,15.7,47.1,"102.124981786","95.507658563",76.7,28.3,64.9,35.1,71.7,40.9,54.1,"28.6"
"Alvarez, Yordan",670541,2026,29,538,658,168,95,32,1,40,114,105,17.3,16,".312",".599",".430","1.029","0.287","322","1497","173","2499",".317",".638",".426",".442","-0.039","-0.016","94.3","18.9",40.8,16.2,53.4,"104.842343364","97.183728618",61.9,10.5,35.4,64.6,89.5,19.9,43.4,"25.3"
"Paredes, Isaac",670623,2026,27,536,627,140,91,26,1,22,85,66,13.6,10.5,".261",".437",".359","0.796","0.176","234","1712","165","2776",".246",".369",".352",".322",".068",".030","86.2","23.9",38.7,4.8,29.3,"96.648763026","92.348887346",62.2,10,25.3,74.7,90,15.1,43.6,"25.1"
"Walls, Taylor",670764,2026,29,354,417,77,57,16,2,2,100,44,24,10.6,".218",".291",".306","0.597","0.073","103","1005","139","1642",".190",".258",".274",".251",".033",".023","85.5","19.4",31.5,1.9,21.9,"95.18521686","91.634511867",62.2,15.4,37.5,62.5,84.6,22.2,43.1,"27.9"
"Friedl, TJ",670770,2026,30,239,272,41,30,6,1,4,63,22,23.2,8.1,".172",".255",".255","0.510","0.083","61","621","99","1010",".191",".268",".236",".250","-0.013","-0.014","87.3","21",26.9,2.9,28,"96.910295","92.496872453",63,13.1,54.8,45.2,86.9,25,43.2,"26.7"
"Herrera, Iván",671056,2026,26,579,688,142,99,26,1,16,126,74,18.3,10.8,".245",".377",".358","0.735","0.132","218","1728","213","2756",".249",".376",".330",".332",".001","-0.002","89.4","9",31,5.3,40.5,"100.586169471","94.51576696",61.6,12.4,36,64,87.6,20.3,44.2,"26.1"
"Ramos, Heliot",671218,2026,26,377,413,91,57,19,3,12,112,30,27.1,7.3,".241",".403",".305","0.708","0.162","152","1066","205","1625",".254",".442",".310",".329","-0.039","-0.019","92.1","6.5",33.1,13.7,48.9,"103.147217879","96.108816806",69.9,17.6,51.6,48.4,82.4,29.2,50.8,"27.2"
"García Jr., Luis",671277,2026,26,498,523,140,79,26,5,30,93,23,17.8,4.4,".281",".534",".312","0.846","0.253","266","1266","168","1905",".280",".496",".361",".345",".038",".016","91.6","11.5",32.9,12.6,46.9,"102.41949297","95.639526377",70.3,12.3,33.3,66.7,87.7,20.7,52.9,"26.4"
"Freeman, Tyler",671289,2026,27,255,288,63,53,6,1,3,34,11,11.8,3.8,".247",".314",".317","0.631","0.067","80","667","54","1024",".265",".353",".289",".309","-0.039","-0.020","87.7","9.9",30.7,1.3,36,"98.258503889","93.223297037",72,6.7,25.3,74.7,93.3,12.4,50.6,"27.7"
"Butler, Lawrence",671732,2026,25,445,509,102,67,17,1,17,134,59,26.3,11.6,".229",".387",".321","0.708","0.158","172","1287","226","2123",".242",".395",".315",".325","-0.008","-0.010","89.7","7.7",31.2,8.3,44.7,"101.710395548","95.11206229",68.9,21.9,40.4,59.6,78.1,26.9,46.2,"26.7"
"Harris II, Michael",671739,2026,25,568,596,165,106,32,1,26,117,21,19.6,3.5,".290",".488",".316","0.804","0.198","277","1467","224","2114",".287",".473",".346",".339",".015",".007","90.4","9.7",31.6,10.1,46.9,"102.963250933","95.812983911",69.8,11,42.2,57.8,89,24.7,56.2,"27.6"
"Peters, Tristan",671976,2026,26,419,472,114,67,31,4,12,87,37,18.4,7.8,".272",".451",".344","0.795","0.179","189","1112","174","1705",".249",".387",".348",".316",".064",".032","87.4","17.8",33.4,5.6,33.8,"98.186552278","93.191867746",75.3,17.1,38.1,61.9,82.9,23.5,53.9,"28.6"
"Bailey, Patrick",672275,2026,27,294,328,61,44,8,1,8,84,27,25.6,8.2,".207",".323",".274","0.597","0.116","95","835","140","1293",".239",".391",".267",".305","-0.068","-0.038","90.3","13.1",35.2,7,41.7,"99.926461905","94.376993048",69.4,15.7,48.6,51.4,84.3,26.6,49.4,"25.3"
"Kirk, Alejandro",672386,2026,27,262,295,74,57,7,0,10,36,30,12.2,10.2,".282",".424",".353","0.777","0.142","111","720","64","1128",".265",".374",".336",".309",".050",".027","88.2","8.7",32.8,3.9,40.2,"99.747030439","94.04321386",58.1,9.9,28.1,71.9,90.1,16.1,43.4,"23.8"
"Moreno, Gabriel",672515,2026,26,450,522,137,89,32,1,15,78,58,14.9,11.1,".304",".480",".383","0.863","0.176","216","1440","126","2300",".287",".449",".376",".363",".031",".013","89.2","12.5",37,7.9,42,"99.814896211","94.044279711",55.5,9.9,24.7,75.3,90.1,15.6,41.3,"26.1"
"Garcia, Maikel",672580,2026,26,295,322,77,52,19,3,3,49,25,15.2,7.8,".261",".376",".317","0.693","0.115","111","766","61","1220",".272",".369",".306",".312",".007","-0.006","89.7","9.3",33.5,4.4,39.9,"99.920830163","94.118640325",55.4,7,31.2,68.8,93,14.1,39.5,"27.7"
"Lopez, Otto",672640,2026,27,603,660,185,133,32,9,11,86,38,13,5.8,".307",".444",".350","0.794","0.137","268","1593","175","2421",".282",".420",".345",".328",".024",".017","89.2","8.8",30.7,6.1,40.9,"100.288004192","94.373986474",62,9.5,38.4,61.6,90.5,19.4,46.1,"28.5"
"Perdomo, Geraldo",672695,2026,26,535,647,136,102,19,6,9,81,90,12.5,13.9,".254",".363",".362","0.725","0.109","194","1664","106","2749",".257",".344",".328",".327",".019",".001","87.3","14.7",35.5,2.6,30.4,"96.464604178","92.297293267",56.7,7.7,23.6,76.4,92.3,12,39.1,"27.0"
"Peraza, Oswald",672724,2026,26,335,364,75,54,12,2,7,108,17,29.7,4.7,".224",".334",".281","0.615","0.110","112","936","190","1386",".225",".333",".275",".274",".001",".001","87.5","9.2",32.3,6.1,35.8,"99.361848559","93.700852207",74.1,17.4,52.5,47.5,82.6,30.3,55.3,"28.6"
"Pérez, Wenceel",672761,2026,26,161,175,29,17,4,1,7,29,14,16.6,8,".180",".348",".246","0.594","0.168","56","422","50","653",".203",".348",".262",".272",".000","-0.010","87.2","17",23.5,7.6,33.3,"97.732311667","92.919937803",67.2,12.4,31.3,68.8,87.6,18.2,47.9,"28.2"
"Okamoto, Kazuma",672960,2026,30,544,608,128,71,24,0,33,176,55,28.9,9,".235",".461",".311","0.772","0.226","251","1646","352","2565",".225",".450",".335",".329",".011",".006","90.5","19.5",34.5,13.5,43.9,"101.299628548","94.991184528",67.9,22.1,58,42,77.9,32.8,47.3,"26.4"
"Diaz, Yainer",673237,2026,27,312,329,86,60,14,0,12,52,12,15.8,3.6,".276",".436",".307","0.743","0.160","136","736","115","1057",".264",".394",".323",".303",".042",".020","89","7.1",27.9,6.1,38.5,"99.643963206","94.000062176",74,11.5,38.7,61.3,88.5,22.4,57.5,"26.0"
"Robert Jr., Luis",673357,2026,28,204,230,45,29,5,0,11,55,24,23.9,10.4,".221",".407",".300","0.707","0.186","83","559","108","884",".239",".418",".311",".321","-0.011","-0.010","89.8","15.1",27.2,9.9,40.4,"101.990246842","95.216749073",71.6,16,50,50,84,28.1,50.3,"28.9"
"Suzuki, Seiya",673548,2026,31,520,606,139,84,30,1,24,148,78,24.4,12.9,".267",".467",".366","0.833","0.200","243","1555","210","2615",".246",".423",".363",".338",".044",".025","88.7","17.8",37.3,10.4,39.5,"100.250315904","94.214474",59.5,13.9,46.9,53.1,86.1,23.7,40,"27.9"
"Jung, Josh",673962,2026,28,383,427,114,77,25,1,11,75,34,17.6,8,".298",".454",".363","0.817","0.156","174","1008","118","1562",".287",".441",".358",".349",".013",".009","90.6","12.1",41.2,7.1,48.9,"100.225352244","94.650711736",67,9,38.4,61.6,91,18.4,47.2,"25.8"
"Williams, Alika",675961,2026,27,205,221,54,29,20,1,4,48,10,21.7,4.5,".263",".429",".303","0.732","0.166","88","551","78","796",".210",".290",".318",".242",".139",".076","84.5","14.5",30.4,1.2,32.5,"96.866425696","92.465469554",68.3,11.6,42.8,57.2,88.4,22.3,53,"28.0"
"DeLuca, Jonny",676356,2026,27,320,337,83,53,21,0,9,68,14,20.2,4.2,".259",".409",".290","0.699","0.150","131","824","130","1213",".232",".327",".305",".260",".082",".045","85.5","15.1",29,3.1,29,"97.545463548","92.792886895",70.8,14.8,43.2,56.8,85.2,25,52.8,"29.3"
"Clement, Ernie",676391,2026,30,566,597,150,109,31,1,9,56,22,9.4,3.7,".265",".371",".291","0.662","0.106","210","1317","142","1852",".242",".320",".290",".260",".051",".030","84.1","17.5",32.1,2.1,20.3,"93.910576563","90.994999707",72.1,9.5,23.6,76.4,90.5,15.3,57.5,"28.1"
"Feduccia, Hunter",676439,2026,29,206,239,48,35,9,1,3,58,27,24.3,11.3,".233",".330",".323","0.653","0.097","68","594","81","977",".243",".376",".297",".319","-0.046","-0.022","89.6","15.1",36.6,7.8,38.8,"99.38761","93.891876849",62.5,14.5,40.3,59.7,85.5,22.5,42.4,"27.0"
"Burleson, Alec",676475,2026,27,582,647,165,104,37,1,23,114,55,17.6,8.5,".284",".469",".349","0.818","0.185","273","1579","239","2384",".292",".520",".355",".375","-0.051","-0.020","92","12.6",35.2,11,50.2,"102.318162553","95.85179934",71.7,16.6,31.8,68.2,83.4,22.6,53.1,"25.7"
"Caballero, José",676609,2026,29,395,438,94,67,13,0,14,104,27,23.7,6.2,".238",".377",".295","0.672","0.139","149","1165","201","1757",".233",".342",".297",".283",".035",".014","84","13.9",32.3,4.3,26.1,"95.9462865","92.037894214",66.7,21.3,37.1,62.9,78.7,27.5,50.5,"28.0"
"Meyers, Jake",676694,2026,30,141,153,30,20,7,0,3,31,10,20.3,6.5,".213",".326",".268","0.594","0.113","46","359","54","546",".205",".316",".265",".256",".010",".009","85.4","15.4",25.2,6.3,27.9,"95.71614","91.922291171",72.7,12.4,41.8,58.2,87.6,21.8,52.2,"27.9"
"Young, Jared",676724,2026,30,308,342,82,53,17,3,9,63,25,18.4,7.3,".266",".429",".330","0.759","0.163","132","827","130","1330",".250",".400",".332",".321",".029",".011","90.4","11.7",30.2,7.7,46.8,"101.896708525","95.331303402",70.2,17.7,39.5,60.5,82.3,24.4,47.4,"27.5"
"Rocchio, Brayan",677587,2026,25,515,572,129,90,24,2,13,82,37,14.3,6.5,".250",".381",".312","0.693","0.131","196","1430","210","2187",".247",".351",".307",".295",".030",".012","87","13.6",35.3,3,30.5,"96.876254791","92.475394884",68.9,13.5,38.2,61.8,86.5,22.2,50.1,"27.4"
"Tena, José",677588,2026,25,256,287,57,35,13,2,7,89,27,31,9.4,".223",".371",".303","0.674","0.148","95","738","159","1167",".222",".352",".300",".292",".019",".008","90.6","8.1",30.4,8.3,46.4,"102.541901667","95.570783929",67.8,23.3,57.1,42.9,76.7,34.4,47.6,"27.8"
"Rodríguez, Julio",677594,2026,25,572,627,139,93,25,0,21,141,46,22.5,7.3,".243",".397",".303","0.700","0.154","227","1545","286","2327",".264",".437",".306",".333","-0.040","-0.027","90.3","12.8",32,8.8,44.4,"102.451278111","95.589678802",68.8,15.2,43.6,56.4,84.8,26.9,51.8,"28.7"
"Duran, Ezequiel",677649,2026,27,515,570,137,89,27,4,17,133,43,23.3,7.5,".266",".433",".325","0.758","0.167","223","1486","262","2229",".246",".375",".331",".303",".058",".028","88.8","11.7",35.5,6,38,"99.479996","93.907938575",70.2,16.4,43,57,83.6,26.3,52.1,"28.9"
"Abreu, Wilyer",677800,2026,27,574,657,144,80,36,4,24,135,70,20.5,10.7,".251",".453",".332","0.785","0.202","260","1677","261","2663",".255",".474",".340",".350","-0.021","-0.010","89.9","19.3",36.5,12.6,43.8,"100.951821345","94.780726899",68.1,17.6,38.7,61.3,82.3,24.7,47.5,"28.1"
"Jiménez, Leo",677870,2026,25,166,194,33,27,4,0,2,38,18,19.6,9.3,".199",".259",".306","0.565","0.060","43","480","70","775",".242",".336",".267",".314","-0.077","-0.047","90","5.5",30.8,3.9,40,"99.614902188","94.040225547",62.1,15.1,42.3,57.7,84.9,24.3,42.5,"28.0"
"Alexander, Blaze",677942,2026,27,261,289,79,60,13,2,4,63,19,21.8,6.6,".303",".414",".358","0.772","0.111","108","727","129","1106",".300",".452",".340",".351","-0.038","-0.011","92.3","9.2",40.8,6.6,48.8,"100.590883438","95.214491406",82.5,19.6,40.5,59.5,80.4,25.3,56.1,"28.4"
"Witt Jr., Bobby",677951,2026,26,530,603,148,99,30,1,18,104,66,17.2,10.9,".279",".442",".360","0.802","0.163","234","1435","227","2229",".298",".501",".346",".377","-0.059","-0.031","92.2","16.7",37.2,11.5,50,"103.211110188","96.241806706",66.5,13.7,42.6,57.4,86.3,25,48.2,"30.1"
"Seigler, Anthony",678011,2026,27,150,173,37,21,12,1,3,28,18,16.2,10.4,".247",".400",".327","0.727","0.153","60","409","58","648",".241",".370",".321",".312",".030",".009","86.9","15.3",37.3,5.6,34.9,"96.698935968","92.468069113",66.4,17.1,35.6,64.4,82.9,22.5,46,"25.6"
"Valenzuela, Brandon",678218,2026,25,230,260,50,33,9,0,8,68,27,26.2,10.4,".217",".361",".301","0.662","0.144","83","684","118","1071",".239",".373",".296",".310","-0.012","-0.014","88.1","14.8",38.4,6.7,37.2,"99.130760988","93.68178205",71.2,14.6,52.5,47.5,85.4,26,49.6,"25.6"
"Vargas, Miguel",678246,2026,26,568,675,142,77,31,1,33,121,93,17.9,13.8,".250",".482",".359","0.841","0.232","274","1593","198","2666",".265",".505",".364",".380","-0.023","-0.016","90.2","20.2",39.5,13.5,44.2,"100.517855619","94.704225465",69.2,17.5,31.1,68.9,82.5,20.9,44.4,"28.6"
"Vivas, Jorbit",678391,2026,25,298,350,74,55,15,1,3,51,40,14.6,11.4,".248",".336",".341","0.677","0.088","100","787","101","1266",".239",".313",".308",".296",".023",".012","82.9","11.5",34.6,3.1,21.7,"94.231469683","91.332315817",74.4,9.3,37.9,62.1,90.7,18.3,49.6,"27.1"
"Barrosa, Jorge",678489,2026,25,141,169,28,13,12,1,2,45,16,26.6,9.5,".199",".340",".287","0.627","0.141","48","449","70","718",".166",".253",".281",".239",".087",".042","87.1","18.7",33,4.7,24.5,"95.8705725","91.9647",61,19.1,41,59,80.9,27.2,44,"28.4"
"Mead, Curtis",678554,2026,25,285,329,72,37,17,1,17,63,39,19.1,11.9,".253",".498",".353","0.851","0.245","142","872","91","1403",".259",".457",".370",".358",".041",".012","88","15.8",35.6,10.9,42.3,"100.226240455","94.227892192",57.8,10.4,33.9,66.1,89.6,18.1,40.6,"27.0"
"Tovar, Ezequiel",678662,2026,24,444,485,96,63,22,0,11,124,29,25.6,6,".216",".340",".263","0.603","0.124","151","1266","265","1803",".226",".367",".265",".280","-0.027","-0.015","87.6","17.8",35.8,6.7,33,"98.455382063","93.312824483",81.6,20.2,44.1,55.9,79.8,29.5,61,"28.1"
"Rafaela, Ceddanne",678882,2026,25,535,569,151,100,32,3,16,115,21,20.2,3.7,".282",".443",".317","0.760","0.161","237","1488","251","2073",".247",".358",".330",".282",".085",".048","86.3","12",34.4,5.2,31.8,"96.873261818","92.436981148",71.6,15.2,38.7,61.3,84.8,24.9,57.8,"29.0"
"Torkelson, Spencer",679529,2026,26,508,586,116,66,26,0,24,183,66,31.2,11.3,".228",".421",".323","0.744","0.193","214","1492","307","2475",".214",".396",".328",".313",".025",".015","89.5","20",41,12.2,41.9,"100.022911341","94.456859909",65.3,19.8,65.6,34.4,80.2,31.9,42.7,"26.5"
"Foscue, Justin",679822,2026,27,215,236,58,33,13,1,11,60,17,25.4,7.2,".270",".493",".331","0.824","0.223","106","630","76","954",".243",".440",".356",".326",".053",".030","89.5","18.8",34,10.9,42.9,"99.550730513","94.00023",62.8,13.5,39.7,60.3,86.5,20.7,46,"27.6"
"Loftin, Nick",679845,2026,27,359,414,86,51,26,2,7,71,41,17.1,9.9,".240",".382",".324","0.706","0.142","137","971","97","1568",".229",".333",".314",".293",".049",".021","86.8","15.5",36.1,4.1,28.7,"96.690948681","92.426295729",57.1,9.2,36.5,63.5,90.8,17.9,40.7,"28.1"
"McLain, Matt",680574,2026,26,416,474,76,43,18,0,15,133,47,28.1,9.9,".183",".334",".274","0.608","0.151","139","1204","205","1904",".214",".367",".273",".297","-0.033","-0.024","88.1","21.3",35.4,9.5,36.1,"98.780097754","93.534379529",62.3,18.9,49.8,50.2,81.1,28.7,43.7,"28.7"
"Palacios, Richie",680700,2026,29,329,381,77,52,13,2,10,65,44,17.1,11.5,".234",".377",".330","0.707","0.143","124","929","119","1475",".248",".340",".317",".310",".037",".007","86.5","13.3",33.2,4.2,29.5,"96.675752713","92.352406667",64.3,14.9,29.1,70.9,85.1,20.8,46.5,"26.7"
"Del Castillo, Adrian",680728,2026,26,179,195,35,24,6,0,5,55,13,28.2,6.7,".196",".313",".249","0.562","0.117","56","497","90","780",".198",".330",".250",".256","-0.017","-0.006","88.2","16.1",34.6,6.3,36.2,"98.273648226","93.368984065",68.5,17.7,51.6,48.4,82.3,28.7,48.2,"26.3"
"Kwan, Steven",680757,2026,28,517,609,143,117,21,2,3,60,80,9.9,13.1,".277",".342",".376","0.718","0.065","177","1519","50","2493",".273",".338",".329",".324",".004",".005","83.7","13",40.3,0.4,10.4,"92.054958839","90.080560559",51.7,5,17.5,82.5,95,8.4,36.1,"27.4"
"Duran, Jarren",680776,2026,29,535,588,110,70,15,5,20,163,37,27.7,6.3,".206",".364",".262","0.626","0.158","195","1415","308","2161",".234",".389",".272",".298","-0.025","-0.026","89.7","12.5",31.7,9.5,40.3,"101.524195269","94.892823817",68.9,19.8,58.8,41.2,80.2,33.6,51,"29.0"
"Jeffers, Ryan",680777,2026,29,302,353,77,43,18,2,14,60,45,17,12.7,".255",".467",".355","0.822","0.212","141","895","86","1452",".248",".438",".356",".349",".029",".007","88.7","16.2",35.5,10.6,41.2,"100.840568618","94.645327918",56.4,10.6,29.5,70.5,89.4,17,40.4,"26.3"
"Davis, Henry",680779,2026,26,249,291,42,26,6,0,10,60,28,20.6,9.6,".169",".313",".272","0.585","0.144","78","704","129","1093",".199",".343",".267",".292","-0.030","-0.025","90.3","21.1",27.8,8.8,40.7,"100.618252128","94.616150214",75.6,15.6,46.2,53.8,84.4,25.2,53,"28.1"
"Gelof, Zack",680869,2026,26,369,406,92,56,15,2,19,102,29,25.1,7.1,".249",".455",".313","0.768","0.206","168","1006","194","1584",".231",".420",".334",".313",".035",".021","89.6","15.8",28.1,9.7,42.2,"99.93129855","94.274481533",67.3,24.3,42.2,57.8,75.7,29,46.5,"28.8"
"Donovan, Brendan",680977,2026,29,137,159,38,27,7,1,3,23,15,14.5,9.4,".277",".409",".371","0.780","0.132","56","370","37","593",".250",".344",".349",".314",".065",".035","85.7","10.6",34.8,2.7,27.8,"95.766860526","91.930381239",66.2,9.1,36.7,63.3,90.9,17.4,44.7,"25.7"
"Stott, Bryson",681082,2026,28,513,579,128,82,30,6,10,99,56,17.1,9.7,".250",".390",".325","0.715","0.140","200","1544","153","2397",".266",".401",".317",".327","-0.011","-0.010","89.2","14.4",34.9,6.2,36.8,"98.549253029","93.431655264",54.6,11.8,30.9,69.1,88.2,19.1,42,"28.3"
"Rumfield, TJ",681198,2026,26,527,609,159,112,29,3,15,85,70,14,11.5,".302",".454",".392","0.846","0.152","239","1414","180","2311",".263",".387",".374",".335",".067",".039","84.1","15.6",37.6,4.8,27.3,"96.063547149","92.048897664",70.5,8.5,39.1,60.9,91.5,19.2,48.3,"24.9"
"Cowser, Colton",681297,2026,26,326,374,72,51,8,0,13,116,43,31,11.5,".221",".365",".311","0.676","0.144","119","1002","207","1595",".219",".404",".303",".315","-0.039","-0.012","87.9","12.8",33.2,9.8,40.7,"100.525707075","94.372736919",60.5,20.8,55,45,79.2,32.8,44.6,"28.1"
"O'Hoppe, Logan",681351,2026,26,252,275,55,42,9,0,4,68,17,24.7,6.2,".218",".302",".274","0.576","0.084","76","647","132","988",".206",".332",".259",".267","-0.030","-0.008","86.8","16.8",30.5,9.1,35.8,"98.818916667","93.427971774",71.1,14.2,53.2,46.8,85.8,28.7,51.2,"27.2"
"Norby, Connor",681393,2026,26,314,363,77,48,22,0,7,103,38,28.4,10.5,".245",".382",".344","0.726","0.137","120","879","187","1404",".218",".361",".327",".307",".021",".020","87.2","18.2",34,7.6,35.8,"97.825754811","93.023872322",75,19.6,54,46,80.4,29.5,50.3,"28.0"
"Carpenter, Kerry",681481,2026,28,231,259,48,28,5,2,13,75,18,29,6.9,".208",".416",".276","0.692","0.208","96","663","127","1017",".212",".388",".301",".295",".028",".006","89.8","21.4",35.2,9.6,44,"99.080080759","93.824390955",67,18.1,44.6,55.4,81.9,28.6,50.2,"26.9"
"Gasper, Mickey",681508,2026,30,181,214,47,28,9,1,9,33,26,15.4,12.1,".260",".470",".366","0.836","0.210","85","472","51","808",".257",".451",".367",".360",".019",".007","88.8","15.6",32,10,37.3,"98.9060652","93.658758389",58.6,5.3,47.2,52.8,94.7,17.2,38.9,"26.8"
"Outman, James",681546,2026,29,157,170,27,16,4,2,5,71,10,41.8,5.9,".172",".318",".235","0.553","0.146","50","442","132","691",".162",".273",".246",".225",".045",".021","86.5","16.2",33.7,7,37.2,"97.862507442","92.931253721",75,28.8,70.3,29.7,71.2,41.8,51.2,"28.0"
"Pages, Andy",681624,2026,25,493,550,134,86,25,2,21,107,45,19.5,8.2,".272",".458",".338","0.796","0.186","226","1410","194","2228",".272",".438",".346",".340",".020",".006","88.8","15.6",36.6,7.7,42.2,"99.896895102","94.189301176",66.5,10.9,41.6,58.4,89.1,22,47.6,"28.3"
"Hernández, Heriberto",681715,2026,26,421,475,97,56,16,1,24,129,49,27.2,10.3,".230",".444",".316","0.760","0.214","187","1156","256","1893",".246",".475",".332",".349","-0.031","-0.017","91.1","13.1",32.1,13,47.1,"101.750124082","95.369379454",69.7,22.4,59.5,40.5,77.6,32.9,45.3,"28.3"
"Fry, David",681807,2026,30,169,198,32,19,6,0,7,57,28,28.8,14.1,".189",".349",".308","0.657","0.160","59","524","95","861",".171",".275",".297",".264",".074",".033","86.2","19.8",25.9,6.3,33.9,"97.663974","92.876317156",62.5,22.4,43.1,56.9,77.6,29.6,43.6,"26.3"
"Schneemann, Daniel",682177,2026,29,258,282,53,36,11,0,6,84,24,29.8,8.5,".205",".318",".273","0.591","0.113","82","737","158","1126",".222",".359",".266",".287","-0.041","-0.021","87.9","11.9",33.3,7.5,37.6,"98.620901494","93.412797989",66.8,17.2,60.2,39.8,82.8,31.8,49.6,"27.6"
"Marte, Noelvi",682622,2026,24,190,201,36,23,7,0,6,52,10,25.9,5,".189",".321",".229","0.550","0.132","61","510","96","761",".193",".304",".242",".237",".017",".005","87.9","10.5",19.4,5.1,30.2,"98.929259559","93.570955294",65.5,12.2,47.1,52.9,87.8,27.5,52,"29.1"
"Alvarez, Francisco",682626,2026,24,354,399,81,53,12,0,16,123,38,30.8,9.5,".229",".398",".310","0.708","0.169","141","1041","237","1661",".228",".426",".313",".321","-0.028","-0.008","90.3","10",32.8,15.5,46.6,"102.639235776","95.622634353",62.1,23.1,55,45,76.9,35.4,45.5,"25.3"
"Martínez, Angel",682657,2026,24,364,390,93,52,22,2,17,86,12,22.1,3.1,".255",".467",".292","0.759","0.212","170","998","120","1420",".256",".414",".327",".307",".053",".020","87.6","15.2",36.5,7.7,35.9,"99.153810863","93.672994209",67.2,11.7,32.8,67.2,88.3,20.3,54.2,"27.6"
"Ramírez, Agustín",682663,2026,24,204,231,48,32,10,1,5,57,24,24.7,10.4,".235",".368",".320","0.688","0.133","75","575","121","917",".223",".317",".306",".283",".051",".023","89.7","6.3",26.4,4.7,39.9,"102.012970405","95.141821757",69.6,20.8,48.9,51.1,79.2,29.6,48.6,"27.2"
"Acuña, Luisangel",682668,2026,24,203,217,46,41,4,0,1,42,9,19.4,4.1,".227",".261",".260","0.521","0.034","53","495","84","759",".245",".313",".235",".264","-0.052","-0.029","88.5","1.5",24.2,3,36.4,"99.204073625","93.686352813",70.8,14.2,46.1,53.9,85.8,25.8,51.1,"29.8"
"Piñango, Yohendrick",682818,2026,24,169,180,44,31,8,0,5,44,11,24.4,6.1,".260",".396",".306","0.702","0.136","67","466","73","698",".262",".398",".309",".309","-0.002",".000","90.9","9.6",35.2,8,45.6,"101.811230635","95.30729608",67.1,20,36,64,80,25.6,50.9,"27.2"
"De La Cruz, Elly",682829,2026,24,532,605,152,90,29,5,28,166,68,27.4,11.2,".286",".517",".367","0.884","0.231","275","1516","253","2497",".283",".506",".381",".377",".011",".004","94.7","9.8",36.3,16.3,53.7,"105.540508453","97.847052521",57.6,20.1,43.8,56.2,79.9,28.1,40.5,"28.4"
"Rodríguez, Endy",682848,2026,26,135,159,36,23,6,0,7,41,23,25.8,14.5,".267",".467",".373","0.840","0.200","63","379","57","612",".245",".403",".370",".338",".064",".032","92.4","19.1",37.2,10.6,46.8,"100.7717","95.060794946",64.4,14.6,52.4,47.6,85.4,25.9,44.8,"27.0"
"Abrams, CJ",682928,2026,25,555,627,145,82,30,3,30,151,54,24.1,8.6,".261",".488",".337","0.825","0.227","271","1585","314","2410",".247",".427",".354",".328",".061",".026","89.6","17.6",33.7,9.8,40.7,"99.96283361","94.238906773",68.3,18.6,45.6,54.4,81.4,29.2,51.1,"28.4"
"Greene, Riley",682985,2026,25,490,566,140,87,30,2,21,151,66,26.7,11.7,".286",".484",".373","0.857","0.198","237","1430","290","2358",".267",".508",".371",".374","-0.024","-0.003","90.3","17.5",40.4,15.1,47.1,"102.542709709","95.712853169",68.9,18.6,56.8,43.2,81.4,30.1,46.3,"26.6"
"Jones, Spencer",682987,2026,25,238,265,59,36,12,1,10,96,24,36.2,9.1,".248",".433",".318","0.751","0.185","103","716","221","1137",".238",".443",".327",".325","-0.010",".002","94.2","19.5",43.4,15.4,55.6,"104.384491111","97.163463706",77.1,27.3,58.7,41.3,72.7,39.3,53.2,"28.9"
"Carroll, Corbin",682998,2026,25,556,642,133,64,31,16,22,147,71,22.9,11.1,".239",".471",".330","0.801","0.232","262","1552","270","2522",".250",".450",".344",".343",".021",".001","91.8","15.7",30,12.4,48.1,"101.965272039","95.474529587",64.3,21.5,39.5,60.5,78.5,27.8,45.4,"29.7"
"Henderson, Gunnar",683002,2026,25,606,682,136,81,27,5,23,149,65,21.8,9.5,".224",".399",".308","0.707","0.175","242","1706","259","2700",".246",".398",".311",".320",".001","-0.009","89.2","12.2",32.5,7.4,43.1,"100.443910913","94.488910566",66.2,14.1,41.3,58.7,85.9,23.1,47.4,"28.2"
"Volpe, Anthony",683011,2026,25,202,227,50,36,11,1,2,49,24,21.6,10.6,".248",".342",".326","0.668","0.094","69","564","86","903",".237",".338",".301",".297",".004",".004","88.1","13",32.5,4.6,37,"98.322640658","93.259320592",67.3,16,46,54,84,24.2,45.7,"28.4"
"Nuñez, Nasim",683083,2026,25,417,477,88,79,5,3,1,97,48,20.3,10.1,".211",".245",".293","0.538","0.034","102","1230","162","1906",".221",".274",".252",".267","-0.029","-0.015","84.9","8.3",28.7,0.9,21.5,"94.879554248","91.453588431",68.5,15.1,38.7,61.3,84.9,21.6,47.4,"29.7"
"Baty, Brett",683146,2026,26,404,456,94,62,21,1,10,122,43,26.8,9.4,".233",".364",".308","0.672","0.131","147","1172","237","1829",".237",".400",".299",".315","-0.036","-0.016","90.4","13.1",36.6,10.1,41.8,"101.334427692","94.941834371",69,19.1,54.1,45.9,80.9,29.5,48.9,"26.8"
"Caissie, Owen",683357,2026,23,291,330,64,36,14,0,14,123,27,37.3,8.2,".220",".412",".288","0.700","0.192","120","859","194","1362",".211",".405",".304",".302",".007",".002","91.1","16.9",42.6,14.2,44.9,"101.808296322","95.280737126",64.6,22.4,60.6,39.4,77.6,35.6,46.2,"28.3"
"Vaughn, Andrew",683734,2026,28,288,331,88,62,18,2,6,53,35,16,10.6,".306",".444",".390","0.834","0.138","128","824","85","1356",".264",".380",".368",".329",".064",".039","90.1","11.3",30.4,5.1,43.5,"99.521519328","94.307560675",55.4,12.3,34.5,65.5,87.7,19.5,38.3,"25.8"
"Busch, Michael",683737,2026,28,574,680,137,88,27,2,20,157,88,23.1,12.9,".239",".397",".350","0.747","0.158","228","1616","272","2694",".231",".404",".334",".333","-0.007",".001","88.4","15.6",34.1,9.2,39.8,"98.885144667","93.602744786",64.4,15.5,48.9,51.1,84.5,25.6,43.5,"26.0"
"Mesa Jr., Victor",683748,2026,24,213,238,53,31,6,3,13,49,21,20.6,8.8,".249",".488",".318","0.806","0.239","104","563","98","846",".246",".439",".347",".328",".049",".019","89.1","21.7",32.3,11.4,40.1,"100.120693875","94.37560239",77,19.8,38.6,61.4,80.2,26.2,55.1,"28.1"
"Koss, Christian",683766,2026,28,181,197,42,33,5,0,4,46,9,23.4,4.6,".232",".326",".276","0.602","0.094","59","452","87","671",".220",".300",".269",".252",".026",".017","84.1","10.6",30,4.3,27.9,"96.44335","92.228669091",70.1,17.1,43.6,56.4,82.9,27.5,53.1,"28.9"
"Bazzana, Travis",683953,2026,23,424,491,105,68,20,2,15,98,55,20,11.2,".248",".410",".340","0.750","0.162","174","1211","176","1953",".228",".352",".332",".304",".058",".028","87.8","15",29.3,5.1,37.1,"98.447860793","93.41357439",65.1,14.2,46.5,53.5,85.8,23.8,44.8,"28.3"
"Meckler, Wade",685133,2026,26,273,308,80,63,14,0,3,59,30,19.2,9.7,".293",".377",".369","0.746","0.084","103","688","93","1113",".257",".351",".337",".310",".026",".027","86.8","6.9",33.8,2.8,32.9,"96.594176571","92.371930861",66,11.7,48.5,51.5,88.3,21.8,44.5,"28.7"
"Frelick, Sal",686217,2026,26,326,369,77,56,17,0,4,38,29,10.3,7.9,".236",".325",".299","0.624","0.089","106","890","50","1402",".241",".325",".279",".281",".000","-0.002","85.9","10.4",27.9,2.4,27.6,"96.549415385","92.292188497",59.9,5.8,22.5,77.5,94,10.5,42.7,"28.7"
"Millas, Drew",686452,2026,28,130,152,24,18,4,0,2,37,14,24.3,9.2,".185",".262",".277","0.539","0.077","34","382","52","585",".204",".282",".251",".266","-0.020","-0.015","83.6","12.8",34.4,3.2,21.9,"94.435516667","91.391984222",61.8,14.3,41.4,58.6,85.7,23.3,44.8,"27.6"
"Pasquantino, Vinnie",686469,2026,28,396,454,96,63,18,2,13,72,50,15.9,11,".242",".396",".328","0.724","0.154","157","1114","112","1801",".252",".425",".318",".332","-0.029","-0.014","89.9","20.2",35.6,8.8,41.9,"99.862088841","94.357672661",66,8.3,27.9,72.1,91.7,15.4,46.2,"25.8"
"Canzone, Dominic",686527,2026,28,448,501,116,64,26,4,22,106,45,21.2,9,".259",".482",".331","0.813","0.223","216","1232","204","1895",".269",".488",".351",".356","-0.006","-0.005","91.2","10.5",34.8,12.2,44.9,"102.342974855","95.645867536",62.4,17,42.5,57.5,83,26.9,47.4,"26.5"
"Collins, Isaac",686555,2026,28,428,503,93,60,24,3,6,114,62,22.7,12.3,".217",".329",".324","0.653","0.112","141","1198","140","1996",".220",".305",".298",".295",".024",".003","88.1","16.5",29.7,5,39.4,"99.738375096","93.975518217",58.8,11.8,47.7,52.3,88.2,21.6,40.2,"27.6"
"Crews, Dylan",686611,2026,24,379,415,85,53,19,1,12,101,27,24.3,6.5,".224",".375",".289","0.664","0.151","142","993","215","1522",".240",".417",".294",".315","-0.042","-0.021","90.2","13.4",34.4,9.4,43,"101.003805942","94.688001957",73.5,18.6,54.3,45.7,81.4,30.3,51.8,"29.3"
"Doyle, Brenton",686668,2026,28,193,206,44,33,7,1,3,69,12,33.5,5.8,".228",".321",".273","0.594","0.093","62","478","113","716",".202",".285",".265",".238",".036",".027","89","8.8",26.4,5.7,34.4,"99.336636667","93.843584454",73.6,17.2,64.5,35.5,82.8,32.4,53.9,"29.1"
"Massey, Michael",686681,2026,28,397,426,110,72,24,1,13,71,21,16.7,4.9,".277",".441",".310","0.751","0.164","175","1052","142","1546",".257",".412",".325",".307",".029",".018","89.3","15.8",35.9,5.7,39.8,"99.030225399","93.741655706",68.2,12.4,32.3,67.7,87.6,19.9,53,"26.8"
"Sogard, Nick",686765,2026,28,212,248,54,35,13,1,5,49,29,19.8,11.7,".255",".396",".346","0.742","0.141","84","614","73","1016",".246",".357",".331",".312",".039",".019","86.8","16",39.6,5.3,29,"96.871506835","92.436320633",56.9,12.2,38.3,61.7,87.8,20.6,39.3,"27.7"
"Pagés, Pedro",686780,2026,27,186,206,40,30,6,0,4,55,12,26.7,5.8,".215",".312",".267","0.579","0.097","58","572","99","858",".216",".327",".259",".267","-0.015","-0.008","86.6","14.6",30.7,4.4,37.5,"99.265024091","93.659920833",64.5,14.5,51.3,48.7,85.5,28.1,49.4,"25.5"
"Lee, Brooks",686797,2026,25,557,601,139,89,24,3,23,98,36,16.3,6,".250",".427",".298","0.725","0.177","238","1502","203","2260",".228",".348",".315",".275",".079",".040","88.1","15.9",31.3,4.1,33.9,"97.520273261","92.877787522",73.2,10.4,40.3,59.7,89.6,20.8,53.3,"26.3"
"Baldwin, Drake",686948,2026,25,524,587,148,104,20,0,24,127,53,21.6,9,".282",".458",".356","0.814","0.176","240","1483","245","2286",".278",".501",".356",".368","-0.043","-0.012","91.4","11.7",37.6,12.8,50.4,"102.12762625","95.726718672",70.3,16.1,39.4,60.6,83.9,24.5,51,"25.9"
"Grissom, Vaughn",687093,2026,25,393,442,93,59,22,0,12,83,30,18.8,6.8,".237",".384",".305","0.689","0.147","151","1124","156","1694",".240",".378",".304",".308",".006","-0.004","87.7","12.5",32.8,6.9,36.3,"98.739388481","93.567907175",66,12.5,43.9,56.1,87.4,22.5,48.8,"26.9"
"Rushing, Dalton",687221,2026,25,221,250,55,31,12,0,12,73,23,29.2,9.2,".249",".466",".332","0.798","0.217","103","599","129","938",".252",".430",".348",".339",".036",".009","89.5","18.6",36.2,12.1,44.3,"101.946806486","95.147794354",70.2,23.6,49.3,50.7,76.4,32,49.4,"27.3"
"Hernaiz, Darell",687231,2026,24,137,157,32,28,3,0,1,31,16,19.7,10.2,".234",".277",".316","0.593","0.043","38","413","67","619",".216",".267",".275",".262",".010",".013","85.2","12.2",30.3,0.9,27.5,"96.082802407","92.100201589",68,17.3,38.5,61.5,82.7,25.6,50.6,"27.8"
"Neto, Zach",687263,2026,25,595,672,142,82,29,5,26,207,62,30.8,9.2,".239",".435",".324","0.759","0.196","259","1739","406","2690",".213",".407",".333",".312",".028",".021","89.8","22.7",37.3,11.3,41.2,"99.77288057","94.21145329",69,17.5,54.3,45.7,82.5,32.9,51,"27.9"
"Scott II, Victor",687363,2026,25,163,192,31,25,4,0,2,45,16,23.4,8.3,".190",".252",".269","0.521","0.062","41","447","74","706",".220",".296",".242",".271","-0.044","-0.029","86.9","6.4",31,1.6,24,"96.209593818","92.142737615",69.5,14,59.2,40.8,86,24.3,47.2,"29.7"
"Ortiz, Joey",687401,2026,27,356,399,96,69,14,4,9,74,34,18.5,8.5,".270",".407",".329","0.736","0.137","145","1019","107","1539",".244",".349",".323",".299",".058",".024","89","6.7",28.9,4.1,36.8,"99.655908369","93.996585957",57.8,8.7,37.2,62.8,91.3,19.2,44.8,"29.1"
"Horwitz, Spencer",687462,2026,28,367,429,91,68,12,1,10,67,51,15.6,11.9,".248",".368",".347","0.715","0.120","135","1045","97","1716",".227",".349",".323",".312",".019",".011","86.9","16",29.3,5.9,31.3,"97.188797237","92.664727063",58.4,8.7,33.3,66.7,91.3,16.4,40.8,"24.8"
"Gilbert, Drew",687551,2026,25,328,379,76,49,14,3,10,68,37,17.9,9.8,".232",".384",".324","0.708","0.152","126","926","115","1488",".257",".396",".314",".331","-0.012","-0.017","86.6","14.1",36.2,5.7,36.2,"98.182026","93.112881506",59.8,11.5,47.2,52.8,88.5,22.5,42.2,"27.5"
"Beck, Jordan",687597,2026,25,152,166,30,20,7,2,1,50,13,30.1,7.8,".197",".289",".259","0.548","0.092","44","441","92","650",".209",".291",".247",".251","-0.002","-0.004","86.5","19",29.1,3.9,31.1,"97.901426327","92.995179082",69.1,20,46.6,53.4,80,30.2,52.5,"28.0"
"Beavers, Dylan",687637,2026,24,300,336,71,44,20,0,7,88,32,26.2,9.5,".237",".373",".313","0.686","0.136","112","864","127","1388",".225",".369",".305",".297",".004",".008","87.5","18.3",38.3,7,37.4,"99.27935434","93.774628491",60.3,16.5,45.3,54.7,83.5,24.9,42,"29.0"
"Johnston, Troy",687859,2026,29,387,437,108,72,31,1,4,80,36,18.3,8.2,".279",".395",".349","0.744","0.116","153","1047","174","1596",".277",".378",".330",".323",".017",".007","89.8","13.5",39.9,2.3,37.1,"98.439199869","93.414672516",70.6,13.9,43,57,86.1,24.4,52.4,"26.2"
"Encarnacion-Strand, Christian",687952,2026,26,180,197,48,26,12,0,10,54,10,27.4,5.1,".267",".500",".316","0.816","0.233","90","528","113","725",".246",".489",".349",".334",".011",".015","90.4","18.4",35.7,14.7,39.5,"101.258607969","94.936833203",76.5,19.1,44.3,55.7,80.9,29.6,61,"26.8"
"Hicks, Liam",689414,2026,27,459,532,132,99,14,1,18,52,54,9.8,10.2,".288",".440",".371","0.811","0.152","202","1188","75","1946",".261",".358",".356",".320",".082",".036","84.4","14.7",30.6,3.9,27,"96.116596976","92.058833415",58.5,2.8,27.4,72.6,97.2,11.2,41.6,"25.7"
"Freeland, Alex",690976,2026,24,231,269,54,41,9,0,4,74,32,27.5,11.9,".234",".325",".327","0.652","0.091","75","672","108","1108",".220",".340",".297",".297","-0.015",".000","89.6","10.8",34.6,6.2,39.5,"99.359352564","93.907805449",59.6,20.3,46.8,53.2,79.7,27.7,40.1,"26.9"
"Halpin, Petey",690984,2026,24,170,185,37,28,4,1,4,34,7,18.4,3.8,".218",".324",".256","0.580","0.106","55","435","79","625",".248",".377",".256",".289","-0.053","-0.033","85.8","21",38,5.6,26.1,"96.84304697","92.471672443",81.8,19.4,36.2,63.8,80.6,25.1,59.8,"28.5"
"Keith, Colt",690993,2026,24,384,423,99,66,19,4,10,84,32,19.9,7.6,".258",".406",".322","0.728","0.148","156","1000","132","1608",".272",".423",".321",".333","-0.017","-0.012","88.7","13.3",38.1,7.6,42.1,"100.101906954","94.295002159",62.8,14,43.7,56.3,86,22.3,43.8,"28.1"
"Romo, Drew",691011,2026,24,177,203,25,13,5,0,7,47,20,23.2,9.9,".141",".288",".239","0.527","0.147","51","465","102","729",".188",".293",".241",".262","-0.005","-0.021","84.3","18.1",26.3,6,26.3,"95.388517077","91.793234806",72.1,17.6,51.4,48.6,82.4,30.3,51.2,"26.4"
"Soderstrom, Tyler",691016,2026,24,396,453,97,48,27,3,19,91,53,20.1,11.7,".245",".472",".338","0.810","0.227","187","1064","159","1739",".246",".411",".349",".327",".061",".022","90.7","11.1",31,9.5,45.4,"101.631681895","95.094575115",68.2,12.3,47.9,52.1,87.7,22.9,45.9,"27.1"
"Walker, Jordan",691023,2026,24,584,640,161,100,33,0,28,166,48,25.9,7.5,".276",".476",".333","0.809","0.200","278","1523","347","2304",".266",".465",".350",".342",".011",".008","92.7","11.7",33.2,13.3,49.5,"104.856110948","96.860836422",70.9,20.9,50.8,49.2,79.1,32,52,"29.1"
"Winn, Masyn",691026,2026,24,459,518,108,81,20,2,5,109,45,21,8.7,".235",".320",".309","0.629","0.085","147","1307","163","2062",".247",".332",".284",".297","-0.012","-0.013","88.2","11.4",32.8,3.4,34.7,"98.522101977","93.309107203",58.6,14.7,44,56,85.3,23.3,41.5,"28.5"
"Domínguez, Jasson",691176,2026,23,209,222,47,29,12,0,6,48,10,21.6,4.5,".225",".368",".267","0.635","0.143","77","538","93","829",".250",".364",".279",".289",".004","-0.010","88.1","15.5",30.4,5.6,39.1,"100.452019875","94.3967335",70.5,15.6,40.1,59.9,84.4,24.8,50.7,"28.8"
"Caminero, Junior",691406,2026,22,588,673,163,97,24,1,41,124,78,18.4,11.6,".277",".531",".364","0.895","0.254","312","1585","229","2598",".272",".496",".380",".364",".035",".016","92.7","9.9",27.2,13.1,49.8,"105.284397778","97.156041563",62.6,14.4,38.1,61.9,85.6,23.8,44,"26.7"
"Jordan, Blaze",691458,2026,23,186,199,46,31,8,4,3,30,7,15.1,3.5,".247",".382",".276","0.658","0.135","71","487","70","718",".266",".425",".284",".317","-0.043","-0.033","88.4","9.1",33.1,10.1,45,"100.055589","94.265054591",73.4,13.5,35.4,64.6,86.5,20.8,54.3,"25.8"
"Sanoja, Javier",691594,2026,23,433,461,126,81,31,5,9,37,26,8,5.6,".291",".448",".330","0.778","0.157","194","1094","81","1575",".269",".351",".338",".291",".097",".047","87.1","12.4",32.7,2.5,32.2,"97.253099077","92.66727473",66.1,7.9,18.4,81.6,92.1,12.2,52.2,"28.6"
"Crow-Armstrong, Pete",691718,2026,24,602,697,167,86,29,8,44,182,78,26.1,11.2,".277",".571",".369","0.940","0.294","344","1755","306","2761",".264",".511",".399",".375",".060",".024","90.8","21.8",38.8,13.4,49.2,"102.389428134","95.865317746",68.2,17.2,42.5,57.5,82.8,26.7,49.9,"29.5"
"Karros, Kyle",691720,2026,23,388,450,100,64,21,3,12,91,52,20.2,11.6,".258",".420",".353","0.773","0.162","163","1101","179","1811",".257",".411",".341",".341",".009",".000","89.5","12.8",41.3,8.4,40.7,"100.396524966","94.468507919",68,11.7,52.7,47.3,88.3,23.9,44.5,"27.0"
"Mayo, Coby",691723,2026,24,390,429,89,45,17,3,24,130,33,30.3,7.7,".228",".472",".296","0.768","0.244","184","1136","223","1755",".234",".475",".331",".335","-0.003","-0.004","91.4","19.4",34.1,13.4,47.9,"103.669381908","96.455901379",63.5,16.6,53.4,46.6,83.4,29.9,46.7,"27.9"
"Susac, Daniel",691740,2026,25,144,161,35,23,8,1,3,36,8,22.4,5,".243",".375",".289","0.664","0.132","54","406","70","590",".249",".369",".290",".296",".006","-0.006","86.3","16.9",42.1,5.3,32.5,"97.0900975","92.54504875",72.3,11.4,41.5,58.5,88.6,23.8,55.6,"26.9"
"Muncy, Max",691777,2026,23,256,284,59,39,9,2,9,91,21,32,7.4,".230",".387",".296","0.683","0.157","99","727","163","1110",".218",".366",".300",".288",".021",".012","89.1","15.9",33.3,10.7,43.5,"101.562068929","95.003906131",68.8,18.9,57.4,42.6,81.1,32.4,50,"27.7"
"House, Brady",691781,2026,23,301,333,72,45,17,0,10,86,26,25.8,7.8,".239",".395",".303","0.698","0.156","119","788","166","1208",".268",".443",".307",".336","-0.048","-0.029","90","9.5",30.7,10.1,48.2,"102.189414037","95.471966636",71.5,21.7,44.3,55.7,78.3,29.8,51.2,"28.1"
"Mayer, Marcelo",691785,2026,23,205,228,45,32,10,0,3,44,16,19.3,7,".220",".312",".282","0.594","0.092","64","534","104","836",".201",".297",".267",".259",".015",".008","86.1","8.8",25.6,6.1,36,"98.190519259","93.099594383",73.3,14.8,53.1,46.9,85.2,26.5,50.1,"27.4"
"Mack, Joe",691788,2026,23,292,318,67,45,9,0,13,82,18,25.8,5.7,".229",".394",".277","0.671","0.165","115","796","132","1246",".220",".383",".293",".285",".011",".008","88.5","9.6",26.4,7.9,38.4,"99.477318774","93.958621706",68.1,16.9,45.8,54.2,83.1,25.5,47.5,"26.1"
"Gonzales, Nick",693304,2026,27,533,588,162,128,27,1,6,96,41,16.3,7,".304",".392",".367","0.759","0.088","209","1386","218","2147",".281",".384",".340",".326",".008",".014","86.3","7.5",34.7,3,34,"97.551134312","92.829944138",76,14.9,41.4,58.6,85.1,22.9,52.6,"28.8"
"Dingler, Dillon",693307,2026,27,536,590,130,75,26,2,27,136,32,23.1,5.4,".243",".450",".301","0.751","0.207","241","1481","202","2274",".262",".462",".325",".340","-0.012","-0.015","88.6","17.6",39,9.9,42.5,"100.265618416","94.366972871",64.7,11.8,40,60,88,22.4,48.2,"27.3"
"Chourio, Jackson",694192,2026,22,502,549,143,92,27,0,24,129,43,23.5,7.8,".285",".482",".342","0.824","0.197","242","1388","228","2102",".263",".472",".355",".341",".010",".014","91.7","12",33.3,12.3,47.1,"102.250233048","95.703132727",62.9,14.6,42.9,57.1,85.4,25.2,47.7,"28.8"
"Guzman, Denzer",694203,2026,22,260,278,59,43,9,0,7,71,14,25.5,5,".227",".342",".269","0.611","0.115","89","689","130","1031",".232",".336",".271",".269",".006",".002","86.8","11.2",35.6,5.2,34,"98.232394526","93.145046667",73.1,19.3,40.3,59.7,80.7,26,53.2,"27.7"
"Ballesteros, Moisés",694208,2026,22,296,328,66,47,10,0,9,75,27,22.9,8.2,".223",".348",".287","0.635","0.125","103","818","154","1264",".230",".375",".282",".296","-0.027","-0.014","90.6","10.3",31.6,8.9,47.6,"101.143815089","95.120623812",69.9,16.4,44.3,55.7,83.6,27.8,51.2,"25.1"
"Basallo, Samuel",694212,2026,21,355,393,80,51,10,1,18,103,31,26.2,7.9,".225",".411",".293","0.704","0.186","146","942","203","1426",".237",".445",".306",".321","-0.034","-0.015","90.5","11.3",31,12.2,43.1,"102.11949126","95.342278071",69.9,21.1,45.4,54.6,78.9,31.6,53.1,"24.8"
"Carrigg, Cole",694249,2026,24,306,344,83,48,21,4,10,81,28,23.5,8.1,".271",".464",".336","0.800","0.193","142","859","135","1328",".244",".390",".345",".309",".074",".036","87.8","17.3",36.8,5.2,35.9,"98.68411469","93.48182",72.5,14.1,41.9,58.1,85.9,24.5,52.2,"28.8"
"Dunn, Blake",694362,2026,27,142,155,40,30,7,1,2,33,10,21.3,6.5,".282",".387",".335","0.722","0.105","55","361","44","549",".242",".319",".320",".280",".068",".040","89.2","14.6",34.5,2.9,30.3,"99.240218776","93.85786433",64.2,12.8,48.1,51.9,87.2,23.3,46.8,"29.6"
"Tawa, Tim",694374,2026,27,287,322,68,45,12,1,10,80,25,24.8,7.8,".237",".390",".295","0.685","0.153","112","835","157","1293",".243",".404",".301",".310","-0.014","-0.009","90.6","12.3",35.9,10.3,43.8,"100.639485243","94.726681262",68.1,20,43.2,56.8,80,28.2,48.9,"27.5"
"Gonzalez, Jacob",694378,2026,24,202,219,45,30,9,0,6,42,11,19.2,5,".223",".356",".275","0.631","0.133","72","584","83","854",".251",".394",".280",".305","-0.038","-0.025","88","16.9",34,4.3,37.9,"98.986888625","93.52447225",74.2,17.3,28,72,82.7,20.7,56,"26.5"
"Schanuel, Nolan",694384,2026,24,392,446,108,79,22,0,7,58,42,13,9.4,".276",".385",".351","0.736","0.109","151","1059","98","1678",".286",".389",".328",".335","-0.004","-0.007","87.4","12.2",36.5,2.4,32.9,"97.253987337","92.679381893",62.4,9.4,31.8,68.2,90.6,16.4,44.5,"25.7"
"Carter, Evan",694497,2026,23,376,438,71,46,13,3,9,112,46,25.6,10.5,".189",".311",".284","0.595","0.122","117","1103","187","1774",".195",".311",".271",".273",".000","-0.002","87.6","17.8",28.7,5.1,34.9,"98.769750698","93.443841907",61.5,19.2,59.5,40.5,80.8,29.3,41.5,"28.9"
"Langford, Wyatt",694671,2026,24,386,442,94,55,20,2,17,97,52,21.9,11.8,".244",".438",".339","0.777","0.194","169","1099","176","1761",".236",".401",".342",".325",".037",".017","88.9","20.1",33.2,8,37,"99.579528414","93.968688754",69.1,16.6,44.7,55.3,83.4,24.9,47,"28.2"
"Matthews, Brice",694728,2026,24,208,226,41,28,5,1,7,71,15,31.4,6.6,".197",".332",".250","0.582","0.135","69","592","140","935",".192",".341",".257",".260","-0.009","-0.003","86.8","12",30,8.6,37.1,"99.625970455","93.967930382",67.7,24.2,64.7,35.3,75.8,35.3,46.3,"28.6"
"Saggese, Thomas",695336,2026,24,142,158,36,26,5,1,4,40,12,25.3,7.6,".254",".387",".310","0.697","0.133","55","412","70","621",".243",".407",".306",".313","-0.020","-0.007","90.3","12",36.2,9.5,41.9,"100.676089434","94.908687143",68.5,21.1,39.7,60.3,78.9,27.8,51.5,"28.2"
"Arroyo, Edwin",695490,2026,22,148,160,33,28,4,1,0,38,6,23.8,3.8,".223",".264",".266","0.530","0.041","39","392","73","574",".268",".348",".240",".291","-0.084","-0.051","88","15.8",41.6,2.7,27.4,"96.289835849","92.181635566",77.3,15.9,46.6,53.4,84.1,26.8,57.8,"28.8"
"Caglianone, Jac",695506,2026,23,487,527,136,84,27,2,23,139,32,26.4,6.1,".279",".485",".332","0.817","0.206","236","1254","270","1882",".278",".498",".353",".355","-0.013","-0.002","93","7.8",33.8,13.5,54.2,"105.4205924","97.499969828",73.3,17.2,47.4,52.6,82.8,29.3,54.5,"27.0"
"Wood, James",695578,2026,23,487,594,130,69,30,1,30,167,99,28.1,16.7,".267",".517",".392","0.909","0.250","252","1422","255","2494",".275",".564",".389",".411","-0.047","-0.022","95.2","8.8",37.7,19.4,58.3,"106.232364568","98.428338266",57,17.6,56.8,43.2,82.4,29.8,37.7,"27.2"
"Jensen, Carter",695600,2026,22,507,580,118,58,33,2,25,165,64,28.4,11,".233",".454",".319","0.773","0.221","230","1438","261","2389",".213",".404",".335",".310",".050",".025","91.2","20.3",32.8,11.8,44.5,"101.871473161","95.468336974",66.9,19.6,55.3,44.7,80.4,29.8,44.3,"27.8"
"Montgomery, Colson",695657,2026,24,543,611,111,56,24,0,31,216,52,35.4,8.5,".204",".420",".290","0.710","0.216","228","1511","399","2353",".204",".400",".309",".301",".020",".008","88.7","23.8",33.7,12.5,41.8,"101.384405183","94.889305443",73.1,21.9,68.4,31.6,78.1,37.6,51.5,"26.6"
"White, Tommy",695720,2026,23,173,179,43,35,5,0,3,29,5,16.2,2.8,".249",".329",".268","0.597","0.080","57","448","65","639",".264",".382",".263",".293","-0.053","-0.030","85.7","7.5",30.3,6.9,31.7,"96.890497534","92.495415517",69.7,13,34.3,65.7,87,21.7,54.8,"26.7"
"Montgomery, Braden",695731,2026,23,298,340,62,39,14,3,6,69,38,20.3,11.2,".208",".336",".303","0.639","0.128","100","817","176","1320",".248",".387",".289",".324","-0.051","-0.035","88.8","4.3",28.3,4.8,39.6,"99.845465526","94.09659057",76.6,19.4,57.1,42.9,80.6,30.5,50.7,"28.4"
"Lile, Daylen",695734,2026,23,578,630,144,87,27,8,22,124,40,19.7,6.3,".249",".438",".302","0.740","0.189","253","1545","254","2305",".256",".446",".318",".326","-0.008","-0.008","88.6","18.7",38.3,9.6,37.9,"99.042045852","93.669336419",76,14.3,39.8,60.2,85.7,23.8,55.4,"29.4"
"Osuna, Alejandro",696030,2026,23,193,221,49,43,5,0,1,33,19,14.9,8.6,".254",".295",".345","0.640","0.041","57","531","49","793",".248",".304",".299",".298","-0.009",".001","86.8","5.1",32.9,0.6,29.2,"97.922679872","93.013949615",64.3,12.1,27.9,72.1,87.9,17.2,47.7,"28.4"
"Goodman, Hunter",696100,2026,26,490,544,120,61,19,2,38,170,45,31.3,8.3,".245",".524",".313","0.837","0.279","257","1341","334","2040",".226",".453",".355",".322",".071",".033","90","18.1",31.8,14.9,45.1,"102.465449627","95.519532019",73.3,22.8,50.3,49.7,77.2,34.5,54.1,"27.3"
"Young, Jacob",696285,2026,26,404,453,100,66,21,3,10,75,33,16.6,7.3,".248",".389",".317","0.706","0.141","157","1096","137","1675",".257",".383",".313",".316",".006","-0.003","87.7","12",37,5.7,30.4,"97.508755951","92.795821626",60.4,12.4,39.3,60.7,87.6,21,43.9,"29.2"
"Valdez, Esmerlyn",699013,2026,22,241,287,56,24,14,1,17,108,42,37.6,14.6,".232",".510",".345","0.855","0.278","123","738","181","1267",".200",".440",".368",".332",".070",".036","91.9","18",34.6,19.9,49.3,"102.626347206","95.946204412",64.8,32.6,60.1,39.9,67.4,40.2,41.3,"28.1"
"Ramírez, Pedro",699393,2026,22,217,240,56,36,12,2,6,43,19,17.9,7.9,".258",".415",".318","0.733","0.157","90","584","72","883",".245",".353",".318",".289",".062",".029","89","13.2",32.8,4.5,39,"99.344263068","93.867639773",68.9,10.9,38,62,89.1,20,50.3,"28.4"
"Fernandez, Jose",699912,2026,22,197,214,51,39,9,0,3,49,11,22.9,5.1,".259",".350",".301","0.651","0.091","69","562","87","838",".245",".345",".290",".280",".005",".010","88","10.6",28.8,3.9,39.2,"100.48275375","94.371828403",56.6,13.8,40.4,59.6,86.2,24.9,45.9,"29.5"
"Rice, Ben",700250,2026,27,548,637,144,79,22,4,39,153,80,24,12.6,".263",".531",".361","0.892","0.268","291","1556","253","2557",".266",".509",".382",".376",".022",".006","92","14.6",38.2,14.1,48.2,"101.730643769","95.442008643",64.3,16.2,45.4,54.6,83.8,24.9,43.6,"26.8"
"Quero, Edgar",700337,2026,23,187,217,38,34,1,0,3,43,18,19.8,8.3,".203",".257",".284","0.541","0.054","48","521","70","836",".222",".315",".251",".282","-0.058","-0.031","90.7","9.8",26.5,2.7,39.1,"99.170153425","94.034440205",75.3,15,38.4,61.6,85,21.3,49.4,"24.3"
"Manzardo, Kyle",700932,2026,25,312,356,67,43,10,1,13,114,36,32,10.1,".215",".378",".306","0.684","0.163","118","929","185","1459",".220",".380",".305",".307","-0.002","-0.002","89.5","19.3",34.5,12,41,"98.784676465","93.74206596",63.5,20.2,50,50,79.8,30.6,46.5,"25.4"
"Anthony, Roman",701350,2026,22,191,219,45,30,8,2,5,58,27,26.5,12.3,".236",".377",".333","0.710","0.141","72","525","79","871",".264",".439",".317",".350","-0.062","-0.033","92.1","7.1",40.6,12.1,47.4,"102.508472121","95.908541742",55.9,16,56.6,43.4,84,27.8,39.3,"27.6"
"Smith, Cam",701358,2026,23,485,538,102,60,16,6,20,137,39,25.5,7.2,".210",".392",".276","0.668","0.182","190","1399","280","2216",".237",".423",".291",".317","-0.031","-0.026","88.7","12.4",31.4,11.1,43.8,"101.645900739","94.993012251",69.7,19.5,48.7,51.3,80.5,28.7,48.8,"29.2"
"Stewart, Sal",701398,2026,22,594,669,160,103,25,0,32,146,61,21.8,9.1,".269",".473",".336","0.809","0.204","281","1682","301","2624",".260",".474",".348",".348","-0.001",".000","90.3","12.4",35.6,12.5,40.6,"100.685965179","94.692094273",68.9,21.5,38.3,61.7,78.5,27.1,49.1,"26.6"
"Merrill, Jackson",701538,2026,23,591,641,151,95,25,5,26,154,40,24,6.2,".255",".447",".305","0.752","0.192","264","1635","328","2472",".271",".496",".324",".350","-0.049","-0.026","91.6","14.9",39.6,12.6,49.3,"101.439566393","95.393007918",78.1,18.2,43.8,56.3,81.8,27.4,56,"29.0"
"Church, Nathan",701675,2026,25,413,449,105,77,16,2,10,76,25,16.9,5.6,".254",".375",".299","0.674","0.121","155","1165","165","1696",".248",".364",".296",".290",".011",".006","85.8","13.1",34.3,5.5,30.2,"97.083484759","92.555463656",72.6,14.5,28.2,71.8,85.5,20.1,56.1,"28.5"
"Lee, Hao-Yu",701678,2026,23,301,331,80,52,16,2,10,81,26,24.5,7.9,".266",".432",".321","0.753","0.166","130","809","147","1253",".235",".400",".327",".303",".032",".024","89.6","13.4",35.3,8.9,41.5,"100.4170825","94.477961659",66,17.5,48.5,51.5,82.5,27.7,47.3,"28.2"
"Kurtz, Nick",701762,2026,23,352,434,90,53,15,1,21,141,79,32.5,18.2,".256",".483",".396","0.879","0.227","170","1088","261","1851",".244",".483",".381",".374",".000",".007","93.4","11.9",38.9,18,57.3,"106.18726581","98.206808714",66.4,27,60.5,39.5,73,36.9,43.1,"26.6"
"Benge, Carson",701807,2026,23,566,622,156,115,19,3,19,135,47,21.7,7.6,".276",".420",".339","0.759","0.144","238","1614","217","2536",".278",".436",".335",".340","-0.016","-0.005","88.7","12",38,7.5,38.7,"99.541315","93.95159534",63.3,13.7,38.8,61.2,86.3,21.4,45.5,"28.6"
"Cavanaugh, Drew",701852,2026,24,134,155,31,27,3,0,1,46,18,29.7,11.6,".231",".276",".322","0.598","0.045","37","386","65","616",".241",".346",".279",".307","-0.070","-0.028","85","12.6",41.8,4.5,28.6,"97.983242093","93.073154353",68.3,17.7,54.4,45.6,82.3,29.2,46.8,"26.4"
"Crawford, Justin",702222,2026,22,404,444,107,81,19,4,3,77,27,17.3,6.1,".265",".354",".313","0.667","0.089","143","1108","116","1609",".258",".328",".296",".286",".026",".010","87","1.1",28.2,1.8,35.6,"98.20125882","93.144241522",69.1,12.3,28.5,71.5,87.7,18,53.4,"29.5"
"Young, Cole",702284,2026,22,555,610,137,97,19,4,17,104,38,17,6.2,".247",".387",".309","0.696","0.140","215","1505","180","2309",".259",".390",".308",".314","-0.003","-0.006","88.3","13.2",32.3,5.1,38.2,"99.185487269","93.700622384",66.8,14.4,29.7,70.3,85.6,19.4,48.4,"27.9"
"Durbin, Caleb",702332,2026,26,487,562,123,84,25,1,13,76,49,13.5,8.7,".253",".388",".337","0.725","0.135","189","1313","135","2054",".236",".318",".323",".293",".070",".030","83.2","12.6",29.5,2.9,25.4,"95.251122906","91.662968596",64.5,10.6,29.2,70.8,89.4,16.2,46.2,"27.9"
"Holliday, Jackson",702616,2026,22,315,354,72,52,12,1,7,84,34,23.7,9.6,".229",".340",".300","0.640","0.111","107","845","129","1340",".236",".352",".284",".293","-0.012","-0.009","87","12.5",36.4,6.4,33.1,"97.252535641","92.656907564",64.3,18.2,46.5,53.5,81.8,26.9,45,"28.9"
"Bateman, Brett",703520,2026,24,146,165,47,39,5,1,2,33,14,20,8.5,".322",".411",".387","0.798","0.089","60","413","36","642",".257",".327",".356",".300",".084",".056","84.6","1.7",32.8,1.7,20.7,"94.855169074","91.459618037",56.9,8.6,28.6,71.4,91.4,15.2,43.1,"28.8"
"Clark, Max",703601,2026,21,158,180,44,28,10,3,3,36,16,20,8.9,".278",".437",".360","0.797","0.159","69","424","38","653",".270",".356",".350",".318",".081",".032","87.2","15.5",34.7,1.6,37.9,"98.126526333","93.14911675",65.6,9.4,32.3,67.7,90.6,16.6,47.2,"28.7"
"Bolte, Henry",703607,2026,22,385,441,105,80,13,1,11,124,37,28.1,8.4,".273",".397",".358","0.755","0.124","153","1048","251","1661",".245",".374",".338",".317",".023",".021","90.9","0.7",26.9,8,48.3,"104.442032231","96.649591077",73.3,20.1,63.2,36.8,79.9,33.1,49.7,"30.5"
"DeLauter, Chase",800050,2026,24,472,531,137,91,28,3,15,77,56,14.5,10.5,".290",".458",".363","0.821","0.168","216","1207","116","2050",".277",".426",".360",".345",".032",".015","91.3","11.5",34.4,6.3,46.1,"101.293360955","95.058578766",65.5,8.9,32.2,67.8,91.1,15,42.3,"26.5"
"Lara, Luis",800325,2026,21,175,195,44,33,8,2,1,43,17,22.1,8.7,".251",".337",".318","0.655","0.086","59","502","51","819",".254",".328",".294",".292",".009",".002","87.7","5.9",33.6,3.7,41,"98.87434209","93.544811866",60.6,13,28.4,71.6,87,17.9,41.5,"28.4"
"Wetherholt, JJ",802139,2026,23,513,594,124,93,14,0,17,98,63,16.5,10.6,".242",".368",".342","0.710","0.126","189","1423","172","2355",".256",".437",".320",".350","-0.069","-0.030","89.9","11.7",35.5,7.5,45,"99.441866667","94.081694625",62.8,14.9,35.7,64.3,85.1,20.1,42,"27.7"
"Simpson, Chandler",802415,2026,25,553,594,171,149,16,6,0,46,26,7.7,4.4,".309",".360",".337","0.697","0.051","199","1271","69","1903",".263",".300",".308",".266",".060",".042","83.6","1.1",26.2,0,13.5,"92.554629012","90.359467243",64.9,6.3,19.5,80.5,93.7,10.4,48,"29.5"
"Antonacci, Sam",803011,2026,23,456,530,122,87,23,4,8,81,42,15.3,7.9,".268",".388",".362","0.750","0.120","177","1276","108","2090",".275",".389",".338",".341","-0.001","-0.003","87.3","9.6",36.8,5,32.7,"97.404703777","92.777699253",62.9,10,29.4,70.6,90,15,42.4,"28.2"
"Griffin, Konnor",804606,2026,20,283,309,76,55,13,3,5,77,20,24.9,6.5,".269",".389",".324","0.713","0.120","110","810","165","1213",".250",".387",".315",".306",".002",".009","87.6","6.7",31.3,6.8,35.1,"100.06815402","94.118562956",68,19.7,44.8,55.2,80.3,29.5,52.2,"29.9"
"Marsee, Jakob",805300,2026,25,496,593,115,79,19,6,11,121,76,20.4,12.8,".232",".361",".349","0.710","0.129","179","1376","140","2286",".233",".333",".323",".314",".028",".009","87.3","17.6",33.2,3.7,35.1,"97.944886667","93.03729418",59.8,7.9,44.4,55.6,92.1,18,40.6,"27.9"
"Meidroth, Chase",805367,2026,24,548,624,147,104,29,0,14,137,60,22,9.6,".268",".398",".345","0.743","0.130","218","1682","175","2577",".234",".337",".330",".295",".061",".035","87.3","8.5",33.6,4.3,34.4,"97.295879754","92.782525827",55.3,13.7,30.8,69.2,86.3,19.6,41.9,"27.3"
"Wilson, Jacob",805779,2026,24,320,337,85,61,16,1,7,39,12,11.6,3.6,".266",".388",".298","0.686","0.122","124","805","73","1136",".262",".345",".301",".282",".043",".019","84.1","7.9",31.4,2.5,27.6,"95.600927914","91.814204116",70.4,9.1,23.7,76.3,90.9,14.8,55.9,"27.0"
"McGonigle, Kevin",805808,2026,21,579,679,160,112,26,5,17,91,93,13.4,13.7,".276",".427",".377","0.804","0.151","247","1606","160","2725",".268",".450",".357",".360","-0.023","-0.003","88","20",36.6,7.1,37.5,"98.422129959","93.403552953",67.3,11,33,67,89,16,42.8,"28.2"
"Eldridge, Bryce",805811,2026,21,386,448,104,64,23,0,17,119,59,26.6,13.2,".269",".461",".364","0.825","0.192","178","1119","200","1880",".260",".467",".361",".359","-0.006",".002","92.7","13.7",36.7,11.5,52.2,"102.568509037","96.138444275",64.7,17.9,48,52,82.1,27.1,43.1,"26.0"
"Ewing, A.J.",805999,2026,21,415,467,105,75,19,1,10,119,42,25.5,9,".253",".376",".322","0.698","0.123","156","1141","181","1815",".256",".395",".309",".318","-0.019","-0.009","89.4","10.6",35.2,6.9,41.8,"99.984091007","94.315301919",68.6,15.7,45.2,54.8,84.3,24.4,46.7,"29.4"
"Emerson, Colt",806068,2026,20,221,241,42,27,6,1,8,83,15,34.4,6.2,".190",".335",".246","0.581","0.145","74","656","146","963",".196",".300",".256",".248",".035",".008","86.7","14",36.2,5,31.2,"97.184861884","92.601587174",69.4,26.4,46.9,53.1,73.6,34.1,53.6,"27.0"
"Pratt, Cooper",806198,2026,21,210,245,58,47,6,2,3,44,23,18,9.4,".276",".367",".343","0.710","0.091","77","629","79","960",".268",".365",".315",".316",".002","-0.001","87.3","10",39.8,3.5,27.8,"96.830776071","92.479384491",62,12.7,39.4,60.6,87.3,21.3,46,"28.8"
"Keaschall, Luke",807712,2026,23,507,594,141,105,26,1,9,85,56,14.3,9.4,".278",".387",".370","0.757","0.109","196","1350","140","2216",".248",".358",".340",".317",".029",".023","85.4","17.7",34.8,3.3,29.1,"96.557120849","92.283306203",63.4,10.1,35.1,64.9,89.9,16.9,42.6,"28.8"
"Shaw, Matt",807713,2026,24,158,185,38,22,8,3,5,32,19,17.3,10.3,".241",".424",".330","0.754","0.183","67","479","55","742",".226",".351",".331",".300",".073",".031","86.6","16.4",29.8,4.6,34.4,"97.378191905","92.691141429",59.8,13,31,69,87,19.9,45.4,"29.1"
"Yoshida, Masataka",807799,2026,32,263,297,72,50,16,1,5,33,28,11.1,9.4,".274",".399",".347","0.746","0.125","105","677","58","1071",".262",".372",".330",".318",".027",".012","88.8","8.9",30,3.4,39.9,"99.027488034","93.672635923",58.3,9.3,27.6,72.4,90.7,15.6,42.6,"26.1"
"Murakami, Munetaka",808959,2026,26,428,521,87,40,14,1,32,187,88,35.9,16.9,".203",".465",".344","0.809","0.262","199","1338","365","2297",".198",".442",".349",".339",".023",".010","93.5","15.5",29.3,18.6,55.4,"104.209870417","97.124003833",61.6,33.8,64,36,66.2,42.8,40.6,"26.8"
"Lee, Jung Hoo",808982,2026,27,537,576,148,103,31,4,10,57,28,9.9,4.9,".276",".404",".318","0.722","0.128","217","1408","101","2107",".286",".381",".316",".314",".023",".002","87.6","11.3",36,2.3,31.4,"96.875956125","92.554033",63.8,6.2,25.7,74.3,93.8,12.5,47.7,"27.5"
"Williamson, Ben",810938,2026,25,247,270,61,47,10,1,3,51,20,18.9,7.4,".247",".332",".309","0.641","0.085","82","690","70","1047",".253",".331",".289",".290",".001","-0.001","87.3","2.8",31,1.5,33,"98.097678229","93.075550729",55.4,10.1,28.7,71.3,89.9,17.1,42.9,"28.1"
"Waldschmidt, Ryan",814439,2026,23,248,282,63,44,15,1,3,84,22,29.8,7.8,".254",".359",".324","0.683","0.105","89","698","134","1105",".237",".356",".305",".297",".003",".008","86.6","15.8",45.3,6.5,29.4,"97.326693133","92.692201818",62.2,19.5,62,38,80.5,31.6,43.5,"29.1"